transaction_id,customer_id,visit_datetime,items,total_spend
TX-000001,CUST-127,2025-01-01 00:35:23,Drip Coffee,2.5
TX-000002,CUST-035,2025-01-01 01:04:17,Pasta | Muffin | Breakfast Sandwich | Americano | Drip Coffee,26.5
TX-000003,CUST-012,2025-01-01 03:31:18,Americano | Tea | Breakfast Sandwich | Cake Slice | Salad,26.5
TX-000004,CUST-137,2025-01-01 06:31:58,Drip Coffee,2.5
TX-000005,CUST-123,2025-01-01 07:26:03,Croissant,4.0
TX-000006,CUST-084,2025-01-01 08:43:12,Croissant | Latte | Pasta | Cake Slice,25.0
TX-000007,CUST-003,2025-01-01 10:38:30,Latte | Croissant | Drip Coffee,11.0
TX-000008,CUST-003,2025-01-01 14:19:56,Drip Coffee | Croissant | Muffin,10.0
TX-000009,CUST-027,2025-01-01 14:50:03,Muffin | Breakfast Sandwich | Drip Coffee | Latte,17.0
TX-000010,CUST-119,2025-01-01 15:09:33,Breakfast Sandwich | Croissant,10.5
TX-000011,CUST-127,2025-01-01 15:26:35,Drip Coffee,2.5
TX-000012,CUST-107,2025-01-01 16:40:10,Salad | Cake Slice,14.0
TX-000013,CUST-029,2025-01-01 19:03:18,Latte | Muffin | Cake Slice | Breakfast Sandwich | Pasta,31.0
TX-000014,CUST-128,2025-01-01 21:37:38,Tea,3.0
TX-000015,CUST-036,2025-01-01 22:32:57,Drip Coffee | Americano | Muffin | Pasta,20.0
TX-000016,CUST-127,2025-01-02 03:18:50,Pasta,11.0
TX-000017,CUST-032,2025-01-02 07:22:32,Muffin | Breakfast Sandwich | Americano | Salad,21.5
TX-000018,CUST-073,2025-01-02 07:39:41,Americano | Drip Coffee,5.5
TX-000019,CUST-029,2025-01-02 09:15:36,Latte | Drip Coffee | Cake Slice,12.5
TX-000020,CUST-075,2025-01-02 09:23:41,Croissant | Americano,7.0
TX-000021,CUST-025,2025-01-02 11:03:00,Cake Slice | Latte | Croissant,14.0
TX-000022,CUST-147,2025-01-02 11:46:19,Drip Coffee | Muffin,6.0
TX-000023,CUST-146,2025-01-02 13:10:50,Latte,4.5
TX-000024,CUST-094,2025-01-02 13:24:42,Tea | Salad,11.5
TX-000025,CUST-123,2025-01-02 16:07:48,Breakfast Sandwich | Americano,9.5
TX-000026,CUST-150,2025-01-02 17:17:37,Drip Coffee,2.5
TX-000027,CUST-031,2025-01-02 19:16:15,Cake Slice | Salad | Drip Coffee | Latte | Pasta,32.0
TX-000028,CUST-036,2025-01-02 23:09:00,Latte | Pasta | Cake Slice | Salad,29.5
TX-000029,CUST-049,2025-01-03 00:37:09,Tea | Croissant,7.0
TX-000030,CUST-027,2025-01-03 02:49:04,Breakfast Sandwich | Latte | Americano | Drip Coffee,16.5
TX-000031,CUST-012,2025-01-03 05:39:42,Drip Coffee | Latte | Tea,10.0
TX-000032,CUST-004,2025-01-03 08:02:17,Drip Coffee | Tea | Latte,10.0
TX-000033,CUST-049,2025-01-03 08:53:23,Drip Coffee,2.5
TX-000034,CUST-020,2025-01-03 10:20:15,Latte | Cake Slice | Breakfast Sandwich | Pasta | Croissant,31.5
TX-000035,CUST-037,2025-01-03 12:44:03,Cake Slice | Muffin | Tea,12.0
TX-000036,CUST-143,2025-01-03 13:08:36,Tea | Drip Coffee,5.5
TX-000037,CUST-009,2025-01-03 13:49:31,Croissant | Muffin | Breakfast Sandwich,14.0
TX-000038,CUST-010,2025-01-03 14:01:11,Pasta | Latte | Cake Slice | Muffin,24.5
TX-000039,CUST-105,2025-01-03 14:43:29,Cake Slice | Latte | Muffin | Americano,16.5
TX-000040,CUST-002,2025-01-03 18:29:05,Pasta | Breakfast Sandwich | Americano | Cake Slice,26.0
TX-000041,CUST-042,2025-01-03 18:41:56,Croissant | Drip Coffee,6.5
TX-000042,CUST-099,2025-01-03 19:18:18,Drip Coffee | Breakfast Sandwich | Latte,13.5
TX-000043,CUST-131,2025-01-03 19:55:48,Muffin,3.5
TX-000044,CUST-093,2025-01-03 20:12:34,Pasta | Drip Coffee | Breakfast Sandwich | Croissant,24.0
TX-000045,CUST-027,2025-01-03 20:22:42,Breakfast Sandwich | Tea | Latte | Cake Slice | Americano,22.5
TX-000046,CUST-051,2025-01-04 03:07:34,Drip Coffee,2.5
TX-000047,CUST-052,2025-01-04 03:30:16,Tea | Drip Coffee,5.5
TX-000048,CUST-118,2025-01-04 03:32:31,Muffin,3.5
TX-000049,CUST-013,2025-01-04 08:56:54,Breakfast Sandwich | Latte | Croissant,15.0
TX-000050,CUST-065,2025-01-04 13:27:17,Drip Coffee,2.5
TX-000051,CUST-020,2025-01-04 16:08:01,Tea | Latte | Drip Coffee | Breakfast Sandwich,16.5
TX-000052,CUST-016,2025-01-04 16:44:15,Breakfast Sandwich | Muffin | Salad,18.5
TX-000053,CUST-073,2025-01-04 16:47:33,Drip Coffee,2.5
TX-000054,CUST-145,2025-01-04 16:50:39,Drip Coffee,2.5
TX-000055,CUST-060,2025-01-04 19:45:29,Cake Slice | Americano,8.5
TX-000056,CUST-019,2025-01-04 22:15:33,Breakfast Sandwich | Latte | Salad,19.5
TX-000057,CUST-028,2025-01-04 22:49:11,Americano | Pasta | Salad | Breakfast Sandwich,29.0
TX-000058,CUST-006,2025-01-04 22:50:17,Cake Slice | Latte | Americano,13.0
TX-000059,CUST-060,2025-01-05 00:42:30,Muffin | Tea,6.5
TX-000060,CUST-026,2025-01-05 01:48:31,Tea | Cake Slice | Latte | Breakfast Sandwich,19.5
TX-000061,CUST-040,2025-01-05 02:39:58,Drip Coffee | Pasta,13.5
TX-000062,CUST-009,2025-01-05 03:23:14,Breakfast Sandwich | Latte | Cake Slice | Americano | Tea,22.5
TX-000063,CUST-024,2025-01-05 03:42:56,Croissant | Latte | Breakfast Sandwich | Muffin,18.5
TX-000064,CUST-119,2025-01-05 04:22:58,Croissant,4.0
TX-000065,CUST-022,2025-01-05 06:36:54,Cake Slice | Salad | Muffin | Drip Coffee | Breakfast Sandwich,26.5
TX-000066,CUST-023,2025-01-05 07:25:29,Breakfast Sandwich | Latte | Americano | Cake Slice | Salad,28.0
TX-000067,CUST-049,2025-01-05 08:14:04,Americano,3.0
TX-000068,CUST-070,2025-01-05 08:20:42,Drip Coffee | Cake Slice,8.0
TX-000069,CUST-116,2025-01-05 10:58:25,Tea | Breakfast Sandwich,9.5
TX-000070,CUST-095,2025-01-05 13:02:39,Breakfast Sandwich | Cake Slice | Croissant,16.0
TX-000071,CUST-100,2025-01-05 13:22:57,Salad | Pasta,19.5
TX-000072,CUST-026,2025-01-05 16:31:34,Muffin | Breakfast Sandwich | Latte,14.5
TX-000073,CUST-017,2025-01-05 19:09:36,Breakfast Sandwich | Drip Coffee | Cake Slice | Americano | Tea,20.5
TX-000074,CUST-120,2025-01-06 00:34:36,Muffin,3.5
TX-000075,CUST-062,2025-01-06 00:48:40,Drip Coffee | Tea,5.5
TX-000076,CUST-063,2025-01-06 01:26:22,Croissant,4.0
TX-000077,CUST-125,2025-01-06 03:19:50,Drip Coffee | Muffin,6.0
TX-000078,CUST-011,2025-01-06 03:44:50,Croissant | Drip Coffee | Americano,9.5
TX-000079,CUST-017,2025-01-06 04:36:37,Salad | Breakfast Sandwich | Pasta | Drip Coffee | Cake Slice,34.0
TX-000080,CUST-070,2025-01-06 04:45:15,Drip Coffee | Tea,5.5
TX-000081,CUST-005,2025-01-06 05:32:14,Breakfast Sandwich | Muffin | Pasta,21.0
TX-000082,CUST-025,2025-01-06 09:31:40,Cake Slice | Pasta | Croissant,20.5
TX-000083,CUST-036,2025-01-06 13:34:34,Muffin | Americano | Latte,11.0
TX-000084,CUST-033,2025-01-06 14:39:21,Cake Slice | Breakfast Sandwich | Drip Coffee,14.5
TX-000085,CUST-005,2025-01-06 17:27:51,Muffin | Latte | Breakfast Sandwich | Salad | Croissant,27.0
TX-000086,CUST-009,2025-01-06 21:31:33,Americano | Croissant | Latte | Tea | Muffin,18.0
TX-000087,CUST-034,2025-01-06 22:16:15,Breakfast Sandwich | Salad | Cake Slice | Pasta,31.5
TX-000088,CUST-120,2025-01-06 22:46:16,Pasta | Latte,15.5
TX-000089,CUST-126,2025-01-07 00:52:48,Latte | Americano,7.5
TX-000090,CUST-007,2025-01-07 02:50:04,Breakfast Sandwich | Latte | Croissant | Cake Slice | Muffin,24.0
TX-000091,CUST-029,2025-01-07 06:31:46,Salad | Pasta | Drip Coffee | Breakfast Sandwich | Cake Slice,34.0
TX-000092,CUST-092,2025-01-07 11:46:12,Pasta | Breakfast Sandwich | Latte | Salad,30.5
TX-000093,CUST-140,2025-01-07 11:54:53,Pasta | Americano,14.0
TX-000094,CUST-028,2025-01-07 12:54:26,Latte | Croissant | Salad,17.0
TX-000095,CUST-006,2025-01-07 14:43:26,Breakfast Sandwich | Drip Coffee | Salad | Latte,22.0
TX-000096,CUST-047,2025-01-07 17:41:13,Drip Coffee | Tea,5.5
TX-000097,CUST-007,2025-01-07 20:28:41,Cake Slice | Salad | Pasta | Drip Coffee | Croissant,31.5
TX-000098,CUST-073,2025-01-07 23:01:07,Drip Coffee | Tea,5.5
TX-000099,CUST-021,2025-01-07 23:35:22,Breakfast Sandwich | Pasta | Drip Coffee | Croissant,24.0
TX-000100,CUST-141,2025-01-07 23:38:09,Americano,3.0
TX-000101,CUST-046,2025-01-08 02:40:29,Muffin,3.5
TX-000102,CUST-105,2025-01-08 04:18:29,Breakfast Sandwich | Americano | Croissant | Latte,18.0
TX-000103,CUST-012,2025-01-08 04:49:01,Breakfast Sandwich | Croissant | Latte,15.0
TX-000104,CUST-074,2025-01-08 08:00:08,Drip Coffee | Muffin,6.0
TX-000105,CUST-050,2025-01-08 08:53:05,Drip Coffee | Americano,5.5
TX-000106,CUST-025,2025-01-08 12:06:47,Latte | Breakfast Sandwich | Tea | Croissant | Salad,26.5
TX-000107,CUST-055,2025-01-08 12:16:49,Muffin,3.5
TX-000108,CUST-135,2025-01-08 16:55:23,Americano | Croissant,7.0
TX-000109,CUST-039,2025-01-08 19:36:36,Drip Coffee,2.5
TX-000110,CUST-034,2025-01-08 23:47:55,Latte | Cake Slice | Croissant | Tea,17.0
TX-000111,CUST-114,2025-01-09 03:02:46,Cake Slice | Breakfast Sandwich | Drip Coffee,14.5
TX-000112,CUST-138,2025-01-09 04:27:07,Salad,8.5
TX-000113,CUST-148,2025-01-09 06:18:13,Cake Slice,5.5
TX-000114,CUST-023,2025-01-09 06:40:55,Salad | Tea | Breakfast Sandwich | Latte | Croissant,26.5
TX-000115,CUST-074,2025-01-09 09:14:51,Muffin | Americano,6.5
TX-000116,CUST-021,2025-01-09 12:39:28,Drip Coffee | Pasta | Salad | Croissant | Muffin,29.5
TX-000117,CUST-087,2025-01-09 13:39:44,Latte | Pasta,15.5
TX-000118,CUST-005,2025-01-09 13:51:00,Tea | Drip Coffee | Cake Slice | Pasta | Muffin,25.5
TX-000119,CUST-013,2025-01-09 15:14:24,Americano | Latte | Muffin | Pasta,22.0
TX-000120,CUST-090,2025-01-09 16:21:49,Cake Slice | Breakfast Sandwich,12.0
TX-000121,CUST-023,2025-01-09 17:05:58,Muffin | Drip Coffee | Salad | Pasta | Latte,30.0
TX-000122,CUST-138,2025-01-10 00:58:27,Muffin | Pasta,14.5
TX-000123,CUST-059,2025-01-10 03:58:42,Muffin,3.5
TX-000124,CUST-031,2025-01-10 06:13:07,Latte | Muffin | Croissant,12.0
TX-000125,CUST-119,2025-01-10 06:14:57,Croissant,4.0
TX-000126,CUST-009,2025-01-10 06:36:30,Latte | Americano | Breakfast Sandwich,14.0
TX-000127,CUST-037,2025-01-10 10:58:10,Drip Coffee | Breakfast Sandwich | Muffin | Pasta | Tea,26.5
TX-000128,CUST-091,2025-01-10 12:15:58,Pasta | Tea,14.0
TX-000129,CUST-126,2025-01-10 13:02:21,Muffin,3.5
TX-000130,CUST-149,2025-01-10 13:51:57,Drip Coffee,2.5
TX-000131,CUST-019,2025-01-10 14:22:41,Breakfast Sandwich | Drip Coffee | Pasta | Latte,24.5
TX-000132,CUST-011,2025-01-10 15:33:19,Breakfast Sandwich | Cake Slice | Croissant,16.0
TX-000133,CUST-030,2025-01-10 18:01:12,Muffin | Cake Slice | Drip Coffee,11.5
TX-000134,CUST-115,2025-01-10 18:33:22,Drip Coffee,2.5
TX-000135,CUST-059,2025-01-10 21:17:58,Americano,3.0
TX-000136,CUST-036,2025-01-11 02:23:16,Breakfast Sandwich | Drip Coffee | Cake Slice | Pasta,25.5
TX-000137,CUST-027,2025-01-11 07:59:57,Cake Slice | Tea | Croissant,12.5
TX-000138,CUST-003,2025-01-11 12:25:05,Breakfast Sandwich | Croissant | Salad | Latte,23.5
TX-000139,CUST-047,2025-01-11 15:20:20,Muffin,3.5
TX-000140,CUST-072,2025-01-11 17:22:53,Americano,3.0
TX-000141,CUST-148,2025-01-11 17:50:10,Drip Coffee,2.5
TX-000142,CUST-021,2025-01-11 22:44:37,Americano | Breakfast Sandwich | Cake Slice | Croissant | Pasta,30.0
TX-000143,CUST-007,2025-01-11 23:01:59,Croissant | Muffin | Americano,10.5
TX-000144,CUST-034,2025-01-12 00:15:04,Breakfast Sandwich | Drip Coffee | Salad | Latte,22.0
TX-000145,CUST-012,2025-01-12 01:03:55,Cake Slice | Tea | Breakfast Sandwich,15.0
TX-000146,CUST-149,2025-01-12 03:38:01,Latte | Croissant,8.5
TX-000147,CUST-135,2025-01-12 06:57:24,Pasta | Breakfast Sandwich,17.5
TX-000148,CUST-057,2025-01-12 07:25:52,Tea | Drip Coffee,5.5
TX-000149,CUST-101,2025-01-12 08:30:08,Breakfast Sandwich | Drip Coffee,9.0
TX-000150,CUST-046,2025-01-12 12:12:57,Croissant,4.0
TX-000151,CUST-035,2025-01-12 12:47:09,Breakfast Sandwich | Americano | Tea | Cake Slice,18.0
TX-000152,CUST-024,2025-01-12 14:34:31,Croissant | Breakfast Sandwich | Cake Slice | Drip Coffee | Tea,21.5
TX-000153,CUST-118,2025-01-12 14:50:16,Cake Slice,5.5
TX-000154,CUST-036,2025-01-12 18:29:50,Americano | Muffin | Pasta | Cake Slice,23.0
TX-000155,CUST-030,2025-01-12 18:30:56,Cake Slice | Muffin | Croissant,13.0
TX-000156,CUST-012,2025-01-12 20:05:33,Drip Coffee | Pasta | Breakfast Sandwich,20.0
TX-000157,CUST-025,2025-01-12 21:44:01,Croissant | Pasta | Latte | Cake Slice,25.0
TX-000158,CUST-129,2025-01-12 22:06:33,Americano | Latte,7.5
TX-000159,CUST-056,2025-01-12 22:40:43,Americano | Drip Coffee,5.5
TX-000160,CUST-042,2025-01-12 23:33:19,Drip Coffee,2.5
TX-000161,CUST-130,2025-01-13 01:01:26,Salad,8.5
TX-000162,CUST-111,2025-01-13 03:58:58,Latte | Breakfast Sandwich,11.0
TX-000163,CUST-127,2025-01-13 08:21:26,Salad,8.5
TX-000164,CUST-002,2025-01-13 09:32:12,Americano | Cake Slice | Breakfast Sandwich | Drip Coffee | Latte,22.0
TX-000165,CUST-022,2025-01-13 10:13:13,Latte | Breakfast Sandwich | Salad,19.5
TX-000166,CUST-044,2025-01-13 12:06:37,Tea,3.0
TX-000167,CUST-085,2025-01-13 13:21:11,Latte | Salad,13.0
TX-000168,CUST-021,2025-01-13 16:32:13,Cake Slice | Latte | Croissant | Salad | Breakfast Sandwich,29.0
TX-000169,CUST-039,2025-01-13 17:25:53,Drip Coffee,2.5
TX-000170,CUST-019,2025-01-13 19:03:24,Croissant | Cake Slice | Drip Coffee,12.0
TX-000171,CUST-024,2025-01-13 20:13:18,Breakfast Sandwich | Cake Slice | Latte | Pasta,27.5
TX-000172,CUST-003,2025-01-13 21:20:01,Americano | Breakfast Sandwich | Latte | Pasta | Drip Coffee,27.5
TX-000173,CUST-146,2025-01-13 21:28:26,Tea | Drip Coffee,5.5
TX-000174,CUST-024,2025-01-13 22:00:49,Latte | Breakfast Sandwich | Salad,19.5
TX-000175,CUST-034,2025-01-13 23:26:58,Drip Coffee | Latte | Croissant,11.0
TX-000176,CUST-012,2025-01-14 01:01:54,Drip Coffee | Croissant | Americano | Tea,12.5
TX-000177,CUST-013,2025-01-14 02:32:48,Cake Slice | Salad | Americano,17.0
TX-000178,CUST-145,2025-01-14 09:13:31,Americano,3.0
TX-000179,CUST-026,2025-01-14 12:33:39,Americano | Cake Slice | Pasta | Breakfast Sandwich,26.0
TX-000180,CUST-057,2025-01-14 13:16:50,Muffin | Drip Coffee,6.0
TX-000181,CUST-041,2025-01-14 14:50:25,Americano | Muffin,6.5
TX-000182,CUST-079,2025-01-14 18:14:46,Breakfast Sandwich | Latte | Salad,19.5
TX-000183,CUST-081,2025-01-14 20:11:43,Latte | Breakfast Sandwich | Pasta | Salad,30.5
TX-000184,CUST-067,2025-01-14 22:41:55,Americano,3.0
TX-000185,CUST-019,2025-01-14 22:42:17,Drip Coffee | Cake Slice | Latte | Breakfast Sandwich | Americano,22.0
TX-000186,CUST-038,2025-01-15 04:50:49,Croissant | Americano | Latte | Cake Slice | Salad,25.5
TX-000187,CUST-034,2025-01-15 05:45:33,Breakfast Sandwich | Latte | Cake Slice,16.5
TX-000188,CUST-015,2025-01-15 06:37:39,Latte | Muffin | Croissant,12.0
TX-000189,CUST-014,2025-01-15 07:04:32,Cake Slice | Drip Coffee | Croissant,12.0
TX-000190,CUST-116,2025-01-15 07:17:41,Latte,4.5
TX-000191,CUST-041,2025-01-15 12:39:42,Muffin,3.5
TX-000192,CUST-058,2025-01-15 16:44:23,Americano,3.0
TX-000193,CUST-010,2025-01-15 17:54:41,Cake Slice | Latte | Salad,18.5
TX-000194,CUST-003,2025-01-15 18:31:29,Pasta | Cake Slice | Americano | Salad | Latte,32.5
TX-000195,CUST-069,2025-01-16 03:09:38,Tea | Americano,6.0
TX-000196,CUST-030,2025-01-16 05:22:54,Pasta | Croissant | Cake Slice | Breakfast Sandwich,27.0
TX-000197,CUST-059,2025-01-16 06:31:29,Croissant | Americano,7.0
TX-000198,CUST-053,2025-01-16 07:56:58,Americano,3.0
TX-000199,CUST-019,2025-01-16 10:09:10,Breakfast Sandwich | Salad | Latte | Drip Coffee,22.0
TX-000200,CUST-125,2025-01-16 14:28:03,Croissant,4.0
TX-000201,CUST-135,2025-01-16 14:47:16,Muffin,3.5
TX-000202,CUST-030,2025-01-16 16:49:52,Americano | Drip Coffee | Breakfast Sandwich,12.0
TX-000203,CUST-065,2025-01-16 19:19:40,Drip Coffee | Muffin,6.0
TX-000204,CUST-022,2025-01-16 20:42:49,Cake Slice | Pasta | Breakfast Sandwich | Croissant | Drip Coffee,29.5
TX-000205,CUST-004,2025-01-16 21:09:08,Americano | Salad | Croissant | Drip Coffee,18.0
TX-000206,CUST-025,2025-01-16 21:14:56,Salad | Americano | Cake Slice,17.0
TX-000207,CUST-033,2025-01-16 21:32:51,Croissant | Breakfast Sandwich | Drip Coffee | Cake Slice,18.5
TX-000208,CUST-020,2025-01-17 01:07:17,Cake Slice | Croissant | Drip Coffee,12.0
TX-000209,CUST-145,2025-01-17 03:16:04,Tea,3.0
TX-000210,CUST-021,2025-01-17 03:32:41,Salad | Muffin | Breakfast Sandwich,18.5
TX-000211,CUST-137,2025-01-17 04:51:21,Breakfast Sandwich | Drip Coffee,9.0
TX-000212,CUST-017,2025-01-17 09:28:52,Salad | Americano | Drip Coffee,14.0
TX-000213,CUST-006,2025-01-17 11:40:47,Croissant | Pasta | Breakfast Sandwich | Americano | Tea,27.5
TX-000214,CUST-098,2025-01-17 12:19:02,Drip Coffee | Cake Slice | Pasta | Tea,22.0
TX-000215,CUST-046,2025-01-17 13:29:22,Croissant | Drip Coffee,6.5
TX-000216,CUST-028,2025-01-17 14:27:33,Tea | Breakfast Sandwich | Drip Coffee,12.0
TX-000217,CUST-114,2025-01-17 15:41:06,Croissant | Latte,8.5
TX-000218,CUST-074,2025-01-17 17:23:31,Americano | Drip Coffee,5.5
TX-000219,CUST-033,2025-01-17 17:38:10,Cake Slice | Salad | Pasta | Muffin,28.5
TX-000220,CUST-017,2025-01-17 20:03:01,Americano | Croissant | Latte | Drip Coffee,14.0
TX-000221,CUST-021,2025-01-17 21:41:46,Latte | Cake Slice | Pasta | Croissant,25.0
TX-000222,CUST-082,2025-01-17 22:42:42,Pasta | Cake Slice | Muffin | Breakfast Sandwich,26.5
TX-000223,CUST-003,2025-01-18 02:03:26,Cake Slice | Muffin | Drip Coffee,11.5
TX-000224,CUST-033,2025-01-18 03:26:54,Pasta | Americano | Breakfast Sandwich | Drip Coffee | Latte,27.5
TX-000225,CUST-010,2025-01-18 03:59:26,Pasta | Cake Slice | Latte | Breakfast Sandwich,27.5
TX-000226,CUST-045,2025-01-18 05:43:14,Croissant | Drip Coffee,6.5
TX-000227,CUST-075,2025-01-18 06:05:46,Americano | Tea,6.0
TX-000228,CUST-027,2025-01-18 06:20:08,Tea | Salad | Muffin | Americano,18.0
TX-000229,CUST-123,2025-01-18 08:07:53,Breakfast Sandwich,6.5
TX-000230,CUST-123,2025-01-18 08:53:59,Tea,3.0
TX-000231,CUST-031,2025-01-18 10:00:24,Americano | Breakfast Sandwich | Cake Slice,15.0
TX-000232,CUST-036,2025-01-18 12:28:46,Drip Coffee | Breakfast Sandwich | Cake Slice,14.5
TX-000233,CUST-066,2025-01-18 14:14:38,Drip Coffee | Tea,5.5
TX-000234,CUST-029,2025-01-18 16:08:10,Muffin | Cake Slice | Americano,12.0
TX-000235,CUST-002,2025-01-18 16:30:38,Salad | Muffin | Latte | Tea,19.5
TX-000236,CUST-012,2025-01-18 16:47:18,Salad | Cake Slice | Americano,17.0
TX-000237,CUST-037,2025-01-18 17:41:29,Croissant | Latte | Salad,17.0
TX-000238,CUST-028,2025-01-18 19:02:05,Muffin | Breakfast Sandwich | Salad | Cake Slice,24.0
TX-000239,CUST-132,2025-01-18 19:07:36,Latte | Muffin,8.0
TX-000240,CUST-076,2025-01-18 23:11:50,Croissant,4.0
TX-000241,CUST-113,2025-01-19 01:31:06,Breakfast Sandwich | Latte,11.0
TX-000242,CUST-015,2025-01-19 02:06:37,Croissant | Latte | Drip Coffee,11.0
TX-000243,CUST-023,2025-01-19 03:21:06,Muffin | Salad | Breakfast Sandwich,18.5
TX-000244,CUST-054,2025-01-19 07:20:25,Drip Coffee,2.5
TX-000245,CUST-003,2025-01-19 07:48:16,Muffin | Breakfast Sandwich | Salad | Drip Coffee,21.0
TX-000246,CUST-045,2025-01-19 09:07:01,Americano | Muffin,6.5
TX-000247,CUST-003,2025-01-19 10:17:25,Cake Slice | Muffin | Salad | Latte,22.0
TX-000248,CUST-056,2025-01-19 10:19:55,Drip Coffee | Tea,5.5
TX-000249,CUST-136,2025-01-19 13:19:43,Salad,8.5
TX-000250,CUST-012,2025-01-19 14:32:38,Muffin | Pasta | Drip Coffee | Breakfast Sandwich | Americano,26.5
TX-000251,CUST-036,2025-01-19 16:13:49,Cake Slice | Salad | Muffin,17.5
TX-000252,CUST-078,2025-01-19 16:50:11,Drip Coffee | Americano,5.5
TX-000253,CUST-038,2025-01-19 16:58:29,Muffin | Americano | Breakfast Sandwich,13.0
TX-000254,CUST-022,2025-01-19 17:37:29,Breakfast Sandwich | Croissant | Cake Slice | Americano,19.0
TX-000255,CUST-118,2025-01-19 20:13:00,Muffin | Latte,8.0
TX-000256,CUST-012,2025-01-19 21:04:40,Americano | Croissant | Salad | Latte,20.0
TX-000257,CUST-072,2025-01-20 00:11:01,Muffin | Drip Coffee,6.0
TX-000258,CUST-117,2025-01-20 00:37:59,Pasta | Breakfast Sandwich,17.5
TX-000259,CUST-038,2025-01-20 05:21:59,Americano | Cake Slice | Breakfast Sandwich | Drip Coffee,17.5
TX-000260,CUST-029,2025-01-20 07:23:14,Pasta | Cake Slice | Muffin,20.0
TX-000261,CUST-055,2025-01-20 07:58:44,Drip Coffee | Croissant,6.5
TX-000262,CUST-147,2025-01-20 08:30:32,Breakfast Sandwich | Tea,9.5
TX-000263,CUST-051,2025-01-20 14:31:07,Muffin | Croissant,7.5
TX-000264,CUST-032,2025-01-20 17:13:24,Cake Slice | Americano | Breakfast Sandwich | Latte,19.5
TX-000265,CUST-110,2025-01-20 17:40:06,Salad | Americano | Drip Coffee | Cake Slice,19.5
TX-000266,CUST-070,2025-01-20 19:43:33,Tea | Drip Coffee,5.5
TX-000267,CUST-038,2025-01-20 20:40:54,Salad | Cake Slice | Latte | Breakfast Sandwich,25.0
TX-000268,CUST-079,2025-01-20 23:46:40,Salad | Breakfast Sandwich,15.0
TX-000269,CUST-053,2025-01-21 00:30:28,Tea,3.0
TX-000270,CUST-052,2025-01-21 01:16:18,Tea | Drip Coffee,5.5
TX-000271,CUST-042,2025-01-21 02:53:51,Americano | Muffin,6.5
TX-000272,CUST-095,2025-01-21 03:20:25,Drip Coffee | Latte | Breakfast Sandwich | Pasta,24.5
TX-000273,CUST-085,2025-01-21 08:31:28,Tea | Americano | Croissant | Salad,18.5
TX-000274,CUST-118,2025-01-21 08:42:33,Breakfast Sandwich | Latte,11.0
TX-000275,CUST-043,2025-01-21 08:42:47,Tea | Muffin,6.5
TX-000276,CUST-059,2025-01-21 13:51:38,Tea | Drip Coffee,5.5
TX-000277,CUST-142,2025-01-21 17:28:12,Muffin | Breakfast Sandwich,10.0
TX-000278,CUST-117,2025-01-21 17:49:19,Muffin | Breakfast Sandwich,10.0
TX-000279,CUST-093,2025-01-21 18:24:37,Salad | Breakfast Sandwich | Pasta,26.0
TX-000280,CUST-019,2025-01-21 20:33:59,Breakfast Sandwich | Salad | Latte,19.5
TX-000281,CUST-056,2025-01-21 21:12:24,Drip Coffee,2.5
TX-000282,CUST-016,2025-01-21 23:18:03,Salad | Cake Slice | Croissant | Latte,22.5
TX-000283,CUST-034,2025-01-21 23:23:28,Breakfast Sandwich | Drip Coffee | Muffin | Latte | Pasta,28.0
TX-000284,CUST-021,2025-01-21 23:26:15,Salad | Pasta | Breakfast Sandwich | Drip Coffee,28.5
TX-000285,CUST-021,2025-01-22 01:08:58,Croissant | Salad | Breakfast Sandwich | Latte,23.5
TX-000286,CUST-146,2025-01-22 02:59:29,Tea,3.0
TX-000287,CUST-012,2025-01-22 03:55:16,Breakfast Sandwich | Salad | Latte | Cake Slice,25.0
TX-000288,CUST-135,2025-01-22 05:03:29,Drip Coffee | Latte,7.0
TX-000289,CUST-007,2025-01-22 08:14:13,Breakfast Sandwich | Latte | Pasta,22.0
TX-000290,CUST-022,2025-01-22 08:21:14,Muffin | Pasta | Latte,19.0
TX-000291,CUST-005,2025-01-22 09:28:34,Latte | Breakfast Sandwich | Drip Coffee | Croissant | Tea,20.5
TX-000292,CUST-135,2025-01-22 09:46:37,Latte | Drip Coffee,7.0
TX-000293,CUST-121,2025-01-22 10:42:56,Drip Coffee | Tea,5.5
TX-000294,CUST-046,2025-01-22 11:35:59,Pasta,11.0
TX-000295,CUST-027,2025-01-22 17:15:34,Drip Coffee | Tea | Cake Slice,11.0
TX-000296,CUST-003,2025-01-22 18:22:44,Latte | Breakfast Sandwich | Croissant,15.0
TX-000297,CUST-008,2025-01-22 21:06:28,Latte | Salad | Drip Coffee,15.5
TX-000298,CUST-007,2025-01-23 00:54:59,Drip Coffee | Latte | Muffin | Pasta | Tea,24.5
TX-000299,CUST-004,2025-01-23 02:16:26,Croissant | Muffin | Cake Slice,13.0
TX-000300,CUST-031,2025-01-23 05:01:18,Cake Slice | Drip Coffee | Americano | Muffin,14.5
TX-000301,CUST-092,2025-01-23 07:25:48,Latte | Drip Coffee,7.0
TX-000302,CUST-020,2025-01-23 07:56:23,Americano | Pasta | Croissant | Muffin | Latte,26.0
TX-000303,CUST-035,2025-01-23 09:13:49,Latte | Croissant | Pasta,19.5
TX-000304,CUST-052,2025-01-23 10:06:25,Muffin,3.5
TX-000305,CUST-145,2025-01-23 10:54:37,Cake Slice | Muffin,9.0
TX-000306,CUST-020,2025-01-23 11:05:57,Croissant | Drip Coffee | Latte | Muffin,14.5
TX-000307,CUST-015,2025-01-23 14:20:18,Pasta | Latte | Croissant | Drip Coffee,22.0
TX-000308,CUST-075,2025-01-23 16:12:18,Drip Coffee,2.5
TX-000309,CUST-027,2025-01-23 19:12:24,Drip Coffee | Muffin | Latte,10.5
TX-000310,CUST-146,2025-01-23 21:22:12,Salad | Pasta,19.5
TX-000311,CUST-033,2025-01-24 00:18:27,Americano | Cake Slice | Breakfast Sandwich | Drip Coffee,17.5
TX-000312,CUST-086,2025-01-24 02:23:25,Pasta | Latte | Cake Slice | Croissant,25.0
TX-000313,CUST-027,2025-01-24 05:26:12,Cake Slice | Breakfast Sandwich | Americano,15.0
TX-000314,CUST-061,2025-01-24 06:19:43,Muffin | Americano,6.5
TX-000315,CUST-001,2025-01-24 06:34:11,Drip Coffee | Breakfast Sandwich | Latte | Tea | Americano,19.5
TX-000316,CUST-025,2025-01-24 10:34:36,Cake Slice | Salad | Pasta | Breakfast Sandwich,31.5
TX-000317,CUST-014,2025-01-24 11:05:00,Cake Slice | Latte | Tea | Breakfast Sandwich | Pasta,30.5
TX-000318,CUST-003,2025-01-24 13:32:50,Breakfast Sandwich | Pasta | Latte | Drip Coffee,24.5
TX-000319,CUST-055,2025-01-24 13:48:09,Muffin | Drip Coffee,6.0
TX-000320,CUST-008,2025-01-24 20:06:12,Muffin | Cake Slice | Croissant,13.0
TX-000321,CUST-009,2025-01-24 20:15:42,Latte | Salad | Drip Coffee | Breakfast Sandwich | Cake Slice,27.5
TX-000322,CUST-108,2025-01-25 01:36:58,Tea | Muffin,6.5
TX-000323,CUST-054,2025-01-25 07:12:11,Breakfast Sandwich | Drip Coffee,9.0
TX-000324,CUST-016,2025-01-25 10:36:51,Latte | Salad | Americano | Cake Slice,21.5
TX-000325,CUST-127,2025-01-25 12:00:31,Latte,4.5
TX-000326,CUST-027,2025-01-25 12:36:44,Salad | Breakfast Sandwich | Drip Coffee,17.5
TX-000327,CUST-001,2025-01-25 18:28:47,Breakfast Sandwich | Latte | Cake Slice,16.5
TX-000328,CUST-034,2025-01-25 23:21:35,Latte | Pasta | Americano | Drip Coffee,21.0
TX-000329,CUST-009,2025-01-26 01:58:05,Salad | Drip Coffee | Breakfast Sandwich | Croissant | Tea,24.5
TX-000330,CUST-027,2025-01-26 02:32:58,Breakfast Sandwich | Croissant | Cake Slice,16.0
TX-000331,CUST-039,2025-01-26 02:33:06,Americano | Muffin,6.5
TX-000332,CUST-012,2025-01-26 03:08:39,Muffin | Salad | Drip Coffee | Tea,17.5
TX-000333,CUST-016,2025-01-26 07:01:18,Croissant | Salad | Americano,15.5
TX-000334,CUST-096,2025-01-26 08:00:36,Salad | Cake Slice | Croissant,18.0
TX-000335,CUST-008,2025-01-26 08:13:47,Latte | Tea | Breakfast Sandwich | Cake Slice,19.5
TX-000336,CUST-119,2025-01-26 10:25:42,Croissant,4.0
TX-000337,CUST-002,2025-01-26 13:28:00,Breakfast Sandwich | Americano | Pasta | Salad,29.0
TX-000338,CUST-064,2025-01-26 14:53:58,Americano,3.0
TX-000339,CUST-033,2025-01-26 15:32:05,Croissant | Muffin | Pasta | Americano | Latte,26.0
TX-000340,CUST-100,2025-01-26 15:38:42,Breakfast Sandwich | Drip Coffee | Muffin,12.5
TX-000341,CUST-135,2025-01-26 17:04:26,Muffin,3.5
TX-000342,CUST-009,2025-01-26 18:24:42,Drip Coffee | Salad | Cake Slice | Breakfast Sandwich,23.0
TX-000343,CUST-091,2025-01-26 19:00:09,Latte | Tea | Salad,16.0
TX-000344,CUST-082,2025-01-26 20:38:18,Cake Slice | Americano,8.5
TX-000345,CUST-137,2025-01-26 22:56:36,Muffin,3.5
TX-000346,CUST-051,2025-01-27 02:22:51,Croissant | Muffin,7.5
TX-000347,CUST-022,2025-01-27 04:37:34,Latte | Croissant | Breakfast Sandwich | Pasta,26.0
TX-000348,CUST-052,2025-01-27 08:03:28,Muffin | Drip Coffee,6.0
TX-000349,CUST-028,2025-01-27 12:09:36,Tea | Drip Coffee | Cake Slice | Latte | Croissant,19.5
TX-000350,CUST-074,2025-01-27 12:11:26,Americano,3.0
TX-000351,CUST-013,2025-01-27 13:38:14,Salad | Croissant | Tea | Muffin,19.0
TX-000352,CUST-047,2025-01-27 14:06:43,Croissant | Tea,7.0
TX-000353,CUST-058,2025-01-27 14:09:44,Americano | Drip Coffee,5.5
TX-000354,CUST-076,2025-01-27 14:16:55,Drip Coffee | Latte,7.0
TX-000355,CUST-142,2025-01-27 14:22:36,Drip Coffee,2.5
TX-000356,CUST-021,2025-01-27 14:43:48,Latte | Breakfast Sandwich | Muffin | Salad,23.0
TX-000357,CUST-019,2025-01-27 22:21:42,Drip Coffee | Cake Slice | Salad | Breakfast Sandwich | Croissant,27.0
TX-000358,CUST-017,2025-01-27 23:03:52,Pasta | Salad | Muffin | Latte | Drip Coffee,30.0
TX-000359,CUST-072,2025-01-28 01:46:19,Americano,3.0
TX-000360,CUST-017,2025-01-28 01:53:50,Pasta | Latte | Croissant | Drip Coffee | Muffin,25.5
TX-000361,CUST-052,2025-01-28 05:19:09,Muffin,3.5
TX-000362,CUST-012,2025-01-28 08:51:36,Croissant | Americano | Tea | Latte,14.5
TX-000363,CUST-084,2025-01-28 14:09:55,Breakfast Sandwich | Cake Slice | Pasta,23.0
TX-000364,CUST-115,2025-01-28 14:40:54,Tea | Breakfast Sandwich,9.5
TX-000365,CUST-010,2025-01-28 16:47:45,Salad | Cake Slice | Breakfast Sandwich | Latte | Americano,28.0
TX-000366,CUST-118,2025-01-28 17:26:37,Drip Coffee | Americano,5.5
TX-000367,CUST-051,2025-01-28 20:04:50,Croissant | Americano,7.0
TX-000368,CUST-031,2025-01-28 20:08:26,Breakfast Sandwich | Americano | Tea,12.5
TX-000369,CUST-012,2025-01-28 20:43:57,Salad | Drip Coffee | Latte | Pasta | Muffin,30.0
TX-000370,CUST-013,2025-01-28 21:16:55,Muffin | Latte | Croissant | Breakfast Sandwich,18.5
TX-000371,CUST-038,2025-01-28 21:22:28,Salad | Muffin | Drip Coffee,14.5
TX-000372,CUST-043,2025-01-28 22:14:16,Americano | Drip Coffee,5.5
TX-000373,CUST-020,2025-01-29 02:04:48,Croissant | Americano | Breakfast Sandwich | Latte | Muffin,21.5
TX-000374,CUST-047,2025-01-29 02:11:50,Croissant | Muffin,7.5
TX-000375,CUST-043,2025-01-29 03:16:46,Muffin,3.5
TX-000376,CUST-144,2025-01-29 07:06:57,Cake Slice,5.5
TX-000377,CUST-058,2025-01-29 11:44:53,Muffin,3.5
TX-000378,CUST-047,2025-01-29 13:27:10,Tea | Muffin,6.5
TX-000379,CUST-070,2025-01-29 13:45:09,Latte,4.5
TX-000380,CUST-017,2025-01-29 16:19:05,Latte | Salad | Muffin | Drip Coffee | Americano,22.0
TX-000381,CUST-034,2025-01-29 18:24:07,Pasta | Salad | Breakfast Sandwich | Muffin,29.5
TX-000382,CUST-103,2025-01-29 20:33:11,Pasta | Breakfast Sandwich | Salad | Muffin,29.5
TX-000383,CUST-016,2025-01-29 21:43:10,Cake Slice | Latte | Drip Coffee | Tea | Salad,24.0
TX-000384,CUST-029,2025-01-30 09:00:06,Latte | Pasta | Salad,24.0
TX-000385,CUST-005,2025-01-30 09:48:49,Latte | Salad | Cake Slice,18.5
TX-000386,CUST-042,2025-01-30 11:03:05,Americano | Drip Coffee,5.5
TX-000387,CUST-113,2025-01-30 15:26:13,Latte | Salad,13.0
TX-000388,CUST-117,2025-01-30 16:56:28,Salad,8.5
TX-000389,CUST-002,2025-01-30 19:16:25,Muffin | Salad | Americano | Pasta | Breakfast Sandwich,32.5
TX-000390,CUST-016,2025-01-30 20:12:57,Latte | Americano | Salad,16.0
TX-000391,CUST-048,2025-01-30 22:57:16,Drip Coffee,2.5
TX-000392,CUST-070,2025-01-30 23:24:06,Americano,3.0
TX-000393,CUST-035,2025-01-31 01:54:54,Muffin | Latte | Salad | Breakfast Sandwich,23.0
TX-000394,CUST-011,2025-01-31 04:26:51,Muffin | Drip Coffee | Tea | Croissant,13.0
TX-000395,CUST-118,2025-01-31 05:39:04,Americano | Tea,6.0
TX-000396,CUST-067,2025-01-31 06:02:43,Drip Coffee | Tea,5.5
TX-000397,CUST-047,2025-01-31 06:55:16,Cake Slice,5.5
TX-000398,CUST-067,2025-01-31 07:29:41,Tea | Americano,6.0
TX-000399,CUST-013,2025-01-31 10:13:21,Croissant | Breakfast Sandwich | Americano | Muffin | Tea,20.0
TX-000400,CUST-031,2025-01-31 12:53:25,Americano | Latte | Breakfast Sandwich,14.0
TX-000401,CUST-017,2025-01-31 13:21:20,Breakfast Sandwich | Salad | Cake Slice | Latte,25.0
TX-000402,CUST-146,2025-01-31 16:43:49,Americano | Croissant,7.0
TX-000403,CUST-138,2025-01-31 19:08:14,Latte | Croissant,8.5
TX-000404,CUST-148,2025-01-31 20:06:29,Tea | Pasta,14.0
TX-000405,CUST-021,2025-01-31 21:25:46,Salad | Croissant | Breakfast Sandwich | Americano,22.0
TX-000406,CUST-130,2025-01-31 21:42:24,Tea,3.0
TX-000407,CUST-027,2025-01-31 21:43:28,Drip Coffee | Pasta | Americano | Tea,19.5
TX-000408,CUST-093,2025-02-01 01:31:34,Drip Coffee | Cake Slice | Pasta | Latte,23.5
TX-000409,CUST-004,2025-02-01 01:52:27,Salad | Pasta | Drip Coffee | Americano,25.0
TX-000410,CUST-027,2025-02-01 02:59:28,Salad | Breakfast Sandwich | Pasta | Latte,30.5
TX-000411,CUST-008,2025-02-01 05:20:10,Drip Coffee | Salad | Americano,14.0
TX-000412,CUST-033,2025-02-01 06:48:10,Latte | Muffin | Breakfast Sandwich,14.5
TX-000413,CUST-001,2025-02-01 08:15:03,Cake Slice | Muffin | Drip Coffee,11.5
TX-000414,CUST-010,2025-02-01 11:55:42,Cake Slice | Drip Coffee | Salad | Tea,19.5
TX-000415,CUST-033,2025-02-01 12:11:54,Breakfast Sandwich | Latte | Cake Slice,16.5
TX-000416,CUST-085,2025-02-01 15:08:46,Croissant | Latte | Pasta | Breakfast Sandwich,26.0
TX-000417,CUST-022,2025-02-01 15:17:19,Cake Slice | Croissant | Latte,14.0
TX-000418,CUST-009,2025-02-01 17:09:43,Breakfast Sandwich | Salad | Tea | Drip Coffee | Cake Slice,26.0
TX-000419,CUST-002,2025-02-01 18:47:03,Drip Coffee | Salad | Muffin,14.5
TX-000420,CUST-148,2025-02-01 18:52:37,Americano,3.0
TX-000421,CUST-025,2025-02-01 21:04:49,Salad | Pasta | Muffin | Cake Slice | Latte,33.0
TX-000422,CUST-025,2025-02-01 21:46:23,Drip Coffee | Breakfast Sandwich | Latte | Cake Slice,19.0
TX-000423,CUST-033,2025-02-01 22:21:04,Salad | Pasta | Muffin | Breakfast Sandwich,29.5
TX-000424,CUST-118,2025-02-02 00:16:39,Americano | Muffin,6.5
TX-000425,CUST-011,2025-02-02 01:30:38,Drip Coffee | Americano | Breakfast Sandwich | Cake Slice,17.5
TX-000426,CUST-039,2025-02-02 02:31:56,Muffin,3.5
TX-000427,CUST-137,2025-02-02 08:20:34,Drip Coffee | Croissant,6.5
TX-000428,CUST-028,2025-02-02 10:34:07,Pasta | Americano | Croissant | Latte,22.5
TX-000429,CUST-024,2025-02-02 11:46:50,Salad | Americano | Muffin | Latte | Croissant,23.5
TX-000430,CUST-040,2025-02-02 13:39:34,Drip Coffee,2.5
TX-000431,CUST-031,2025-02-02 15:22:49,Americano | Cake Slice | Breakfast Sandwich | Croissant | Drip Coffee,21.5
TX-000432,CUST-075,2025-02-02 17:36:36,Drip Coffee | Muffin,6.0
TX-000433,CUST-146,2025-02-02 19:54:43,Drip Coffee | Croissant,6.5
TX-000434,CUST-042,2025-02-02 21:29:01,Americano | Drip Coffee,5.5
TX-000435,CUST-063,2025-02-02 22:54:31,Drip Coffee | Latte,7.0
TX-000436,CUST-141,2025-02-03 01:30:47,Muffin,3.5
TX-000437,CUST-071,2025-02-03 03:18:44,Muffin,3.5
TX-000438,CUST-062,2025-02-03 04:40:08,Muffin,3.5
TX-000439,CUST-074,2025-02-03 06:27:32,Drip Coffee | Cake Slice,8.0
TX-000440,CUST-018,2025-02-03 10:20:14,Cake Slice | Croissant | Americano,12.5
TX-000441,CUST-081,2025-02-03 12:03:22,Cake Slice | Pasta | Salad,25.0
TX-000442,CUST-002,2025-02-03 12:38:08,Americano | Breakfast Sandwich | Tea | Pasta,23.5
TX-000443,CUST-002,2025-02-03 13:01:44,Drip Coffee | Cake Slice | Salad,16.5
TX-000444,CUST-063,2025-02-03 13:19:28,Drip Coffee | Tea,5.5
TX-000445,CUST-001,2025-02-03 14:25:58,Latte | Tea | Salad | Muffin | Drip Coffee,22.0
TX-000446,CUST-015,2025-02-03 15:43:30,Salad | Drip Coffee | Americano | Cake Slice | Pasta,30.5
TX-000447,CUST-056,2025-02-03 17:08:05,Muffin | Drip Coffee,6.0
TX-000448,CUST-007,2025-02-03 17:25:17,Tea | Cake Slice | Latte,13.0
TX-000449,CUST-052,2025-02-03 18:33:28,Tea,3.0
TX-000450,CUST-064,2025-02-03 21:01:30,Croissant | Muffin,7.5
TX-000451,CUST-056,2025-02-04 01:53:43,Americano | Drip Coffee,5.5
TX-000452,CUST-032,2025-02-04 02:00:01,Pasta | Breakfast Sandwich | Cake Slice | Salad | Latte,36.0
TX-000453,CUST-007,2025-02-04 04:12:00,Croissant | Salad | Americano | Latte | Breakfast Sandwich,26.5
TX-000454,CUST-001,2025-02-04 08:18:00,Muffin | Breakfast Sandwich | Cake Slice | Croissant | Salad,28.0
TX-000455,CUST-071,2025-02-04 14:22:17,Muffin | Americano,6.5
TX-000456,CUST-119,2025-02-04 17:20:16,Pasta | Muffin,14.5
TX-000457,CUST-013,2025-02-04 19:53:57,Drip Coffee | Latte | Croissant,11.0
TX-000458,CUST-049,2025-02-04 20:49:23,Tea | Drip Coffee,5.5
TX-000459,CUST-012,2025-02-04 22:21:28,Salad | Muffin | Breakfast Sandwich | Latte,23.0
TX-000460,CUST-009,2025-02-05 00:30:19,Americano | Tea | Croissant,10.0
TX-000461,CUST-097,2025-02-05 00:54:21,Cake Slice | Drip Coffee,8.0
TX-000462,CUST-076,2025-02-05 08:15:34,Drip Coffee,2.5
TX-000463,CUST-056,2025-02-05 08:33:47,Tea | Americano,6.0
TX-000464,CUST-009,2025-02-05 09:10:20,Drip Coffee | Pasta | Croissant | Salad,26.0
TX-000465,CUST-146,2025-02-05 14:32:09,Tea | Salad,11.5
TX-000466,CUST-098,2025-02-05 14:33:12,Croissant | Pasta | Breakfast Sandwich,21.5
TX-000467,CUST-064,2025-02-05 17:04:21,Americano,3.0
TX-000468,CUST-045,2025-02-05 17:19:08,Americano | Drip Coffee,5.5
TX-000469,CUST-019,2025-02-05 17:19:23,Cake Slice | Salad | Latte,18.5
TX-000470,CUST-036,2025-02-05 19:30:45,Cake Slice | Salad | Muffin,17.5
TX-000471,CUST-011,2025-02-05 19:42:29,Pasta | Breakfast Sandwich | Cake Slice,23.0
TX-000472,CUST-052,2025-02-06 04:22:11,Drip Coffee,2.5
TX-000473,CUST-107,2025-02-06 11:31:31,Cake Slice | Salad | Croissant | Breakfast Sandwich,24.5
TX-000474,CUST-138,2025-02-06 16:47:55,Americano,3.0
TX-000475,CUST-048,2025-02-06 17:20:32,Drip Coffee | Muffin,6.0
TX-000476,CUST-031,2025-02-06 18:56:41,Americano | Drip Coffee | Salad | Croissant | Latte,22.5
TX-000477,CUST-018,2025-02-06 19:30:30,Breakfast Sandwich | Americano | Cake Slice | Salad,23.5
TX-000478,CUST-124,2025-02-06 20:35:52,Drip Coffee,2.5
TX-000479,CUST-034,2025-02-06 20:37:30,Breakfast Sandwich | Muffin | Latte | Salad | Pasta,34.0
TX-000480,CUST-014,2025-02-06 20:45:43,Pasta | Muffin | Croissant | Americano | Latte,26.0
TX-000481,CUST-018,2025-02-06 21:44:45,Americano | Tea | Drip Coffee | Latte,13.0
TX-000482,CUST-069,2025-02-07 00:04:11,Cake Slice | Tea,8.5
TX-000483,CUST-003,2025-02-07 00:56:38,Latte | Drip Coffee | Pasta,18.0
TX-000484,CUST-010,2025-02-07 03:21:54,Breakfast Sandwich | Latte | Salad | Muffin,23.0
TX-000485,CUST-148,2025-02-07 08:12:18,Tea | Muffin,6.5
TX-000486,CUST-119,2025-02-07 10:15:59,Drip Coffee,2.5
TX-000487,CUST-050,2025-02-07 13:33:35,Tea | Drip Coffee,5.5
TX-000488,CUST-006,2025-02-07 14:20:41,Latte | Pasta | Breakfast Sandwich | Tea,25.0
TX-000489,CUST-042,2025-02-07 17:00:34,Drip Coffee | Tea,5.5
TX-000490,CUST-109,2025-02-07 23:03:56,Pasta | Tea | Breakfast Sandwich,20.5
TX-000491,CUST-146,2025-02-08 01:25:23,Breakfast Sandwich | Salad,15.0
TX-000492,CUST-061,2025-02-08 02:58:11,Drip Coffee | Tea,5.5
TX-000493,CUST-024,2025-02-08 04:19:09,Americano | Muffin | Breakfast Sandwich | Latte | Salad,26.0
TX-000494,CUST-028,2025-02-08 05:13:22,Drip Coffee | Pasta | Breakfast Sandwich,20.0
TX-000495,CUST-022,2025-02-08 05:16:41,Drip Coffee | Salad | Latte | Breakfast Sandwich | Tea,25.0
TX-000496,CUST-072,2025-02-08 05:34:16,Drip Coffee | Americano,5.5
TX-000497,CUST-069,2025-02-08 07:46:48,Tea | Drip Coffee,5.5
TX-000498,CUST-063,2025-02-08 09:01:14,Muffin | Breakfast Sandwich,10.0
TX-000499,CUST-016,2025-02-08 09:03:43,Breakfast Sandwich | Muffin | Americano | Salad | Drip Coffee,24.0
TX-000500,CUST-075,2025-02-08 13:46:19,Drip Coffee,2.5
TX-000501,CUST-061,2025-02-08 14:15:38,Americano | Latte,7.5
TX-000502,CUST-030,2025-02-08 16:35:29,Muffin | Croissant | Pasta,18.5
TX-000503,CUST-067,2025-02-08 16:44:23,Muffin,3.5
TX-000504,CUST-071,2025-02-08 19:14:59,Drip Coffee,2.5
TX-000505,CUST-056,2025-02-08 19:47:18,Americano,3.0
TX-000506,CUST-076,2025-02-09 00:53:33,Drip Coffee,2.5
TX-000507,CUST-123,2025-02-09 00:54:13,Drip Coffee,2.5
TX-000508,CUST-053,2025-02-09 01:20:31,Drip Coffee | Tea,5.5
TX-000509,CUST-029,2025-02-09 04:16:14,Croissant | Breakfast Sandwich | Drip Coffee | Americano | Latte,20.5
TX-000510,CUST-021,2025-02-09 07:46:42,Latte | Drip Coffee | Pasta | Salad | Breakfast Sandwich,33.0
TX-000511,CUST-075,2025-02-09 08:05:36,Tea | Muffin,6.5
TX-000512,CUST-066,2025-02-09 08:35:13,Muffin | Drip Coffee,6.0
TX-000513,CUST-031,2025-02-09 09:20:59,Croissant | Cake Slice | Drip Coffee | Latte | Muffin,20.0
TX-000514,CUST-037,2025-02-09 12:25:55,Drip Coffee | Latte | Salad | Cake Slice,21.0
TX-000515,CUST-148,2025-02-09 12:27:44,Muffin | Croissant,7.5
TX-000516,CUST-053,2025-02-09 13:19:43,Tea | Muffin,6.5
TX-000517,CUST-064,2025-02-09 14:01:28,Americano,3.0
TX-000518,CUST-059,2025-02-09 14:49:00,Americano | Drip Coffee,5.5
TX-000519,CUST-025,2025-02-09 16:23:53,Breakfast Sandwich | Latte | Cake Slice,16.5
TX-000520,CUST-011,2025-02-09 18:11:33,Cake Slice | Drip Coffee | Latte | Muffin | Breakfast Sandwich,22.5
TX-000521,CUST-003,2025-02-09 22:46:36,Latte | Breakfast Sandwich | Americano | Pasta | Drip Coffee,27.5
TX-000522,CUST-010,2025-02-10 00:28:03,Drip Coffee | Cake Slice | Breakfast Sandwich | Latte | Pasta,30.0
TX-000523,CUST-140,2025-02-10 03:01:20,Breakfast Sandwich,6.5
TX-000524,CUST-003,2025-02-10 03:08:42,Pasta | Tea | Latte | Breakfast Sandwich | Salad,33.5
TX-000525,CUST-016,2025-02-10 06:11:59,Drip Coffee | Breakfast Sandwich | Latte | Croissant,17.5
TX-000526,CUST-023,2025-02-10 06:20:13,Pasta | Croissant | Cake Slice,20.5
TX-000527,CUST-034,2025-02-10 06:48:31,Cake Slice | Latte | Breakfast Sandwich | Drip Coffee | Salad,27.5
TX-000528,CUST-003,2025-02-10 07:12:07,Croissant | Latte | Breakfast Sandwich | Cake Slice | Drip Coffee,23.0
TX-000529,CUST-049,2025-02-10 07:21:41,Drip Coffee | Tea,5.5
TX-000530,CUST-142,2025-02-10 08:06:04,Salad | Pasta,19.5
TX-000531,CUST-146,2025-02-10 09:29:38,Latte,4.5
TX-000532,CUST-062,2025-02-10 09:44:46,Latte | Muffin,8.0
TX-000533,CUST-030,2025-02-10 10:11:41,Americano | Tea | Latte | Muffin | Cake Slice,19.5
TX-000534,CUST-055,2025-02-10 18:49:57,Drip Coffee | Tea,5.5
TX-000535,CUST-104,2025-02-10 19:16:31,Latte | Pasta | Cake Slice | Salad,29.5
TX-000536,CUST-135,2025-02-11 00:45:55,Drip Coffee,2.5
TX-000537,CUST-024,2025-02-11 00:51:33,Pasta | Cake Slice | Drip Coffee | Americano,22.0
TX-000538,CUST-148,2025-02-11 04:43:02,Drip Coffee,2.5
TX-000539,CUST-023,2025-02-11 07:00:39,Muffin | Pasta | Cake Slice | Drip Coffee,22.5
TX-000540,CUST-027,2025-02-11 07:37:02,Latte | Croissant | Drip Coffee | Salad,19.5
TX-000541,CUST-073,2025-02-11 11:26:42,Drip Coffee,2.5
TX-000542,CUST-058,2025-02-11 11:44:13,Americano,3.0
TX-000543,CUST-052,2025-02-11 12:59:08,Drip Coffee,2.5
TX-000544,CUST-056,2025-02-11 13:40:45,Drip Coffee | Latte,7.0
TX-000545,CUST-052,2025-02-11 14:30:57,Muffin | Tea,6.5
TX-000546,CUST-146,2025-02-11 17:03:00,Americano | Pasta,14.0
TX-000547,CUST-063,2025-02-11 19:13:05,Salad,8.5
TX-000548,CUST-135,2025-02-11 19:49:37,Muffin | Salad,12.0
TX-000549,CUST-023,2025-02-11 20:07:14,Drip Coffee | Salad | Cake Slice | Breakfast Sandwich | Croissant,27.0
TX-000550,CUST-037,2025-02-11 23:13:26,Muffin | Latte | Salad | Cake Slice | Pasta,33.0
TX-000551,CUST-091,2025-02-11 23:24:08,Breakfast Sandwich | Latte | Salad | Pasta,30.5
TX-000552,CUST-028,2025-02-12 02:08:56,Breakfast Sandwich | Latte | Cake Slice | Croissant | Drip Coffee,23.0
TX-000553,CUST-034,2025-02-12 13:16:02,Drip Coffee | Salad | Breakfast Sandwich | Croissant | Cake Slice,27.0
TX-000554,CUST-035,2025-02-12 16:01:10,Cake Slice | Drip Coffee | Latte,12.5
TX-000555,CUST-023,2025-02-12 18:15:48,Pasta | Americano | Breakfast Sandwich | Croissant,24.5
TX-000556,CUST-133,2025-02-12 22:56:25,Muffin | Americano,6.5
TX-000557,CUST-004,2025-02-12 23:30:57,Americano | Cake Slice | Salad,17.0
TX-000558,CUST-063,2025-02-13 01:01:42,Tea,3.0
TX-000559,CUST-014,2025-02-13 02:22:58,Tea | Pasta | Americano | Drip Coffee,19.5
TX-000560,CUST-044,2025-02-13 02:34:16,Drip Coffee,2.5
TX-000561,CUST-065,2025-02-13 02:39:03,Drip Coffee | Tea,5.5
TX-000562,CUST-096,2025-02-13 04:42:22,Breakfast Sandwich | Cake Slice | Pasta | Salad,31.5
TX-000563,CUST-129,2025-02-13 08:56:30,Americano | Drip Coffee,5.5
TX-000564,CUST-034,2025-02-13 13:07:04,Latte | Americano | Breakfast Sandwich,14.0
TX-000565,CUST-037,2025-02-13 16:21:01,Croissant | Latte | Salad,17.0
TX-000566,CUST-038,2025-02-13 22:02:40,Americano | Muffin | Drip Coffee | Breakfast Sandwich | Pasta,26.5
TX-000567,CUST-008,2025-02-13 22:25:13,Croissant | Breakfast Sandwich | Tea,13.5
TX-000568,CUST-121,2025-02-14 02:08:14,Tea,3.0
TX-000569,CUST-032,2025-02-14 03:26:04,Latte | Tea | Americano,10.5
TX-000570,CUST-012,2025-02-14 03:30:12,Latte | Breakfast Sandwich | Pasta | Muffin | Cake Slice,31.0
TX-000571,CUST-056,2025-02-14 06:17:26,Drip Coffee,2.5
TX-000572,CUST-021,2025-02-14 07:27:15,Latte | Breakfast Sandwich | Salad,19.5
TX-000573,CUST-028,2025-02-14 09:42:06,Muffin | Croissant | Drip Coffee | Latte,14.5
TX-000574,CUST-105,2025-02-14 10:34:41,Latte | Cake Slice | Pasta | Breakfast Sandwich,27.5
TX-000575,CUST-031,2025-02-14 12:29:53,Muffin | Breakfast Sandwich | Drip Coffee | Pasta | Americano,26.5
TX-000576,CUST-007,2025-02-14 16:13:38,Salad | Croissant | Cake Slice | Drip Coffee,20.5
TX-000577,CUST-082,2025-02-14 17:21:05,Tea | Breakfast Sandwich | Pasta | Cake Slice,26.0
TX-000578,CUST-054,2025-02-14 21:33:54,Drip Coffee,2.5
TX-000579,CUST-048,2025-02-14 23:48:52,Tea | Drip Coffee,5.5
TX-000580,CUST-033,2025-02-15 01:16:44,Breakfast Sandwich | Pasta | Latte | Cake Slice | Croissant,31.5
TX-000581,CUST-124,2025-02-15 05:26:12,Breakfast Sandwich,6.5
TX-000582,CUST-006,2025-02-15 06:09:33,Croissant | Salad | Muffin | Cake Slice | Pasta,32.5
TX-000583,CUST-065,2025-02-15 07:14:54,Drip Coffee | Tea,5.5
TX-000584,CUST-026,2025-02-15 09:43:48,Breakfast Sandwich | Muffin | Latte | Americano,17.5
TX-000585,CUST-028,2025-02-15 10:29:32,Cake Slice | Breakfast Sandwich | Drip Coffee | Americano | Latte,22.0
TX-000586,CUST-071,2025-02-15 11:13:10,Muffin | Americano,6.5
TX-000587,CUST-027,2025-02-15 13:17:33,Latte | Breakfast Sandwich | Muffin | Salad,23.0
TX-000588,CUST-002,2025-02-15 14:55:30,Muffin | Salad | Drip Coffee | Breakfast Sandwich,21.0
TX-000589,CUST-071,2025-02-15 16:18:40,Drip Coffee | Tea,5.5
TX-000590,CUST-021,2025-02-15 22:04:21,Americano | Drip Coffee | Latte | Pasta,21.0
TX-000591,CUST-038,2025-02-15 23:49:52,Muffin | Croissant | Americano | Breakfast Sandwich | Drip Coffee,19.5
TX-000592,CUST-007,2025-02-16 00:05:23,Drip Coffee | Breakfast Sandwich | Muffin,12.5
TX-000593,CUST-024,2025-02-16 07:47:45,Breakfast Sandwich | Americano | Croissant,13.5
TX-000594,CUST-142,2025-02-16 08:11:04,Drip Coffee | Pasta,13.5
TX-000595,CUST-092,2025-02-16 09:29:57,Breakfast Sandwich | Cake Slice | Salad,20.5
TX-000596,CUST-018,2025-02-16 09:36:22,Breakfast Sandwich | Pasta | Tea,20.5
TX-000597,CUST-069,2025-02-16 12:37:25,Drip Coffee,2.5
TX-000598,CUST-002,2025-02-16 14:18:38,Breakfast Sandwich | Salad | Drip Coffee | Tea | Americano,23.5
TX-000599,CUST-015,2025-02-16 14:44:06,Latte | Croissant | Breakfast Sandwich | Americano,18.0
TX-000600,CUST-001,2025-02-16 17:19:57,Americano | Drip Coffee | Breakfast Sandwich,12.0
TX-000601,CUST-046,2025-02-16 17:42:40,Drip Coffee | Americano,5.5
TX-000602,CUST-059,2025-02-16 20:55:39,Croissant | Drip Coffee,6.5
TX-000603,CUST-028,2025-02-16 21:49:24,Breakfast Sandwich | Cake Slice | Latte,16.5
TX-000604,CUST-038,2025-02-16 22:05:20,Pasta | Americano | Latte,18.5
TX-000605,CUST-064,2025-02-17 06:26:59,Tea | Croissant,7.0
TX-000606,CUST-051,2025-02-17 09:42:53,Muffin | Croissant,7.5
TX-000607,CUST-005,2025-02-17 10:22:47,Breakfast Sandwich | Pasta | Latte,22.0
TX-000608,CUST-083,2025-02-17 11:32:23,Cake Slice | Salad,14.0
TX-000609,CUST-071,2025-02-17 14:37:09,Drip Coffee | Latte,7.0
TX-000610,CUST-103,2025-02-17 17:10:50,Cake Slice | Salad | Latte | Americano,21.5
TX-000611,CUST-085,2025-02-17 21:43:53,Cake Slice | Latte,10.0
TX-000612,CUST-069,2025-02-18 00:58:25,Drip Coffee,2.5
TX-000613,CUST-141,2025-02-18 02:58:14,Americano | Breakfast Sandwich,9.5
TX-000614,CUST-019,2025-02-18 04:09:02,Latte | Croissant | Cake Slice | Pasta,25.0
TX-000615,CUST-104,2025-02-18 04:18:29,Pasta | Breakfast Sandwich | Latte | Muffin,25.5
TX-000616,CUST-129,2025-02-18 04:35:11,Croissant | Muffin,7.5
TX-000617,CUST-065,2025-02-18 05:25:54,Muffin,3.5
TX-000618,CUST-002,2025-02-18 11:13:16,Latte | Breakfast Sandwich | Cake Slice | Salad | Americano,28.0
TX-000619,CUST-118,2025-02-18 13:29:39,Pasta | Croissant,15.0
TX-000620,CUST-019,2025-02-18 16:10:26,Latte | Croissant | Breakfast Sandwich | Muffin | Cake Slice,24.0
TX-000621,CUST-121,2025-02-18 16:50:00,Latte | Tea,7.5
TX-000622,CUST-065,2025-02-18 17:22:36,Drip Coffee,2.5
TX-000623,CUST-072,2025-02-18 18:30:21,Muffin | Drip Coffee,6.0
TX-000624,CUST-018,2025-02-18 23:25:32,Cake Slice | Tea | Drip Coffee,11.0
TX-000625,CUST-070,2025-02-19 00:38:41,Muffin,3.5
TX-000626,CUST-056,2025-02-19 04:26:34,Latte | Muffin,8.0
TX-000627,CUST-022,2025-02-19 05:02:57,Latte | Salad | Pasta,24.0
TX-000628,CUST-063,2025-02-19 06:15:40,Drip Coffee,2.5
TX-000629,CUST-024,2025-02-19 08:33:32,Breakfast Sandwich | Salad | Muffin | Cake Slice | Americano,27.0
TX-000630,CUST-017,2025-02-19 10:09:29,Americano | Latte | Croissant | Salad,20.0
TX-000631,CUST-078,2025-02-19 10:13:35,Drip Coffee,2.5
TX-000632,CUST-099,2025-02-19 12:45:27,Croissant | Salad | Cake Slice,18.0
TX-000633,CUST-004,2025-02-19 14:16:19,Breakfast Sandwich | Latte | Pasta | Drip Coffee | Muffin,28.0
TX-000634,CUST-007,2025-02-19 14:30:36,Breakfast Sandwich | Drip Coffee | Salad,17.5
TX-000635,CUST-144,2025-02-19 15:07:13,Breakfast Sandwich | Croissant,10.5
TX-000636,CUST-059,2025-02-19 17:02:46,Latte,4.5
TX-000637,CUST-025,2025-02-19 20:01:33,Croissant | Americano | Latte,11.5
TX-000638,CUST-092,2025-02-19 20:01:46,Salad | Drip Coffee,11.0
TX-000639,CUST-047,2025-02-19 22:53:54,Drip Coffee | Americano,5.5
TX-000640,CUST-012,2025-02-20 00:26:42,Tea | Drip Coffee | Latte | Salad | Muffin,22.0
TX-000641,CUST-076,2025-02-20 03:28:39,Tea,3.0
TX-000642,CUST-003,2025-02-20 05:22:51,Salad | Breakfast Sandwich | Drip Coffee | Tea | Americano,23.5
TX-000643,CUST-031,2025-02-20 05:58:42,Breakfast Sandwich | Cake Slice | Latte | Drip Coffee | Salad,27.5
TX-000644,CUST-046,2025-02-20 06:04:12,Drip Coffee,2.5
TX-000645,CUST-074,2025-02-20 07:32:30,Drip Coffee | Croissant,6.5
TX-000646,CUST-009,2025-02-20 07:41:43,Americano | Breakfast Sandwich | Cake Slice,15.0
TX-000647,CUST-023,2025-02-20 08:29:30,Croissant | Latte | Salad | Drip Coffee | Breakfast Sandwich,26.0
TX-000648,CUST-019,2025-02-20 08:31:23,Breakfast Sandwich | Latte | Cake Slice,16.5
TX-000649,CUST-061,2025-02-20 11:33:42,Muffin,3.5
TX-000650,CUST-006,2025-02-20 13:30:45,Muffin | Breakfast Sandwich | Pasta | Americano | Drip Coffee,26.5
TX-000651,CUST-012,2025-02-20 14:41:54,Breakfast Sandwich | Drip Coffee | Croissant | Cake Slice | Americano,21.5
TX-000652,CUST-022,2025-02-20 15:33:29,Breakfast Sandwich | Pasta | Latte | Cake Slice | Salad,36.0
TX-000653,CUST-046,2025-02-20 15:56:55,Croissant | Americano,7.0
TX-000654,CUST-142,2025-02-20 20:03:45,Muffin | Americano,6.5
TX-000655,CUST-015,2025-02-21 00:24:30,Croissant | Breakfast Sandwich | Salad | Tea,22.0
TX-000656,CUST-143,2025-02-21 04:31:20,Muffin,3.5
TX-000657,CUST-031,2025-02-21 05:29:43,Drip Coffee | Latte | Cake Slice | Salad | Muffin,24.5
TX-000658,CUST-139,2025-02-21 07:24:59,Breakfast Sandwich,6.5
TX-000659,CUST-047,2025-02-21 07:44:32,Drip Coffee,2.5
TX-000660,CUST-079,2025-02-21 09:37:44,Tea | Salad,11.5
TX-000661,CUST-064,2025-02-21 11:23:36,Drip Coffee | Croissant,6.5
TX-000662,CUST-077,2025-02-21 13:11:41,Muffin,3.5
TX-000663,CUST-068,2025-02-21 14:34:10,Tea | Americano,6.0
TX-000664,CUST-022,2025-02-21 18:02:16,Breakfast Sandwich | Pasta | Cake Slice,23.0
TX-000665,CUST-038,2025-02-21 18:03:02,Pasta | Salad | Breakfast Sandwich | Drip Coffee | Latte,33.0
TX-000666,CUST-144,2025-02-21 18:08:47,Americano | Breakfast Sandwich,9.5
TX-000667,CUST-047,2025-02-21 18:57:37,Drip Coffee,2.5
TX-000668,CUST-009,2025-02-21 20:21:38,Breakfast Sandwich | Drip Coffee | Tea | Cake Slice | Pasta,28.5
TX-000669,CUST-076,2025-02-21 22:31:23,Cake Slice | Muffin,9.0
TX-000670,CUST-066,2025-02-21 23:04:10,Drip Coffee,2.5
TX-000671,CUST-022,2025-02-22 02:35:23,Croissant | Breakfast Sandwich | Salad,19.0
TX-000672,CUST-150,2025-02-22 05:22:20,Tea | Drip Coffee,5.5
TX-000673,CUST-059,2025-02-22 06:07:32,Tea | Cake Slice,8.5
TX-000674,CUST-133,2025-02-22 08:25:33,Salad | Latte,13.0
TX-000675,CUST-148,2025-02-22 08:32:10,Tea,3.0
TX-000676,CUST-107,2025-02-22 08:53:32,Salad | Muffin | Cake Slice,17.5
TX-000677,CUST-148,2025-02-22 14:12:03,Breakfast Sandwich,6.5
TX-000678,CUST-082,2025-02-22 15:07:08,Cake Slice | Pasta | Salad,25.0
TX-000679,CUST-135,2025-02-22 15:49:00,Americano,3.0
TX-000680,CUST-043,2025-02-22 17:43:26,Americano,3.0
TX-000681,CUST-031,2025-02-22 18:23:18,Muffin | Latte | Breakfast Sandwich | Americano | Croissant,21.5
TX-000682,CUST-020,2025-02-22 19:25:11,Latte | Breakfast Sandwich | Pasta | Americano | Salad,33.5
TX-000683,CUST-060,2025-02-22 22:04:12,Drip Coffee | Tea,5.5
TX-000684,CUST-036,2025-02-22 22:06:27,Breakfast Sandwich | Americano | Pasta,20.5
TX-000685,CUST-057,2025-02-23 03:32:50,Drip Coffee | Tea,5.5
TX-000686,CUST-016,2025-02-23 11:14:33,Salad | Drip Coffee | Cake Slice | Breakfast Sandwich | Latte,27.5
TX-000687,CUST-038,2025-02-23 11:44:39,Breakfast Sandwich | Latte | Americano | Croissant,18.0
TX-000688,CUST-016,2025-02-23 13:03:08,Breakfast Sandwich | Americano | Tea,12.5
TX-000689,CUST-065,2025-02-23 19:05:43,Americano | Drip Coffee,5.5
TX-000690,CUST-006,2025-02-23 19:37:53,Croissant | Drip Coffee | Latte | Breakfast Sandwich | Muffin,21.0
TX-000691,CUST-038,2025-02-23 19:57:41,Salad | Croissant | Drip Coffee | Pasta,26.0
TX-000692,CUST-057,2025-02-23 23:12:04,Muffin | Tea,6.5
TX-000693,CUST-043,2025-02-24 02:58:47,Cake Slice | Drip Coffee,8.0
TX-000694,CUST-018,2025-02-24 06:20:05,Latte | Pasta | Americano | Croissant,22.5
TX-000695,CUST-142,2025-02-24 08:24:00,Croissant,4.0
TX-000696,CUST-065,2025-02-24 08:54:13,Muffin | Croissant,7.5
TX-000697,CUST-024,2025-02-24 10:16:54,Muffin | Breakfast Sandwich | Cake Slice | Latte,20.0
TX-000698,CUST-003,2025-02-24 11:21:30,Pasta | Croissant | Breakfast Sandwich | Salad | Latte,34.5
TX-000699,CUST-148,2025-02-24 12:17:00,Drip Coffee | Muffin,6.0
TX-000700,CUST-037,2025-02-24 13:26:57,Tea | Pasta | Cake Slice | Latte | Croissant,28.0
TX-000701,CUST-133,2025-02-24 14:37:00,Drip Coffee | Salad,11.0
TX-000702,CUST-030,2025-02-24 17:33:30,Latte | Cake Slice | Breakfast Sandwich | Drip Coffee,19.0
TX-000703,CUST-027,2025-02-24 21:22:59,Breakfast Sandwich | Salad | Drip Coffee | Americano,20.5
TX-000704,CUST-031,2025-02-24 21:46:30,Drip Coffee | Muffin | Croissant | Latte,14.5
TX-000705,CUST-110,2025-02-24 23:08:40,Breakfast Sandwich | Pasta,17.5
TX-000706,CUST-009,2025-02-25 00:18:14,Breakfast Sandwich | Pasta | Drip Coffee | Salad,28.5
TX-000707,CUST-010,2025-02-25 02:33:26,Breakfast Sandwich | Muffin | Pasta | Salad,29.5
TX-000708,CUST-053,2025-02-25 02:47:06,Muffin | Drip Coffee,6.0
TX-000709,CUST-043,2025-02-25 02:48:40,Muffin | Americano,6.5
TX-000710,CUST-008,2025-02-25 11:31:05,Tea | Latte | Drip Coffee | Muffin | Breakfast Sandwich,20.0
TX-000711,CUST-014,2025-02-25 14:26:23,Salad | Breakfast Sandwich | Croissant | Cake Slice,24.5
TX-000712,CUST-040,2025-02-25 14:50:28,Tea | Drip Coffee,5.5
TX-000713,CUST-149,2025-02-25 14:53:24,Pasta | Breakfast Sandwich,17.5
TX-000714,CUST-017,2025-02-25 23:12:01,Muffin | Americano | Pasta,17.5
TX-000715,CUST-072,2025-02-26 03:30:40,Tea,3.0
TX-000716,CUST-010,2025-02-26 05:40:20,Pasta | Breakfast Sandwich | Cake Slice,23.0
TX-000717,CUST-030,2025-02-26 05:46:49,Croissant | Breakfast Sandwich | Drip Coffee | Cake Slice | Americano,21.5
TX-000718,CUST-011,2025-02-26 05:54:24,Salad | Breakfast Sandwich | Cake Slice,20.5
TX-000719,CUST-015,2025-02-26 07:37:36,Croissant | Drip Coffee | Salad,15.0
TX-000720,CUST-066,2025-02-26 11:35:12,Drip Coffee | Tea,5.5
TX-000721,CUST-131,2025-02-26 13:30:39,Latte,4.5
TX-000722,CUST-013,2025-02-26 13:40:46,Pasta | Tea | Croissant | Latte,22.5
TX-000723,CUST-020,2025-02-26 16:47:02,Breakfast Sandwich | Croissant | Drip Coffee | Pasta,24.0
TX-000724,CUST-134,2025-02-26 19:08:13,Breakfast Sandwich | Salad,15.0
TX-000725,CUST-070,2025-02-26 19:15:36,Americano,3.0
TX-000726,CUST-069,2025-02-26 22:25:01,Drip Coffee | Tea,5.5
TX-000727,CUST-017,2025-02-26 22:26:36,Drip Coffee | Tea | Breakfast Sandwich | Latte,16.5
TX-000728,CUST-124,2025-02-27 00:55:14,Drip Coffee,2.5
TX-000729,CUST-031,2025-02-27 01:13:19,Cake Slice | Salad | Latte,18.5
TX-000730,CUST-092,2025-02-27 02:28:40,Breakfast Sandwich | Cake Slice,12.0
TX-000731,CUST-037,2025-02-27 04:37:41,Breakfast Sandwich | Tea | Cake Slice | Croissant | Latte,23.5
TX-000732,CUST-048,2025-02-27 05:09:08,Tea | Drip Coffee,5.5
TX-000733,CUST-110,2025-02-27 05:11:48,Croissant | Pasta,15.0
TX-000734,CUST-013,2025-02-27 09:35:48,Salad | Breakfast Sandwich | Americano | Latte | Pasta,33.5
TX-000735,CUST-023,2025-02-27 10:25:53,Breakfast Sandwich | Pasta | Drip Coffee,20.0
TX-000736,CUST-017,2025-02-27 15:34:34,Croissant | Drip Coffee | Salad | Tea | Cake Slice,23.5
TX-000737,CUST-149,2025-02-27 19:32:58,Muffin,3.5
TX-000738,CUST-095,2025-02-27 23:26:36,Croissant | Americano,7.0
TX-000739,CUST-054,2025-02-28 02:17:32,Drip Coffee | Muffin,6.0
TX-000740,CUST-034,2025-02-28 03:13:53,Latte | Americano | Drip Coffee | Salad | Muffin,22.0
TX-000741,CUST-120,2025-02-28 03:23:32,Drip Coffee,2.5
TX-000742,CUST-014,2025-02-28 05:02:26,Americano | Latte | Croissant,11.5
TX-000743,CUST-016,2025-02-28 07:39:38,Salad | Pasta | Drip Coffee | Americano | Breakfast Sandwich,31.5
TX-000744,CUST-057,2025-02-28 09:12:37,Muffin,3.5
TX-000745,CUST-069,2025-02-28 09:50:00,Tea,3.0
TX-000746,CUST-040,2025-02-28 10:10:59,Muffin,3.5
TX-000747,CUST-003,2025-02-28 11:01:22,Cake Slice | Latte | Pasta | Croissant,25.0
TX-000748,CUST-022,2025-02-28 15:04:27,Cake Slice | Muffin | Latte | Breakfast Sandwich,20.0
TX-000749,CUST-066,2025-02-28 15:17:51,Muffin,3.5
TX-000750,CUST-028,2025-02-28 15:22:28,Drip Coffee | Croissant | Latte | Breakfast Sandwich | Muffin,21.0
TX-000751,CUST-004,2025-02-28 15:46:22,Pasta | Cake Slice | Breakfast Sandwich | Americano | Croissant,30.0
TX-000752,CUST-128,2025-02-28 18:43:05,Tea | Drip Coffee,5.5
TX-000753,CUST-136,2025-02-28 21:25:22,Drip Coffee,2.5
TX-000754,CUST-002,2025-03-01 03:49:20,Tea | Muffin | Breakfast Sandwich | Pasta | Cake Slice,29.5
TX-000755,CUST-021,2025-03-01 03:59:39,Cake Slice | Croissant | Drip Coffee | Pasta,23.0
TX-000756,CUST-038,2025-03-01 06:14:16,Latte | Salad | Pasta,24.0
TX-000757,CUST-011,2025-03-01 12:11:07,Drip Coffee | Breakfast Sandwich | Latte,13.5
TX-000758,CUST-009,2025-03-01 16:41:28,Croissant | Drip Coffee | Latte | Pasta | Muffin,25.5
TX-000759,CUST-070,2025-03-01 16:57:26,Drip Coffee,2.5
TX-000760,CUST-038,2025-03-01 17:58:55,Salad | Muffin | Croissant | Breakfast Sandwich | Latte,27.0
TX-000761,CUST-066,2025-03-01 17:59:13,Croissant,4.0
TX-000762,CUST-002,2025-03-01 18:00:40,Drip Coffee | Cake Slice | Salad | Breakfast Sandwich | Tea,26.0
TX-000763,CUST-008,2025-03-01 23:39:50,Drip Coffee | Salad | Breakfast Sandwich | Latte,22.0
TX-000764,CUST-024,2025-03-02 02:14:24,Croissant | Breakfast Sandwich | Salad | Cake Slice | Latte,29.0
TX-000765,CUST-084,2025-03-02 04:29:47,Tea | Salad,11.5
TX-000766,CUST-001,2025-03-02 06:11:30,Americano | Latte | Breakfast Sandwich | Croissant | Muffin,21.5
TX-000767,CUST-029,2025-03-02 06:56:35,Breakfast Sandwich | Cake Slice | Drip Coffee | Salad | Latte,27.5
TX-000768,CUST-097,2025-03-02 07:42:41,Cake Slice | Tea | Americano | Muffin,15.0
TX-000769,CUST-052,2025-03-02 08:51:33,Muffin,3.5
TX-000770,CUST-002,2025-03-02 10:03:38,Tea | Pasta | Latte | Breakfast Sandwich,25.0
TX-000771,CUST-050,2025-03-02 10:17:11,Tea,3.0
TX-000772,CUST-068,2025-03-02 10:20:09,Drip Coffee | Tea,5.5
TX-000773,CUST-051,2025-03-02 10:23:08,Drip Coffee,2.5
TX-000774,CUST-024,2025-03-02 13:07:09,Latte | Cake Slice | Americano | Tea,16.0
TX-000775,CUST-084,2025-03-02 16:10:47,Salad | Pasta,19.5
TX-000776,CUST-032,2025-03-02 17:07:38,Latte | Breakfast Sandwich | Cake Slice | Salad | Pasta,36.0
TX-000777,CUST-012,2025-03-02 20:20:22,Americano | Salad | Tea,14.5
TX-000778,CUST-034,2025-03-02 22:07:45,Muffin | Americano | Breakfast Sandwich,13.0
TX-000779,CUST-021,2025-03-03 02:44:24,Breakfast Sandwich | Muffin | Drip Coffee,12.5
TX-000780,CUST-022,2025-03-03 03:39:32,Americano | Latte | Pasta | Cake Slice,24.0
TX-000781,CUST-117,2025-03-03 07:17:55,Muffin,3.5
TX-000782,CUST-023,2025-03-03 09:46:05,Americano | Pasta | Tea,17.0
TX-000783,CUST-140,2025-03-03 10:15:04,Muffin,3.5
TX-000784,CUST-034,2025-03-03 10:32:30,Pasta | Breakfast Sandwich | Latte | Drip Coffee,24.5
TX-000785,CUST-031,2025-03-03 12:10:47,Muffin | Drip Coffee | Americano,9.0
TX-000786,CUST-072,2025-03-03 15:32:13,Latte,4.5
TX-000787,CUST-008,2025-03-03 17:32:25,Breakfast Sandwich | Latte | Pasta | Americano | Muffin,28.5
TX-000788,CUST-145,2025-03-03 18:01:52,Tea | Drip Coffee,5.5
TX-000789,CUST-040,2025-03-03 18:07:16,Americano | Pasta,14.0
TX-000790,CUST-037,2025-03-03 18:56:56,Americano | Breakfast Sandwich | Latte | Cake Slice | Salad,28.0
TX-000791,CUST-058,2025-03-04 00:04:38,Latte,4.5
TX-000792,CUST-002,2025-03-04 08:00:22,Cake Slice | Americano | Pasta,19.5
TX-000793,CUST-076,2025-03-04 17:46:56,Croissant | Latte,8.5
TX-000794,CUST-062,2025-03-04 18:51:40,Drip Coffee,2.5
TX-000795,CUST-026,2025-03-04 22:53:45,Croissant | Pasta | Muffin,18.5
TX-000796,CUST-030,2025-03-05 02:05:11,Breakfast Sandwich | Cake Slice | Muffin | Tea | Pasta,29.5
TX-000797,CUST-140,2025-03-05 06:42:59,Drip Coffee,2.5
TX-000798,CUST-005,2025-03-05 07:17:26,Pasta | Muffin | Breakfast Sandwich | Drip Coffee,23.5
TX-000799,CUST-004,2025-03-05 09:05:06,Pasta | Croissant | Latte | Cake Slice,25.0
TX-000800,CUST-063,2025-03-05 09:14:25,Drip Coffee,2.5
TX-000801,CUST-036,2025-03-05 09:40:33,Drip Coffee | Breakfast Sandwich | Croissant,13.0
TX-000802,CUST-061,2025-03-05 10:41:49,Drip Coffee,2.5
TX-000803,CUST-150,2025-03-05 11:29:00,Drip Coffee | Cake Slice,8.0
TX-000804,CUST-106,2025-03-05 13:07:42,Americano | Salad,11.5
TX-000805,CUST-112,2025-03-05 15:39:08,Cake Slice | Drip Coffee | Latte,12.5
TX-000806,CUST-004,2025-03-05 17:16:53,Americano | Croissant | Tea | Salad,18.5
TX-000807,CUST-070,2025-03-05 18:01:37,Drip Coffee | Breakfast Sandwich,9.0
TX-000808,CUST-044,2025-03-05 18:29:56,Cake Slice,5.5
TX-000809,CUST-016,2025-03-05 22:10:37,Drip Coffee | Salad | Breakfast Sandwich,17.5
TX-000810,CUST-048,2025-03-05 22:22:14,Latte | Americano,7.5
TX-000811,CUST-006,2025-03-06 01:31:57,Croissant | Salad | Latte | Pasta | Breakfast Sandwich,34.5
TX-000812,CUST-052,2025-03-06 06:38:41,Tea | Muffin,6.5
TX-000813,CUST-074,2025-03-06 07:46:47,Muffin,3.5
TX-000814,CUST-017,2025-03-06 07:54:56,Drip Coffee | Breakfast Sandwich | Latte | Muffin,17.0
TX-000815,CUST-081,2025-03-06 09:45:55,Cake Slice | Salad | Pasta,25.0
TX-000816,CUST-035,2025-03-06 09:56:09,Latte | Breakfast Sandwich | Salad,19.5
TX-000817,CUST-110,2025-03-06 12:59:43,Pasta | Salad | Cake Slice,25.0
TX-000818,CUST-047,2025-03-06 13:36:09,Americano | Muffin,6.5
TX-000819,CUST-033,2025-03-06 13:47:32,Tea | Croissant | Latte | Breakfast Sandwich | Pasta,29.0
TX-000820,CUST-015,2025-03-06 15:41:04,Muffin | Drip Coffee | Breakfast Sandwich | Croissant | Pasta,27.5
TX-000821,CUST-025,2025-03-06 15:48:35,Muffin | Breakfast Sandwich | Drip Coffee,12.5
TX-000822,CUST-004,2025-03-06 21:42:27,Croissant | Latte | Breakfast Sandwich,15.0
TX-000823,CUST-077,2025-03-07 01:32:05,Americano | Muffin,6.5
TX-000824,CUST-138,2025-03-07 02:09:11,Salad,8.5
TX-000825,CUST-037,2025-03-07 07:06:39,Tea | Americano | Breakfast Sandwich,12.5
TX-000826,CUST-030,2025-03-07 08:22:51,Breakfast Sandwich | Drip Coffee | Latte | Croissant | Cake Slice,23.0
TX-000827,CUST-029,2025-03-07 10:22:08,Americano | Latte | Pasta | Drip Coffee,21.0
TX-000828,CUST-077,2025-03-07 10:39:01,Drip Coffee | Croissant,6.5
TX-000829,CUST-010,2025-03-07 11:15:19,Americano | Latte | Breakfast Sandwich | Salad | Drip Coffee,25.0
TX-000830,CUST-031,2025-03-07 13:35:57,Breakfast Sandwich | Drip Coffee | Tea | Croissant | Pasta,27.0
TX-000831,CUST-122,2025-03-07 16:31:36,Drip Coffee | Croissant,6.5
TX-000832,CUST-078,2025-03-07 23:21:59,Drip Coffee,2.5
TX-000833,CUST-027,2025-03-07 23:33:57,Salad | Pasta | Cake Slice | Tea,28.0
TX-000834,CUST-009,2025-03-07 23:54:00,Americano | Drip Coffee | Breakfast Sandwich | Salad | Muffin,24.0
TX-000835,CUST-031,2025-03-08 00:04:43,Tea | Drip Coffee | Croissant | Americano,12.5
TX-000836,CUST-029,2025-03-08 00:30:29,Breakfast Sandwich | Cake Slice | Pasta | Salad | Drip Coffee,34.0
TX-000837,CUST-122,2025-03-08 01:05:41,Breakfast Sandwich,6.5
TX-000838,CUST-043,2025-03-08 03:19:36,Croissant,4.0
TX-000839,CUST-054,2025-03-08 05:03:45,Americano | Muffin,6.5
TX-000840,CUST-008,2025-03-08 05:10:27,Pasta | Latte | Breakfast Sandwich,22.0
TX-000841,CUST-037,2025-03-08 05:21:57,Muffin | Americano | Croissant | Pasta | Tea,24.5
TX-000842,CUST-101,2025-03-08 07:14:57,Breakfast Sandwich | Latte | Cake Slice | Pasta,27.5
TX-000843,CUST-097,2025-03-08 07:33:20,Cake Slice | Latte | Breakfast Sandwich | Croissant,20.5
TX-000844,CUST-004,2025-03-08 09:00:38,Pasta | Latte | Croissant | Muffin,23.0
TX-000845,CUST-005,2025-03-08 12:22:59,Latte | Tea | Muffin | Salad,19.5
TX-000846,CUST-001,2025-03-08 13:47:29,Cake Slice | Croissant | Drip Coffee | Americano,15.0
TX-000847,CUST-021,2025-03-08 17:42:24,Croissant | Breakfast Sandwich | Salad,19.0
TX-000848,CUST-054,2025-03-08 17:50:54,Drip Coffee | Tea,5.5
TX-000849,CUST-023,2025-03-09 00:11:49,Pasta | Salad | Breakfast Sandwich | Cake Slice,31.5
TX-000850,CUST-120,2025-03-09 00:36:22,Americano | Drip Coffee,5.5
TX-000851,CUST-021,2025-03-09 03:05:40,Latte | Drip Coffee | Tea | Breakfast Sandwich | Salad,25.0
TX-000852,CUST-076,2025-03-09 04:33:35,Muffin,3.5
TX-000853,CUST-011,2025-03-09 05:10:42,Muffin | Croissant | Pasta | Cake Slice,24.0
TX-000854,CUST-013,2025-03-09 05:41:52,Americano | Cake Slice | Breakfast Sandwich | Pasta,26.0
TX-000855,CUST-120,2025-03-09 13:37:28,Latte | Drip Coffee,7.0
TX-000856,CUST-026,2025-03-09 21:45:33,Breakfast Sandwich | Latte | Americano | Tea,17.0
TX-000857,CUST-014,2025-03-09 22:39:10,Cake Slice | Tea | Breakfast Sandwich,15.0
TX-000858,CUST-024,2025-03-10 04:56:13,Muffin | Americano | Tea | Breakfast Sandwich,16.0
TX-000859,CUST-019,2025-03-10 05:12:20,Breakfast Sandwich | Salad | Croissant,19.0
TX-000860,CUST-019,2025-03-10 08:18:04,Breakfast Sandwich | Cake Slice | Americano | Latte | Muffin,23.0
TX-000861,CUST-007,2025-03-10 09:10:26,Drip Coffee | Salad | Muffin | Cake Slice | Latte,24.5
TX-000862,CUST-134,2025-03-10 10:35:38,Cake Slice | Tea,8.5
TX-000863,CUST-083,2025-03-10 10:55:06,Cake Slice | Latte | Pasta,21.0
TX-000864,CUST-010,2025-03-10 12:22:32,Latte | Americano | Salad | Cake Slice,21.5
TX-000865,CUST-014,2025-03-10 17:40:48,Americano | Drip Coffee | Latte,10.0
TX-000866,CUST-060,2025-03-10 18:56:45,Drip Coffee,2.5
TX-000867,CUST-124,2025-03-10 19:42:29,Drip Coffee | Tea,5.5
TX-000868,CUST-025,2025-03-10 21:52:28,Breakfast Sandwich | Muffin | Latte | Croissant | Americano,21.5
TX-000869,CUST-036,2025-03-10 22:34:14,Latte | Breakfast Sandwich | Americano,14.0
TX-000870,CUST-056,2025-03-10 23:08:51,Americano,3.0
TX-000871,CUST-036,2025-03-11 04:15:03,Croissant | Americano | Breakfast Sandwich | Pasta,24.5
TX-000872,CUST-134,2025-03-11 07:24:00,Breakfast Sandwich,6.5
TX-000873,CUST-077,2025-03-11 08:28:49,Americano | Tea,6.0
TX-000874,CUST-073,2025-03-11 09:04:14,Drip Coffee,2.5
TX-000875,CUST-059,2025-03-11 11:56:50,Tea,3.0
TX-000876,CUST-004,2025-03-11 12:09:33,Latte | Breakfast Sandwich | Cake Slice | Croissant | Tea,23.5
TX-000877,CUST-071,2025-03-11 12:59:11,Drip Coffee | Muffin,6.0
TX-000878,CUST-120,2025-03-11 14:29:22,Pasta | Americano,14.0
TX-000879,CUST-025,2025-03-11 18:49:59,Croissant | Latte | Pasta,19.5
TX-000880,CUST-024,2025-03-11 19:33:03,Drip Coffee | Breakfast Sandwich | Salad,17.5
TX-000881,CUST-034,2025-03-11 21:16:38,Pasta | Muffin | Cake Slice | Americano,23.0
TX-000882,CUST-043,2025-03-11 22:28:04,Muffin | Drip Coffee,6.0
TX-000883,CUST-049,2025-03-11 23:29:37,Drip Coffee | Tea,5.5
TX-000884,CUST-149,2025-03-12 00:30:02,Breakfast Sandwich,6.5
TX-000885,CUST-137,2025-03-12 00:42:20,Tea | Breakfast Sandwich,9.5
TX-000886,CUST-105,2025-03-12 01:49:48,Pasta | Latte | Croissant,19.5
TX-000887,CUST-065,2025-03-12 05:55:15,Croissant | Drip Coffee,6.5
TX-000888,CUST-073,2025-03-12 11:01:58,Tea,3.0
TX-000889,CUST-006,2025-03-12 11:22:08,Salad | Latte | Americano,16.0
TX-000890,CUST-127,2025-03-12 11:29:00,Muffin,3.5
TX-000891,CUST-101,2025-03-12 11:53:27,Cake Slice | Pasta | Breakfast Sandwich,23.0
TX-000892,CUST-068,2025-03-12 12:51:34,Muffin | Drip Coffee,6.0
TX-000893,CUST-015,2025-03-12 13:11:40,Breakfast Sandwich | Salad | Pasta | Latte,30.5
TX-000894,CUST-040,2025-03-12 14:47:02,Americano | Drip Coffee,5.5
TX-000895,CUST-001,2025-03-12 23:36:16,Salad | Breakfast Sandwich | Muffin | Pasta,29.5
TX-000896,CUST-011,2025-03-13 05:44:16,Cake Slice | Latte | Muffin | Croissant,17.5
TX-000897,CUST-110,2025-03-13 06:38:50,Pasta | Muffin | Salad | Breakfast Sandwich,29.5
TX-000898,CUST-023,2025-03-13 08:23:36,Pasta | Breakfast Sandwich | Cake Slice,23.0
TX-000899,CUST-002,2025-03-13 09:02:20,Cake Slice | Breakfast Sandwich | Pasta | Drip Coffee,25.5
TX-000900,CUST-002,2025-03-13 09:26:48,Latte | Americano | Muffin,11.0
TX-000901,CUST-131,2025-03-13 10:16:41,Pasta,11.0
TX-000902,CUST-007,2025-03-13 14:11:26,Breakfast Sandwich | Latte | Pasta | Americano | Salad,33.5
TX-000903,CUST-034,2025-03-13 14:13:09,Breakfast Sandwich | Pasta | Croissant,21.5
TX-000904,CUST-046,2025-03-13 14:36:47,Tea | Muffin,6.5
TX-000905,CUST-038,2025-03-13 15:05:00,Pasta | Latte | Breakfast Sandwich | Drip Coffee | Croissant,28.5
TX-000906,CUST-009,2025-03-13 17:47:27,Muffin | Tea | Drip Coffee | Cake Slice,14.5
TX-000907,CUST-067,2025-03-13 21:04:36,Drip Coffee | Americano,5.5
TX-000908,CUST-040,2025-03-13 21:36:12,Muffin | Tea,6.5
TX-000909,CUST-048,2025-03-13 22:52:05,Drip Coffee,2.5
TX-000910,CUST-084,2025-03-14 01:00:40,Pasta | Salad,19.5
TX-000911,CUST-011,2025-03-14 09:14:02,Breakfast Sandwich | Drip Coffee | Muffin | Cake Slice,18.0
TX-000912,CUST-072,2025-03-14 11:02:30,Drip Coffee,2.5
TX-000913,CUST-057,2025-03-14 11:12:50,Tea,3.0
TX-000914,CUST-062,2025-03-14 11:40:41,Drip Coffee | Croissant,6.5
TX-000915,CUST-060,2025-03-14 11:47:22,Muffin,3.5
TX-000916,CUST-062,2025-03-14 12:00:05,Muffin,3.5
TX-000917,CUST-006,2025-03-14 17:44:35,Americano | Breakfast Sandwich | Drip Coffee,12.0
TX-000918,CUST-117,2025-03-14 19:20:07,Croissant,4.0
TX-000919,CUST-004,2025-03-14 19:40:44,Drip Coffee | Americano | Breakfast Sandwich | Croissant,16.0
TX-000920,CUST-057,2025-03-14 20:27:10,Croissant | Tea,7.0
TX-000921,CUST-139,2025-03-14 21:27:31,Muffin | Salad,12.0
TX-000922,CUST-025,2025-03-14 21:38:30,Latte | Pasta | Americano | Muffin,22.0
TX-000923,CUST-075,2025-03-15 03:27:03,Drip Coffee | Tea,5.5
TX-000924,CUST-145,2025-03-15 03:33:59,Latte,4.5
TX-000925,CUST-082,2025-03-15 04:23:02,Croissant | Breakfast Sandwich | Salad,19.0
TX-000926,CUST-012,2025-03-15 07:27:54,Pasta | Cake Slice | Drip Coffee | Latte | Breakfast Sandwich,30.0
TX-000927,CUST-001,2025-03-15 11:23:23,Breakfast Sandwich | Latte | Muffin | Drip Coffee | Pasta,28.0
TX-000928,CUST-026,2025-03-15 12:38:50,Americano | Cake Slice | Pasta | Salad | Drip Coffee,30.5
TX-000929,CUST-064,2025-03-15 12:42:55,Americano,3.0
TX-000930,CUST-117,2025-03-15 13:16:26,Cake Slice,5.5
TX-000931,CUST-023,2025-03-15 14:51:57,Latte | Croissant | Cake Slice,14.0
TX-000932,CUST-090,2025-03-16 01:42:55,Salad | Latte | Pasta,24.0
TX-000933,CUST-053,2025-03-16 06:12:45,Tea,3.0
TX-000934,CUST-120,2025-03-16 09:07:49,Croissant | Drip Coffee,6.5
TX-000935,CUST-118,2025-03-16 09:53:09,Pasta | Tea,14.0
TX-000936,CUST-117,2025-03-16 09:54:32,Drip Coffee,2.5
TX-000937,CUST-003,2025-03-16 10:39:02,Tea | Croissant | Latte,11.5
TX-000938,CUST-057,2025-03-16 10:53:50,Muffin,3.5
TX-000939,CUST-115,2025-03-16 16:19:36,Salad | Croissant,12.5
TX-000940,CUST-013,2025-03-16 17:15:04,Latte | Drip Coffee | Cake Slice | Breakfast Sandwich | Muffin,22.5
TX-000941,CUST-033,2025-03-16 19:31:01,Cake Slice | Americano | Salad | Latte,21.5
TX-000942,CUST-097,2025-03-16 23:22:38,Latte | Salad | Breakfast Sandwich | Croissant,23.5
TX-000943,CUST-074,2025-03-17 01:54:57,Tea | Drip Coffee,5.5
TX-000944,CUST-011,2025-03-17 02:59:13,Breakfast Sandwich | Cake Slice | Pasta | Latte | Croissant,31.5
TX-000945,CUST-037,2025-03-17 04:13:50,Pasta | Muffin | Salad | Americano | Breakfast Sandwich,32.5
TX-000946,CUST-056,2025-03-17 06:17:59,Drip Coffee,2.5
TX-000947,CUST-004,2025-03-17 07:38:09,Cake Slice | Breakfast Sandwich | Muffin | Salad | Pasta,35.0
TX-000948,CUST-011,2025-03-17 08:22:59,Muffin | Latte | Croissant | Breakfast Sandwich,18.5
TX-000949,CUST-028,2025-03-17 10:24:45,Muffin | Breakfast Sandwich | Salad | Americano | Croissant,25.5
TX-000950,CUST-059,2025-03-17 11:35:23,Salad,8.5
TX-000951,CUST-073,2025-03-17 12:29:18,Tea,3.0
TX-000952,CUST-052,2025-03-17 12:29:52,Tea,3.0
TX-000953,CUST-030,2025-03-17 16:42:29,Salad | Muffin | Cake Slice,17.5
TX-000954,CUST-128,2025-03-17 18:24:18,Drip Coffee | Breakfast Sandwich,9.0
TX-000955,CUST-038,2025-03-17 19:43:16,Cake Slice | Americano | Breakfast Sandwich | Latte,19.5
TX-000956,CUST-132,2025-03-17 20:13:29,Tea,3.0
TX-000957,CUST-017,2025-03-17 20:18:49,Breakfast Sandwich | Drip Coffee | Americano | Cake Slice | Pasta,28.5
TX-000958,CUST-119,2025-03-17 21:32:55,Latte,4.5
TX-000959,CUST-128,2025-03-17 22:44:21,Tea,3.0
TX-000960,CUST-112,2025-03-17 23:11:02,Breakfast Sandwich | Pasta,17.5
TX-000961,CUST-144,2025-03-17 23:39:25,Croissant,4.0
TX-000962,CUST-075,2025-03-18 00:39:49,Tea | Drip Coffee,5.5
TX-000963,CUST-125,2025-03-18 01:51:08,Latte,4.5
TX-000964,CUST-024,2025-03-18 08:14:52,Salad | Pasta | Cake Slice | Breakfast Sandwich,31.5
TX-000965,CUST-022,2025-03-18 13:04:46,Latte | Muffin | Pasta | Drip Coffee | Americano,24.5
TX-000966,CUST-026,2025-03-18 14:23:19,Americano | Pasta | Muffin,17.5
TX-000967,CUST-021,2025-03-18 15:36:31,Americano | Cake Slice | Latte,13.0
TX-000968,CUST-139,2025-03-18 21:32:41,Cake Slice | Drip Coffee,8.0
TX-000969,CUST-047,2025-03-18 22:50:45,Drip Coffee | Tea,5.5
TX-000970,CUST-035,2025-03-18 23:54:11,Drip Coffee | Latte | Croissant,11.0
TX-000971,CUST-025,2025-03-19 01:26:25,Croissant | Salad | Breakfast Sandwich,19.0
TX-000972,CUST-029,2025-03-19 02:41:29,Salad | Latte | Pasta | Breakfast Sandwich | Americano,33.5
TX-000973,CUST-122,2025-03-19 03:33:51,Cake Slice,5.5
TX-000974,CUST-035,2025-03-19 05:37:31,Cake Slice | Latte | Pasta,21.0
TX-000975,CUST-128,2025-03-19 10:18:32,Latte,4.5
TX-000976,CUST-057,2025-03-19 11:26:16,Muffin,3.5
TX-000977,CUST-123,2025-03-19 11:43:00,Latte,4.5
TX-000978,CUST-090,2025-03-19 12:08:10,Breakfast Sandwich | Croissant | Latte,15.0
TX-000979,CUST-128,2025-03-19 18:03:18,Cake Slice | Salad,14.0
TX-000980,CUST-027,2025-03-19 18:13:23,Tea | Cake Slice | Salad | Croissant,21.0
TX-000981,CUST-040,2025-03-19 18:20:41,Tea | Americano,6.0
TX-000982,CUST-117,2025-03-19 19:32:08,Latte,4.5
TX-000983,CUST-140,2025-03-19 21:50:30,Drip Coffee,2.5
TX-000984,CUST-122,2025-03-19 23:28:49,Breakfast Sandwich,6.5
TX-000985,CUST-020,2025-03-20 00:17:34,Latte | Drip Coffee | Americano | Cake Slice | Breakfast Sandwich,22.0
TX-000986,CUST-014,2025-03-20 03:52:34,Breakfast Sandwich | Latte | Muffin | Cake Slice | Americano,23.0
TX-000987,CUST-009,2025-03-20 04:38:40,Cake Slice | Croissant | Drip Coffee | Tea,15.0
TX-000988,CUST-011,2025-03-20 07:10:36,Breakfast Sandwich | Latte | Drip Coffee,13.5
TX-000989,CUST-022,2025-03-20 07:16:43,Pasta | Tea | Cake Slice | Drip Coffee,22.0
TX-000990,CUST-022,2025-03-20 08:07:53,Cake Slice | Americano | Breakfast Sandwich | Pasta | Croissant,30.0
TX-000991,CUST-062,2025-03-20 08:10:26,Tea,3.0
TX-000992,CUST-030,2025-03-20 10:14:51,Breakfast Sandwich | Latte | Tea | Americano | Croissant,21.0
TX-000993,CUST-044,2025-03-20 13:07:45,Drip Coffee | Tea,5.5
TX-000994,CUST-114,2025-03-20 18:59:37,Tea | Croissant | Salad,15.5
TX-000995,CUST-027,2025-03-20 22:43:44,Drip Coffee | Muffin | Breakfast Sandwich | Croissant,16.5
TX-000996,CUST-019,2025-03-21 00:06:32,Breakfast Sandwich | Latte | Croissant,15.0
TX-000997,CUST-004,2025-03-21 05:24:30,Cake Slice | Breakfast Sandwich | Drip Coffee,14.5
TX-000998,CUST-014,2025-03-21 05:31:21,Tea | Muffin | Latte | Cake Slice | Breakfast Sandwich,23.0
TX-000999,CUST-062,2025-03-21 06:04:35,Drip Coffee | Latte,7.0
TX-001000,CUST-024,2025-03-21 09:26:42,Croissant | Salad | Breakfast Sandwich | Pasta,30.0
TX-001001,CUST-048,2025-03-21 10:40:41,Drip Coffee | Muffin,6.0
TX-001002,CUST-006,2025-03-21 11:42:06,Americano | Latte | Muffin | Drip Coffee,13.5
TX-001003,CUST-017,2025-03-21 12:00:24,Croissant | Drip Coffee | Latte | Cake Slice,16.5
TX-001004,CUST-047,2025-03-21 12:25:35,Tea,3.0
TX-001005,CUST-066,2025-03-21 15:55:35,Muffin,3.5
TX-001006,CUST-004,2025-03-21 19:21:57,Latte | Pasta | Cake Slice | Drip Coffee,23.5
TX-001007,CUST-106,2025-03-21 20:41:40,Pasta | Drip Coffee | Latte,18.0
TX-001008,CUST-035,2025-03-21 21:34:47,Drip Coffee | Croissant | Cake Slice | Muffin | Latte,20.0
TX-001009,CUST-039,2025-03-21 23:55:32,Muffin,3.5
TX-001010,CUST-031,2025-03-22 08:53:26,Latte | Croissant | Drip Coffee | Cake Slice,16.5
TX-001011,CUST-017,2025-03-22 11:03:54,Cake Slice | Tea | Salad | Croissant,21.0
TX-001012,CUST-006,2025-03-22 11:54:33,Cake Slice | Croissant | Breakfast Sandwich,16.0
TX-001013,CUST-028,2025-03-22 12:08:16,Muffin | Drip Coffee | Croissant | Salad | Americano,21.5
TX-001014,CUST-149,2025-03-22 15:09:12,Drip Coffee | Croissant,6.5
TX-001015,CUST-016,2025-03-22 15:52:12,Salad | Breakfast Sandwich | Croissant,19.0
TX-001016,CUST-041,2025-03-22 18:03:01,Muffin,3.5
TX-001017,CUST-053,2025-03-22 20:27:01,Drip Coffee,2.5
TX-001018,CUST-060,2025-03-22 23:30:14,Americano | Tea,6.0
TX-001019,CUST-092,2025-03-23 01:43:29,Cake Slice | Latte,10.0
TX-001020,CUST-029,2025-03-23 03:32:20,Latte | Breakfast Sandwich | Drip Coffee | Croissant,17.5
TX-001021,CUST-024,2025-03-23 05:37:52,Croissant | Latte | Cake Slice | Breakfast Sandwich | Salad,29.0
TX-001022,CUST-032,2025-03-23 06:13:56,Croissant | Salad | Breakfast Sandwich | Drip Coffee,21.5
TX-001023,CUST-043,2025-03-23 08:42:16,Drip Coffee,2.5
TX-001024,CUST-109,2025-03-23 09:14:04,Pasta | Cake Slice | Breakfast Sandwich | Latte,27.5
TX-001025,CUST-034,2025-03-23 12:03:20,Breakfast Sandwich | Muffin | Cake Slice | Latte,20.0
TX-001026,CUST-012,2025-03-23 12:48:22,Latte | Cake Slice | Breakfast Sandwich | Muffin,20.0
TX-001027,CUST-047,2025-03-23 13:28:43,Muffin,3.5
TX-001028,CUST-021,2025-03-23 14:59:24,Breakfast Sandwich | Pasta | Americano,20.5
TX-001029,CUST-061,2025-03-23 18:03:21,Drip Coffee,2.5
TX-001030,CUST-107,2025-03-23 19:40:46,Cake Slice | Latte | Breakfast Sandwich | Croissant,20.5
TX-001031,CUST-008,2025-03-23 21:15:50,Salad | Pasta | Americano,22.5
TX-001032,CUST-003,2025-03-24 08:29:58,Americano | Breakfast Sandwich | Croissant | Pasta | Muffin,28.0
TX-001033,CUST-020,2025-03-24 09:34:02,Breakfast Sandwich | Cake Slice | Drip Coffee | Latte,19.0
TX-001034,CUST-112,2025-03-24 09:54:37,Breakfast Sandwich | Muffin,10.0
TX-001035,CUST-089,2025-03-24 13:28:47,Cake Slice | Muffin | Breakfast Sandwich,15.5
TX-001036,CUST-032,2025-03-24 13:30:52,Tea | Breakfast Sandwich | Cake Slice | Latte | Americano,22.5
TX-001037,CUST-125,2025-03-24 13:34:02,Muffin,3.5
TX-001038,CUST-031,2025-03-24 13:48:18,Latte | Drip Coffee | Salad,15.5
TX-001039,CUST-073,2025-03-24 16:28:10,Tea,3.0
TX-001040,CUST-001,2025-03-24 20:56:23,Tea | Croissant | Cake Slice,12.5
TX-001041,CUST-003,2025-03-24 21:43:13,Drip Coffee | Breakfast Sandwich | Salad,17.5
TX-001042,CUST-029,2025-03-24 22:37:57,Americano | Croissant | Breakfast Sandwich | Latte,18.0
TX-001043,CUST-028,2025-03-24 23:53:48,Croissant | Drip Coffee | Pasta | Breakfast Sandwich,24.0
TX-001044,CUST-140,2025-03-25 00:30:31,Drip Coffee | Pasta,13.5
TX-001045,CUST-037,2025-03-25 00:30:35,Drip Coffee | Latte | Muffin,10.5
TX-001046,CUST-024,2025-03-25 02:08:24,Breakfast Sandwich | Pasta | Americano | Drip Coffee,23.0
TX-001047,CUST-088,2025-03-25 04:50:27,Latte | Breakfast Sandwich | Salad,19.5
TX-001048,CUST-022,2025-03-25 10:53:56,Croissant | Drip Coffee | Muffin,10.0
TX-001049,CUST-051,2025-03-25 11:34:55,Americano | Muffin,6.5
TX-001050,CUST-102,2025-03-25 11:59:05,Latte | Americano | Cake Slice | Breakfast Sandwich,19.5
TX-001051,CUST-062,2025-03-25 12:47:29,Muffin | Americano,6.5
TX-001052,CUST-009,2025-03-25 14:14:42,Pasta | Breakfast Sandwich | Cake Slice | Salad | Muffin,35.0
TX-001053,CUST-084,2025-03-25 15:44:47,Americano | Latte | Cake Slice | Salad,21.5
TX-001054,CUST-031,2025-03-25 18:56:15,Pasta | Latte | Muffin | Salad | Tea,30.5
TX-001055,CUST-046,2025-03-25 19:07:45,Drip Coffee | Tea,5.5
TX-001056,CUST-076,2025-03-25 20:12:30,Muffin | Drip Coffee,6.0
TX-001057,CUST-056,2025-03-25 20:28:17,Latte,4.5
TX-001058,CUST-109,2025-03-25 22:24:06,Breakfast Sandwich | Latte | Cake Slice | Pasta,27.5
TX-001059,CUST-104,2025-03-26 00:36:16,Latte | Breakfast Sandwich | Americano | Cake Slice,19.5
TX-001060,CUST-101,2025-03-26 01:05:46,Salad | Pasta,19.5
TX-001061,CUST-041,2025-03-26 02:11:10,Americano,3.0
TX-001062,CUST-024,2025-03-26 03:17:39,Cake Slice | Drip Coffee | Latte | Breakfast Sandwich | Salad,27.5
TX-001063,CUST-020,2025-03-26 04:55:35,Muffin | Tea | Latte | Drip Coffee | Breakfast Sandwich,20.0
TX-001064,CUST-131,2025-03-26 07:27:53,Tea,3.0
TX-001065,CUST-107,2025-03-26 11:19:50,Pasta | Salad | Breakfast Sandwich | Latte,30.5
TX-001066,CUST-104,2025-03-26 11:49:12,Salad | Muffin,12.0
TX-001067,CUST-067,2025-03-26 12:26:33,Muffin | Drip Coffee,6.0
TX-001068,CUST-016,2025-03-26 17:24:39,Muffin | Salad | Breakfast Sandwich | Pasta,29.5
TX-001069,CUST-036,2025-03-26 18:52:47,Pasta | Salad | Croissant | Muffin,27.0
TX-001070,CUST-048,2025-03-26 21:18:57,Drip Coffee,2.5
TX-001071,CUST-031,2025-03-26 22:18:23,Americano | Cake Slice | Latte,13.0
TX-001072,CUST-041,2025-03-26 23:17:23,Americano,3.0
TX-001073,CUST-008,2025-03-26 23:50:03,Salad | Drip Coffee | Breakfast Sandwich,17.5
TX-001074,CUST-030,2025-03-27 00:06:34,Drip Coffee | Breakfast Sandwich | Pasta | Latte | Americano,27.5
TX-001075,CUST-005,2025-03-27 12:31:00,Breakfast Sandwich | Muffin | Tea,13.0
TX-001076,CUST-060,2025-03-27 12:40:08,Americano,3.0
TX-001077,CUST-122,2025-03-27 12:52:46,Latte | Drip Coffee,7.0
TX-001078,CUST-013,2025-03-27 13:42:12,Muffin | Americano | Croissant | Drip Coffee,13.0
TX-001079,CUST-033,2025-03-27 13:44:37,Salad | Pasta | Croissant | Breakfast Sandwich | Latte,34.5
TX-001080,CUST-128,2025-03-27 15:37:00,Muffin,3.5
TX-001081,CUST-047,2025-03-27 15:49:05,Breakfast Sandwich | Drip Coffee,9.0
TX-001082,CUST-027,2025-03-27 22:22:54,Americano | Drip Coffee | Breakfast Sandwich | Cake Slice,17.5
TX-001083,CUST-017,2025-03-27 22:55:14,Pasta | Americano | Croissant,18.0
TX-001084,CUST-061,2025-03-28 00:08:37,Americano,3.0
TX-001085,CUST-068,2025-03-28 00:28:01,Americano,3.0
TX-001086,CUST-027,2025-03-28 02:30:24,Latte | Americano | Drip Coffee | Pasta,21.0
TX-001087,CUST-041,2025-03-28 05:31:28,Tea | Muffin,6.5
TX-001088,CUST-075,2025-03-28 07:04:15,Muffin | Tea,6.5
TX-001089,CUST-008,2025-03-28 07:25:18,Croissant | Cake Slice | Latte | Muffin | Americano,20.5
TX-001090,CUST-060,2025-03-28 09:57:02,Croissant | Drip Coffee,6.5
TX-001091,CUST-017,2025-03-28 13:28:31,Drip Coffee | Croissant | Muffin | Pasta | Latte,25.5
TX-001092,CUST-009,2025-03-28 14:11:39,Drip Coffee | Americano | Latte,10.0
TX-001093,CUST-107,2025-03-28 14:17:17,Tea | Salad | Breakfast Sandwich,18.0
TX-001094,CUST-031,2025-03-28 17:38:35,Breakfast Sandwich | Salad | Cake Slice | Croissant,24.5
TX-001095,CUST-036,2025-03-28 20:38:44,Latte | Breakfast Sandwich | Salad | Muffin | Americano,26.0
TX-001096,CUST-138,2025-03-28 21:51:09,Drip Coffee | Americano,5.5
TX-001097,CUST-026,2025-03-28 22:53:09,Tea | Cake Slice | Muffin,12.0
TX-001098,CUST-019,2025-03-28 23:36:20,Breakfast Sandwich | Latte | Pasta,22.0
TX-001099,CUST-060,2025-03-28 23:50:28,Drip Coffee | Muffin,6.0
TX-001100,CUST-061,2025-03-29 01:14:11,Drip Coffee,2.5
TX-001101,CUST-043,2025-03-29 04:40:13,Latte,4.5
TX-001102,CUST-003,2025-03-29 04:42:12,Tea | Latte | Muffin | Drip Coffee,13.5
TX-001103,CUST-075,2025-03-29 05:55:18,Drip Coffee,2.5
TX-001104,CUST-005,2025-03-29 07:23:30,Americano | Pasta | Latte | Muffin | Salad,30.5
TX-001105,CUST-043,2025-03-29 14:56:19,Tea,3.0
TX-001106,CUST-033,2025-03-29 15:08:26,Muffin | Tea | Cake Slice | Americano,15.0
TX-001107,CUST-030,2025-03-29 20:43:37,Breakfast Sandwich | Muffin | Pasta,21.0
TX-001108,CUST-084,2025-03-30 08:09:33,Salad | Pasta,19.5
TX-001109,CUST-012,2025-03-30 09:01:24,Breakfast Sandwich | Pasta | Croissant | Drip Coffee,24.0
TX-001110,CUST-074,2025-03-30 09:12:52,Muffin | Drip Coffee,6.0
TX-001111,CUST-003,2025-03-30 11:37:44,Latte | Pasta | Breakfast Sandwich,22.0
TX-001112,CUST-026,2025-03-30 11:54:08,Drip Coffee | Croissant | Pasta | Cake Slice,23.0
TX-001113,CUST-011,2025-03-30 13:03:54,Latte | Drip Coffee | Breakfast Sandwich,13.5
TX-001114,CUST-009,2025-03-30 16:16:40,Breakfast Sandwich | Cake Slice | Americano,15.0
TX-001115,CUST-064,2025-03-30 17:15:06,Drip Coffee | Americano,5.5
TX-001116,CUST-006,2025-03-30 20:02:10,Drip Coffee | Muffin | Latte | Breakfast Sandwich | Croissant,21.0
TX-001117,CUST-019,2025-03-30 20:38:40,Latte | Breakfast Sandwich | Americano | Muffin | Croissant,21.5
TX-001118,CUST-007,2025-03-30 20:43:35,Latte | Salad | Breakfast Sandwich | Muffin | Tea,26.0
TX-001119,CUST-008,2025-03-30 21:50:24,Americano | Cake Slice | Croissant | Tea,15.5
TX-001120,CUST-011,2025-03-30 23:44:32,Pasta | Croissant | Cake Slice,20.5
TX-001121,CUST-036,2025-03-31 00:37:40,Cake Slice | Muffin | Breakfast Sandwich | Croissant | Americano,22.5
TX-001122,CUST-102,2025-03-31 01:47:07,Breakfast Sandwich | Tea,9.5
TX-001123,CUST-038,2025-03-31 05:07:48,Salad | Croissant | Cake Slice | Drip Coffee | Latte,25.0
TX-001124,CUST-002,2025-03-31 09:00:27,Latte | Cake Slice | Croissant,14.0
TX-001125,CUST-024,2025-03-31 12:19:48,Breakfast Sandwich | Americano | Cake Slice | Salad | Latte,28.0
TX-001126,CUST-082,2025-03-31 12:26:25,Breakfast Sandwich | Croissant,10.5
TX-001127,CUST-037,2025-03-31 14:02:37,Drip Coffee | Latte | Breakfast Sandwich | Salad | Muffin,25.5
TX-001128,CUST-055,2025-03-31 15:58:52,Drip Coffee | Tea,5.5
TX-001129,CUST-082,2025-03-31 19:29:39,Breakfast Sandwich | Latte | Pasta | Muffin,25.5
TX-001130,CUST-027,2025-03-31 20:23:12,Drip Coffee | Latte | Breakfast Sandwich | Tea,16.5
TX-001131,CUST-091,2025-04-01 00:17:50,Salad | Breakfast Sandwich | Muffin | Latte,23.0
TX-001132,CUST-093,2025-04-01 00:33:34,Tea | Salad | Cake Slice | Americano,20.0
TX-001133,CUST-062,2025-04-01 02:43:20,Drip Coffee | Americano,5.5
TX-001134,CUST-068,2025-04-01 02:50:19,Tea,3.0
TX-001135,CUST-042,2025-04-01 04:53:45,Drip Coffee | Americano,5.5
TX-001136,CUST-012,2025-04-01 05:19:48,Cake Slice | Croissant | Pasta,20.5
TX-001137,CUST-046,2025-04-01 06:18:32,Latte | Cake Slice,10.0
TX-001138,CUST-034,2025-04-01 09:08:23,Pasta | Drip Coffee | Tea | Americano,19.5
TX-001139,CUST-010,2025-04-01 09:56:53,Drip Coffee | Latte | Americano | Breakfast Sandwich,16.5
TX-001140,CUST-019,2025-04-01 11:51:19,Latte | Tea | Cake Slice,13.0
TX-001141,CUST-140,2025-04-01 12:48:21,Americano,3.0
TX-001142,CUST-069,2025-04-01 13:01:46,Drip Coffee,2.5
TX-001143,CUST-011,2025-04-01 17:06:54,Muffin | Cake Slice | Latte | Croissant,17.5
TX-001144,CUST-014,2025-04-01 17:55:26,Pasta | Salad | Cake Slice | Latte | Croissant,33.5
TX-001145,CUST-004,2025-04-02 01:17:21,Drip Coffee | Breakfast Sandwich | Cake Slice | Salad | Latte,27.5
TX-001146,CUST-125,2025-04-02 06:09:14,Americano,3.0
TX-001147,CUST-026,2025-04-02 06:09:59,Breakfast Sandwich | Croissant | Pasta | Salad | Latte,34.5
TX-001148,CUST-061,2025-04-02 08:32:30,Tea,3.0
TX-001149,CUST-137,2025-04-02 09:17:14,Cake Slice | Tea,8.5
TX-001150,CUST-022,2025-04-02 11:58:36,Pasta | Drip Coffee | Salad,22.0
TX-001151,CUST-063,2025-04-02 13:40:59,Latte,4.5
TX-001152,CUST-064,2025-04-02 16:12:14,Americano,3.0
TX-001153,CUST-093,2025-04-02 17:36:04,Latte | Breakfast Sandwich | Cake Slice | Pasta,27.5
TX-001154,CUST-020,2025-04-02 19:11:37,Americano | Drip Coffee | Croissant | Tea | Pasta,23.5
TX-001155,CUST-035,2025-04-03 00:49:54,Breakfast Sandwich | Pasta | Croissant | Tea,24.5
TX-001156,CUST-038,2025-04-03 02:54:03,Muffin | Tea | Breakfast Sandwich,13.0
TX-001157,CUST-008,2025-04-03 05:09:47,Breakfast Sandwich | Latte | Pasta,22.0
TX-001158,CUST-126,2025-04-03 09:38:10,Pasta | Drip Coffee,13.5
TX-001159,CUST-075,2025-04-03 10:28:44,Drip Coffee,2.5
TX-001160,CUST-007,2025-04-03 12:34:44,Croissant | Latte | Muffin,12.0
TX-001161,CUST-029,2025-04-03 19:47:18,Pasta | Latte | Americano | Breakfast Sandwich | Tea,28.0
TX-001162,CUST-057,2025-04-03 19:57:35,Drip Coffee | Croissant,6.5
TX-001163,CUST-057,2025-04-03 21:45:47,Drip Coffee | Tea,5.5
TX-001164,CUST-011,2025-04-04 01:46:58,Americano | Pasta | Latte | Drip Coffee | Salad,29.5
TX-001165,CUST-036,2025-04-04 05:06:31,Breakfast Sandwich | Pasta | Americano,20.5
TX-001166,CUST-015,2025-04-04 05:49:34,Croissant | Breakfast Sandwich | Cake Slice,16.0
TX-001167,CUST-024,2025-04-04 06:18:33,Breakfast Sandwich | Cake Slice | Pasta,23.0
TX-001168,CUST-016,2025-04-04 08:48:07,Americano | Pasta | Cake Slice | Breakfast Sandwich | Muffin,29.5
TX-001169,CUST-124,2025-04-04 11:05:24,Croissant | Breakfast Sandwich,10.5
TX-001170,CUST-022,2025-04-04 11:37:42,Latte | Pasta | Tea | Americano,21.5
TX-001171,CUST-030,2025-04-04 12:49:29,Muffin | Latte | Croissant,12.0
TX-001172,CUST-112,2025-04-04 12:50:17,Latte | Muffin | Cake Slice,13.5
TX-001173,CUST-003,2025-04-04 14:53:23,Americano | Muffin | Breakfast Sandwich | Salad | Pasta,32.5
TX-001174,CUST-015,2025-04-04 20:49:59,Drip Coffee | Americano | Salad | Pasta,25.0
TX-001175,CUST-136,2025-04-04 21:02:10,Americano | Breakfast Sandwich,9.5
TX-001176,CUST-041,2025-04-04 21:54:25,Muffin | Americano,6.5
TX-001177,CUST-022,2025-04-05 01:13:37,Breakfast Sandwich | Drip Coffee | Tea,12.0
TX-001178,CUST-086,2025-04-05 02:11:08,Salad | Breakfast Sandwich,15.0
TX-001179,CUST-049,2025-04-05 02:45:59,Drip Coffee | Tea,5.5
TX-001180,CUST-140,2025-04-05 02:55:12,Drip Coffee | Tea,5.5
TX-001181,CUST-052,2025-04-05 10:50:51,Americano,3.0
TX-001182,CUST-049,2025-04-05 12:46:28,Drip Coffee,2.5
TX-001183,CUST-072,2025-04-05 13:33:02,Croissant | Muffin,7.5
TX-001184,CUST-042,2025-04-05 14:01:55,Americano,3.0
TX-001185,CUST-028,2025-04-05 14:35:38,Pasta | Croissant | Breakfast Sandwich,21.5
TX-001186,CUST-022,2025-04-05 14:38:54,Cake Slice | Muffin | Pasta | Breakfast Sandwich | Drip Coffee,29.0
TX-001187,CUST-057,2025-04-05 14:45:48,Drip Coffee,2.5
TX-001188,CUST-119,2025-04-05 16:32:11,Tea | Drip Coffee,5.5
TX-001189,CUST-025,2025-04-05 17:28:22,Cake Slice | Latte | Drip Coffee | Americano,15.5
TX-001190,CUST-036,2025-04-05 18:49:34,Salad | Breakfast Sandwich | Croissant | Drip Coffee | Latte,26.0
TX-001191,CUST-119,2025-04-05 19:17:07,Tea | Pasta,14.0
TX-001192,CUST-027,2025-04-05 20:04:30,Drip Coffee | Salad | Breakfast Sandwich,17.5
TX-001193,CUST-033,2025-04-05 20:47:16,Latte | Salad | Croissant | Drip Coffee,19.5
TX-001194,CUST-003,2025-04-05 21:04:00,Pasta | Drip Coffee | Tea | Croissant,20.5
TX-001195,CUST-070,2025-04-05 21:37:04,Muffin,3.5
TX-001196,CUST-067,2025-04-06 00:35:01,Tea | Drip Coffee,5.5
TX-001197,CUST-077,2025-04-06 01:05:27,Muffin,3.5
TX-001198,CUST-007,2025-04-06 04:40:19,Muffin | Croissant | Americano | Salad | Cake Slice,24.5
TX-001199,CUST-032,2025-04-06 06:14:22,Croissant | Salad | Pasta | Breakfast Sandwich,30.0
TX-001200,CUST-033,2025-04-06 07:42:07,Salad | Breakfast Sandwich | Americano | Cake Slice,23.5
TX-001201,CUST-036,2025-04-06 07:47:00,Muffin | Pasta | Americano,17.5
TX-001202,CUST-044,2025-04-06 11:58:01,Drip Coffee,2.5
TX-001203,CUST-041,2025-04-06 12:12:11,Muffin | Drip Coffee,6.0
TX-001204,CUST-067,2025-04-06 14:53:30,Croissant | Americano,7.0
TX-001205,CUST-047,2025-04-06 15:52:41,Tea | Muffin,6.5
TX-001206,CUST-132,2025-04-06 16:49:27,Croissant | Muffin,7.5
TX-001207,CUST-072,2025-04-06 20:41:47,Americano | Drip Coffee,5.5
TX-001208,CUST-049,2025-04-06 20:55:02,Tea,3.0
TX-001209,CUST-050,2025-04-06 21:14:07,Americano,3.0
TX-001210,CUST-038,2025-04-06 22:45:16,Pasta | Latte | Muffin | Cake Slice,24.5
TX-001211,CUST-036,2025-04-06 22:52:32,Pasta | Latte | Salad,24.0
TX-001212,CUST-143,2025-04-07 01:31:02,Salad,8.5
TX-001213,CUST-036,2025-04-07 06:57:25,Cake Slice | Pasta | Americano | Tea | Salad,31.0
TX-001214,CUST-010,2025-04-07 07:09:24,Muffin | Cake Slice | Americano,12.0
TX-001215,CUST-070,2025-04-07 11:33:07,Drip Coffee | Muffin,6.0
TX-001216,CUST-038,2025-04-07 12:33:35,Cake Slice | Breakfast Sandwich | Salad,20.5
TX-001217,CUST-007,2025-04-07 13:28:55,Americano | Breakfast Sandwich | Salad,18.0
TX-001218,CUST-025,2025-04-07 14:04:39,Americano | Breakfast Sandwich | Drip Coffee | Salad | Pasta,31.5
TX-001219,CUST-058,2025-04-07 17:05:54,Drip Coffee | Tea,5.5
TX-001220,CUST-013,2025-04-07 17:17:37,Muffin | Breakfast Sandwich | Americano | Drip Coffee | Pasta,26.5
TX-001221,CUST-122,2025-04-07 18:36:25,Pasta | Drip Coffee,13.5
TX-001222,CUST-053,2025-04-07 19:39:46,Americano | Muffin,6.5
TX-001223,CUST-009,2025-04-07 22:58:21,Croissant | Drip Coffee | Muffin | Salad | Breakfast Sandwich,25.0
TX-001224,CUST-020,2025-04-07 23:05:46,Muffin | Tea | Croissant | Cake Slice | Breakfast Sandwich,22.5
TX-001225,CUST-032,2025-04-08 07:56:12,Americano | Tea | Latte | Muffin,14.0
TX-001226,CUST-014,2025-04-08 09:05:00,Cake Slice | Drip Coffee | Salad | Americano,19.5
TX-001227,CUST-023,2025-04-08 13:53:10,Croissant | Latte | Breakfast Sandwich | Drip Coffee,17.5
TX-001228,CUST-144,2025-04-08 14:51:00,Tea,3.0
TX-001229,CUST-060,2025-04-08 17:15:24,Drip Coffee | Americano,5.5
TX-001230,CUST-009,2025-04-08 21:36:04,Americano | Breakfast Sandwich | Tea | Cake Slice | Latte,22.5
TX-001231,CUST-034,2025-04-09 01:56:59,Americano | Latte | Salad | Breakfast Sandwich | Muffin,26.0
TX-001232,CUST-065,2025-04-09 02:27:44,Croissant,4.0
TX-001233,CUST-018,2025-04-09 09:02:25,Tea | Salad | Breakfast Sandwich | Croissant | Latte,26.5
TX-001234,CUST-027,2025-04-09 12:31:19,Muffin | Tea | Croissant | Salad | Americano,22.0
TX-001235,CUST-025,2025-04-09 14:06:00,Latte | Breakfast Sandwich | Drip Coffee,13.5
TX-001236,CUST-016,2025-04-09 15:02:49,Cake Slice | Breakfast Sandwich | Salad,20.5
TX-001237,CUST-008,2025-04-09 16:46:55,Salad | Drip Coffee | Breakfast Sandwich | Pasta,28.5
TX-001238,CUST-036,2025-04-09 18:02:25,Drip Coffee | Cake Slice | Americano,11.0
TX-001239,CUST-003,2025-04-09 19:56:20,Drip Coffee | Salad | Cake Slice,16.5
TX-001240,CUST-005,2025-04-09 20:38:05,Drip Coffee | Americano | Cake Slice | Breakfast Sandwich,17.5
TX-001241,CUST-012,2025-04-10 01:37:34,Cake Slice | Latte | Breakfast Sandwich,16.5
TX-001242,CUST-092,2025-04-10 06:02:05,Croissant | Salad,12.5
TX-001243,CUST-029,2025-04-10 10:18:30,Cake Slice | Latte | Pasta | Americano | Salad,32.5
TX-001244,CUST-044,2025-04-10 11:44:08,Drip Coffee | Tea,5.5
TX-001245,CUST-118,2025-04-10 14:45:00,Drip Coffee,2.5
TX-001246,CUST-061,2025-04-10 15:44:20,Drip Coffee | Americano,5.5
TX-001247,CUST-014,2025-04-10 17:38:39,Latte | Cake Slice | Tea,13.0
TX-001248,CUST-010,2025-04-10 18:32:36,Croissant | Salad | Latte | Muffin | Tea,23.5
TX-001249,CUST-112,2025-04-10 22:29:27,Cake Slice | Croissant | Latte | Pasta,25.0
TX-001250,CUST-078,2025-04-11 01:29:56,Croissant | Drip Coffee,6.5
TX-001251,CUST-054,2025-04-11 06:09:12,Croissant | Americano,7.0
TX-001252,CUST-027,2025-04-11 06:33:30,Muffin | Americano | Cake Slice,12.0
TX-001253,CUST-011,2025-04-11 10:33:44,Drip Coffee | Latte | Breakfast Sandwich,13.5
TX-001254,CUST-024,2025-04-11 10:42:25,Americano | Cake Slice | Latte,13.0
TX-001255,CUST-067,2025-04-11 16:20:43,Drip Coffee | Muffin,6.0
TX-001256,CUST-051,2025-04-11 16:32:51,Croissant,4.0
TX-001257,CUST-001,2025-04-11 22:22:47,Americano | Salad | Breakfast Sandwich | Croissant,22.0
TX-001258,CUST-132,2025-04-12 01:41:43,Latte | Tea,7.5
TX-001259,CUST-111,2025-04-12 07:13:09,Cake Slice | Pasta | Salad,25.0
TX-001260,CUST-139,2025-04-12 07:13:35,Cake Slice | Drip Coffee,8.0
TX-001261,CUST-033,2025-04-12 13:08:51,Tea | Latte | Americano | Breakfast Sandwich | Muffin,20.5
TX-001262,CUST-056,2025-04-12 14:02:57,Americano | Drip Coffee,5.5
TX-001263,CUST-002,2025-04-12 15:22:04,Latte | Tea | Cake Slice,13.0
TX-001264,CUST-069,2025-04-12 17:23:30,Croissant | Drip Coffee,6.5
TX-001265,CUST-028,2025-04-12 17:49:48,Croissant | Salad | Latte | Pasta | Breakfast Sandwich,34.5
TX-001266,CUST-038,2025-04-12 19:13:27,Drip Coffee | Pasta | Breakfast Sandwich,20.0
TX-001267,CUST-122,2025-04-12 19:22:13,Americano | Croissant,7.0
TX-001268,CUST-067,2025-04-12 19:36:02,Latte,4.5
TX-001269,CUST-132,2025-04-12 22:32:39,Muffin,3.5
TX-001270,CUST-140,2025-04-12 22:51:56,Salad | Drip Coffee,11.0
TX-001271,CUST-031,2025-04-12 22:53:57,Pasta | Salad | Breakfast Sandwich | Cake Slice | Americano,34.5
TX-001272,CUST-016,2025-04-13 00:21:26,Breakfast Sandwich | Drip Coffee | Tea | Pasta | Salad,31.5
TX-001273,CUST-126,2025-04-13 01:56:34,Tea,3.0
TX-001274,CUST-018,2025-04-13 03:17:55,Breakfast Sandwich | Drip Coffee | Americano | Latte | Cake Slice,22.0
TX-001275,CUST-055,2025-04-13 04:24:28,Croissant,4.0
TX-001276,CUST-034,2025-04-13 08:43:46,Salad | Breakfast Sandwich | Croissant | Pasta | Latte,34.5
TX-001277,CUST-071,2025-04-13 11:03:53,Drip Coffee,2.5
TX-001278,CUST-124,2025-04-13 14:14:20,Drip Coffee | Croissant,6.5
TX-001279,CUST-037,2025-04-13 16:36:29,Americano | Muffin | Croissant | Tea | Latte,18.0
TX-001280,CUST-022,2025-04-13 17:14:39,Pasta | Cake Slice | Croissant | Latte | Breakfast Sandwich,31.5
TX-001281,CUST-053,2025-04-13 18:28:27,Americano | Drip Coffee,5.5
TX-001282,CUST-062,2025-04-13 18:35:12,Muffin | Latte,8.0
TX-001283,CUST-017,2025-04-14 01:03:19,Breakfast Sandwich | Croissant | Americano | Salad,22.0
TX-001284,CUST-008,2025-04-14 02:01:59,Salad | Cake Slice | Croissant | Breakfast Sandwich,24.5
TX-001285,CUST-008,2025-04-14 03:01:56,Pasta | Latte | Drip Coffee | Cake Slice | Americano,26.5
TX-001286,CUST-022,2025-04-14 10:21:11,Cake Slice | Breakfast Sandwich | Tea | Pasta,26.0
TX-001287,CUST-120,2025-04-14 11:07:00,Latte | Americano,7.5
TX-001288,CUST-122,2025-04-14 11:07:30,Croissant | Cake Slice,9.5
TX-001289,CUST-099,2025-04-14 11:30:31,Pasta | Salad,19.5
TX-001290,CUST-028,2025-04-14 14:55:35,Drip Coffee | Muffin | Croissant,10.0
TX-001291,CUST-021,2025-04-14 15:05:47,Latte | Breakfast Sandwich | Croissant | Cake Slice | Pasta,31.5
TX-001292,CUST-014,2025-04-14 16:31:07,Tea | Salad | Breakfast Sandwich | Muffin,21.5
TX-001293,CUST-030,2025-04-14 17:34:58,Breakfast Sandwich | Americano | Salad | Cake Slice,23.5
TX-001294,CUST-117,2025-04-14 17:37:00,Croissant | Drip Coffee,6.5
TX-001295,CUST-061,2025-04-14 17:56:28,Drip Coffee,2.5
TX-001296,CUST-038,2025-04-15 00:30:22,Cake Slice | Breakfast Sandwich | Pasta,23.0
TX-001297,CUST-031,2025-04-15 00:32:45,Drip Coffee | Muffin | Latte | Cake Slice | Tea,19.0
TX-001298,CUST-055,2025-04-15 03:06:29,Drip Coffee | Tea,5.5
TX-001299,CUST-100,2025-04-15 03:58:51,Breakfast Sandwich | Croissant,10.5
TX-001300,CUST-020,2025-04-15 05:52:20,Croissant | Cake Slice | Latte,14.0
TX-001301,CUST-003,2025-04-15 06:43:43,Latte | Americano | Muffin | Salad,19.5
TX-001302,CUST-080,2025-04-15 07:00:09,Cake Slice | Breakfast Sandwich | Latte | Croissant,20.5
TX-001303,CUST-071,2025-04-15 07:12:09,Latte,4.5
TX-001304,CUST-022,2025-04-15 09:31:57,Croissant | Latte | Breakfast Sandwich | Cake Slice,20.5
TX-001305,CUST-040,2025-04-15 11:13:54,Muffin | Americano,6.5
TX-001306,CUST-028,2025-04-15 11:23:19,Latte | Muffin | Breakfast Sandwich | Salad | Pasta,34.0
TX-001307,CUST-004,2025-04-15 11:43:36,Drip Coffee | Breakfast Sandwich | Croissant,13.0
TX-001308,CUST-020,2025-04-15 13:42:21,Cake Slice | Muffin | Breakfast Sandwich | Salad,24.0
TX-001309,CUST-022,2025-04-15 15:33:11,Cake Slice | Salad | Breakfast Sandwich | Muffin | Croissant,28.0
TX-001310,CUST-029,2025-04-15 15:46:05,Drip Coffee | Breakfast Sandwich | Pasta | Latte | Cake Slice,30.0
TX-001311,CUST-029,2025-04-15 16:38:56,Croissant | Latte | Breakfast Sandwich,15.0
TX-001312,CUST-115,2025-04-15 17:22:10,Americano | Cake Slice,8.5
TX-001313,CUST-140,2025-04-15 18:09:00,Breakfast Sandwich,6.5
TX-001314,CUST-034,2025-04-15 18:09:37,Tea | Latte | Breakfast Sandwich,14.0
TX-001315,CUST-104,2025-04-15 18:11:24,Salad | Breakfast Sandwich | Pasta | Drip Coffee,28.5
TX-001316,CUST-038,2025-04-15 18:50:55,Cake Slice | Breakfast Sandwich | Croissant | Salad | Latte,29.0
TX-001317,CUST-048,2025-04-16 00:05:04,Muffin | Americano,6.5
TX-001318,CUST-020,2025-04-16 04:43:27,Latte | Pasta | Salad | Tea | Breakfast Sandwich,33.5
TX-001319,CUST-007,2025-04-16 08:32:05,Americano | Drip Coffee | Breakfast Sandwich,12.0
TX-001320,CUST-025,2025-04-16 11:11:15,Drip Coffee | Latte | Pasta | Breakfast Sandwich,24.5
TX-001321,CUST-031,2025-04-16 11:24:53,Americano | Muffin | Croissant | Drip Coffee | Breakfast Sandwich,19.5
TX-001322,CUST-003,2025-04-16 14:17:31,Breakfast Sandwich | Muffin | Croissant | Latte,18.5
TX-001323,CUST-057,2025-04-16 17:31:54,Drip Coffee | Muffin,6.0
TX-001324,CUST-056,2025-04-16 19:21:42,Muffin,3.5
TX-001325,CUST-065,2025-04-16 19:47:31,Drip Coffee,2.5
TX-001326,CUST-054,2025-04-16 23:36:33,Americano,3.0
TX-001327,CUST-061,2025-04-17 02:29:49,Drip Coffee | Muffin,6.0
TX-001328,CUST-066,2025-04-17 05:30:51,Breakfast Sandwich,6.5
TX-001329,CUST-072,2025-04-17 07:52:19,Muffin | Americano,6.5
TX-001330,CUST-064,2025-04-17 08:36:25,Drip Coffee,2.5
TX-001331,CUST-061,2025-04-17 13:37:10,Muffin,3.5
TX-001332,CUST-048,2025-04-17 14:05:15,Muffin | Tea,6.5
TX-001333,CUST-069,2025-04-17 14:22:28,Muffin | Drip Coffee,6.0
TX-001334,CUST-055,2025-04-17 15:22:26,Latte,4.5
TX-001335,CUST-029,2025-04-17 20:46:21,Tea | Cake Slice | Latte | Americano | Salad,24.5
TX-001336,CUST-017,2025-04-17 22:13:49,Drip Coffee | Croissant | Breakfast Sandwich | Americano,16.0
TX-001337,CUST-027,2025-04-17 23:00:23,Croissant | Muffin | Salad | Breakfast Sandwich,22.5
TX-001338,CUST-055,2025-04-17 23:12:14,Muffin,3.5
TX-001339,CUST-053,2025-04-17 23:30:13,Tea,3.0
TX-001340,CUST-013,2025-04-18 00:29:42,Drip Coffee | Breakfast Sandwich | Pasta | Croissant | Muffin,27.5
TX-001341,CUST-048,2025-04-18 05:28:37,Americano,3.0
TX-001342,CUST-065,2025-04-18 11:16:54,Drip Coffee,2.5
TX-001343,CUST-047,2025-04-18 13:12:01,Americano | Drip Coffee,5.5
TX-001344,CUST-070,2025-04-18 14:44:31,Tea | Americano,6.0
TX-001345,CUST-046,2025-04-18 15:58:49,Tea | Americano,6.0
TX-001346,CUST-057,2025-04-18 16:01:41,Muffin,3.5
TX-001347,CUST-037,2025-04-18 16:22:21,Latte | Breakfast Sandwich | Croissant | Cake Slice | Pasta,31.5
TX-001348,CUST-006,2025-04-18 16:55:25,Latte | Cake Slice | Drip Coffee,12.5
TX-001349,CUST-007,2025-04-18 21:45:10,Pasta | Drip Coffee | Breakfast Sandwich,20.0
TX-001350,CUST-016,2025-04-18 23:25:46,Croissant | Breakfast Sandwich | Drip Coffee,13.0
TX-001351,CUST-032,2025-04-19 04:33:53,Salad | Breakfast Sandwich | Latte,19.5
TX-001352,CUST-041,2025-04-19 04:35:51,Tea | Croissant,7.0
TX-001353,CUST-032,2025-04-19 05:49:56,Croissant | Latte | Breakfast Sandwich | Drip Coffee | Salad,26.0
TX-001354,CUST-043,2025-04-19 06:04:40,Drip Coffee,2.5
TX-001355,CUST-028,2025-04-19 07:32:41,Croissant | Tea | Americano | Breakfast Sandwich | Latte,21.0
TX-001356,CUST-069,2025-04-19 08:39:28,Americano | Drip Coffee,5.5
TX-001357,CUST-013,2025-04-19 11:46:03,Latte | Salad | Breakfast Sandwich | Muffin | Cake Slice,28.5
TX-001358,CUST-080,2025-04-19 14:10:32,Pasta | Cake Slice,16.5
TX-001359,CUST-003,2025-04-19 14:58:13,Breakfast Sandwich | Tea | Pasta | Drip Coffee,23.0
TX-001360,CUST-079,2025-04-19 15:03:56,Salad | Drip Coffee,11.0
TX-001361,CUST-057,2025-04-19 18:01:52,Muffin,3.5
TX-001362,CUST-072,2025-04-19 19:08:18,Drip Coffee | Muffin,6.0
TX-001363,CUST-056,2025-04-19 19:19:00,Drip Coffee | Tea,5.5
TX-001364,CUST-007,2025-04-19 19:37:46,Cake Slice | Breakfast Sandwich | Croissant,16.0
TX-001365,CUST-103,2025-04-19 20:24:16,Cake Slice | Salad | Latte | Pasta,29.5
TX-001366,CUST-061,2025-04-19 23:08:33,Muffin,3.5
TX-001367,CUST-139,2025-04-19 23:31:59,Americano | Tea,6.0
TX-001368,CUST-039,2025-04-20 00:12:45,Americano | Tea,6.0
TX-001369,CUST-008,2025-04-20 01:59:03,Muffin | Croissant | Breakfast Sandwich | Tea | Americano,20.0
TX-001370,CUST-043,2025-04-20 03:23:56,Drip Coffee | Croissant,6.5
TX-001371,CUST-114,2025-04-20 07:07:39,Breakfast Sandwich | Latte,11.0
TX-001372,CUST-021,2025-04-20 08:41:06,Pasta | Latte | Cake Slice,21.0
TX-001373,CUST-023,2025-04-20 15:39:34,Muffin | Breakfast Sandwich | Latte,14.5
TX-001374,CUST-032,2025-04-20 17:07:14,Americano | Muffin | Pasta,17.5
TX-001375,CUST-032,2025-04-20 17:54:42,Americano | Cake Slice | Latte | Drip Coffee,15.5
TX-001376,CUST-005,2025-04-20 18:56:44,Tea | Pasta | Salad | Americano,25.5
TX-001377,CUST-091,2025-04-20 20:46:11,Breakfast Sandwich | Latte | Muffin,14.5
TX-001378,CUST-026,2025-04-20 22:48:11,Muffin | Cake Slice | Latte | Pasta,24.5
TX-001379,CUST-025,2025-04-21 00:45:54,Pasta | Breakfast Sandwich | Cake Slice | Latte,27.5
TX-001380,CUST-027,2025-04-21 00:50:59,Drip Coffee | Pasta | Cake Slice | Latte,23.5
TX-001381,CUST-011,2025-04-21 02:51:15,Breakfast Sandwich | Latte | Pasta | Drip Coffee,24.5
TX-001382,CUST-030,2025-04-21 08:33:16,Muffin | Latte | Salad | Croissant,20.5
TX-001383,CUST-027,2025-04-21 08:49:01,Drip Coffee | Salad | Latte | Breakfast Sandwich | Cake Slice,27.5
TX-001384,CUST-037,2025-04-21 12:52:47,Muffin | Cake Slice | Pasta | Latte,24.5
TX-001385,CUST-016,2025-04-21 20:39:54,Cake Slice | Americano | Latte,13.0
TX-001386,CUST-043,2025-04-21 21:04:16,Drip Coffee | Tea,5.5
TX-001387,CUST-017,2025-04-22 02:18:02,Croissant | Muffin | Drip Coffee,10.0
TX-001388,CUST-122,2025-04-22 05:02:04,Drip Coffee,2.5
TX-001389,CUST-106,2025-04-22 05:32:29,Americano | Salad,11.5
TX-001390,CUST-023,2025-04-22 05:34:51,Muffin | Breakfast Sandwich | Drip Coffee,12.5
TX-001391,CUST-113,2025-04-22 08:34:53,Pasta | Latte,15.5
TX-001392,CUST-066,2025-04-22 10:16:12,Muffin | Pasta,14.5
TX-001393,CUST-022,2025-04-22 11:12:17,Cake Slice | Drip Coffee | Breakfast Sandwich | Croissant,18.5
TX-001394,CUST-087,2025-04-22 11:36:26,Pasta | Latte | Salad | Muffin,27.5
TX-001395,CUST-068,2025-04-22 15:09:13,Drip Coffee,2.5
TX-001396,CUST-017,2025-04-22 15:35:10,Americano | Muffin | Cake Slice | Breakfast Sandwich | Croissant,22.5
TX-001397,CUST-007,2025-04-22 16:20:38,Drip Coffee | Cake Slice | Pasta,19.0
TX-001398,CUST-004,2025-04-22 17:55:12,Salad | Croissant | Cake Slice | Muffin,21.5
TX-001399,CUST-008,2025-04-22 19:03:08,Salad | Breakfast Sandwich | Drip Coffee,17.5
TX-001400,CUST-012,2025-04-22 22:05:03,Breakfast Sandwich | Drip Coffee | Cake Slice,14.5
TX-001401,CUST-071,2025-04-22 23:23:04,Latte,4.5
TX-001402,CUST-028,2025-04-23 00:32:33,Drip Coffee | Pasta | Breakfast Sandwich | Salad,28.5
TX-001403,CUST-074,2025-04-23 03:22:33,Drip Coffee | Tea,5.5
TX-001404,CUST-024,2025-04-23 03:32:17,Tea | Salad | Pasta | Muffin,26.0
TX-001405,CUST-056,2025-04-23 04:52:03,Muffin | Tea,6.5
TX-001406,CUST-072,2025-04-23 08:12:58,Drip Coffee,2.5
TX-001407,CUST-028,2025-04-23 08:44:21,Pasta | Tea | Salad | Latte | Drip Coffee,29.5
TX-001408,CUST-065,2025-04-23 08:49:33,Muffin,3.5
TX-001409,CUST-003,2025-04-23 09:34:24,Americano | Muffin | Salad,15.0
TX-001410,CUST-030,2025-04-23 09:46:37,Drip Coffee | Muffin | Salad | Latte | Breakfast Sandwich,25.5
TX-001411,CUST-132,2025-04-23 12:31:19,Latte,4.5
TX-001412,CUST-095,2025-04-23 16:27:07,Croissant | Breakfast Sandwich | Drip Coffee | Pasta,24.0
TX-001413,CUST-073,2025-04-23 16:58:09,Pasta,11.0
TX-001414,CUST-027,2025-04-23 17:49:38,Pasta | Muffin | Tea | Breakfast Sandwich,24.0
TX-001415,CUST-017,2025-04-23 18:24:46,Muffin | Pasta | Tea | Latte,22.0
TX-001416,CUST-062,2025-04-23 19:54:33,Drip Coffee | Americano,5.5
TX-001417,CUST-088,2025-04-23 21:49:37,Cake Slice | Latte | Salad,18.5
TX-001418,CUST-025,2025-04-24 01:46:59,Muffin | Latte | Americano | Breakfast Sandwich,17.5
TX-001419,CUST-111,2025-04-24 02:42:50,Tea | Breakfast Sandwich | Pasta,20.5
TX-001420,CUST-019,2025-04-24 02:53:49,Tea | Americano | Pasta,17.0
TX-001421,CUST-108,2025-04-24 04:39:20,Pasta | Latte | Breakfast Sandwich,22.0
TX-001422,CUST-093,2025-04-24 09:03:02,Latte | Breakfast Sandwich,11.0
TX-001423,CUST-107,2025-04-24 12:38:51,Pasta | Latte | Breakfast Sandwich,22.0
TX-001424,CUST-077,2025-04-24 12:55:57,Muffin,3.5
TX-001425,CUST-043,2025-04-24 15:56:20,Tea,3.0
TX-001426,CUST-020,2025-04-24 16:02:15,Latte | Salad | Cake Slice | Drip Coffee | Muffin,24.5
TX-001427,CUST-031,2025-04-24 16:23:40,Croissant | Latte | Salad | Americano | Muffin,23.5
TX-001428,CUST-005,2025-04-24 17:35:20,Salad | Croissant | Cake Slice | Breakfast Sandwich,24.5
TX-001429,CUST-019,2025-04-24 18:26:19,Pasta | Latte | Drip Coffee | Cake Slice,23.5
TX-001430,CUST-073,2025-04-24 19:35:14,Tea | Croissant,7.0
TX-001431,CUST-068,2025-04-24 23:19:46,Muffin,3.5
TX-001432,CUST-051,2025-04-25 00:05:57,Drip Coffee,2.5
TX-001433,CUST-091,2025-04-25 07:43:30,Salad | Breakfast Sandwich | Latte | Croissant,23.5
TX-001434,CUST-059,2025-04-25 08:31:31,Tea | Muffin,6.5
TX-001435,CUST-149,2025-04-25 10:58:41,Croissant,4.0
TX-001436,CUST-092,2025-04-25 11:09:52,Salad | Americano | Pasta | Breakfast Sandwich,29.0
TX-001437,CUST-136,2025-04-25 13:40:16,Salad | Drip Coffee,11.0
TX-001438,CUST-107,2025-04-25 16:35:41,Americano | Pasta | Salad,22.5
TX-001439,CUST-099,2025-04-25 17:27:57,Cake Slice | Croissant | Tea | Salad,21.0
TX-001440,CUST-076,2025-04-25 17:59:25,Croissant | Pasta,15.0
TX-001441,CUST-047,2025-04-25 18:31:02,Muffin | Drip Coffee,6.0
TX-001442,CUST-106,2025-04-25 19:40:30,Salad | Pasta,19.5
TX-001443,CUST-027,2025-04-25 21:00:20,Latte | Cake Slice | Breakfast Sandwich | Tea | Pasta,30.5
TX-001444,CUST-009,2025-04-25 21:03:39,Americano | Latte | Drip Coffee,10.0
TX-001445,CUST-132,2025-04-25 21:43:37,Drip Coffee,2.5
TX-001446,CUST-030,2025-04-26 01:29:44,Muffin | Breakfast Sandwich | Drip Coffee | Americano | Latte,20.0
TX-001447,CUST-010,2025-04-26 02:12:34,Latte | Pasta | Americano | Salad,27.0
TX-001448,CUST-028,2025-04-26 02:36:46,Croissant | Breakfast Sandwich | Salad | Drip Coffee,21.5
TX-001449,CUST-149,2025-04-26 06:33:24,Salad | Muffin,12.0
TX-001450,CUST-139,2025-04-26 09:11:52,Drip Coffee,2.5
TX-001451,CUST-033,2025-04-26 13:08:43,Americano | Breakfast Sandwich | Muffin | Latte,17.5
TX-001452,CUST-149,2025-04-26 14:09:00,Muffin | Cake Slice,9.0
TX-001453,CUST-119,2025-04-26 15:14:00,Drip Coffee,2.5
TX-001454,CUST-089,2025-04-26 15:34:37,Breakfast Sandwich | Pasta | Drip Coffee | Latte,24.5
TX-001455,CUST-056,2025-04-26 18:33:12,Americano,3.0
TX-001456,CUST-002,2025-04-26 19:43:30,Drip Coffee | Latte | Muffin | Breakfast Sandwich,17.0
TX-001457,CUST-019,2025-04-26 20:39:54,Cake Slice | Drip Coffee | Salad | Breakfast Sandwich,23.0
TX-001458,CUST-009,2025-04-26 21:39:35,Americano | Pasta | Muffin | Latte,22.0
TX-001459,CUST-082,2025-04-26 22:29:49,Cake Slice | Drip Coffee | Breakfast Sandwich | Pasta,25.5
TX-001460,CUST-112,2025-04-26 22:31:35,Latte | Salad | Americano | Muffin,19.5
TX-001461,CUST-003,2025-04-26 23:11:38,Americano | Latte | Muffin | Breakfast Sandwich | Pasta,28.5
TX-001462,CUST-079,2025-04-26 23:17:23,Cake Slice | Pasta | Breakfast Sandwich | Latte,27.5
TX-001463,CUST-014,2025-04-27 01:14:22,Americano | Croissant | Latte | Muffin | Pasta,26.0
TX-001464,CUST-088,2025-04-27 01:52:33,Breakfast Sandwich | Salad | Latte | Pasta,30.5
TX-001465,CUST-052,2025-04-27 04:13:23,Drip Coffee,2.5
TX-001466,CUST-042,2025-04-27 06:51:41,Tea,3.0
TX-001467,CUST-007,2025-04-27 08:56:45,Tea | Americano | Cake Slice | Breakfast Sandwich | Salad,26.5
TX-001468,CUST-034,2025-04-27 10:44:23,Salad | Latte | Croissant | Drip Coffee | Muffin,23.0
TX-001469,CUST-063,2025-04-27 11:49:12,Drip Coffee | Breakfast Sandwich,9.0
TX-001470,CUST-012,2025-04-27 15:21:54,Pasta | Breakfast Sandwich | Salad,26.0
TX-001471,CUST-022,2025-04-27 15:33:18,Muffin | Croissant | Breakfast Sandwich,14.0
TX-001472,CUST-006,2025-04-27 17:11:20,Croissant | Latte | Americano | Breakfast Sandwich,18.0
TX-001473,CUST-046,2025-04-27 17:55:29,Tea,3.0
TX-001474,CUST-072,2025-04-27 17:59:20,Muffin,3.5
TX-001475,CUST-064,2025-04-28 00:29:16,Americano,3.0
TX-001476,CUST-095,2025-04-28 01:57:30,Pasta | Cake Slice,16.5
TX-001477,CUST-014,2025-04-28 04:10:32,Salad | Americano | Pasta | Muffin,26.0
TX-001478,CUST-100,2025-04-28 06:06:06,Cake Slice | Breakfast Sandwich | Latte | Croissant,20.5
TX-001479,CUST-028,2025-04-28 06:40:00,Breakfast Sandwich | Latte | Cake Slice | Pasta,27.5
TX-001480,CUST-055,2025-04-28 08:12:09,Muffin,3.5
TX-001481,CUST-040,2025-04-28 10:10:51,Drip Coffee,2.5
TX-001482,CUST-010,2025-04-28 13:30:57,Salad | Cake Slice | Croissant | Latte,22.5
TX-001483,CUST-057,2025-04-28 20:20:48,Americano,3.0
TX-001484,CUST-031,2025-04-28 21:25:30,Breakfast Sandwich | Drip Coffee | Salad,17.5
TX-001485,CUST-019,2025-04-28 22:36:23,Cake Slice | Muffin | Pasta | Latte | Americano,27.5
TX-001486,CUST-018,2025-04-28 23:57:19,Americano | Latte | Pasta | Cake Slice | Croissant,28.0
TX-001487,CUST-143,2025-04-29 02:16:23,Latte | Breakfast Sandwich,11.0
TX-001488,CUST-036,2025-04-29 02:31:05,Cake Slice | Latte | Breakfast Sandwich | Pasta,27.5
TX-001489,CUST-063,2025-04-29 03:37:37,Muffin | Drip Coffee,6.0
TX-001490,CUST-129,2025-04-29 07:33:00,Americano,3.0
TX-001491,CUST-043,2025-04-29 08:00:32,Drip Coffee,2.5
TX-001492,CUST-045,2025-04-29 11:47:46,Muffin,3.5
TX-001493,CUST-024,2025-04-29 17:46:45,Tea | Croissant | Salad,15.5
TX-001494,CUST-071,2025-04-29 17:58:47,Drip Coffee,2.5
TX-001495,CUST-042,2025-04-29 18:13:49,Latte,4.5
TX-001496,CUST-023,2025-04-29 19:41:22,Salad | Cake Slice | Breakfast Sandwich | Pasta | Drip Coffee,34.0
TX-001497,CUST-051,2025-04-30 00:20:27,Drip Coffee | Muffin,6.0
TX-001498,CUST-058,2025-04-30 05:28:27,Americano | Muffin,6.5
TX-001499,CUST-015,2025-04-30 05:40:55,Breakfast Sandwich | Salad | Croissant,19.0
TX-001500,CUST-053,2025-04-30 09:37:00,Americano | Tea,6.0
TX-001501,CUST-023,2025-04-30 12:03:09,Breakfast Sandwich | Tea | Pasta,20.5
TX-001502,CUST-079,2025-04-30 13:52:55,Breakfast Sandwich | Salad,15.0
TX-001503,CUST-003,2025-04-30 18:42:23,Croissant | Latte | Muffin | Americano,15.0
TX-001504,CUST-007,2025-04-30 20:53:38,Salad | Breakfast Sandwich | Muffin,18.5
TX-001505,CUST-010,2025-04-30 21:56:47,Breakfast Sandwich | Latte | Pasta,22.0
TX-001506,CUST-018,2025-04-30 23:38:44,Croissant | Salad | Cake Slice,18.0
TX-001507,CUST-036,2025-05-01 00:44:25,Muffin | Croissant | Breakfast Sandwich | Latte,18.5
TX-001508,CUST-015,2025-05-01 01:59:55,Americano | Pasta | Drip Coffee | Cake Slice,22.0
TX-001509,CUST-044,2025-05-01 03:16:07,Muffin,3.5
TX-001510,CUST-029,2025-05-01 07:22:51,Pasta | Cake Slice | Latte | Breakfast Sandwich | Croissant,31.5
TX-001511,CUST-076,2025-05-01 15:47:09,Drip Coffee,2.5
TX-001512,CUST-006,2025-05-01 22:16:50,Pasta | Drip Coffee | Cake Slice | Breakfast Sandwich,25.5
TX-001513,CUST-020,2025-05-01 23:06:42,Salad | Breakfast Sandwich | Drip Coffee | Cake Slice,23.0
TX-001514,CUST-059,2025-05-02 00:07:40,Americano,3.0
TX-001515,CUST-019,2025-05-02 00:53:17,Drip Coffee | Cake Slice | Pasta | Salad,27.5
TX-001516,CUST-012,2025-05-02 13:18:53,Salad | Cake Slice | Drip Coffee | Tea | Latte,24.0
TX-001517,CUST-020,2025-05-02 16:09:35,Drip Coffee | Cake Slice | Croissant | Pasta | Latte,27.5
TX-001518,CUST-016,2025-05-02 16:30:36,Drip Coffee | Pasta | Breakfast Sandwich | Salad,28.5
TX-001519,CUST-100,2025-05-02 17:58:48,Pasta | Cake Slice | Breakfast Sandwich | Salad,31.5
TX-001520,CUST-004,2025-05-02 21:32:03,Breakfast Sandwich | Latte | Pasta | Salad | Americano,33.5
TX-001521,CUST-026,2025-05-02 23:21:58,Salad | Latte | Pasta | Cake Slice | Drip Coffee,32.0
TX-001522,CUST-068,2025-05-03 03:13:06,Tea,3.0
TX-001523,CUST-052,2025-05-03 03:32:48,Americano | Tea,6.0
TX-001524,CUST-089,2025-05-03 04:06:08,Latte | Breakfast Sandwich | Salad | Muffin,23.0
TX-001525,CUST-079,2025-05-03 05:59:36,Pasta | Latte,15.5
TX-001526,CUST-011,2025-05-03 07:12:08,Pasta | Salad | Muffin | Americano | Cake Slice,31.5
TX-001527,CUST-109,2025-05-03 08:05:08,Latte | Drip Coffee,7.0
TX-001528,CUST-109,2025-05-03 08:44:18,Pasta | Cake Slice | Croissant,20.5
TX-001529,CUST-041,2025-05-03 09:27:21,Drip Coffee,2.5
TX-001530,CUST-106,2025-05-03 09:32:28,Breakfast Sandwich | Latte | Tea,14.0
TX-001531,CUST-075,2025-05-03 09:53:12,Americano,3.0
TX-001532,CUST-009,2025-05-03 10:00:37,Salad | Cake Slice | Pasta | Muffin | Americano,31.5
TX-001533,CUST-036,2025-05-03 10:27:35,Latte | Cake Slice | Salad,18.5
TX-001534,CUST-138,2025-05-03 12:04:00,Muffin,3.5
TX-001535,CUST-139,2025-05-03 13:56:00,Croissant,4.0
TX-001536,CUST-069,2025-05-03 17:48:00,Drip Coffee,2.5
TX-001537,CUST-125,2025-05-03 21:21:44,Pasta,11.0
TX-001538,CUST-008,2025-05-04 09:23:55,Drip Coffee | Cake Slice | Muffin,11.5
TX-001539,CUST-014,2025-05-04 10:59:02,Latte | Cake Slice | Americano,13.0
TX-001540,CUST-031,2025-05-04 14:20:00,Cake Slice | Pasta | Latte | Americano | Drip Coffee,26.5
TX-001541,CUST-056,2025-05-04 16:41:50,Tea,3.0
TX-001542,CUST-031,2025-05-04 20:04:52,Muffin | Latte | Tea | Cake Slice | Americano,19.5
TX-001543,CUST-017,2025-05-05 01:50:52,Americano | Drip Coffee | Cake Slice | Breakfast Sandwich | Salad,26.0
TX-001544,CUST-042,2025-05-05 01:59:34,Drip Coffee | Tea,5.5
TX-001545,CUST-074,2025-05-05 02:25:41,Tea | Drip Coffee,5.5
TX-001546,CUST-066,2025-05-05 09:08:49,Muffin,3.5
TX-001547,CUST-005,2025-05-05 10:14:01,Americano | Breakfast Sandwich | Pasta,20.5
TX-001548,CUST-049,2025-05-05 14:41:38,Muffin,3.5
TX-001549,CUST-145,2025-05-05 15:39:27,Cake Slice | Breakfast Sandwich,12.0
TX-001550,CUST-088,2025-05-05 17:12:57,Muffin | Latte,8.0
TX-001551,CUST-021,2025-05-05 17:38:12,Muffin | Pasta | Salad,23.0
TX-001552,CUST-017,2025-05-05 19:47:28,Croissant | Pasta | Breakfast Sandwich,21.5
TX-001553,CUST-010,2025-05-05 19:58:05,Cake Slice | Latte | Breakfast Sandwich,16.5
TX-001554,CUST-024,2025-05-05 22:25:58,Cake Slice | Drip Coffee | Latte,12.5
TX-001555,CUST-019,2025-05-06 04:00:22,Pasta | Breakfast Sandwich | Croissant | Cake Slice | Drip Coffee,29.5
TX-001556,CUST-027,2025-05-06 04:26:37,Cake Slice | Salad | Muffin | Croissant,21.5
TX-001557,CUST-018,2025-05-06 04:42:01,Latte | Pasta | Salad | Breakfast Sandwich,30.5
TX-001558,CUST-017,2025-05-06 07:22:37,Breakfast Sandwich | Croissant | Muffin | Latte | Drip Coffee,21.0
TX-001559,CUST-056,2025-05-06 08:32:38,Tea | Croissant,7.0
TX-001560,CUST-026,2025-05-06 08:52:34,Drip Coffee | Americano | Pasta,16.5
TX-001561,CUST-019,2025-05-06 11:04:50,Muffin | Latte | Tea | Pasta | Croissant,26.0
TX-001562,CUST-018,2025-05-06 11:38:40,Americano | Breakfast Sandwich | Latte | Muffin | Cake Slice,23.0
TX-001563,CUST-007,2025-05-06 12:58:39,Muffin | Croissant | Pasta | Breakfast Sandwich,25.0
TX-001564,CUST-077,2025-05-06 18:45:27,Americano,3.0
TX-001565,CUST-050,2025-05-06 23:43:52,Drip Coffee | Muffin,6.0
TX-001566,CUST-070,2025-05-07 00:20:06,Tea,3.0
TX-001567,CUST-038,2025-05-07 02:17:13,Americano | Salad | Pasta,22.5
TX-001568,CUST-072,2025-05-07 03:05:54,Drip Coffee | Americano,5.5
TX-001569,CUST-010,2025-05-07 03:22:03,Salad | Tea | Pasta | Breakfast Sandwich,29.0
TX-001570,CUST-107,2025-05-07 06:13:59,Breakfast Sandwich | Croissant | Drip Coffee,13.0
TX-001571,CUST-092,2025-05-07 06:16:51,Salad | Cake Slice,14.0
TX-001572,CUST-040,2025-05-07 07:08:16,Muffin | Croissant,7.5
TX-001573,CUST-006,2025-05-07 08:03:39,Breakfast Sandwich | Cake Slice | Pasta | Drip Coffee | Croissant,29.5
TX-001574,CUST-027,2025-05-07 14:18:56,Croissant | Cake Slice | Latte,14.0
TX-001575,CUST-045,2025-05-07 15:24:33,Drip Coffee,2.5
TX-001576,CUST-032,2025-05-07 17:22:25,Drip Coffee | Latte | Muffin,10.5
TX-001577,CUST-066,2025-05-07 18:33:17,Croissant | Muffin,7.5
TX-001578,CUST-141,2025-05-07 20:48:24,Cake Slice | Muffin,9.0
TX-001579,CUST-038,2025-05-07 23:10:34,Breakfast Sandwich | Tea | Drip Coffee | Muffin | Salad,24.0
TX-001580,CUST-031,2025-05-08 00:21:20,Tea | Breakfast Sandwich | Latte,14.0
TX-001581,CUST-105,2025-05-08 02:35:10,Croissant | Breakfast Sandwich | Tea | Pasta,24.5
TX-001582,CUST-038,2025-05-08 02:52:58,Americano | Breakfast Sandwich | Croissant,13.5
TX-001583,CUST-058,2025-05-08 02:54:58,Drip Coffee,2.5
TX-001584,CUST-031,2025-05-08 05:47:23,Breakfast Sandwich | Drip Coffee | Latte,13.5
TX-001585,CUST-131,2025-05-08 08:55:28,Muffin | Salad,12.0
TX-001586,CUST-040,2025-05-08 09:04:40,Americano | Muffin,6.5
TX-001587,CUST-132,2025-05-08 15:21:00,Salad,8.5
TX-001588,CUST-031,2025-05-08 18:41:28,Drip Coffee | Latte | Tea,10.0
TX-001589,CUST-007,2025-05-08 19:27:34,Pasta | Latte | Drip Coffee | Americano,21.0
TX-001590,CUST-039,2025-05-08 22:35:06,Tea | Muffin,6.5
TX-001591,CUST-015,2025-05-09 01:39:47,Breakfast Sandwich | Muffin | Americano,13.0
TX-001592,CUST-026,2025-05-09 02:17:39,Tea | Breakfast Sandwich | Cake Slice,15.0
TX-001593,CUST-101,2025-05-09 05:39:37,Cake Slice | Pasta | Salad,25.0
TX-001594,CUST-025,2025-05-09 07:05:38,Muffin | Latte | Americano | Pasta,22.0
TX-001595,CUST-021,2025-05-09 10:28:48,Breakfast Sandwich | Latte | Salad | Drip Coffee,22.0
TX-001596,CUST-013,2025-05-09 10:43:48,Latte | Breakfast Sandwich | Salad | Pasta | Muffin,34.0
TX-001597,CUST-137,2025-05-09 12:45:00,Breakfast Sandwich | Croissant,10.5
TX-001598,CUST-021,2025-05-09 14:06:14,Salad | Latte | Breakfast Sandwich | Croissant | Drip Coffee,26.0
TX-001599,CUST-020,2025-05-09 14:53:13,Salad | Pasta | Drip Coffee | Muffin,25.5
TX-001600,CUST-010,2025-05-09 16:20:43,Salad | Latte | Croissant | Breakfast Sandwich,23.5
TX-001601,CUST-035,2025-05-09 18:28:21,Croissant | Pasta | Latte,19.5
TX-001602,CUST-006,2025-05-09 18:56:32,Latte | Americano | Croissant,11.5
TX-001603,CUST-006,2025-05-10 00:13:37,Drip Coffee | Latte | Salad,15.5
TX-001604,CUST-037,2025-05-10 01:39:30,Croissant | Cake Slice | Drip Coffee | Pasta | Muffin,26.5
TX-001605,CUST-107,2025-05-10 03:12:48,Croissant | Latte | Cake Slice,14.0
TX-001606,CUST-001,2025-05-10 07:02:27,Cake Slice | Drip Coffee | Latte,12.5
TX-001607,CUST-130,2025-05-10 09:23:37,Breakfast Sandwich,6.5
TX-001608,CUST-013,2025-05-10 15:21:11,Croissant | Americano | Muffin | Drip Coffee | Cake Slice,18.5
TX-001609,CUST-026,2025-05-10 20:57:40,Tea | Cake Slice | Americano | Breakfast Sandwich,18.0
TX-001610,CUST-028,2025-05-10 21:18:34,Muffin | Cake Slice | Latte | Pasta,24.5
TX-001611,CUST-005,2025-05-11 00:30:53,Latte | Salad | Breakfast Sandwich,19.5
TX-001612,CUST-021,2025-05-11 01:27:59,Latte | Muffin | Breakfast Sandwich,14.5
TX-001613,CUST-008,2025-05-11 04:05:49,Latte | Pasta | Muffin | Breakfast Sandwich | Drip Coffee,28.0
TX-001614,CUST-024,2025-05-11 07:51:31,Latte | Cake Slice | Salad | Drip Coffee,21.0
TX-001615,CUST-017,2025-05-11 09:07:32,Latte | Drip Coffee | Pasta | Breakfast Sandwich | Croissant,28.5
TX-001616,CUST-019,2025-05-11 09:09:26,Latte | Americano | Croissant | Muffin,15.0
TX-001617,CUST-025,2025-05-11 12:14:32,Croissant | Drip Coffee | Salad | Cake Slice | Latte,25.0
TX-001618,CUST-031,2025-05-11 19:03:50,Latte | Americano | Pasta | Tea | Drip Coffee,24.0
TX-001619,CUST-039,2025-05-11 23:04:44,Tea,3.0
TX-001620,CUST-014,2025-05-11 23:24:08,Muffin | Latte | Cake Slice | Drip Coffee,16.0
TX-001621,CUST-051,2025-05-12 01:52:55,Drip Coffee,2.5
TX-001622,CUST-107,2025-05-12 02:51:48,Breakfast Sandwich | Latte | Pasta,22.0
TX-001623,CUST-025,2025-05-12 05:31:43,Muffin | Breakfast Sandwich | Pasta | Croissant,25.0
TX-001624,CUST-022,2025-05-12 06:42:53,Cake Slice | Muffin | Tea,12.0
TX-001625,CUST-141,2025-05-12 08:03:00,Croissant | Latte,8.5
TX-001626,CUST-042,2025-05-12 09:53:09,Drip Coffee,2.5
TX-001627,CUST-014,2025-05-12 13:47:58,Americano | Croissant | Pasta | Latte | Cake Slice,28.0
TX-001628,CUST-056,2025-05-12 17:41:20,Drip Coffee,2.5
TX-001629,CUST-062,2025-05-12 17:55:17,Muffin | Americano,6.5
TX-001630,CUST-059,2025-05-12 19:28:05,Drip Coffee,2.5
TX-001631,CUST-079,2025-05-12 19:39:23,Muffin | Tea | Pasta,17.5
TX-001632,CUST-102,2025-05-12 22:18:21,Breakfast Sandwich | Cake Slice | Salad | Croissant,24.5
TX-001633,CUST-047,2025-05-12 23:12:42,Tea,3.0
TX-001634,CUST-025,2025-05-13 04:41:12,Americano | Drip Coffee | Breakfast Sandwich | Pasta | Cake Slice,28.5
TX-001635,CUST-005,2025-05-13 06:07:28,Salad | Breakfast Sandwich | Muffin | Americano | Latte,26.0
TX-001636,CUST-022,2025-05-13 06:27:41,Drip Coffee | Latte | Breakfast Sandwich,13.5
TX-001637,CUST-048,2025-05-13 08:35:09,Tea | Latte,7.5
TX-001638,CUST-124,2025-05-13 10:24:33,Americano,3.0
TX-001639,CUST-005,2025-05-13 10:47:48,Cake Slice | Latte | Breakfast Sandwich | Pasta | Muffin,31.0
TX-001640,CUST-041,2025-05-13 12:18:31,Drip Coffee,2.5
TX-001641,CUST-011,2025-05-13 14:00:49,Latte | Pasta | Cake Slice | Croissant,25.0
TX-001642,CUST-044,2025-05-13 15:36:43,Americano | Tea,6.0
TX-001643,CUST-070,2025-05-13 19:32:28,Drip Coffee | Muffin,6.0
TX-001644,CUST-044,2025-05-13 20:58:40,Drip Coffee,2.5
TX-001645,CUST-061,2025-05-13 21:12:55,Tea | Drip Coffee,5.5
TX-001646,CUST-010,2025-05-13 21:21:14,Croissant | Latte | Salad | Americano | Breakfast Sandwich,26.5
TX-001647,CUST-004,2025-05-13 23:28:21,Cake Slice | Salad | Croissant,18.0
TX-001648,CUST-062,2025-05-14 01:05:03,Tea | Drip Coffee,5.5
TX-001649,CUST-027,2025-05-14 01:11:34,Salad | Tea | Latte | Cake Slice,21.5
TX-001650,CUST-088,2025-05-14 01:28:01,Salad | Breakfast Sandwich,15.0
TX-001651,CUST-106,2025-05-14 01:40:01,Latte | Pasta | Breakfast Sandwich | Cake Slice,27.5
TX-001652,CUST-035,2025-05-14 06:03:46,Breakfast Sandwich | Pasta | Cake Slice | Muffin,26.5
TX-001653,CUST-023,2025-05-14 06:53:39,Salad | Cake Slice | Latte | Americano | Pasta,32.5
TX-001654,CUST-125,2025-05-14 09:20:38,Tea | Drip Coffee,5.5
TX-001655,CUST-065,2025-05-14 17:12:58,Breakfast Sandwich,6.5
TX-001656,CUST-005,2025-05-14 19:38:30,Breakfast Sandwich | Latte | Tea | Salad,22.5
TX-001657,CUST-007,2025-05-14 21:16:31,Drip Coffee | Pasta | Americano | Tea | Breakfast Sandwich,26.0
TX-001658,CUST-029,2025-05-14 22:40:11,Latte | Muffin | Drip Coffee,10.5
TX-001659,CUST-015,2025-05-14 23:55:11,Salad | Tea | Breakfast Sandwich | Americano,21.0
TX-001660,CUST-115,2025-05-15 00:47:35,Salad,8.5
TX-001661,CUST-007,2025-05-15 01:56:11,Drip Coffee | Salad | Breakfast Sandwich | Latte,22.0
TX-001662,CUST-004,2025-05-15 02:37:54,Breakfast Sandwich | Latte | Cake Slice,16.5
TX-001663,CUST-071,2025-05-15 03:21:14,Croissant | Tea,7.0
TX-001664,CUST-042,2025-05-15 05:54:14,Croissant | Latte,8.5
TX-001665,CUST-090,2025-05-15 11:31:28,Pasta | Drip Coffee,13.5
TX-001666,CUST-014,2025-05-16 00:26:00,Muffin | Latte | Croissant,12.0
TX-001667,CUST-027,2025-05-16 00:37:25,Drip Coffee | Pasta | Cake Slice,19.0
TX-001668,CUST-001,2025-05-16 05:27:44,Drip Coffee | Latte | Croissant | Americano,14.0
TX-001669,CUST-069,2025-05-16 07:03:52,Muffin,3.5
TX-001670,CUST-028,2025-05-16 07:07:59,Latte | Americano | Breakfast Sandwich | Drip Coffee,16.5
TX-001671,CUST-037,2025-05-16 08:52:39,Pasta | Breakfast Sandwich | Salad | Cake Slice | Latte,36.0
TX-001672,CUST-012,2025-05-16 09:33:40,Drip Coffee | Breakfast Sandwich | Salad | Pasta,28.5
TX-001673,CUST-116,2025-05-16 13:16:01,Latte | Croissant,8.5
TX-001674,CUST-070,2025-05-16 14:35:45,Drip Coffee,2.5
TX-001675,CUST-009,2025-05-16 15:10:01,Cake Slice | Croissant | Breakfast Sandwich,16.0
TX-001676,CUST-035,2025-05-16 17:09:16,Latte | Pasta | Muffin | Americano | Breakfast Sandwich,28.5
TX-001677,CUST-021,2025-05-16 18:37:51,Croissant | Salad | Americano | Cake Slice,21.0
TX-001678,CUST-023,2025-05-16 20:19:32,Cake Slice | Drip Coffee | Breakfast Sandwich | Tea,17.5
TX-001679,CUST-079,2025-05-16 21:30:46,Croissant | Cake Slice | Latte,14.0
TX-001680,CUST-073,2025-05-16 22:12:46,Latte | Drip Coffee,7.0
TX-001681,CUST-059,2025-05-17 02:32:02,Tea,3.0
TX-001682,CUST-030,2025-05-17 02:46:31,Latte | Muffin | Drip Coffee | Breakfast Sandwich | Americano,20.0
TX-001683,CUST-050,2025-05-17 02:55:14,Drip Coffee,2.5
TX-001684,CUST-124,2025-05-17 17:10:00,Breakfast Sandwich | Drip Coffee,9.0
TX-001685,CUST-125,2025-05-17 17:21:00,Pasta,11.0
TX-001686,CUST-073,2025-05-17 17:33:51,Drip Coffee,2.5
TX-001687,CUST-030,2025-05-17 22:18:05,Pasta | Breakfast Sandwich | Cake Slice | Salad | Muffin,35.0
TX-001688,CUST-020,2025-05-18 04:12:03,Breakfast Sandwich | Latte | Cake Slice | Salad | Drip Coffee,27.5
TX-001689,CUST-022,2025-05-18 05:23:43,Salad | Cake Slice | Pasta | Tea | Americano,31.0
TX-001690,CUST-065,2025-05-18 07:18:13,Americano | Drip Coffee,5.5
TX-001691,CUST-028,2025-05-18 09:44:04,Latte | Cake Slice | Pasta | Breakfast Sandwich,27.5
TX-001692,CUST-053,2025-05-18 13:35:41,Drip Coffee | Muffin,6.0
TX-001693,CUST-007,2025-05-18 17:05:00,Breakfast Sandwich | Salad | Cake Slice | Croissant | Latte,29.0
TX-001694,CUST-066,2025-05-18 19:35:17,Drip Coffee | Tea,5.5
TX-001695,CUST-008,2025-05-18 19:46:43,Pasta | Breakfast Sandwich | Latte | Americano,25.0
TX-001696,CUST-083,2025-05-18 20:24:49,Breakfast Sandwich | Pasta | Muffin | Croissant,25.0
TX-001697,CUST-042,2025-05-18 23:12:15,Tea,3.0
TX-001698,CUST-012,2025-05-19 01:05:04,Pasta | Drip Coffee | Latte | Salad | Americano,29.5
TX-001699,CUST-003,2025-05-19 06:23:24,Pasta | Salad | Breakfast Sandwich | Latte | Muffin,34.0
TX-001700,CUST-025,2025-05-19 07:32:17,Americano | Pasta | Croissant,18.0
TX-001701,CUST-056,2025-05-19 13:07:19,Cake Slice,5.5
TX-001702,CUST-024,2025-05-19 14:19:17,Breakfast Sandwich | Drip Coffee | Croissant,13.0
TX-001703,CUST-017,2025-05-19 16:22:09,Cake Slice | Salad | Breakfast Sandwich | Latte | Americano,28.0
TX-001704,CUST-116,2025-05-19 16:59:00,Tea,3.0
TX-001705,CUST-021,2025-05-19 17:36:12,Latte | Cake Slice | Americano | Croissant | Muffin,20.5
TX-001706,CUST-004,2025-05-19 18:42:47,Pasta | Cake Slice | Latte,21.0
TX-001707,CUST-015,2025-05-19 20:56:15,Breakfast Sandwich | Drip Coffee | Tea,12.0
TX-001708,CUST-048,2025-05-19 21:24:28,Muffin | Americano,6.5
TX-001709,CUST-070,2025-05-20 00:18:28,Croissant | Drip Coffee,6.5
TX-001710,CUST-085,2025-05-20 03:49:21,Breakfast Sandwich | Salad,15.0
TX-001711,CUST-069,2025-05-20 11:46:25,Pasta | Latte,15.5
TX-001712,CUST-084,2025-05-20 15:40:36,Salad | Pasta | Cake Slice,25.0
TX-001713,CUST-017,2025-05-20 18:53:33,Breakfast Sandwich | Pasta | Latte | Muffin,25.5
TX-001714,CUST-036,2025-05-20 20:59:06,Latte | Muffin | Salad | Croissant | Drip Coffee,23.0
TX-001715,CUST-013,2025-05-20 23:42:21,Croissant | Breakfast Sandwich | Muffin | Cake Slice,19.5
TX-001716,CUST-014,2025-05-21 02:36:36,Latte | Pasta | Muffin | Cake Slice,24.5
TX-001717,CUST-060,2025-05-21 06:01:12,Tea | Drip Coffee,5.5
TX-001718,CUST-007,2025-05-21 06:36:43,Pasta | Cake Slice | Breakfast Sandwich | Latte,27.5
TX-001719,CUST-008,2025-05-21 11:27:47,Breakfast Sandwich | Muffin | Latte | Salad | Cake Slice,28.5
TX-001720,CUST-025,2025-05-21 13:55:35,Breakfast Sandwich | Drip Coffee | Salad,17.5
TX-001721,CUST-008,2025-05-21 17:34:17,Cake Slice | Muffin | Croissant | Drip Coffee | Salad,24.0
TX-001722,CUST-067,2025-05-21 18:19:08,Drip Coffee | Muffin,6.0
TX-001723,CUST-077,2025-05-21 20:57:47,Cake Slice | Americano,8.5
TX-001724,CUST-111,2025-05-21 22:02:23,Pasta | Croissant | Muffin,18.5
TX-001725,CUST-014,2025-05-21 22:23:14,Croissant | Breakfast Sandwich | Americano | Cake Slice,19.0
TX-001726,CUST-033,2025-05-21 23:25:56,Croissant | Breakfast Sandwich | Muffin,14.0
TX-001727,CUST-018,2025-05-22 01:08:21,Muffin | Breakfast Sandwich | Latte,14.5
TX-001728,CUST-007,2025-05-22 02:05:19,Pasta | Americano | Tea | Latte | Cake Slice,27.0
TX-001729,CUST-145,2025-05-22 02:26:59,Cake Slice | Muffin,9.0
TX-001730,CUST-042,2025-05-22 02:35:24,Muffin | Americano,6.5
TX-001731,CUST-056,2025-05-22 04:16:09,Croissant | Tea,7.0
TX-001732,CUST-084,2025-05-22 04:49:49,Latte | Drip Coffee | Pasta,18.0
TX-001733,CUST-052,2025-05-22 06:54:35,Drip Coffee,2.5
TX-001734,CUST-008,2025-05-22 07:01:20,Latte | Muffin | Tea | Cake Slice,16.5
TX-001735,CUST-032,2025-05-22 07:24:31,Salad | Americano | Croissant | Muffin | Latte,23.5
TX-001736,CUST-015,2025-05-22 13:58:17,Latte | Pasta | Cake Slice,21.0
TX-001737,CUST-084,2025-05-22 15:01:24,Salad | Pasta | Latte | Drip Coffee,26.5
TX-001738,CUST-003,2025-05-22 17:25:36,Latte | Americano | Pasta | Cake Slice,24.0
TX-001739,CUST-069,2025-05-22 23:38:38,Drip Coffee | Muffin,6.0
TX-001740,CUST-004,2025-05-23 00:27:51,Latte | Americano | Breakfast Sandwich | Salad | Muffin,26.0
TX-001741,CUST-043,2025-05-23 01:04:38,Americano,3.0
TX-001742,CUST-005,2025-05-23 01:49:29,Breakfast Sandwich | Pasta | Croissant | Latte,26.0
TX-001743,CUST-045,2025-05-23 08:25:56,Muffin | Americano,6.5
TX-001744,CUST-079,2025-05-23 08:54:32,Drip Coffee | Cake Slice | Salad | Breakfast Sandwich,23.0
TX-001745,CUST-008,2025-05-23 10:36:25,Muffin | Drip Coffee | Breakfast Sandwich | Croissant,16.5
TX-001746,CUST-038,2025-05-23 11:19:05,Muffin | Breakfast Sandwich | Cake Slice | Drip Coffee,18.0
TX-001747,CUST-088,2025-05-23 13:45:29,Cake Slice | Latte | Drip Coffee,12.5
TX-001748,CUST-069,2025-05-23 21:38:29,Croissant,4.0
TX-001749,CUST-020,2025-05-24 01:40:04,Americano | Pasta | Breakfast Sandwich | Drip Coffee | Latte,27.5
TX-001750,CUST-069,2025-05-24 04:25:45,Drip Coffee | Americano,5.5
TX-001751,CUST-046,2025-05-24 04:43:27,Drip Coffee | Muffin,6.0
TX-001752,CUST-038,2025-05-24 05:44:10,Latte | Breakfast Sandwich | Muffin,14.5
TX-001753,CUST-039,2025-05-24 07:13:10,Drip Coffee | Muffin,6.0
TX-001754,CUST-037,2025-05-24 07:19:53,Latte | Breakfast Sandwich | Tea | Drip Coffee,16.5
TX-001755,CUST-008,2025-05-24 08:01:18,Latte | Breakfast Sandwich | Croissant | Pasta,26.0
TX-001756,CUST-078,2025-05-24 08:03:29,Drip Coffee | Tea,5.5
TX-001757,CUST-085,2025-05-24 09:05:06,Pasta | Cake Slice | Salad | Americano,28.0
TX-001758,CUST-111,2025-05-24 10:30:06,Cake Slice | Latte | Croissant,14.0
TX-001759,CUST-002,2025-05-24 11:02:52,Cake Slice | Breakfast Sandwich | Latte,16.5
TX-001760,CUST-126,2025-05-24 13:38:00,Cake Slice,5.5
TX-001761,CUST-105,2025-05-24 13:51:56,Breakfast Sandwich | Cake Slice,12.0
TX-001762,CUST-130,2025-05-24 15:29:31,Latte | Breakfast Sandwich,11.0
TX-001763,CUST-087,2025-05-24 15:42:34,Muffin | Croissant | Cake Slice | Salad,21.5
TX-001764,CUST-050,2025-05-24 17:29:20,Americano,3.0
TX-001765,CUST-081,2025-05-24 19:32:06,Latte | Americano,7.5
TX-001766,CUST-070,2025-05-24 21:14:34,Tea,3.0
TX-001767,CUST-145,2025-05-25 00:07:30,Tea | Drip Coffee,5.5
TX-001768,CUST-004,2025-05-25 00:56:29,Croissant | Salad | Drip Coffee | Latte,19.5
TX-001769,CUST-008,2025-05-25 02:10:21,Breakfast Sandwich | Latte | Muffin | Croissant,18.5
TX-001770,CUST-046,2025-05-25 02:38:11,Drip Coffee | Croissant,6.5
TX-001771,CUST-053,2025-05-25 09:41:14,Muffin | Tea,6.5
TX-001772,CUST-045,2025-05-25 12:28:09,Drip Coffee | Croissant,6.5
TX-001773,CUST-070,2025-05-25 12:34:59,Muffin | Drip Coffee,6.0
TX-001774,CUST-095,2025-05-25 13:44:30,Breakfast Sandwich | Pasta | Latte,22.0
TX-001775,CUST-069,2025-05-25 14:49:19,Croissant,4.0
TX-001776,CUST-074,2025-05-25 15:44:42,Muffin | Drip Coffee,6.0
TX-001777,CUST-057,2025-05-25 17:38:01,Drip Coffee | Muffin,6.0
TX-001778,CUST-102,2025-05-25 18:59:43,Muffin | Latte,8.0
TX-001779,CUST-027,2025-05-25 20:56:53,Breakfast Sandwich | Latte | Drip Coffee | Tea | Pasta,27.5
TX-001780,CUST-057,2025-05-26 03:36:17,Drip Coffee,2.5
TX-001781,CUST-032,2025-05-26 05:05:17,Breakfast Sandwich | Croissant | Latte | Salad | Americano,26.5
TX-001782,CUST-089,2025-05-26 05:26:35,Drip Coffee | Breakfast Sandwich,9.0
TX-001783,CUST-066,2025-05-26 06:02:04,Drip Coffee,2.5
TX-001784,CUST-096,2025-05-26 07:50:30,Cake Slice | Croissant | Salad,18.0
TX-001785,CUST-033,2025-05-26 08:38:07,Croissant | Americano | Muffin | Drip Coffee,13.0
TX-001786,CUST-078,2025-05-26 16:16:44,Americano,3.0
TX-001787,CUST-037,2025-05-26 16:35:52,Muffin | Latte | Breakfast Sandwich | Cake Slice | Pasta,31.0
TX-001788,CUST-092,2025-05-26 17:47:10,Croissant | Tea | Breakfast Sandwich | Latte,18.0
TX-001789,CUST-069,2025-05-26 19:31:05,Muffin | Americano,6.5
TX-001790,CUST-015,2025-05-26 21:03:44,Pasta | Latte | Muffin | Breakfast Sandwich,25.5
TX-001791,CUST-025,2025-05-27 04:40:14,Pasta | Breakfast Sandwich | Latte | Drip Coffee,24.5
TX-001792,CUST-007,2025-05-27 04:47:09,Drip Coffee | Latte | Cake Slice | Breakfast Sandwich | Salad,27.5
TX-001793,CUST-081,2025-05-27 08:47:35,Salad | Breakfast Sandwich | Latte,19.5
TX-001794,CUST-050,2025-05-27 10:06:13,Americano | Muffin,6.5
TX-001795,CUST-023,2025-05-27 10:41:32,Breakfast Sandwich | Muffin | Cake Slice | Pasta | Salad,35.0
TX-001796,CUST-068,2025-05-27 15:33:36,Tea,3.0
TX-001797,CUST-001,2025-05-27 18:11:21,Cake Slice | Americano | Pasta | Croissant | Latte,28.0
TX-001798,CUST-074,2025-05-27 18:48:28,Cake Slice,5.5
TX-001799,CUST-010,2025-05-27 20:10:28,Drip Coffee | Breakfast Sandwich | Latte,13.5
TX-001800,CUST-091,2025-05-27 21:07:23,Salad | Cake Slice | Latte | Drip Coffee,21.0
TX-001801,CUST-012,2025-05-27 22:50:21,Drip Coffee | Latte | Breakfast Sandwich,13.5
TX-001802,CUST-052,2025-05-28 01:03:44,Americano,3.0
TX-001803,CUST-063,2025-05-28 03:42:37,Muffin | Tea,6.5
TX-001804,CUST-037,2025-05-28 07:33:05,Salad | Cake Slice | Tea | Pasta | Americano,31.0
TX-001805,CUST-024,2025-05-28 08:14:01,Breakfast Sandwich | Americano | Latte | Pasta | Cake Slice,30.5
TX-001806,CUST-060,2025-05-28 09:54:04,Americano | Drip Coffee,5.5
TX-001807,CUST-072,2025-05-28 11:03:35,Muffin,3.5
TX-001808,CUST-003,2025-05-28 11:35:22,Pasta | Americano | Cake Slice | Tea,22.5
TX-001809,CUST-049,2025-05-28 11:41:55,Drip Coffee | Muffin,6.0
TX-001810,CUST-014,2025-05-28 12:49:42,Latte | Drip Coffee | Pasta,18.0
TX-001811,CUST-039,2025-05-28 14:41:34,Drip Coffee | Croissant,6.5
TX-001812,CUST-005,2025-05-28 14:55:06,Latte | Pasta | Drip Coffee | Salad | Muffin,30.0
TX-001813,CUST-066,2025-05-28 16:42:55,Drip Coffee,2.5
TX-001814,CUST-029,2025-05-28 23:50:29,Latte | Croissant | Breakfast Sandwich,15.0
TX-001815,CUST-029,2025-05-29 01:41:58,Cake Slice | Pasta | Americano | Drip Coffee | Breakfast Sandwich,28.5
TX-001816,CUST-018,2025-05-29 03:05:48,Latte | Breakfast Sandwich | Muffin,14.5
TX-001817,CUST-047,2025-05-29 05:21:55,Tea | Drip Coffee,5.5
TX-001818,CUST-023,2025-05-29 07:47:34,Muffin | Latte | Pasta | Croissant,23.0
TX-001819,CUST-051,2025-05-29 10:28:11,Drip Coffee,2.5
TX-001820,CUST-130,2025-05-29 14:09:29,Drip Coffee | Cake Slice,8.0
TX-001821,CUST-009,2025-05-29 14:38:34,Latte | Pasta | Cake Slice | Muffin,24.5
TX-001822,CUST-019,2025-05-29 15:56:16,Croissant | Tea | Americano | Salad | Drip Coffee,21.0
TX-001823,CUST-023,2025-05-29 16:04:01,Pasta | Americano | Cake Slice,19.5
TX-001824,CUST-109,2025-05-29 16:15:34,Pasta | Drip Coffee,13.5
TX-001825,CUST-004,2025-05-29 18:26:10,Breakfast Sandwich | Americano | Croissant | Cake Slice,19.0
TX-001826,CUST-066,2025-05-29 19:25:00,Muffin,3.5
TX-001827,CUST-104,2025-05-29 21:26:06,Breakfast Sandwich | Latte | Cake Slice | Pasta,27.5
TX-001828,CUST-016,2025-05-29 23:26:35,Latte | Croissant | Breakfast Sandwich,15.0
TX-001829,CUST-029,2025-05-29 23:30:56,Latte | Breakfast Sandwich | Muffin | Croissant,18.5
TX-001830,CUST-032,2025-05-30 02:57:28,Pasta | Croissant | Breakfast Sandwich | Latte,26.0
TX-001831,CUST-003,2025-05-30 03:40:13,Drip Coffee | Americano | Pasta,16.5
TX-001832,CUST-045,2025-05-30 12:36:22,Americano | Latte,7.5
TX-001833,CUST-016,2025-05-30 14:33:20,Breakfast Sandwich | Salad | Muffin | Latte,23.0
TX-001834,CUST-037,2025-05-30 16:23:29,Americano | Croissant | Cake Slice | Breakfast Sandwich | Drip Coffee,21.5
TX-001835,CUST-015,2025-05-30 16:31:10,Drip Coffee | Breakfast Sandwich | Tea | Croissant,16.0
TX-001836,CUST-042,2025-05-30 16:39:16,Cake Slice,5.5
TX-001837,CUST-029,2025-05-30 16:49:33,Drip Coffee | Salad | Breakfast Sandwich | Pasta,28.5
TX-001838,CUST-056,2025-05-30 17:08:05,Croissant,4.0
TX-001839,CUST-016,2025-05-30 19:09:39,Muffin | Drip Coffee | Breakfast Sandwich | Latte,17.0
TX-001840,CUST-003,2025-05-30 19:28:10,Croissant | Cake Slice | Latte,14.0
TX-001841,CUST-030,2025-05-30 19:37:30,Cake Slice | Breakfast Sandwich | Drip Coffee | Latte | Salad,27.5
TX-001842,CUST-073,2025-05-30 20:17:02,Muffin,3.5
TX-001843,CUST-096,2025-05-30 21:44:07,Cake Slice | Americano,8.5
TX-001844,CUST-026,2025-05-30 23:47:10,Drip Coffee | Cake Slice | Latte | Muffin,16.0
TX-001845,CUST-045,2025-05-31 02:47:26,Drip Coffee | Americano,5.5
TX-001846,CUST-079,2025-05-31 05:31:24,Salad | Cake Slice | Croissant,18.0
TX-001847,CUST-040,2025-05-31 11:59:54,Drip Coffee | Croissant,6.5
TX-001848,CUST-019,2025-05-31 12:05:01,Latte | Croissant | Drip Coffee,11.0
TX-001849,CUST-089,2025-05-31 14:26:16,Cake Slice | Breakfast Sandwich | Tea | Pasta,26.0
TX-001850,CUST-012,2025-05-31 16:08:22,Americano | Cake Slice | Muffin | Breakfast Sandwich | Pasta,29.5
TX-001851,CUST-084,2025-05-31 16:29:23,Americano | Cake Slice | Salad | Latte,21.5
TX-001852,CUST-075,2025-05-31 17:47:39,Drip Coffee | Croissant,6.5
TX-001853,CUST-077,2025-05-31 18:18:55,Tea,3.0
TX-001854,CUST-122,2025-05-31 18:31:00,Breakfast Sandwich,6.5
TX-001855,CUST-023,2025-05-31 19:36:14,Americano | Cake Slice | Croissant | Pasta,23.5
TX-001856,CUST-018,2025-05-31 22:15:17,Breakfast Sandwich | Muffin | Cake Slice | Salad | Americano,27.0
TX-001857,CUST-022,2025-05-31 22:20:08,Latte | Cake Slice | Muffin,13.5
TX-001858,CUST-067,2025-05-31 22:33:56,Americano,3.0
TX-001859,CUST-012,2025-06-01 02:32:13,Breakfast Sandwich | Salad | Latte,19.5
TX-001860,CUST-044,2025-06-01 08:07:49,Americano | Drip Coffee,5.5
TX-001861,CUST-018,2025-06-01 08:16:25,Pasta | Salad | Latte | Cake Slice | Croissant,33.5
TX-001862,CUST-031,2025-06-01 08:28:06,Latte | Salad | Croissant | Cake Slice | Pasta,33.5
TX-001863,CUST-030,2025-06-01 12:11:42,Muffin | Tea | Cake Slice | Pasta,23.0
TX-001864,CUST-017,2025-06-01 15:47:02,Pasta | Breakfast Sandwich | Croissant | Latte | Drip Coffee,28.5
TX-001865,CUST-027,2025-06-01 17:52:10,Muffin | Breakfast Sandwich | Pasta,21.0
TX-001866,CUST-040,2025-06-01 21:29:56,Drip Coffee | Latte,7.0
TX-001867,CUST-026,2025-06-01 22:29:54,Americano | Pasta | Salad,22.5
TX-001868,CUST-094,2025-06-01 23:51:56,Cake Slice | Pasta | Salad,25.0
TX-001869,CUST-043,2025-06-02 00:04:59,Drip Coffee,2.5
TX-001870,CUST-136,2025-06-02 14:00:00,Cake Slice | Drip Coffee,8.0
TX-001871,CUST-077,2025-06-02 16:25:40,Americano | Tea,6.0
TX-001872,CUST-022,2025-06-02 20:23:10,Muffin | Croissant | Breakfast Sandwich | Pasta,25.0
TX-001873,CUST-063,2025-06-02 21:32:25,Americano,3.0
TX-001874,CUST-023,2025-06-03 06:04:31,Americano | Salad | Breakfast Sandwich | Cake Slice,23.5
TX-001875,CUST-011,2025-06-03 10:33:59,Latte | Americano | Tea | Salad,19.0
TX-001876,CUST-064,2025-06-03 17:01:32,Croissant,4.0
TX-001877,CUST-015,2025-06-03 19:02:25,Cake Slice | Breakfast Sandwich | Croissant | Americano | Muffin,22.5
TX-001878,CUST-012,2025-06-03 19:31:13,Tea | Drip Coffee | Breakfast Sandwich | Pasta,23.0
TX-001879,CUST-029,2025-06-04 01:52:02,Latte | Americano | Croissant | Pasta,22.5
TX-001880,CUST-013,2025-06-04 03:17:27,Salad | Cake Slice | Tea,17.0
TX-001881,CUST-065,2025-06-04 03:23:30,Muffin | Drip Coffee,6.0
TX-001882,CUST-079,2025-06-04 03:48:45,Pasta | Croissant | Salad,23.5
TX-001883,CUST-078,2025-06-04 05:49:13,Americano,3.0
TX-001884,CUST-024,2025-06-04 07:27:55,Drip Coffee | Latte | Americano | Cake Slice | Salad,24.0
TX-001885,CUST-070,2025-06-04 07:44:16,Tea | Drip Coffee,5.5
TX-001886,CUST-019,2025-06-04 08:33:05,Cake Slice | Breakfast Sandwich | Latte,16.5
TX-001887,CUST-078,2025-06-04 11:03:14,Drip Coffee | Muffin,6.0
TX-001888,CUST-032,2025-06-04 11:45:58,Muffin | Americano | Latte,11.0
TX-001889,CUST-019,2025-06-04 13:41:23,Croissant | Muffin | Latte,12.0
TX-001890,CUST-069,2025-06-04 15:53:20,Americano,3.0
TX-001891,CUST-027,2025-06-04 17:04:29,Breakfast Sandwich | Cake Slice | Croissant | Drip Coffee | Muffin,22.0
TX-001892,CUST-017,2025-06-04 17:59:20,Latte | Breakfast Sandwich | Tea | Salad,22.5
TX-001893,CUST-012,2025-06-04 20:27:27,Breakfast Sandwich | Pasta | Croissant | Latte | Americano,29.0
TX-001894,CUST-046,2025-06-04 20:54:19,Cake Slice,5.5
TX-001895,CUST-038,2025-06-05 02:16:03,Croissant | Tea | Pasta,18.0
TX-001896,CUST-003,2025-06-05 02:29:13,Latte | Tea | Pasta | Breakfast Sandwich | Muffin,28.5
TX-001897,CUST-015,2025-06-05 03:35:13,Breakfast Sandwich | Muffin | Croissant,14.0
TX-001898,CUST-022,2025-06-05 05:23:40,Latte | Pasta | Breakfast Sandwich | Cake Slice | Drip Coffee,30.0
TX-001899,CUST-018,2025-06-05 08:11:41,Americano | Drip Coffee | Breakfast Sandwich | Latte | Muffin,20.0
TX-001900,CUST-026,2025-06-05 13:06:34,Croissant | Americano | Pasta | Cake Slice | Drip Coffee,26.0
TX-001901,CUST-016,2025-06-05 15:06:03,Drip Coffee | Pasta | Latte | Salad,26.5
TX-001902,CUST-059,2025-06-05 15:31:23,Tea | Latte,7.5
TX-001903,CUST-003,2025-06-05 16:40:54,Americano | Pasta | Croissant | Drip Coffee,20.5
TX-001904,CUST-018,2025-06-05 18:08:35,Breakfast Sandwich | Latte | Salad | Pasta,30.5
TX-001905,CUST-020,2025-06-05 20:49:35,Croissant | Muffin | Salad | Americano | Cake Slice,24.5
TX-001906,CUST-143,2025-06-05 22:17:59,Salad,8.5
TX-001907,CUST-075,2025-06-05 22:43:52,Croissant,4.0
TX-001908,CUST-113,2025-06-05 22:45:47,Salad | Latte | Cake Slice | Breakfast Sandwich,25.0
TX-001909,CUST-007,2025-06-05 23:16:41,Breakfast Sandwich | Cake Slice | Latte,16.5
TX-001910,CUST-052,2025-06-05 23:19:21,Drip Coffee | Americano,5.5
TX-001911,CUST-077,2025-06-06 00:43:07,Americano | Muffin,6.5
TX-001912,CUST-010,2025-06-06 01:55:18,Pasta | Breakfast Sandwich | Latte | Cake Slice,27.5
TX-001913,CUST-027,2025-06-06 02:11:53,Cake Slice | Latte | Drip Coffee,12.5
TX-001914,CUST-054,2025-06-06 08:02:57,Tea | Muffin,6.5
TX-001915,CUST-035,2025-06-06 08:39:23,Breakfast Sandwich | Cake Slice | Croissant | Drip Coffee,18.5
TX-001916,CUST-108,2025-06-06 09:27:58,Cake Slice | Salad,14.0
TX-001917,CUST-016,2025-06-06 14:49:47,Muffin | Breakfast Sandwich | Salad | Croissant | Cake Slice,28.0
TX-001918,CUST-104,2025-06-06 18:44:59,Breakfast Sandwich | Salad | Tea,18.0
TX-001919,CUST-033,2025-06-06 19:11:24,Latte | Muffin | Salad | Croissant | Americano,23.5
TX-001920,CUST-011,2025-06-06 22:42:41,Latte | Croissant | Breakfast Sandwich | Salad | Muffin,27.0
TX-001921,CUST-093,2025-06-07 00:07:45,Cake Slice | Breakfast Sandwich | Pasta,23.0
TX-001922,CUST-028,2025-06-07 00:20:32,Croissant | Latte | Pasta,19.5
TX-001923,CUST-002,2025-06-07 00:42:27,Breakfast Sandwich | Latte | Cake Slice | Tea,19.5
TX-001924,CUST-052,2025-06-07 02:31:32,Salad | Croissant,12.5
TX-001925,CUST-025,2025-06-07 08:06:13,Cake Slice | Salad | Americano | Croissant,21.0
TX-001926,CUST-021,2025-06-07 08:26:35,Breakfast Sandwich | Latte | Muffin,14.5
TX-001927,CUST-030,2025-06-07 10:46:11,Salad | Croissant | Muffin | Breakfast Sandwich,22.5
TX-001928,CUST-089,2025-06-07 10:51:31,Cake Slice | Breakfast Sandwich | Salad,20.5
TX-001929,CUST-071,2025-06-07 11:40:13,Drip Coffee,2.5
TX-001930,CUST-016,2025-06-07 11:47:40,Americano | Breakfast Sandwich | Latte,14.0
TX-001931,CUST-006,2025-06-07 12:43:06,Croissant | Latte | Pasta | Americano | Drip Coffee,25.0
TX-001932,CUST-020,2025-06-07 16:03:41,Pasta | Breakfast Sandwich | Drip Coffee,20.0
TX-001933,CUST-001,2025-06-07 22:01:30,Drip Coffee | Pasta | Latte,18.0
TX-001934,CUST-045,2025-06-07 23:15:25,Drip Coffee | Americano,5.5
TX-001935,CUST-041,2025-06-07 23:55:37,Tea | Muffin,6.5
TX-001936,CUST-090,2025-06-08 07:28:31,Latte | Breakfast Sandwich,11.0
TX-001937,CUST-100,2025-06-08 09:18:59,Cake Slice | Tea,8.5
TX-001938,CUST-034,2025-06-08 14:44:49,Latte | Tea | Cake Slice | Americano,16.0
TX-001939,CUST-034,2025-06-08 15:17:59,Cake Slice | Muffin | Breakfast Sandwich | Tea,18.5
TX-001940,CUST-020,2025-06-08 15:55:03,Cake Slice | Latte | Breakfast Sandwich | Salad,25.0
TX-001941,CUST-028,2025-06-08 17:45:05,Latte | Breakfast Sandwich | Muffin | Cake Slice | Americano,23.0
TX-001942,CUST-005,2025-06-09 00:31:19,Croissant | Pasta | Salad | Breakfast Sandwich,30.0
TX-001943,CUST-043,2025-06-09 04:20:16,Muffin | Drip Coffee,6.0
TX-001944,CUST-043,2025-06-09 05:28:46,Latte,4.5
TX-001945,CUST-037,2025-06-09 06:31:12,Americano | Muffin | Croissant | Salad,19.0
TX-001946,CUST-011,2025-06-09 08:40:07,Breakfast Sandwich | Latte | Salad | Croissant | Tea,26.5
TX-001947,CUST-012,2025-06-09 09:53:32,Breakfast Sandwich | Pasta | Americano | Latte | Croissant,29.0
TX-001948,CUST-032,2025-06-09 11:43:27,Breakfast Sandwich | Pasta | Drip Coffee | Muffin | Latte,28.0
TX-001949,CUST-073,2025-06-09 19:55:20,Croissant,4.0
TX-001950,CUST-005,2025-06-09 20:00:57,Croissant | Cake Slice | Breakfast Sandwich | Salad | Drip Coffee,27.0
TX-001951,CUST-077,2025-06-09 21:40:45,Drip Coffee,2.5
TX-001952,CUST-037,2025-06-09 22:38:56,Drip Coffee | Tea | Breakfast Sandwich | Pasta | Latte,27.5
TX-001953,CUST-019,2025-06-10 00:37:39,Drip Coffee | Croissant | Breakfast Sandwich | Americano,16.0
TX-001954,CUST-001,2025-06-10 01:20:36,Drip Coffee | Latte | Pasta | Cake Slice,23.5
TX-001955,CUST-048,2025-06-10 05:18:02,Latte,4.5
TX-001956,CUST-009,2025-06-10 06:57:28,Latte | Drip Coffee | Breakfast Sandwich | Americano | Croissant,20.5
TX-001957,CUST-011,2025-06-10 08:00:21,Latte | Breakfast Sandwich | Muffin,14.5
TX-001958,CUST-050,2025-06-10 12:45:57,Drip Coffee,2.5
TX-001959,CUST-057,2025-06-10 14:37:53,Latte,4.5
TX-001960,CUST-010,2025-06-10 15:51:03,Muffin | Breakfast Sandwich | Croissant | Drip Coffee | Americano,19.5
TX-001961,CUST-063,2025-06-10 17:46:10,Drip Coffee,2.5
TX-001962,CUST-016,2025-06-10 20:38:34,Latte | Salad | Breakfast Sandwich | Croissant | Cake Slice,29.0
TX-001963,CUST-033,2025-06-11 02:46:01,Croissant | Americano | Tea | Pasta,21.0
TX-001964,CUST-050,2025-06-11 04:46:05,Drip Coffee,2.5
TX-001965,CUST-042,2025-06-11 04:59:41,Drip Coffee | Muffin,6.0
TX-001966,CUST-037,2025-06-11 05:38:03,Salad | Muffin | Drip Coffee,14.5
TX-001967,CUST-007,2025-06-11 06:48:28,Cake Slice | Americano | Muffin | Latte,16.5
TX-001968,CUST-028,2025-06-11 12:57:05,Muffin | Tea | Croissant | Salad,19.0
TX-001969,CUST-003,2025-06-11 13:24:15,Breakfast Sandwich | Cake Slice | Tea | Pasta | Croissant,30.0
TX-001970,CUST-025,2025-06-11 15:46:12,Croissant | Breakfast Sandwich | Pasta | Muffin | Latte,29.5
TX-001971,CUST-008,2025-06-11 16:02:11,Americano | Latte | Cake Slice,13.0
TX-001972,CUST-010,2025-06-11 16:31:56,Salad | Pasta | Latte | Tea,27.0
TX-001973,CUST-015,2025-06-11 17:00:33,Breakfast Sandwich | Latte | Drip Coffee | Pasta,24.5
TX-001974,CUST-001,2025-06-11 17:02:47,Latte | Muffin | Croissant | Drip Coffee | Salad,23.0
TX-001975,CUST-147,2025-06-11 18:13:50,Drip Coffee | Croissant,6.5
TX-001976,CUST-115,2025-06-11 18:31:00,Muffin | Americano,6.5
TX-001977,CUST-009,2025-06-11 18:55:05,Drip Coffee | Breakfast Sandwich | Americano,12.0
TX-001978,CUST-070,2025-06-11 21:31:00,Cake Slice,5.5
TX-001979,CUST-049,2025-06-11 21:38:48,Tea | Drip Coffee,5.5
TX-001980,CUST-007,2025-06-12 00:21:41,Breakfast Sandwich | Drip Coffee | Cake Slice | Muffin | Salad,26.5
TX-001981,CUST-038,2025-06-12 02:02:57,Latte | Cake Slice | Americano,13.0
TX-001982,CUST-041,2025-06-12 02:05:59,Croissant | Muffin,7.5
TX-001983,CUST-004,2025-06-12 04:36:46,Drip Coffee | Latte | Tea | Muffin,13.5
TX-001984,CUST-019,2025-06-12 06:01:08,Breakfast Sandwich | Latte | Pasta | Muffin | Americano,28.5
TX-001985,CUST-002,2025-06-12 10:18:53,Latte | Breakfast Sandwich | Salad,19.5
TX-001986,CUST-018,2025-06-12 10:35:16,Salad | Muffin | Breakfast Sandwich | Drip Coffee,21.0
TX-001987,CUST-001,2025-06-12 12:56:45,Americano | Cake Slice | Breakfast Sandwich,15.0
TX-001988,CUST-019,2025-06-12 13:52:39,Cake Slice | Muffin | Drip Coffee,11.5
TX-001989,CUST-072,2025-06-12 14:42:53,Tea,3.0
TX-001990,CUST-009,2025-06-12 16:02:35,Latte | Croissant | Muffin | Tea,15.0
TX-001991,CUST-035,2025-06-12 19:41:42,Latte | Breakfast Sandwich | Cake Slice | Salad,25.0
TX-001992,CUST-029,2025-06-13 04:34:22,Pasta | Breakfast Sandwich | Tea | Salad | Drip Coffee,31.5
TX-001993,CUST-070,2025-06-13 05:24:42,Drip Coffee | Muffin,6.0
TX-001994,CUST-022,2025-06-13 05:35:56,Salad | Cake Slice | Latte,18.5
TX-001995,CUST-075,2025-06-13 06:38:48,Tea | Drip Coffee,5.5
TX-001996,CUST-024,2025-06-13 06:40:59,Breakfast Sandwich | Muffin | Croissant | Drip Coffee,16.5
TX-001997,CUST-059,2025-06-13 06:53:29,Latte,4.5
TX-001998,CUST-010,2025-06-13 10:02:39,Americano | Latte | Muffin | Pasta | Drip Coffee,24.5
TX-001999,CUST-039,2025-06-13 11:19:31,Americano,3.0
TX-002000,CUST-037,2025-06-13 11:58:30,Latte | Muffin | Croissant | Cake Slice,17.5
TX-002001,CUST-102,2025-06-13 12:05:33,Cake Slice | Tea,8.5
TX-002002,CUST-005,2025-06-13 13:31:31,Breakfast Sandwich | Cake Slice | Latte | Drip Coffee,19.0
TX-002003,CUST-145,2025-06-13 13:54:00,Latte | Americano,7.5
TX-002004,CUST-003,2025-06-13 15:48:16,Cake Slice | Drip Coffee | Pasta | Muffin,22.5
TX-002005,CUST-021,2025-06-13 20:17:52,Muffin | Drip Coffee | Latte,10.5
TX-002006,CUST-017,2025-06-13 22:14:35,Muffin | Cake Slice | Salad,17.5
TX-002007,CUST-037,2025-06-14 03:08:29,Americano | Salad | Breakfast Sandwich | Drip Coffee,20.5
TX-002008,CUST-001,2025-06-14 06:03:59,Muffin | Breakfast Sandwich | Americano | Pasta | Croissant,28.0
TX-002009,CUST-004,2025-06-14 06:34:48,Croissant | Drip Coffee | Pasta | Latte,22.0
TX-002010,CUST-001,2025-06-14 06:42:43,Cake Slice | Croissant | Salad,18.0
TX-002011,CUST-080,2025-06-14 06:57:36,Pasta | Cake Slice | Breakfast Sandwich | Croissant,27.0
TX-002012,CUST-030,2025-06-14 08:12:43,Latte | Croissant | Americano | Breakfast Sandwich,18.0
TX-002013,CUST-020,2025-06-14 11:07:48,Latte | Drip Coffee | Breakfast Sandwich | Americano | Croissant,20.5
TX-002014,CUST-068,2025-06-14 14:59:07,Tea,3.0
TX-002015,CUST-017,2025-06-14 17:24:36,Americano | Tea | Latte | Drip Coffee | Salad,21.5
TX-002016,CUST-011,2025-06-14 17:57:52,Tea | Salad | Croissant,15.5
TX-002017,CUST-102,2025-06-14 18:18:41,Tea | Breakfast Sandwich | Latte,14.0
TX-002018,CUST-038,2025-06-14 20:52:17,Cake Slice | Pasta | Latte | Breakfast Sandwich | Croissant,31.5
TX-002019,CUST-048,2025-06-14 21:20:48,Croissant,4.0
TX-002020,CUST-059,2025-06-15 02:42:19,Drip Coffee,2.5
TX-002021,CUST-011,2025-06-15 06:22:24,Tea | Cake Slice | Latte,13.0
TX-002022,CUST-147,2025-06-15 07:15:00,Americano,3.0
TX-002023,CUST-034,2025-06-15 09:29:07,Drip Coffee | Latte | Cake Slice,12.5
TX-002024,CUST-018,2025-06-15 09:59:12,Muffin | Breakfast Sandwich | Salad,18.5
TX-002025,CUST-053,2025-06-15 11:40:12,Croissant,4.0
TX-002026,CUST-021,2025-06-15 11:42:34,Salad | Breakfast Sandwich | Latte,19.5
TX-002027,CUST-007,2025-06-16 14:40:58,Cake Slice | Croissant | Latte | Salad | Breakfast Sandwich,29.0
TX-002028,CUST-021,2025-06-16 14:59:42,Salad | Drip Coffee | Latte | Croissant,19.5
TX-002029,CUST-083,2025-06-16 15:31:14,Pasta | Cake Slice | Salad | Latte,29.5
TX-002030,CUST-012,2025-06-16 18:29:53,Americano | Latte | Muffin | Breakfast Sandwich,17.5
TX-002031,CUST-005,2025-06-17 00:49:05,Croissant | Salad | Drip Coffee,15.0
TX-002032,CUST-033,2025-06-17 01:08:21,Breakfast Sandwich | Pasta | Muffin,21.0
TX-002033,CUST-069,2025-06-17 06:37:34,Muffin,3.5
TX-002034,CUST-009,2025-06-17 07:32:05,Pasta | Americano | Cake Slice | Breakfast Sandwich | Latte,30.5
TX-002035,CUST-068,2025-06-17 13:22:56,Muffin,3.5
TX-002036,CUST-012,2025-06-17 13:32:33,Cake Slice | Americano | Breakfast Sandwich,15.0
TX-002037,CUST-036,2025-06-17 14:27:46,Latte | Pasta | Croissant | Muffin,23.0
TX-002038,CUST-036,2025-06-17 15:06:36,Latte | Pasta | Salad,24.0
TX-002039,CUST-012,2025-06-17 17:12:06,Tea | Salad | Drip Coffee,14.0
TX-002040,CUST-004,2025-06-17 18:18:47,Breakfast Sandwich | Pasta | Drip Coffee,20.0
TX-002041,CUST-004,2025-06-17 22:58:21,Salad | Cake Slice | Latte | Drip Coffee,21.0
TX-002042,CUST-076,2025-06-17 23:51:37,Drip Coffee | Latte,7.0
TX-002043,CUST-003,2025-06-18 00:20:26,Latte | Americano | Cake Slice | Pasta | Muffin,27.5
TX-002044,CUST-100,2025-06-18 04:14:52,Drip Coffee | Salad | Breakfast Sandwich | Cake Slice,23.0
TX-002045,CUST-026,2025-06-18 06:38:46,Drip Coffee | Cake Slice | Latte | Breakfast Sandwich | Muffin,22.5
TX-002046,CUST-131,2025-06-18 07:24:00,Cake Slice | Americano,8.5
TX-002047,CUST-014,2025-06-18 09:31:44,Breakfast Sandwich | Latte | Pasta,22.0
TX-002048,CUST-065,2025-06-18 11:54:57,Latte,4.5
TX-002049,CUST-044,2025-06-18 15:41:32,Drip Coffee,2.5
TX-002050,CUST-019,2025-06-18 16:33:36,Americano | Pasta | Drip Coffee | Cake Slice | Salad,30.5
TX-002051,CUST-032,2025-06-18 16:51:25,Cake Slice | Tea | Croissant | Latte,17.0
TX-002052,CUST-093,2025-06-18 21:28:26,Latte | Muffin | Cake Slice,13.5
TX-002053,CUST-008,2025-06-18 21:30:44,Cake Slice | Pasta | Drip Coffee,19.0
TX-002054,CUST-035,2025-06-18 23:00:16,Breakfast Sandwich | Croissant | Cake Slice | Pasta,27.0
TX-002055,CUST-011,2025-06-18 23:13:49,Salad | Americano | Latte | Cake Slice | Croissant,25.5
TX-002056,CUST-060,2025-06-19 03:59:45,Drip Coffee | Tea,5.5
TX-002057,CUST-025,2025-06-19 04:53:40,Muffin | Croissant | Cake Slice | Latte,17.5
TX-002058,CUST-019,2025-06-19 05:23:45,Croissant | Latte | Breakfast Sandwich,15.0
TX-002059,CUST-025,2025-06-19 07:25:09,Croissant | Cake Slice | Salad,18.0
TX-002060,CUST-005,2025-06-19 09:48:24,Pasta | Drip Coffee | Breakfast Sandwich | Muffin | Salad,32.0
TX-002061,CUST-065,2025-06-19 09:57:00,Muffin | Americano,6.5
TX-002062,CUST-043,2025-06-19 10:41:58,Drip Coffee | Americano,5.5
TX-002063,CUST-021,2025-06-19 10:59:07,Americano | Muffin | Cake Slice,12.0
TX-002064,CUST-051,2025-06-19 11:32:44,Americano | Drip Coffee,5.5
TX-002065,CUST-067,2025-06-19 12:49:06,Drip Coffee | Americano,5.5
TX-002066,CUST-037,2025-06-19 13:04:15,Americano | Drip Coffee | Croissant | Salad,18.0
TX-002067,CUST-024,2025-06-19 14:04:34,Muffin | Croissant | Americano,10.5
TX-002068,CUST-053,2025-06-19 15:43:35,Americano,3.0
TX-002069,CUST-018,2025-06-19 17:31:49,Americano | Salad | Drip Coffee | Latte | Cake Slice,24.0
TX-002070,CUST-005,2025-06-19 20:12:01,Breakfast Sandwich | Salad | Tea | Latte,22.5
TX-002071,CUST-105,2025-06-19 20:13:30,Croissant | Cake Slice | Breakfast Sandwich | Latte,20.5
TX-002072,CUST-007,2025-06-19 21:20:57,Croissant | Drip Coffee | Americano | Tea,12.5
TX-002073,CUST-026,2025-06-20 02:27:21,Latte | Cake Slice | Pasta | Salad,29.5
TX-002074,CUST-035,2025-06-20 05:54:44,Cake Slice | Latte | Breakfast Sandwich | Pasta | Drip Coffee,30.0
TX-002075,CUST-058,2025-06-20 07:03:51,Tea,3.0
TX-002076,CUST-143,2025-06-20 07:14:00,Salad,8.5
TX-002077,CUST-048,2025-06-20 07:26:48,Drip Coffee | Americano,5.5
TX-002078,CUST-033,2025-06-20 07:48:20,Croissant | Americano | Breakfast Sandwich | Drip Coffee,16.0
TX-002079,CUST-007,2025-06-20 10:14:50,Croissant | Pasta | Latte | Muffin,23.0
TX-002080,CUST-008,2025-06-20 13:28:52,Latte | Drip Coffee | Muffin | Americano | Tea,16.5
TX-002081,CUST-104,2025-06-20 13:43:42,Drip Coffee | Cake Slice | Salad | Muffin,20.0
TX-002082,CUST-019,2025-06-20 14:36:43,Latte | Breakfast Sandwich | Pasta | Tea | Cake Slice,30.5
TX-002083,CUST-008,2025-06-20 15:46:11,Muffin | Latte | Drip Coffee | Tea,13.5
TX-002084,CUST-029,2025-06-20 17:37:16,Croissant | Breakfast Sandwich | Pasta | Cake Slice,27.0
TX-002085,CUST-114,2025-06-20 19:11:00,Tea | Latte | Cake Slice | Pasta,24.0
TX-002086,CUST-072,2025-06-20 19:38:22,Salad,8.5
TX-002087,CUST-114,2025-06-20 20:19:04,Salad | Cake Slice,14.0
TX-002088,CUST-005,2025-06-20 20:50:44,Muffin | Drip Coffee | Pasta | Breakfast Sandwich,23.5
TX-002089,CUST-036,2025-06-20 21:26:59,Cake Slice | Breakfast Sandwich | Croissant,16.0
TX-002090,CUST-101,2025-06-20 22:40:13,Croissant | Drip Coffee | Cake Slice | Salad,20.5
TX-002091,CUST-104,2025-06-21 00:15:45,Latte | Breakfast Sandwich | Cake Slice,16.5
TX-002092,CUST-004,2025-06-21 00:30:12,Latte | Pasta | Drip Coffee | Breakfast Sandwich,24.5
TX-002093,CUST-025,2025-06-21 01:15:03,Croissant | Breakfast Sandwich | Salad,19.0
TX-002094,CUST-030,2025-06-21 01:18:31,Cake Slice | Croissant | Pasta | Breakfast Sandwich | Muffin,30.5
TX-002095,CUST-063,2025-06-21 01:21:57,Americano | Drip Coffee,5.5
TX-002096,CUST-017,2025-06-21 02:22:44,Latte | Pasta | Cake Slice | Americano,24.0
TX-002097,CUST-011,2025-06-21 03:30:27,Latte | Muffin | Croissant | Cake Slice | Drip Coffee,20.0
TX-002098,CUST-006,2025-06-21 04:18:43,Muffin | Latte | Drip Coffee | Pasta | Cake Slice,27.0
TX-002099,CUST-076,2025-06-21 04:30:35,Muffin,3.5
TX-002100,CUST-074,2025-06-21 05:57:56,Tea,3.0
TX-002101,CUST-055,2025-06-21 06:35:33,Drip Coffee | Tea,5.5
TX-002102,CUST-014,2025-06-21 13:41:17,Muffin | Latte | Breakfast Sandwich | Croissant,18.5
TX-002103,CUST-096,2025-06-21 17:49:17,Cake Slice | Breakfast Sandwich,12.0
TX-002104,CUST-050,2025-06-22 04:23:46,Americano,3.0
TX-002105,CUST-077,2025-06-22 06:00:59,Drip Coffee | Muffin,6.0
TX-002106,CUST-047,2025-06-22 07:14:16,Croissant | Tea,7.0
TX-002107,CUST-015,2025-06-22 08:22:16,Americano | Croissant | Cake Slice,12.5
TX-002108,CUST-013,2025-06-22 13:05:09,Cake Slice | Latte | Americano | Muffin | Breakfast Sandwich,23.0
TX-002109,CUST-069,2025-06-22 13:15:35,Muffin,3.5
TX-002110,CUST-003,2025-06-22 13:22:22,Breakfast Sandwich | Latte | Cake Slice,16.5
TX-002111,CUST-002,2025-06-22 13:44:49,Latte | Breakfast Sandwich | Tea,14.0
TX-002112,CUST-049,2025-06-22 14:15:55,Americano | Drip Coffee,5.5
TX-002113,CUST-027,2025-06-22 18:03:01,Breakfast Sandwich | Latte | Salad | Drip Coffee,22.0
TX-002114,CUST-031,2025-06-22 18:26:35,Americano | Breakfast Sandwich | Cake Slice | Croissant | Drip Coffee,21.5
TX-002115,CUST-037,2025-06-22 19:14:52,Breakfast Sandwich | Cake Slice | Pasta | Latte,27.5
TX-002116,CUST-006,2025-06-22 21:39:31,Pasta | Muffin | Latte | Salad | Americano,30.5
TX-002117,CUST-005,2025-06-22 22:18:57,Cake Slice | Breakfast Sandwich | Latte | Croissant | Americano,23.5
TX-002118,CUST-077,2025-06-23 00:24:35,Drip Coffee | Cake Slice,8.0
TX-002119,CUST-034,2025-06-23 01:31:50,Cake Slice | Latte | Pasta | Americano | Salad,32.5
TX-002120,CUST-040,2025-06-23 02:29:34,Americano | Croissant,7.0
TX-002121,CUST-078,2025-06-23 03:47:28,Muffin,3.5
TX-002122,CUST-023,2025-06-23 05:20:24,Muffin | Cake Slice | Drip Coffee | Tea,14.5
TX-002123,CUST-040,2025-06-23 06:57:06,Croissant,4.0
TX-002124,CUST-065,2025-06-23 08:36:50,Muffin | Americano,6.5
TX-002125,CUST-042,2025-06-23 09:42:57,Drip Coffee,2.5
TX-002126,CUST-028,2025-06-23 10:20:51,Croissant | Salad | Cake Slice,18.0
TX-002127,CUST-026,2025-06-23 12:01:24,Salad | Muffin | Breakfast Sandwich | Drip Coffee | Pasta,32.0
TX-002128,CUST-012,2025-06-23 14:53:13,Croissant | Muffin | Latte | Salad | Pasta,31.5
TX-002129,CUST-029,2025-06-23 18:50:19,Latte | Salad | Cake Slice | Croissant,22.5
TX-002130,CUST-130,2025-06-23 19:07:32,Breakfast Sandwich,6.5
TX-002131,CUST-113,2025-06-23 22:02:39,Breakfast Sandwich | Latte | Drip Coffee,13.5
TX-002132,CUST-065,2025-06-23 22:48:17,Muffin | Tea,6.5
TX-002133,CUST-061,2025-06-24 05:13:18,Tea | Drip Coffee,5.5
TX-002134,CUST-035,2025-06-24 05:59:30,Tea | Breakfast Sandwich | Cake Slice | Salad,23.5
TX-002135,CUST-046,2025-06-24 06:30:09,Latte | Croissant,8.5
TX-002136,CUST-015,2025-06-24 07:16:32,Drip Coffee | Pasta | Cake Slice | Breakfast Sandwich | Salad,34.0
TX-002137,CUST-053,2025-06-24 09:58:41,Drip Coffee,2.5
TX-002138,CUST-071,2025-06-24 13:09:46,Drip Coffee | Croissant,6.5
TX-002139,CUST-042,2025-06-24 14:47:33,Tea | Muffin,6.5
TX-002140,CUST-032,2025-06-24 16:55:31,Latte | Cake Slice | Americano | Breakfast Sandwich,19.5
TX-002141,CUST-027,2025-06-24 19:42:58,Latte | Croissant | Americano | Pasta | Drip Coffee,25.0
TX-002142,CUST-114,2025-06-24 20:21:38,Breakfast Sandwich | Pasta,17.5
TX-002143,CUST-019,2025-06-24 23:34:23,Cake Slice | Breakfast Sandwich | Latte,16.5
TX-002144,CUST-014,2025-06-25 01:02:30,Pasta | Cake Slice | Breakfast Sandwich | Latte,27.5
TX-002145,CUST-038,2025-06-25 02:20:11,Cake Slice | Pasta | Breakfast Sandwich | Salad,31.5
TX-002146,CUST-036,2025-06-25 02:40:56,Breakfast Sandwich | Cake Slice | Tea,15.0
TX-002147,CUST-030,2025-06-25 05:20:43,Pasta | Breakfast Sandwich | Croissant | Americano,24.5
TX-002148,CUST-048,2025-06-25 07:43:59,Croissant,4.0
TX-002149,CUST-066,2025-06-25 08:05:59,Drip Coffee | Americano,5.5
TX-002150,CUST-014,2025-06-25 09:30:29,Salad | Cake Slice | Muffin | Drip Coffee,20.0
TX-002151,CUST-008,2025-06-25 15:40:43,Latte | Croissant | Americano,11.5
TX-002152,CUST-130,2025-06-25 16:34:00,Tea,3.0
TX-002153,CUST-065,2025-06-25 17:11:02,Drip Coffee | Cake Slice,8.0
TX-002154,CUST-028,2025-06-25 21:41:48,Tea | Pasta | Cake Slice | Muffin,23.0
TX-002155,CUST-035,2025-06-25 22:49:56,Salad | Breakfast Sandwich | Tea,18.0
TX-002156,CUST-025,2025-06-26 00:14:36,Tea | Latte | Salad,16.0
TX-002157,CUST-003,2025-06-26 00:33:17,Pasta | Croissant | Americano,18.0
TX-002158,CUST-003,2025-06-26 09:16:12,Breakfast Sandwich | Salad | Drip Coffee | Latte,22.0
TX-002159,CUST-032,2025-06-26 11:07:42,Croissant | Breakfast Sandwich | Americano | Pasta | Latte,29.0
TX-002160,CUST-104,2025-06-26 12:02:16,Croissant | Drip Coffee | Latte,11.0
TX-002161,CUST-114,2025-06-26 16:31:13,Tea | Salad,11.5
TX-002162,CUST-043,2025-06-26 16:35:11,Muffin | Tea,6.5
TX-002163,CUST-013,2025-06-26 18:45:06,Drip Coffee | Croissant | Breakfast Sandwich | Muffin,16.5
TX-002164,CUST-106,2025-06-26 19:37:20,Pasta | Salad | Breakfast Sandwich | Cake Slice,31.5
TX-002165,CUST-036,2025-06-27 00:50:53,Croissant | Drip Coffee | Latte | Salad,19.5
TX-002166,CUST-058,2025-06-27 01:10:08,Americano | Drip Coffee,5.5
TX-002167,CUST-006,2025-06-27 05:12:01,Croissant | Latte | Pasta | Tea,22.5
TX-002168,CUST-031,2025-06-27 10:20:26,Drip Coffee | Salad | Croissant,15.0
TX-002169,CUST-007,2025-06-27 10:37:38,Croissant | Breakfast Sandwich | Drip Coffee | Latte | Pasta,28.5
TX-002170,CUST-039,2025-06-27 10:51:29,Americano,3.0
TX-002171,CUST-064,2025-06-27 11:33:01,Tea | Muffin,6.5
TX-002172,CUST-066,2025-06-27 12:23:03,Tea | Drip Coffee,5.5
TX-002173,CUST-002,2025-06-27 12:42:18,Salad | Latte | Americano | Drip Coffee | Tea,21.5
TX-002174,CUST-008,2025-06-27 16:37:47,Drip Coffee | Pasta | Americano,16.5
TX-002175,CUST-021,2025-06-27 19:52:11,Breakfast Sandwich | Latte | Croissant | Muffin,18.5
TX-002176,CUST-012,2025-06-27 20:06:36,Croissant | Americano | Breakfast Sandwich | Cake Slice,19.0
TX-002177,CUST-066,2025-06-27 22:05:56,Cake Slice,5.5
TX-002178,CUST-018,2025-06-27 22:12:32,Pasta | Croissant | Cake Slice,20.5
TX-002179,CUST-024,2025-06-28 00:32:34,Salad | Breakfast Sandwich | Croissant,19.0
TX-002180,CUST-068,2025-06-28 00:50:06,Tea | Americano,6.0
TX-002181,CUST-022,2025-06-28 02:47:11,Muffin | Breakfast Sandwich | Latte,14.5
TX-002182,CUST-032,2025-06-28 04:18:51,Croissant | Breakfast Sandwich | Cake Slice,16.0
TX-002183,CUST-026,2025-06-28 04:28:00,Pasta | Latte | Cake Slice | Americano,24.0
TX-002184,CUST-023,2025-06-28 05:02:42,Breakfast Sandwich | Muffin | Americano | Pasta | Croissant,28.0
TX-002185,CUST-005,2025-06-28 06:27:05,Breakfast Sandwich | Croissant | Cake Slice,16.0
TX-002186,CUST-055,2025-06-28 07:38:30,Drip Coffee | Muffin,6.0
TX-002187,CUST-015,2025-06-28 08:06:17,Cake Slice | Croissant | Latte | Breakfast Sandwich | Salad,29.0
TX-002188,CUST-044,2025-06-28 11:31:19,Cake Slice,5.5
TX-002189,CUST-067,2025-06-28 14:36:02,Tea,3.0
TX-002190,CUST-017,2025-06-28 23:15:13,Americano | Breakfast Sandwich | Latte,14.0
TX-002191,CUST-005,2025-06-29 03:09:34,Americano | Pasta | Salad | Croissant | Tea,29.5
TX-002192,CUST-069,2025-06-29 05:46:38,Drip Coffee | Americano,5.5
TX-002193,CUST-027,2025-06-29 06:20:12,Croissant | Cake Slice | Americano | Latte,17.0
TX-002194,CUST-008,2025-06-29 06:52:00,Americano | Pasta | Cake Slice | Drip Coffee | Salad,30.5
TX-002195,CUST-027,2025-06-29 14:04:18,Breakfast Sandwich | Drip Coffee | Pasta,20.0
TX-002196,CUST-100,2025-06-29 17:38:15,Salad | Pasta,19.5
TX-002197,CUST-018,2025-06-29 17:38:35,Salad | Breakfast Sandwich | Drip Coffee | Pasta,28.5
TX-002198,CUST-009,2025-06-29 17:51:47,Latte | Croissant | Americano | Breakfast Sandwich | Drip Coffee,20.5
TX-002199,CUST-102,2025-06-29 21:04:17,Latte | Croissant,8.5
TX-002200,CUST-008,2025-06-29 22:39:18,Tea | Cake Slice | Latte,13.0
TX-002201,CUST-012,2025-06-30 01:10:33,Breakfast Sandwich | Latte | Croissant | Muffin,18.5
TX-002202,CUST-073,2025-06-30 04:31:15,Drip Coffee,2.5
TX-002203,CUST-036,2025-06-30 07:37:27,Salad | Drip Coffee | Cake Slice,16.5
TX-002204,CUST-069,2025-06-30 08:37:47,Drip Coffee,2.5
TX-002205,CUST-012,2025-06-30 09:52:39,Tea | Breakfast Sandwich | Americano,12.5
TX-002206,CUST-005,2025-06-30 10:37:00,Drip Coffee | Americano | Pasta,16.5
TX-002207,CUST-066,2025-06-30 11:39:13,Drip Coffee | Muffin,6.0
TX-002208,CUST-059,2025-06-30 13:08:42,Tea | Americano,6.0
TX-002209,CUST-018,2025-06-30 15:03:53,Cake Slice | Breakfast Sandwich | Americano,15.0
TX-002210,CUST-030,2025-06-30 15:38:20,Croissant | Pasta | Breakfast Sandwich | Salad,30.0
TX-002211,CUST-113,2025-06-30 15:46:06,Breakfast Sandwich | Croissant,10.5
TX-002212,CUST-053,2025-06-30 15:50:46,Tea,3.0
TX-002213,CUST-103,2025-06-30 17:12:05,Salad | Latte | Pasta | Muffin,27.5
TX-002214,CUST-030,2025-06-30 18:01:26,Pasta | Cake Slice | Latte | Tea | Americano,27.0
TX-002215,CUST-069,2025-06-30 18:39:40,Tea,3.0
TX-002216,CUST-024,2025-06-30 19:47:08,Pasta | Muffin | Latte,19.0
TX-002217,CUST-012,2025-06-30 20:28:05,Breakfast Sandwich | Drip Coffee | Muffin | Latte | Cake Slice,22.5
TX-002218,CUST-093,2025-06-30 21:40:36,Latte | Pasta,15.5
TX-002219,CUST-019,2025-06-30 22:32:37,Croissant | Breakfast Sandwich | Muffin | Cake Slice | Salad,28.0
TX-002220,CUST-109,2025-07-01 01:23:03,Salad | Croissant | Breakfast Sandwich,19.0
TX-002221,CUST-008,2025-07-01 01:56:27,Pasta | Americano | Latte,18.5
TX-002222,CUST-066,2025-07-01 12:41:06,Americano,3.0
TX-002223,CUST-105,2025-07-01 13:31:34,Cake Slice | Breakfast Sandwich | Latte | Pasta,27.5
TX-002224,CUST-030,2025-07-01 13:40:58,Pasta | Breakfast Sandwich | Latte | Americano | Salad,33.5
TX-002225,CUST-038,2025-07-01 13:55:01,Tea | Cake Slice | Pasta,19.5
TX-002226,CUST-036,2025-07-01 15:46:32,Americano | Breakfast Sandwich | Tea | Drip Coffee | Cake Slice,20.5
TX-002227,CUST-011,2025-07-01 16:23:33,Drip Coffee | Tea | Breakfast Sandwich,12.0
TX-002228,CUST-066,2025-07-01 16:55:06,Drip Coffee,2.5
TX-002229,CUST-021,2025-07-01 16:57:48,Salad | Latte | Breakfast Sandwich,19.5
TX-002230,CUST-047,2025-07-01 17:09:51,Tea,3.0
TX-002231,CUST-077,2025-07-01 22:39:25,Americano | Drip Coffee,5.5
TX-002232,CUST-011,2025-07-01 23:00:29,Salad | Tea | Drip Coffee | Muffin | Latte,22.0
TX-002233,CUST-010,2025-07-02 02:05:07,Muffin | Tea | Breakfast Sandwich | Croissant,17.0
TX-002234,CUST-057,2025-07-02 02:23:06,Drip Coffee | Cake Slice,8.0
TX-002235,CUST-030,2025-07-02 03:53:48,Latte | Cake Slice | Salad | Pasta | Croissant,33.5
TX-002236,CUST-040,2025-07-02 04:29:36,Muffin | Cake Slice,9.0
TX-002237,CUST-043,2025-07-02 04:35:49,Tea,3.0
TX-002238,CUST-106,2025-07-02 05:16:09,Cake Slice | Pasta | Breakfast Sandwich | Salad,31.5
TX-002239,CUST-045,2025-07-02 05:20:56,Muffin,3.5
TX-002240,CUST-004,2025-07-02 05:36:54,Salad | Drip Coffee | Pasta | Tea,25.0
TX-002241,CUST-088,2025-07-02 06:57:04,Latte | Muffin | Breakfast Sandwich,14.5
TX-002242,CUST-017,2025-07-02 07:37:33,Drip Coffee | Salad | Breakfast Sandwich,17.5
TX-002243,CUST-016,2025-07-02 10:46:47,Latte | Breakfast Sandwich | Salad | Drip Coffee | Cake Slice,27.5
TX-002244,CUST-001,2025-07-02 11:24:03,Breakfast Sandwich | Croissant | Pasta,21.5
TX-002245,CUST-039,2025-07-02 12:50:34,Americano | Drip Coffee,5.5
TX-002246,CUST-012,2025-07-02 12:56:22,Pasta | Croissant | Salad | Americano | Drip Coffee,29.0
TX-002247,CUST-018,2025-07-02 15:24:18,Americano | Breakfast Sandwich | Latte,14.0
TX-002248,CUST-003,2025-07-02 17:38:32,Breakfast Sandwich | Pasta | Latte,22.0
TX-002249,CUST-005,2025-07-02 17:50:11,Drip Coffee | Americano | Salad,14.0
TX-002250,CUST-009,2025-07-02 22:33:20,Drip Coffee | Tea | Cake Slice,11.0
TX-002251,CUST-086,2025-07-03 07:43:26,Breakfast Sandwich | Cake Slice | Salad,20.5
TX-002252,CUST-058,2025-07-03 11:42:03,Americano,3.0
TX-002253,CUST-002,2025-07-03 14:40:32,Croissant | Americano | Breakfast Sandwich,13.5
TX-002254,CUST-047,2025-07-03 15:32:57,Muffin | Drip Coffee,6.0
TX-002255,CUST-072,2025-07-03 21:30:32,Drip Coffee | Muffin,6.0
TX-002256,CUST-068,2025-07-03 21:41:26,Americano | Tea,6.0
TX-002257,CUST-024,2025-07-03 22:37:32,Latte | Muffin | Croissant,12.0
TX-002258,CUST-034,2025-07-03 22:46:21,Breakfast Sandwich | Latte | Americano | Pasta | Tea,28.0
TX-002259,CUST-054,2025-07-03 23:34:02,Americano,3.0
TX-002260,CUST-037,2025-07-04 03:52:21,Breakfast Sandwich | Cake Slice | Tea | Drip Coffee | Croissant,21.5
TX-002261,CUST-025,2025-07-04 06:08:55,Latte | Pasta | Americano,18.5
TX-002262,CUST-056,2025-07-04 07:24:25,Muffin | Americano,6.5
TX-002263,CUST-071,2025-07-04 07:40:08,Drip Coffee | Tea,5.5
TX-002264,CUST-003,2025-07-04 09:01:49,Breakfast Sandwich | Croissant | Pasta | Muffin | Latte,29.5
TX-002265,CUST-040,2025-07-04 11:57:26,Drip Coffee,2.5
TX-002266,CUST-052,2025-07-04 12:50:37,Tea | Drip Coffee,5.5
TX-002267,CUST-002,2025-07-04 13:21:37,Drip Coffee | Salad | Latte,15.5
TX-002268,CUST-111,2025-07-04 13:57:14,Pasta | Cake Slice | Latte | Salad,29.5
TX-002269,CUST-034,2025-07-04 14:46:05,Latte | Cake Slice | Tea | Pasta | Americano,27.0
TX-002270,CUST-008,2025-07-04 18:05:08,Cake Slice | Pasta | Drip Coffee | Latte,23.5
TX-002271,CUST-046,2025-07-04 19:39:17,Drip Coffee | Americano,5.5
TX-002272,CUST-031,2025-07-04 20:58:06,Cake Slice | Muffin | Tea | Latte | Breakfast Sandwich,23.0
TX-002273,CUST-022,2025-07-04 22:16:02,Drip Coffee | Latte | Pasta | Croissant,22.0
TX-002274,CUST-042,2025-07-04 22:35:09,Muffin,3.5
TX-002275,CUST-058,2025-07-04 23:04:08,Drip Coffee | Americano,5.5
TX-002276,CUST-012,2025-07-05 04:03:25,Americano | Muffin | Breakfast Sandwich | Latte | Drip Coffee,20.0
TX-002277,CUST-109,2025-07-05 05:32:56,Breakfast Sandwich | Latte | Pasta,22.0
TX-002278,CUST-029,2025-07-05 06:27:38,Muffin | Drip Coffee | Salad,14.5
TX-002279,CUST-078,2025-07-05 06:30:42,Americano | Muffin,6.5
TX-002280,CUST-059,2025-07-05 08:17:50,Tea,3.0
TX-002281,CUST-070,2025-07-05 08:21:31,Muffin,3.5
TX-002282,CUST-031,2025-07-05 10:28:14,Muffin | Americano | Breakfast Sandwich,13.0
TX-002283,CUST-105,2025-07-05 12:23:47,Drip Coffee | Pasta,13.5
TX-002284,CUST-049,2025-07-05 12:41:37,Tea,3.0
TX-002285,CUST-003,2025-07-05 13:59:38,Latte | Salad | Cake Slice,18.5
TX-002286,CUST-057,2025-07-05 14:54:28,Drip Coffee,2.5
TX-002287,CUST-029,2025-07-05 21:01:18,Cake Slice | Americano | Muffin | Pasta | Breakfast Sandwich,29.5
TX-002288,CUST-034,2025-07-06 00:13:42,Pasta | Drip Coffee | Latte | Americano | Breakfast Sandwich,27.5
TX-002289,CUST-012,2025-07-06 02:01:24,Drip Coffee | Latte | Croissant | Tea | Cake Slice,19.5
TX-002290,CUST-022,2025-07-06 02:07:09,Cake Slice | Breakfast Sandwich | Salad | Americano | Pasta,34.5
TX-002291,CUST-032,2025-07-06 03:25:46,Salad | Latte | Breakfast Sandwich,19.5
TX-002292,CUST-031,2025-07-06 05:35:16,Americano | Muffin | Croissant | Latte,15.0
TX-002293,CUST-071,2025-07-06 11:09:21,Muffin,3.5
TX-002294,CUST-032,2025-07-06 13:04:55,Cake Slice | Latte | Breakfast Sandwich | Drip Coffee,19.0
TX-002295,CUST-052,2025-07-06 13:40:44,Croissant,4.0
TX-002296,CUST-033,2025-07-06 15:06:18,Latte | Breakfast Sandwich | Cake Slice | Croissant | Drip Coffee,23.0
TX-002297,CUST-026,2025-07-06 16:02:52,Breakfast Sandwich | Latte | Americano,14.0
TX-002298,CUST-025,2025-07-06 18:50:52,Breakfast Sandwich | Salad | Americano | Latte,22.5
TX-002299,CUST-036,2025-07-06 18:57:30,Latte | Breakfast Sandwich | Pasta | Drip Coffee,24.5
TX-002300,CUST-059,2025-07-06 22:29:32,Muffin,3.5
TX-002301,CUST-018,2025-07-06 23:41:43,Breakfast Sandwich | Tea | Croissant | Pasta,24.5
TX-002302,CUST-012,2025-07-07 00:05:37,Cake Slice | Croissant | Tea,12.5
TX-002303,CUST-023,2025-07-07 01:43:42,Tea | Drip Coffee | Croissant | Pasta | Cake Slice,26.0
TX-002304,CUST-095,2025-07-07 02:25:28,Pasta | Croissant | Latte | Cake Slice,25.0
TX-002305,CUST-056,2025-07-07 02:45:54,Americano | Drip Coffee,5.5
TX-002306,CUST-065,2025-07-07 02:47:20,Tea,3.0
TX-002307,CUST-001,2025-07-07 04:05:15,Latte | Muffin | Pasta | Americano,22.0
TX-002308,CUST-006,2025-07-07 06:07:37,Croissant | Drip Coffee | Latte | Tea | Breakfast Sandwich,20.5
TX-002309,CUST-022,2025-07-07 07:43:41,Salad | Latte | Cake Slice | Tea,21.5
TX-002310,CUST-028,2025-07-07 08:10:27,Breakfast Sandwich | Pasta | Drip Coffee,20.0
TX-002311,CUST-068,2025-07-07 11:03:46,Drip Coffee | Muffin,6.0
TX-002312,CUST-047,2025-07-07 12:24:51,Drip Coffee,2.5
TX-002313,CUST-082,2025-07-07 17:51:51,Cake Slice | Tea | Pasta | Breakfast Sandwich,26.0
TX-002314,CUST-107,2025-07-07 17:57:25,Pasta | Salad,19.5
TX-002315,CUST-023,2025-07-07 19:42:11,Cake Slice | Breakfast Sandwich | Salad | Latte | Drip Coffee,27.5
TX-002316,CUST-110,2025-07-07 19:48:09,Latte | Croissant,8.5
TX-002317,CUST-002,2025-07-07 21:44:06,Cake Slice | Americano | Croissant | Pasta | Breakfast Sandwich,30.0
TX-002318,CUST-091,2025-07-08 02:33:04,Breakfast Sandwich | Latte,11.0
TX-002319,CUST-088,2025-07-08 13:14:08,Breakfast Sandwich | Americano,9.5
TX-002320,CUST-096,2025-07-08 15:27:47,Cake Slice | Muffin | Latte | Pasta,24.5
TX-002321,CUST-052,2025-07-08 16:13:59,Americano | Drip Coffee,5.5
TX-002322,CUST-113,2025-07-08 17:06:18,Latte | Pasta | Breakfast Sandwich | Cake Slice,27.5
TX-002323,CUST-077,2025-07-08 19:12:55,Muffin | Drip Coffee,6.0
TX-002324,CUST-021,2025-07-08 19:34:27,Drip Coffee | Latte | Cake Slice,12.5
TX-002325,CUST-038,2025-07-08 20:31:53,Latte | Croissant | Drip Coffee | Americano | Muffin,17.5
TX-002326,CUST-002,2025-07-08 20:41:47,Croissant | Breakfast Sandwich | Muffin,14.0
TX-002327,CUST-015,2025-07-09 00:10:37,Salad | Tea | Pasta,22.5
TX-002328,CUST-040,2025-07-09 04:33:11,Americano | Muffin,6.5
TX-002329,CUST-018,2025-07-09 13:00:16,Latte | Drip Coffee | Tea | Croissant | Pasta,25.0
TX-002330,CUST-055,2025-07-09 13:38:24,Drip Coffee | Tea,5.5
TX-002331,CUST-110,2025-07-09 14:11:11,Cake Slice | Croissant,9.5
TX-002332,CUST-007,2025-07-09 17:32:02,Latte | Drip Coffee | Pasta,18.0
TX-002333,CUST-045,2025-07-09 18:14:53,Tea | Muffin,6.5
TX-002334,CUST-017,2025-07-09 20:01:44,Croissant | Cake Slice | Muffin,13.0
TX-002335,CUST-043,2025-07-09 21:03:01,Drip Coffee,2.5
TX-002336,CUST-063,2025-07-09 21:35:36,Tea | Americano,6.0
TX-002337,CUST-033,2025-07-10 01:12:29,Americano | Muffin | Pasta,17.5
TX-002338,CUST-012,2025-07-10 03:14:44,Americano | Muffin | Drip Coffee,9.0
TX-002339,CUST-071,2025-07-10 09:09:35,Latte,4.5
TX-002340,CUST-020,2025-07-10 10:50:04,Muffin | Latte | Cake Slice,13.5
TX-002341,CUST-003,2025-07-10 11:46:58,Croissant | Latte | Americano | Drip Coffee | Breakfast Sandwich,20.5
TX-002342,CUST-026,2025-07-10 11:47:40,Pasta | Americano | Cake Slice | Drip Coffee | Croissant,26.0
TX-002343,CUST-051,2025-07-10 17:15:55,Drip Coffee | Latte,7.0
TX-002344,CUST-014,2025-07-10 18:43:21,Salad | Latte | Americano | Muffin | Breakfast Sandwich,26.0
TX-002345,CUST-105,2025-07-10 19:30:43,Croissant | Pasta,15.0
TX-002346,CUST-112,2025-07-10 19:48:12,Pasta | Croissant | Salad | Cake Slice,29.0
TX-002347,CUST-029,2025-07-11 03:42:35,Pasta | Salad | Latte | Croissant,28.0
TX-002348,CUST-058,2025-07-11 04:41:17,Pasta | Drip Coffee,13.5
TX-002349,CUST-088,2025-07-11 04:58:55,Croissant | Cake Slice | Pasta,20.5
TX-002350,CUST-065,2025-07-11 06:31:31,Breakfast Sandwich | Americano,9.5
TX-002351,CUST-032,2025-07-11 08:31:23,Tea | Muffin | Pasta | Latte,22.0
TX-002352,CUST-014,2025-07-11 09:58:32,Americano | Cake Slice | Breakfast Sandwich | Pasta,26.0
TX-002353,CUST-092,2025-07-11 10:43:06,Breakfast Sandwich | Cake Slice | Latte | Pasta,27.5
TX-002354,CUST-084,2025-07-11 18:20:27,Cake Slice | Salad | Breakfast Sandwich | Muffin,24.0
TX-002355,CUST-056,2025-07-11 19:47:22,Latte | Drip Coffee,7.0
TX-002356,CUST-021,2025-07-11 20:42:14,Breakfast Sandwich | Pasta | Cake Slice | Croissant,27.0
TX-002357,CUST-001,2025-07-12 00:04:48,Drip Coffee | Latte | Pasta,18.0
TX-002358,CUST-049,2025-07-12 01:24:01,Drip Coffee,2.5
TX-002359,CUST-051,2025-07-12 02:25:43,Americano | Drip Coffee,5.5
TX-002360,CUST-058,2025-07-12 04:39:31,Americano,3.0
TX-002361,CUST-034,2025-07-12 05:00:54,Salad | Pasta | Tea | Latte,27.0
TX-002362,CUST-044,2025-07-12 10:17:44,Croissant | Drip Coffee,6.5
TX-002363,CUST-017,2025-07-12 14:18:42,Latte | Breakfast Sandwich | Tea,14.0
TX-002364,CUST-076,2025-07-12 14:46:58,Latte | Americano,7.5
TX-002365,CUST-019,2025-07-12 15:49:36,Latte | Croissant | Americano | Muffin | Pasta,26.0
TX-002366,CUST-009,2025-07-12 16:24:17,Cake Slice | Latte | Drip Coffee,12.5
TX-002367,CUST-079,2025-07-12 16:45:45,Pasta | Croissant | Salad,23.5
TX-002368,CUST-061,2025-07-12 18:10:40,Drip Coffee,2.5
TX-002369,CUST-010,2025-07-12 19:31:03,Cake Slice | Salad | Breakfast Sandwich,20.5
TX-002370,CUST-038,2025-07-13 05:24:15,Breakfast Sandwich | Croissant | Americano,13.5
TX-002371,CUST-074,2025-07-13 05:28:12,Tea,3.0
TX-002372,CUST-021,2025-07-13 07:12:33,Muffin | Breakfast Sandwich | Salad | Cake Slice | Croissant,28.0
TX-002373,CUST-063,2025-07-13 12:09:54,Americano,3.0
TX-002374,CUST-011,2025-07-13 13:59:30,Pasta | Breakfast Sandwich | Drip Coffee,20.0
TX-002375,CUST-016,2025-07-13 20:34:30,Latte | Drip Coffee | Breakfast Sandwich | Cake Slice,19.0
TX-002376,CUST-034,2025-07-13 23:52:26,Muffin | Salad | Tea | Americano | Drip Coffee,20.5
TX-002377,CUST-007,2025-07-14 01:33:56,Latte | Cake Slice | Tea | Breakfast Sandwich | Drip Coffee,22.0
TX-002378,CUST-024,2025-07-14 04:00:34,Latte | Cake Slice | Muffin | Breakfast Sandwich | Americano,23.0
TX-002379,CUST-083,2025-07-14 10:13:23,Cake Slice | Muffin | Croissant,13.0
TX-002380,CUST-078,2025-07-14 10:28:47,Pasta,11.0
TX-002381,CUST-030,2025-07-14 11:17:12,Muffin | Latte | Tea | Breakfast Sandwich,17.5
TX-002382,CUST-028,2025-07-14 14:25:41,Latte | Salad | Cake Slice | Croissant | Breakfast Sandwich,29.0
TX-002383,CUST-004,2025-07-14 17:52:21,Drip Coffee | Salad | Americano,14.0
TX-002384,CUST-030,2025-07-14 21:15:00,Muffin | Americano | Breakfast Sandwich,13.0
TX-002385,CUST-023,2025-07-14 23:53:08,Breakfast Sandwich | Muffin | Salad | Croissant | Americano,25.5
TX-002386,CUST-006,2025-07-15 00:40:30,Breakfast Sandwich | Muffin | Croissant | Cake Slice,19.5
TX-002387,CUST-002,2025-07-15 01:42:59,Drip Coffee | Tea | Latte | Americano | Salad,21.5
TX-002388,CUST-007,2025-07-15 06:03:45,Breakfast Sandwich | Pasta | Salad | Muffin | Drip Coffee,32.0
TX-002389,CUST-013,2025-07-15 07:19:25,Latte | Croissant | Pasta,19.5
TX-002390,CUST-113,2025-07-15 09:41:03,Latte | Cake Slice | Salad | Tea,21.5
TX-002391,CUST-005,2025-07-15 10:41:45,Breakfast Sandwich | Cake Slice | Salad | Latte | Croissant,29.0
TX-002392,CUST-009,2025-07-15 13:48:39,Croissant | Breakfast Sandwich | Cake Slice,16.0
TX-002393,CUST-091,2025-07-15 16:19:42,Salad | Cake Slice | Breakfast Sandwich,20.5
TX-002394,CUST-083,2025-07-15 16:30:54,Cake Slice | Salad | Latte,18.5
TX-002395,CUST-007,2025-07-15 18:49:04,Pasta | Latte | Cake Slice | Muffin,24.5
TX-002396,CUST-057,2025-07-15 19:04:38,Americano | Muffin,6.5
TX-002397,CUST-090,2025-07-15 20:33:28,Tea | Breakfast Sandwich | Pasta | Latte,25.0
TX-002398,CUST-023,2025-07-16 03:32:24,Muffin | Latte | Croissant | Salad | Breakfast Sandwich,27.0
TX-002399,CUST-072,2025-07-16 04:29:39,Americano | Drip Coffee,5.5
TX-002400,CUST-017,2025-07-16 09:52:15,Latte | Tea | Breakfast Sandwich,14.0
TX-002401,CUST-088,2025-07-16 13:51:37,Cake Slice | Americano | Latte,13.0
TX-002402,CUST-006,2025-07-16 14:52:59,Latte | Croissant | Salad,17.0
TX-002403,CUST-057,2025-07-16 20:40:47,Croissant,4.0
TX-002404,CUST-076,2025-07-16 23:41:51,Drip Coffee,2.5
TX-002405,CUST-072,2025-07-17 01:57:20,Americano,3.0
TX-002406,CUST-006,2025-07-17 02:22:25,Tea | Salad | Croissant,15.5
TX-002407,CUST-065,2025-07-17 05:16:18,Americano,3.0
TX-002408,CUST-081,2025-07-17 08:44:15,Pasta | Breakfast Sandwich | Salad,26.0
TX-002409,CUST-070,2025-07-17 09:42:26,Drip Coffee,2.5
TX-002410,CUST-060,2025-07-17 11:34:07,Americano | Tea,6.0
TX-002411,CUST-007,2025-07-17 12:18:50,Americano | Drip Coffee | Muffin | Salad | Latte,22.0
TX-002412,CUST-025,2025-07-17 20:12:56,Salad | Drip Coffee | Breakfast Sandwich | Pasta | Latte,33.0
TX-002413,CUST-023,2025-07-17 21:36:23,Breakfast Sandwich | Cake Slice | Pasta | Latte | Salad,36.0
TX-002414,CUST-019,2025-07-17 22:42:27,Pasta | Muffin | Breakfast Sandwich,21.0
TX-002415,CUST-050,2025-07-17 23:30:23,Muffin | Americano,6.5
TX-002416,CUST-042,2025-07-18 00:15:43,Americano | Croissant,7.0
TX-002417,CUST-003,2025-07-18 04:40:06,Breakfast Sandwich | Drip Coffee | Croissant,13.0
TX-002418,CUST-091,2025-07-18 08:10:12,Breakfast Sandwich | Cake Slice | Salad,20.5
TX-002419,CUST-050,2025-07-18 08:17:48,Drip Coffee | Croissant,6.5
TX-002420,CUST-043,2025-07-18 15:22:44,Muffin,3.5
TX-002421,CUST-013,2025-07-18 17:57:45,Croissant | Muffin | Salad | Breakfast Sandwich,22.5
TX-002422,CUST-001,2025-07-18 21:56:48,Breakfast Sandwich | Salad | Croissant,19.0
TX-002423,CUST-004,2025-07-19 02:59:42,Pasta | Cake Slice | Latte | Drip Coffee | Salad,32.0
TX-002424,CUST-038,2025-07-19 05:20:31,Latte | Croissant | Muffin,12.0
TX-002425,CUST-002,2025-07-19 06:34:13,Pasta | Cake Slice | Salad | Americano,28.0
TX-002426,CUST-088,2025-07-19 07:40:28,Latte | Pasta,15.5
TX-002427,CUST-036,2025-07-19 14:17:48,Tea | Latte | Croissant,11.5
TX-002428,CUST-032,2025-07-19 15:32:29,Latte | Salad | Pasta | Breakfast Sandwich | Americano,33.5
TX-002429,CUST-042,2025-07-19 17:30:15,Muffin | Drip Coffee,6.0
TX-002430,CUST-028,2025-07-19 17:44:18,Muffin | Latte | Cake Slice | Breakfast Sandwich | Salad,28.5
TX-002431,CUST-024,2025-07-19 18:18:20,Breakfast Sandwich | Latte | Drip Coffee,13.5
TX-002432,CUST-061,2025-07-19 19:40:33,Drip Coffee | Cake Slice,8.0
TX-002433,CUST-074,2025-07-19 20:11:14,Tea | Muffin,6.5
TX-002434,CUST-005,2025-07-20 02:16:42,Latte | Croissant | Americano | Salad,20.0
TX-002435,CUST-071,2025-07-20 06:22:31,Americano,3.0
TX-002436,CUST-068,2025-07-20 07:24:55,Drip Coffee,2.5
TX-002437,CUST-030,2025-07-20 08:02:00,Muffin | Americano | Pasta | Salad,26.0
TX-002438,CUST-062,2025-07-20 09:08:12,Drip Coffee | Muffin,6.0
TX-002439,CUST-011,2025-07-20 11:01:32,Pasta | Americano | Latte,18.5
TX-002440,CUST-026,2025-07-20 12:48:18,Latte | Breakfast Sandwich | Drip Coffee,13.5
TX-002441,CUST-078,2025-07-20 14:28:45,Drip Coffee,2.5
TX-002442,CUST-044,2025-07-20 15:03:46,Tea,3.0
TX-002443,CUST-041,2025-07-20 15:04:07,Drip Coffee | Salad,11.0
TX-002444,CUST-006,2025-07-20 16:50:29,Drip Coffee | Latte | Americano | Muffin,13.5
TX-002445,CUST-048,2025-07-21 03:12:34,Muffin,3.5
TX-002446,CUST-040,2025-07-21 03:21:36,Croissant | Drip Coffee,6.5
TX-002447,CUST-082,2025-07-21 07:43:11,Pasta | Muffin | Tea,17.5
TX-002448,CUST-057,2025-07-21 07:50:51,Cake Slice | Drip Coffee,8.0
TX-002449,CUST-031,2025-07-21 10:22:57,Latte | Salad | Breakfast Sandwich | Drip Coffee | Pasta,33.0
TX-002450,CUST-020,2025-07-21 23:22:08,Croissant | Americano | Salad | Pasta,26.5
TX-002451,CUST-068,2025-07-22 00:33:01,Tea | Drip Coffee,5.5
TX-002452,CUST-068,2025-07-22 00:52:59,Tea | Americano,6.0
TX-002453,CUST-021,2025-07-22 01:40:30,Salad | Americano | Drip Coffee | Croissant,18.0
TX-002454,CUST-105,2025-07-22 03:56:31,Salad | Breakfast Sandwich,15.0
TX-002455,CUST-001,2025-07-22 06:05:01,Croissant | Breakfast Sandwich | Drip Coffee | Salad | Muffin,25.0
TX-002456,CUST-042,2025-07-22 09:19:51,Americano | Croissant,7.0
TX-002457,CUST-053,2025-07-22 16:15:44,Tea | Muffin,6.5
TX-002458,CUST-029,2025-07-22 16:46:20,Breakfast Sandwich | Salad | Pasta,26.0
TX-002459,CUST-021,2025-07-22 18:02:17,Croissant | Pasta | Muffin | Cake Slice,24.0
TX-002460,CUST-063,2025-07-22 19:16:45,Cake Slice | Drip Coffee,8.0
TX-002461,CUST-021,2025-07-22 21:02:11,Drip Coffee | Breakfast Sandwich | Croissant | Pasta,24.0
TX-002462,CUST-013,2025-07-23 02:31:04,Drip Coffee | Americano | Cake Slice | Tea | Muffin,17.5
TX-002463,CUST-035,2025-07-23 05:16:01,Americano | Breakfast Sandwich | Salad,18.0
TX-002464,CUST-010,2025-07-23 08:48:19,Americano | Croissant | Pasta | Cake Slice,23.5
TX-002465,CUST-055,2025-07-23 10:47:55,Americano,3.0
TX-002466,CUST-008,2025-07-23 12:05:25,Americano | Latte | Breakfast Sandwich | Drip Coffee,16.5
TX-002467,CUST-018,2025-07-23 12:21:18,Drip Coffee | Latte | Croissant,11.0
TX-002468,CUST-052,2025-07-23 13:36:25,Tea,3.0
TX-002469,CUST-020,2025-07-23 15:44:57,Croissant | Drip Coffee | Latte,11.0
TX-002470,CUST-075,2025-07-23 17:14:43,Muffin,3.5
TX-002471,CUST-011,2025-07-24 00:15:32,Croissant | Americano | Breakfast Sandwich | Muffin,17.0
TX-002472,CUST-007,2025-07-24 06:44:00,Tea | Americano | Cake Slice | Croissant | Pasta,26.5
TX-002473,CUST-032,2025-07-24 09:32:04,Muffin | Cake Slice | Breakfast Sandwich | Tea,18.5
TX-002474,CUST-008,2025-07-24 09:34:07,Muffin | Salad | Drip Coffee | Breakfast Sandwich | Pasta,32.0
TX-002475,CUST-004,2025-07-24 17:33:23,Croissant | Tea | Muffin | Pasta,21.5
TX-002476,CUST-038,2025-07-24 18:11:44,Breakfast Sandwich | Americano | Tea | Croissant | Drip Coffee,19.0
TX-002477,CUST-002,2025-07-24 20:39:47,Latte | Drip Coffee | Breakfast Sandwich | Croissant,17.5
TX-002478,CUST-008,2025-07-24 22:12:08,Americano | Breakfast Sandwich | Drip Coffee | Cake Slice,17.5
TX-002479,CUST-010,2025-07-24 22:48:57,Muffin | Latte | Salad | Breakfast Sandwich,23.0
TX-002480,CUST-026,2025-07-24 22:51:34,Drip Coffee | Cake Slice | Breakfast Sandwich | Muffin,18.0
TX-002481,CUST-020,2025-07-24 23:41:10,Pasta | Breakfast Sandwich | Croissant | Muffin,25.0
TX-002482,CUST-091,2025-07-25 00:15:39,Tea | Pasta | Latte,18.5
TX-002483,CUST-030,2025-07-25 02:08:58,Breakfast Sandwich | Cake Slice | Tea | Salad,23.5
TX-002484,CUST-040,2025-07-25 03:09:38,Croissant,4.0
TX-002485,CUST-010,2025-07-25 03:57:15,Salad | Breakfast Sandwich | Cake Slice | Tea,23.5
TX-002486,CUST-076,2025-07-25 04:29:00,Drip Coffee | Americano,5.5
TX-002487,CUST-012,2025-07-25 08:25:45,Salad | Croissant | Cake Slice | Breakfast Sandwich | Americano,27.5
TX-002488,CUST-040,2025-07-25 10:17:59,Muffin,3.5
TX-002489,CUST-003,2025-07-25 17:45:20,Tea | Breakfast Sandwich | Salad | Muffin,21.5
TX-002490,CUST-048,2025-07-25 18:32:10,Drip Coffee | Croissant,6.5
TX-002491,CUST-005,2025-07-25 21:28:26,Americano | Muffin | Salad | Croissant | Breakfast Sandwich,25.5
TX-002492,CUST-011,2025-07-26 00:18:02,Drip Coffee | Latte | Americano | Pasta | Muffin,24.5
TX-002493,CUST-056,2025-07-26 03:05:24,Muffin,3.5
TX-002494,CUST-015,2025-07-26 03:40:18,Americano | Breakfast Sandwich | Salad,18.0
TX-002495,CUST-040,2025-07-26 04:24:50,Latte,4.5
TX-002496,CUST-033,2025-07-26 04:56:57,Breakfast Sandwich | Latte | Pasta | Drip Coffee | Salad,33.0
TX-002497,CUST-070,2025-07-26 06:34:13,Muffin | Salad,12.0
TX-002498,CUST-011,2025-07-26 07:00:12,Latte | Tea | Drip Coffee | Americano,13.0
TX-002499,CUST-048,2025-07-26 08:41:41,Americano | Tea,6.0
TX-002500,CUST-020,2025-07-26 15:10:46,Latte | Tea | Salad,16.0
TX-002501,CUST-049,2025-07-26 21:42:26,Drip Coffee,2.5
TX-002502,CUST-021,2025-07-26 22:30:07,Drip Coffee | Pasta | Breakfast Sandwich | Croissant | Muffin,27.5
TX-002503,CUST-014,2025-07-26 22:56:26,Pasta | Cake Slice | Breakfast Sandwich,23.0
TX-002504,CUST-027,2025-07-27 04:55:44,Cake Slice | Americano | Breakfast Sandwich | Salad,23.5
TX-002505,CUST-024,2025-07-27 06:02:24,Croissant | Latte | Breakfast Sandwich | Pasta | Tea,29.0
TX-002506,CUST-104,2025-07-27 17:22:56,Pasta | Latte | Cake Slice,21.0
TX-002507,CUST-008,2025-07-27 18:27:57,Breakfast Sandwich | Cake Slice | Croissant,16.0
TX-002508,CUST-065,2025-07-27 20:28:46,Drip Coffee,2.5
TX-002509,CUST-025,2025-07-27 21:04:09,Cake Slice | Drip Coffee | Salad | Croissant | Pasta,31.5
TX-002510,CUST-002,2025-07-28 03:15:58,Americano | Tea | Salad | Drip Coffee,17.0
TX-002511,CUST-072,2025-07-28 03:41:22,Tea,3.0
TX-002512,CUST-019,2025-07-28 06:26:42,Cake Slice | Breakfast Sandwich | Latte,16.5
TX-002513,CUST-056,2025-07-28 08:16:33,Drip Coffee | Salad,11.0
TX-002514,CUST-066,2025-07-28 09:10:15,Tea,3.0
TX-002515,CUST-063,2025-07-28 15:09:42,Americano,3.0
TX-002516,CUST-093,2025-07-28 15:52:22,Salad | Cake Slice | Drip Coffee,16.5
TX-002517,CUST-036,2025-07-28 18:12:29,Tea | Breakfast Sandwich | Croissant | Salad,22.0
TX-002518,CUST-047,2025-07-28 19:19:26,Muffin | Croissant,7.5
TX-002519,CUST-035,2025-07-28 20:42:20,Latte | Muffin | Pasta,19.0
TX-002520,CUST-019,2025-07-28 22:27:29,Cake Slice | Drip Coffee | Muffin,11.5
TX-002521,CUST-044,2025-07-29 00:16:54,Drip Coffee | Latte,7.0
TX-002522,CUST-084,2025-07-29 01:47:21,Latte | Breakfast Sandwich,11.0
TX-002523,CUST-099,2025-07-29 06:37:42,Croissant | Pasta | Tea,18.0
TX-002524,CUST-002,2025-07-29 09:47:31,Muffin | Latte | Cake Slice | Drip Coffee,16.0
TX-002525,CUST-020,2025-07-29 11:07:58,Croissant | Breakfast Sandwich | Pasta,21.5
TX-002526,CUST-077,2025-07-29 14:41:53,Salad,8.5
TX-002527,CUST-032,2025-07-29 15:46:32,Tea | Muffin | Croissant,10.5
TX-002528,CUST-104,2025-07-29 16:27:47,Breakfast Sandwich | Latte | Tea,14.0
TX-002529,CUST-103,2025-07-29 21:03:17,Croissant | Salad,12.5
TX-002530,CUST-018,2025-07-29 22:10:23,Pasta | Breakfast Sandwich | Drip Coffee,20.0
TX-002531,CUST-015,2025-07-29 22:54:28,Pasta | Muffin | Salad,23.0
TX-002532,CUST-020,2025-07-30 02:42:13,Latte | Americano | Salad,16.0
TX-002533,CUST-052,2025-07-30 02:57:33,Muffin,3.5
TX-002534,CUST-079,2025-07-30 03:35:15,Cake Slice | Pasta,16.5
TX-002535,CUST-058,2025-07-30 03:50:16,Muffin,3.5
TX-002536,CUST-008,2025-07-30 08:44:21,Cake Slice | Tea | Salad | Breakfast Sandwich,23.5
TX-002537,CUST-005,2025-07-30 10:02:39,Salad | Drip Coffee | Breakfast Sandwich,17.5
TX-002538,CUST-077,2025-07-30 10:56:49,Drip Coffee | Tea,5.5
TX-002539,CUST-098,2025-07-30 11:17:36,Salad | Latte | Pasta | Breakfast Sandwich,30.5
TX-002540,CUST-008,2025-07-30 14:40:11,Latte | Croissant | Drip Coffee | Muffin | Pasta,25.5
TX-002541,CUST-049,2025-07-30 15:14:36,Americano | Drip Coffee,5.5
TX-002542,CUST-019,2025-07-30 15:48:32,Breakfast Sandwich | Latte | Cake Slice | Croissant | Salad,29.0
TX-002543,CUST-008,2025-07-30 16:06:51,Breakfast Sandwich | Americano | Muffin | Latte | Croissant,21.5
TX-002544,CUST-027,2025-07-30 16:51:58,Americano | Muffin | Drip Coffee | Pasta,20.0
TX-002545,CUST-002,2025-07-30 17:38:38,Muffin | Salad | Cake Slice,17.5
TX-002546,CUST-108,2025-07-30 21:36:52,Cake Slice | Tea,8.5
TX-002547,CUST-035,2025-07-30 21:58:57,Breakfast Sandwich | Cake Slice | Pasta | Latte,27.5
TX-002548,CUST-041,2025-07-31 00:42:40,Americano | Drip Coffee,5.5
TX-002549,CUST-024,2025-07-31 21:02:08,Cake Slice | Muffin | Americano | Pasta | Breakfast Sandwich,29.5
TX-002550,CUST-014,2025-08-01 01:54:46,Drip Coffee | Latte | Cake Slice,12.5
TX-002551,CUST-038,2025-08-01 02:30:44,Croissant | Muffin | Drip Coffee,10.0
TX-002552,CUST-059,2025-08-01 04:13:05,Drip Coffee | Americano,5.5
TX-002553,CUST-057,2025-08-01 11:55:01,Tea | Drip Coffee,5.5
TX-002554,CUST-078,2025-08-01 13:35:42,Drip Coffee | Muffin,6.0
TX-002555,CUST-032,2025-08-01 17:32:51,Salad | Breakfast Sandwich | Latte | Muffin | Cake Slice,28.5
TX-002556,CUST-015,2025-08-01 18:22:01,Croissant | Latte | Drip Coffee | Cake Slice | Salad,25.0
TX-002557,CUST-069,2025-08-01 21:59:11,Muffin,3.5
TX-002558,CUST-006,2025-08-02 01:26:11,Americano | Breakfast Sandwich | Pasta | Cake Slice | Latte,30.5
TX-002559,CUST-029,2025-08-02 03:55:01,Croissant | Latte | Breakfast Sandwich | Muffin,18.5
TX-002560,CUST-035,2025-08-02 07:40:33,Muffin | Breakfast Sandwich | Croissant | Salad,22.5
TX-002561,CUST-036,2025-08-02 08:52:29,Salad | Latte | Croissant,17.0
TX-002562,CUST-015,2025-08-02 11:52:38,Pasta | Latte | Americano | Cake Slice | Tea,27.0
TX-002563,CUST-007,2025-08-02 13:16:16,Americano | Pasta | Salad | Latte,27.0
TX-002564,CUST-020,2025-08-02 15:20:20,Latte | Muffin | Salad | Drip Coffee,19.0
TX-002565,CUST-056,2025-08-02 16:02:12,Drip Coffee | Tea,5.5
TX-002566,CUST-080,2025-08-02 18:58:02,Tea | Pasta | Latte,18.5
TX-002567,CUST-080,2025-08-02 19:50:44,Cake Slice | Muffin | Breakfast Sandwich,15.5
TX-002568,CUST-078,2025-08-02 20:20:49,Croissant | Americano,7.0
TX-002569,CUST-102,2025-08-02 20:24:39,Pasta | Drip Coffee | Muffin | Salad,25.5
TX-002570,CUST-021,2025-08-02 20:49:46,Salad | Tea | Breakfast Sandwich | Muffin | Latte,26.0
TX-002571,CUST-037,2025-08-02 23:53:54,Americano | Drip Coffee | Croissant | Pasta,20.5
TX-002572,CUST-030,2025-08-03 00:13:57,Salad | Croissant | Breakfast Sandwich | Latte,23.5
TX-002573,CUST-042,2025-08-03 01:33:23,Americano | Muffin,6.5
TX-002574,CUST-036,2025-08-03 05:19:21,Breakfast Sandwich | Latte | Croissant | Cake Slice,20.5
TX-002575,CUST-033,2025-08-03 10:38:15,Latte | Drip Coffee | Pasta | Cake Slice,23.5
TX-002576,CUST-033,2025-08-03 16:36:14,Tea | Muffin | Latte,11.0
TX-002577,CUST-029,2025-08-03 17:24:04,Muffin | Breakfast Sandwich | Latte | Drip Coffee,17.0
TX-002578,CUST-088,2025-08-03 17:30:03,Cake Slice | Drip Coffee | Breakfast Sandwich | Latte,19.0
TX-002579,CUST-003,2025-08-03 20:18:08,Americano | Muffin | Breakfast Sandwich | Pasta | Tea,27.0
TX-002580,CUST-006,2025-08-04 00:13:49,Pasta | Croissant | Americano | Latte | Tea,25.5
TX-002581,CUST-064,2025-08-04 02:32:00,Drip Coffee | Tea,5.5
TX-002582,CUST-016,2025-08-04 08:07:58,Croissant | Tea | Latte | Breakfast Sandwich,18.0
TX-002583,CUST-038,2025-08-04 09:02:23,Croissant | Drip Coffee | Latte,11.0
TX-002584,CUST-039,2025-08-04 09:34:33,Tea,3.0
TX-002585,CUST-097,2025-08-04 10:33:28,Breakfast Sandwich | Salad | Tea,18.0
TX-002586,CUST-068,2025-08-04 12:15:15,Latte | Muffin,8.0
TX-002587,CUST-112,2025-08-04 14:51:55,Breakfast Sandwich | Latte,11.0
TX-002588,CUST-032,2025-08-04 15:12:32,Latte | Americano | Drip Coffee | Cake Slice | Breakfast Sandwich,22.0
TX-002589,CUST-025,2025-08-04 18:05:01,Pasta | Latte | Americano | Drip Coffee,21.0
TX-002590,CUST-016,2025-08-05 02:05:22,Salad | Breakfast Sandwich | Americano | Croissant | Cake Slice,27.5
TX-002591,CUST-011,2025-08-05 07:07:33,Latte | Breakfast Sandwich | Drip Coffee | Cake Slice,19.0
TX-002592,CUST-059,2025-08-05 07:49:02,Drip Coffee,2.5
TX-002593,CUST-053,2025-08-05 08:45:54,Tea,3.0
TX-002594,CUST-067,2025-08-05 11:25:48,Drip Coffee | Americano,5.5
TX-002595,CUST-015,2025-08-05 16:02:32,Drip Coffee | Breakfast Sandwich | Americano,12.0
TX-002596,CUST-002,2025-08-05 17:00:18,Breakfast Sandwich | Drip Coffee | Croissant | Latte,17.5
TX-002597,CUST-029,2025-08-05 17:50:57,Muffin | Breakfast Sandwich | Latte | Croissant,18.5
TX-002598,CUST-009,2025-08-05 19:57:05,Latte | Pasta | Breakfast Sandwich | Muffin,25.5
TX-002599,CUST-010,2025-08-05 21:45:50,Americano | Pasta | Cake Slice | Latte,24.0
TX-002600,CUST-027,2025-08-06 03:01:09,Cake Slice | Pasta | Salad | Breakfast Sandwich,31.5
TX-002601,CUST-109,2025-08-06 03:33:33,Salad | Pasta,19.5
TX-002602,CUST-025,2025-08-06 06:09:30,Salad | Cake Slice | Latte | Drip Coffee | Pasta,32.0
TX-002603,CUST-034,2025-08-06 06:22:46,Tea | Drip Coffee | Salad | Breakfast Sandwich,20.5
TX-002604,CUST-027,2025-08-06 07:07:39,Croissant | Muffin | Latte | Americano,15.0
TX-002605,CUST-002,2025-08-06 08:07:45,Croissant | Salad | Latte | Breakfast Sandwich,23.5
TX-002606,CUST-059,2025-08-06 10:14:15,Drip Coffee,2.5
TX-002607,CUST-114,2025-08-06 10:18:20,Breakfast Sandwich | Croissant,10.5
TX-002608,CUST-010,2025-08-06 11:02:27,Drip Coffee | Salad | Tea | Breakfast Sandwich,20.5
TX-002609,CUST-089,2025-08-06 12:58:50,Cake Slice | Breakfast Sandwich | Pasta | Tea,26.0
TX-002610,CUST-027,2025-08-06 14:35:24,Latte | Croissant | Americano | Breakfast Sandwich,18.0
TX-002611,CUST-022,2025-08-06 19:29:39,Tea | Drip Coffee | Pasta | Muffin,20.0
TX-002612,CUST-057,2025-08-06 21:05:57,Latte,4.5
TX-002613,CUST-070,2025-08-06 21:33:14,Drip Coffee,2.5
TX-002614,CUST-017,2025-08-07 02:08:16,Latte | Americano | Croissant,11.5
TX-002615,CUST-109,2025-08-07 05:57:17,Pasta | Salad | Latte,24.0
TX-002616,CUST-046,2025-08-07 07:17:59,Tea,3.0
TX-002617,CUST-091,2025-08-07 11:03:16,Salad | Latte,13.0
TX-002618,CUST-016,2025-08-07 12:42:15,Latte | Breakfast Sandwich | Muffin | Croissant | Salad,27.0
TX-002619,CUST-027,2025-08-07 15:20:21,Breakfast Sandwich | Tea | Drip Coffee | Croissant,16.0
TX-002620,CUST-058,2025-08-07 20:37:29,Croissant | Latte,8.5
TX-002621,CUST-006,2025-08-07 22:44:02,Drip Coffee | Pasta | Muffin | Americano,20.0
TX-002622,CUST-015,2025-08-07 22:54:16,Breakfast Sandwich | Drip Coffee | Salad,17.5
TX-002623,CUST-065,2025-08-08 06:54:22,Tea | Drip Coffee,5.5
TX-002624,CUST-061,2025-08-08 08:25:17,Drip Coffee | Americano,5.5
TX-002625,CUST-002,2025-08-08 08:25:48,Latte | Salad | Cake Slice | Croissant | Muffin,26.0
TX-002626,CUST-022,2025-08-08 11:01:26,Cake Slice | Croissant | Latte | Tea,17.0
TX-002627,CUST-008,2025-08-08 12:56:56,Breakfast Sandwich | Pasta | Salad,26.0
TX-002628,CUST-027,2025-08-08 13:21:23,Latte | Pasta | Tea | Croissant,22.5
TX-002629,CUST-072,2025-08-08 13:53:09,Drip Coffee | Muffin,6.0
TX-002630,CUST-016,2025-08-08 16:12:42,Latte | Drip Coffee | Salad,15.5
TX-002631,CUST-032,2025-08-08 21:38:49,Cake Slice | Drip Coffee | Croissant,12.0
TX-002632,CUST-078,2025-08-09 00:23:47,Muffin | Tea,6.5
TX-002633,CUST-029,2025-08-09 02:31:39,Americano | Breakfast Sandwich | Pasta | Muffin,24.0
TX-002634,CUST-029,2025-08-09 04:43:28,Muffin | Drip Coffee | Americano | Tea | Salad,20.5
TX-002635,CUST-009,2025-08-09 07:29:28,Drip Coffee | Pasta | Croissant | Muffin | Breakfast Sandwich,27.5
TX-002636,CUST-021,2025-08-09 08:49:23,Croissant | Pasta | Breakfast Sandwich | Salad | Latte,34.5
TX-002637,CUST-021,2025-08-09 12:52:27,Muffin | Breakfast Sandwich | Latte,14.5
TX-002638,CUST-038,2025-08-09 16:02:51,Americano | Breakfast Sandwich | Drip Coffee | Latte | Pasta,27.5
TX-002639,CUST-059,2025-08-09 16:53:02,Latte | Muffin,8.0
TX-002640,CUST-009,2025-08-09 19:57:56,Drip Coffee | Cake Slice | Americano | Pasta,22.0
TX-002641,CUST-112,2025-08-09 22:11:27,Pasta | Breakfast Sandwich | Croissant,21.5
TX-002642,CUST-024,2025-08-10 02:33:22,Pasta | Tea | Drip Coffee | Latte,21.0
TX-002643,CUST-026,2025-08-10 10:37:45,Drip Coffee | Cake Slice | Americano | Breakfast Sandwich | Latte,22.0
TX-002644,CUST-058,2025-08-10 10:45:36,Americano,3.0
TX-002645,CUST-062,2025-08-10 11:47:00,Drip Coffee,2.5
TX-002646,CUST-012,2025-08-10 14:14:34,Muffin | Croissant | Drip Coffee,10.0
TX-002647,CUST-009,2025-08-10 14:41:23,Latte | Cake Slice | Muffin | Drip Coffee | Breakfast Sandwich,22.5
TX-002648,CUST-075,2025-08-10 15:00:52,Tea,3.0
TX-002649,CUST-008,2025-08-11 00:47:05,Breakfast Sandwich | Americano | Pasta | Latte | Croissant,29.0
TX-002650,CUST-049,2025-08-11 06:46:26,Tea,3.0
TX-002651,CUST-005,2025-08-11 07:52:54,Tea | Breakfast Sandwich | Salad,18.0
TX-002652,CUST-033,2025-08-11 12:16:00,Drip Coffee | Breakfast Sandwich | Cake Slice | Salad,23.0
TX-002653,CUST-046,2025-08-11 13:19:40,Drip Coffee,2.5
TX-002654,CUST-034,2025-08-11 16:44:29,Muffin | Breakfast Sandwich | Latte,14.5
TX-002655,CUST-093,2025-08-11 18:19:57,Breakfast Sandwich | Pasta | Cake Slice | Croissant,27.0
TX-002656,CUST-009,2025-08-11 22:26:07,Americano | Drip Coffee | Croissant | Latte | Salad,22.5
TX-002657,CUST-034,2025-08-11 22:26:08,Croissant | Cake Slice | Americano,12.5
TX-002658,CUST-095,2025-08-11 23:10:24,Americano | Croissant,7.0
TX-002659,CUST-016,2025-08-11 23:54:21,Latte | Tea | Croissant | Muffin | Breakfast Sandwich,21.5
TX-002660,CUST-084,2025-08-12 00:26:12,Salad | Pasta,19.5
TX-002661,CUST-004,2025-08-12 01:40:35,Salad | Breakfast Sandwich | Pasta,26.0
TX-002662,CUST-035,2025-08-12 04:11:16,Pasta | Latte | Drip Coffee | Breakfast Sandwich,24.5
TX-002663,CUST-002,2025-08-12 05:56:04,Latte | Americano | Pasta | Cake Slice | Tea,27.0
TX-002664,CUST-017,2025-08-12 07:41:43,Latte | Salad | Croissant,17.0
TX-002665,CUST-013,2025-08-12 11:14:42,Breakfast Sandwich | Muffin | Drip Coffee | Latte | Cake Slice,22.5
TX-002666,CUST-060,2025-08-12 14:25:59,Americano | Muffin,6.5
TX-002667,CUST-018,2025-08-12 16:39:41,Americano | Cake Slice | Latte | Salad,21.5
TX-002668,CUST-033,2025-08-12 17:07:26,Latte | Croissant | Americano,11.5
TX-002669,CUST-036,2025-08-12 17:34:17,Breakfast Sandwich | Latte | Cake Slice,16.5
TX-002670,CUST-103,2025-08-12 19:13:38,Latte | Breakfast Sandwich | Croissant | Cake Slice,20.5
TX-002671,CUST-022,2025-08-12 21:21:05,Pasta | Latte | Breakfast Sandwich | Cake Slice | Americano,30.5
TX-002672,CUST-044,2025-08-12 22:16:55,Drip Coffee | Cake Slice,8.0
TX-002673,CUST-009,2025-08-12 22:17:48,Cake Slice | Salad | Latte,18.5
TX-002674,CUST-063,2025-08-12 22:47:49,Muffin | Americano,6.5
TX-002675,CUST-030,2025-08-13 05:07:45,Breakfast Sandwich | Drip Coffee | Salad,17.5
TX-002676,CUST-065,2025-08-13 06:22:34,Drip Coffee | Muffin,6.0
TX-002677,CUST-048,2025-08-13 08:55:09,Tea,3.0
TX-002678,CUST-012,2025-08-13 09:04:20,Salad | Pasta | Americano,22.5
TX-002679,CUST-002,2025-08-13 09:53:09,Tea | Drip Coffee | Pasta,16.5
TX-002680,CUST-024,2025-08-13 17:18:48,Americano | Drip Coffee | Breakfast Sandwich,12.0
TX-002681,CUST-016,2025-08-13 22:08:47,Latte | Salad | Pasta | Tea,27.0
TX-002682,CUST-054,2025-08-14 02:38:11,Drip Coffee,2.5
TX-002683,CUST-021,2025-08-14 03:21:28,Latte | Cake Slice | Breakfast Sandwich | Muffin | Salad,28.5
TX-002684,CUST-064,2025-08-14 06:13:27,Pasta,11.0
TX-002685,CUST-113,2025-08-14 10:17:47,Croissant | Latte | Breakfast Sandwich | Cake Slice,20.5
TX-002686,CUST-012,2025-08-14 12:34:25,Latte | Croissant | Breakfast Sandwich,15.0
TX-002687,CUST-059,2025-08-14 14:16:37,Drip Coffee | Tea,5.5
TX-002688,CUST-012,2025-08-14 15:05:15,Salad | Pasta | Breakfast Sandwich | Latte | Americano,33.5
TX-002689,CUST-033,2025-08-14 15:45:44,Breakfast Sandwich | Americano | Croissant | Salad,22.0
TX-002690,CUST-036,2025-08-14 17:55:05,Pasta | Muffin | Americano | Breakfast Sandwich,24.0
TX-002691,CUST-033,2025-08-14 18:22:33,Latte | Breakfast Sandwich | Cake Slice | Drip Coffee,19.0
TX-002692,CUST-061,2025-08-14 22:11:37,Americano | Cake Slice,8.5
TX-002693,CUST-074,2025-08-14 22:54:12,Tea,3.0
TX-002694,CUST-005,2025-08-14 23:37:08,Muffin | Cake Slice | Latte,13.5
TX-002695,CUST-004,2025-08-15 01:14:39,Salad | Pasta | Americano,22.5
TX-002696,CUST-034,2025-08-15 02:54:02,Cake Slice | Breakfast Sandwich | Croissant | Latte | Salad,29.0
TX-002697,CUST-086,2025-08-15 04:30:44,Cake Slice | Croissant | Breakfast Sandwich | Americano,19.0
TX-002698,CUST-006,2025-08-15 13:05:38,Muffin | Drip Coffee | Croissant | Latte,14.5
TX-002699,CUST-019,2025-08-15 15:02:14,Breakfast Sandwich | Salad | Cake Slice | Pasta | Drip Coffee,34.0
TX-002700,CUST-077,2025-08-15 16:46:57,Tea | Drip Coffee,5.5
TX-002701,CUST-022,2025-08-16 03:17:09,Drip Coffee | Salad | Cake Slice | Latte,21.0
TX-002702,CUST-022,2025-08-16 03:21:22,Croissant | Breakfast Sandwich | Pasta | Muffin | Drip Coffee,27.5
TX-002703,CUST-030,2025-08-16 09:43:26,Pasta | Breakfast Sandwich | Americano | Cake Slice | Muffin,29.5
TX-002704,CUST-040,2025-08-16 11:47:05,Muffin | Drip Coffee,6.0
TX-002705,CUST-045,2025-08-16 12:42:21,Croissant,4.0
TX-002706,CUST-036,2025-08-16 13:09:06,Croissant | Tea | Salad | Latte,20.0
TX-002707,CUST-034,2025-08-16 13:55:47,Drip Coffee | Croissant | Muffin,10.0
TX-002708,CUST-019,2025-08-16 15:02:35,Cake Slice | Breakfast Sandwich | Latte | Muffin | Americano,23.0
TX-002709,CUST-083,2025-08-16 16:42:00,Croissant | Cake Slice | Breakfast Sandwich | Tea,19.0
TX-002710,CUST-025,2025-08-16 16:56:42,Drip Coffee | Americano | Latte | Pasta | Breakfast Sandwich,27.5
TX-002711,CUST-050,2025-08-16 17:25:29,Drip Coffee,2.5
TX-002712,CUST-005,2025-08-16 17:39:55,Cake Slice | Americano | Breakfast Sandwich,15.0
TX-002713,CUST-014,2025-08-16 18:37:42,Latte | Cake Slice | Drip Coffee | Croissant,16.5
TX-002714,CUST-071,2025-08-16 20:59:16,Drip Coffee | Croissant,6.5
TX-002715,CUST-056,2025-08-16 21:05:19,Drip Coffee,2.5
TX-002716,CUST-058,2025-08-16 21:06:35,Tea,3.0
TX-002717,CUST-007,2025-08-16 21:15:52,Cake Slice | Breakfast Sandwich | Drip Coffee | Pasta,25.5
TX-002718,CUST-100,2025-08-16 21:45:58,Latte | Muffin | Breakfast Sandwich | Salad,23.0
TX-002719,CUST-057,2025-08-17 02:40:31,Drip Coffee | Muffin,6.0
TX-002720,CUST-016,2025-08-17 03:49:12,Breakfast Sandwich | Pasta | Salad | Drip Coffee | Muffin,32.0
TX-002721,CUST-014,2025-08-17 05:23:46,Tea | Pasta | Croissant,18.0
TX-002722,CUST-016,2025-08-17 06:58:09,Drip Coffee | Salad | Cake Slice,16.5
TX-002723,CUST-013,2025-08-17 07:25:14,Americano | Tea | Latte | Croissant,14.5
TX-002724,CUST-026,2025-08-17 08:04:19,Breakfast Sandwich | Drip Coffee | Cake Slice | Americano | Muffin,21.0
TX-002725,CUST-096,2025-08-17 10:07:08,Pasta | Muffin | Latte,19.0
TX-002726,CUST-014,2025-08-17 10:57:17,Tea | Latte | Salad | Drip Coffee | Americano,21.5
TX-002727,CUST-036,2025-08-17 12:55:28,Cake Slice | Americano | Drip Coffee | Latte,15.5
TX-002728,CUST-003,2025-08-17 13:06:22,Latte | Breakfast Sandwich | Pasta | Cake Slice | Muffin,31.0
TX-002729,CUST-028,2025-08-17 15:06:01,Breakfast Sandwich | Salad | Latte | Americano | Cake Slice,28.0
TX-002730,CUST-027,2025-08-17 15:18:51,Breakfast Sandwich | Latte | Drip Coffee,13.5
TX-002731,CUST-023,2025-08-18 08:06:02,Drip Coffee | Muffin | Cake Slice,11.5
TX-002732,CUST-018,2025-08-18 08:51:00,Salad | Muffin | Pasta | Latte,27.5
TX-002733,CUST-011,2025-08-18 13:43:45,Muffin | Croissant | Drip Coffee,10.0
TX-002734,CUST-018,2025-08-18 21:39:18,Salad | Drip Coffee | Cake Slice | Breakfast Sandwich | Muffin,26.5
TX-002735,CUST-035,2025-08-18 21:57:20,Breakfast Sandwich | Latte | Cake Slice | Tea | Americano,22.5
TX-002736,CUST-056,2025-08-18 22:32:09,Drip Coffee,2.5
TX-002737,CUST-019,2025-08-19 03:58:48,Croissant | Americano | Cake Slice,12.5
TX-002738,CUST-073,2025-08-19 04:13:26,Drip Coffee | Americano,5.5
TX-002739,CUST-002,2025-08-19 04:26:47,Latte | Croissant | Cake Slice | Drip Coffee,16.5
TX-002740,CUST-069,2025-08-19 04:48:05,Muffin,3.5
TX-002741,CUST-056,2025-08-19 08:01:20,Drip Coffee,2.5
TX-002742,CUST-001,2025-08-19 08:44:07,Muffin | Americano | Salad,15.0
TX-002743,CUST-072,2025-08-19 08:46:34,Tea,3.0
TX-002744,CUST-046,2025-08-19 08:56:30,Tea | Americano,6.0
TX-002745,CUST-090,2025-08-19 10:17:15,Salad | Muffin,12.0
TX-002746,CUST-062,2025-08-19 10:22:26,Tea | Latte,7.5
TX-002747,CUST-047,2025-08-19 10:48:01,Tea | Drip Coffee,5.5
TX-002748,CUST-020,2025-08-19 12:49:51,Latte | Croissant | Muffin | Drip Coffee,14.5
TX-002749,CUST-017,2025-08-19 14:04:32,Muffin | Croissant | Drip Coffee | Latte | Breakfast Sandwich,21.0
TX-002750,CUST-113,2025-08-19 16:42:04,Salad | Americano,11.5
TX-002751,CUST-026,2025-08-19 17:52:22,Breakfast Sandwich | Drip Coffee | Muffin | Salad,21.0
TX-002752,CUST-035,2025-08-19 21:16:25,Latte | Salad | Americano,16.0
TX-002753,CUST-006,2025-08-20 00:01:43,Croissant | Drip Coffee | Muffin | Breakfast Sandwich,16.5
TX-002754,CUST-065,2025-08-20 07:10:40,Breakfast Sandwich,6.5
TX-002755,CUST-032,2025-08-20 07:53:49,Salad | Croissant | Breakfast Sandwich | Cake Slice | Pasta,35.5
TX-002756,CUST-076,2025-08-20 15:58:55,Americano | Muffin,6.5
TX-002757,CUST-016,2025-08-20 17:39:58,Cake Slice | Muffin | Drip Coffee | Breakfast Sandwich,18.0
TX-002758,CUST-075,2025-08-20 19:51:24,Tea | Americano,6.0
TX-002759,CUST-037,2025-08-20 21:41:35,Croissant | Muffin | Latte,12.0
TX-002760,CUST-086,2025-08-21 02:34:04,Croissant | Cake Slice,9.5
TX-002761,CUST-070,2025-08-21 05:04:23,Americano | Drip Coffee,5.5
TX-002762,CUST-029,2025-08-21 08:44:19,Muffin | Breakfast Sandwich | Pasta | Cake Slice,26.5
TX-002763,CUST-057,2025-08-21 09:14:51,Drip Coffee | Tea,5.5
TX-002764,CUST-075,2025-08-21 16:13:39,Americano | Drip Coffee,5.5
TX-002765,CUST-033,2025-08-21 16:56:55,Pasta | Drip Coffee | Americano | Breakfast Sandwich | Cake Slice,28.5
TX-002766,CUST-005,2025-08-21 20:09:35,Breakfast Sandwich | Drip Coffee | Latte | Croissant,17.5
TX-002767,CUST-052,2025-08-21 20:14:37,Americano,3.0
TX-002768,CUST-078,2025-08-21 22:17:54,Tea,3.0
TX-002769,CUST-013,2025-08-21 23:30:53,Latte | Pasta | Drip Coffee | Salad | Croissant,30.5
TX-002770,CUST-005,2025-08-22 00:17:29,Muffin | Latte | Breakfast Sandwich | Salad,23.0
TX-002771,CUST-092,2025-08-22 02:59:58,Croissant | Breakfast Sandwich | Salad,19.0
TX-002772,CUST-069,2025-08-22 09:57:15,Salad | Cake Slice,14.0
TX-002773,CUST-027,2025-08-22 10:30:19,Pasta | Americano | Cake Slice,19.5
TX-002774,CUST-035,2025-08-22 13:26:16,Tea | Latte | Americano | Breakfast Sandwich | Cake Slice,22.5
TX-002775,CUST-035,2025-08-22 13:44:34,Muffin | Latte | Tea,11.0
TX-002776,CUST-014,2025-08-22 15:19:07,Muffin | Salad | Cake Slice,17.5
TX-002777,CUST-020,2025-08-22 15:28:15,Drip Coffee | Americano | Pasta,16.5
TX-002778,CUST-036,2025-08-22 16:04:36,Muffin | Croissant | Drip Coffee,10.0
TX-002779,CUST-013,2025-08-22 17:28:36,Pasta | Latte | Muffin | Breakfast Sandwich | Croissant,29.5
TX-002780,CUST-045,2025-08-22 22:22:16,Muffin,3.5
TX-002781,CUST-048,2025-08-23 01:12:18,Drip Coffee,2.5
TX-002782,CUST-036,2025-08-23 02:41:16,Croissant | Americano | Drip Coffee | Breakfast Sandwich,16.0
TX-002783,CUST-019,2025-08-23 08:07:00,Latte | Drip Coffee | Cake Slice | Americano | Breakfast Sandwich,22.0
TX-002784,CUST-031,2025-08-23 09:27:55,Breakfast Sandwich | Cake Slice | Americano | Croissant | Latte,23.5
TX-002785,CUST-053,2025-08-23 09:46:46,Muffin,3.5
TX-002786,CUST-066,2025-08-23 10:33:35,Muffin | Tea,6.5
TX-002787,CUST-004,2025-08-23 11:06:11,Latte | Salad | Pasta | Breakfast Sandwich | Muffin,34.0
TX-002788,CUST-065,2025-08-23 11:09:44,Drip Coffee | Muffin,6.0
TX-002789,CUST-021,2025-08-23 15:15:01,Croissant | Muffin | Tea,10.5
TX-002790,CUST-011,2025-08-23 18:31:26,Latte | Pasta | Croissant | Drip Coffee,22.0
TX-002791,CUST-001,2025-08-23 19:31:17,Americano | Cake Slice | Salad | Tea | Croissant,24.0
TX-002792,CUST-061,2025-08-23 21:05:28,Muffin,3.5
TX-002793,CUST-044,2025-08-23 23:19:32,Drip Coffee | Americano,5.5
TX-002794,CUST-046,2025-08-24 01:43:39,Breakfast Sandwich | Latte,11.0
TX-002795,CUST-012,2025-08-24 02:16:55,Americano | Cake Slice | Drip Coffee,11.0
TX-002796,CUST-038,2025-08-24 02:18:24,Tea | Cake Slice | Pasta | Croissant,23.5
TX-002797,CUST-057,2025-08-24 03:07:32,Cake Slice | Drip Coffee,8.0
TX-002798,CUST-009,2025-08-24 05:02:41,Salad | Latte | Muffin | Pasta | Drip Coffee,30.0
TX-002799,CUST-041,2025-08-24 07:22:56,Drip Coffee | Muffin,6.0
TX-002800,CUST-030,2025-08-24 11:09:02,Cake Slice | Salad | Breakfast Sandwich,20.5
TX-002801,CUST-063,2025-08-24 11:21:38,Americano,3.0
TX-002802,CUST-070,2025-08-24 14:49:50,Americano | Drip Coffee,5.5
TX-002803,CUST-004,2025-08-25 05:17:21,Latte | Croissant | Drip Coffee | Americano | Salad,22.5
TX-002804,CUST-009,2025-08-25 05:23:07,Croissant | Latte | Pasta,19.5
TX-002805,CUST-067,2025-08-25 06:00:19,Americano | Tea,6.0
TX-002806,CUST-067,2025-08-25 06:06:24,Drip Coffee | Tea,5.5
TX-002807,CUST-081,2025-08-25 06:20:50,Pasta | Muffin | Cake Slice | Salad,28.5
TX-002808,CUST-093,2025-08-25 06:49:27,Croissant | Pasta | Breakfast Sandwich,21.5
TX-002809,CUST-097,2025-08-25 09:41:25,Salad | Muffin | Pasta,23.0
TX-002810,CUST-026,2025-08-25 10:42:13,Breakfast Sandwich | Salad | Croissant,19.0
TX-002811,CUST-038,2025-08-25 11:18:42,Cake Slice | Americano | Muffin,12.0
TX-002812,CUST-008,2025-08-25 11:30:27,Americano | Drip Coffee | Muffin,9.0
TX-002813,CUST-047,2025-08-25 12:53:54,Americano | Tea,6.0
TX-002814,CUST-114,2025-08-25 13:52:37,Breakfast Sandwich | Latte,11.0
TX-002815,CUST-025,2025-08-25 15:37:14,Drip Coffee | Breakfast Sandwich | Croissant | Muffin | Cake Slice,22.0
TX-002816,CUST-015,2025-08-25 16:02:49,Americano | Latte | Drip Coffee,10.0
TX-002817,CUST-036,2025-08-25 16:23:11,Cake Slice | Drip Coffee | Pasta | Latte | Americano,26.5
TX-002818,CUST-006,2025-08-25 17:33:43,Pasta | Latte | Muffin | Breakfast Sandwich,25.5
TX-002819,CUST-013,2025-08-26 00:17:17,Tea | Breakfast Sandwich | Cake Slice | Latte,19.5
TX-002820,CUST-033,2025-08-26 02:58:07,Croissant | Latte | Breakfast Sandwich | Americano | Drip Coffee,20.5
TX-002821,CUST-004,2025-08-26 03:16:28,Pasta | Cake Slice | Drip Coffee | Americano | Tea,25.0
TX-002822,CUST-014,2025-08-26 08:46:43,Croissant | Pasta | Breakfast Sandwich,21.5
TX-002823,CUST-055,2025-08-26 09:39:31,Americano,3.0
TX-002824,CUST-078,2025-08-26 12:19:54,Americano,3.0
TX-002825,CUST-046,2025-08-26 13:10:23,Muffin | Cake Slice,9.0
TX-002826,CUST-037,2025-08-26 13:11:03,Breakfast Sandwich | Cake Slice | Drip Coffee,14.5
TX-002827,CUST-065,2025-08-26 15:16:46,Drip Coffee | Muffin,6.0
TX-002828,CUST-016,2025-08-26 18:39:45,Breakfast Sandwich | Croissant | Salad | Cake Slice,24.5
TX-002829,CUST-035,2025-08-26 19:28:49,Pasta | Muffin | Croissant,18.5
TX-002830,CUST-052,2025-08-26 20:31:23,Muffin | Drip Coffee,6.0
TX-002831,CUST-013,2025-08-26 21:41:04,Latte | Drip Coffee | Americano | Croissant,14.0
TX-002832,CUST-021,2025-08-26 22:20:03,Croissant | Latte | Muffin | Breakfast Sandwich,18.5
TX-002833,CUST-037,2025-08-26 22:25:00,Latte | Drip Coffee | Breakfast Sandwich,13.5
TX-002834,CUST-014,2025-08-26 23:52:38,Salad | Latte | Muffin | Breakfast Sandwich,23.0
TX-002835,CUST-015,2025-08-27 05:47:51,Drip Coffee | Pasta | Tea | Breakfast Sandwich,23.0
TX-002836,CUST-007,2025-08-27 05:56:32,Cake Slice | Breakfast Sandwich | Croissant | Drip Coffee,18.5
TX-002837,CUST-069,2025-08-27 09:57:33,Drip Coffee | Latte,7.0
TX-002838,CUST-021,2025-08-27 10:07:02,Breakfast Sandwich | Croissant | Pasta | Drip Coffee | Americano,27.0
TX-002839,CUST-096,2025-08-27 10:24:56,Breakfast Sandwich | Salad | Cake Slice | Latte,25.0
TX-002840,CUST-009,2025-08-27 14:31:25,Muffin | Latte | Croissant,12.0
TX-002841,CUST-114,2025-08-27 19:39:21,Breakfast Sandwich | Salad,15.0
TX-002842,CUST-051,2025-08-27 23:01:37,Drip Coffee,2.5
TX-002843,CUST-022,2025-08-27 23:11:53,Breakfast Sandwich | Americano | Pasta | Muffin | Tea,27.0
TX-002844,CUST-112,2025-08-28 00:27:55,Cake Slice | Tea,8.5
TX-002845,CUST-015,2025-08-28 00:51:56,Americano | Tea | Latte | Cake Slice,16.0
TX-002846,CUST-014,2025-08-28 01:59:33,Latte | Tea | Drip Coffee,10.0
TX-002847,CUST-013,2025-08-28 02:07:28,Breakfast Sandwich | Croissant | Pasta,21.5
TX-002848,CUST-114,2025-08-28 02:42:23,Tea | Breakfast Sandwich | Croissant,13.5
TX-002849,CUST-021,2025-08-28 07:09:40,Breakfast Sandwich | Muffin | Cake Slice | Croissant | Latte,24.0
TX-002850,CUST-014,2025-08-28 10:06:00,Drip Coffee | Croissant | Cake Slice,12.0
TX-002851,CUST-058,2025-08-28 10:37:43,Muffin,3.5
TX-002852,CUST-017,2025-08-28 12:36:30,Salad | Cake Slice | Americano | Drip Coffee | Breakfast Sandwich,26.0
TX-002853,CUST-028,2025-08-28 13:25:08,Drip Coffee | Tea | Breakfast Sandwich | Latte,16.5
TX-002854,CUST-045,2025-08-28 17:11:23,Drip Coffee,2.5
TX-002855,CUST-067,2025-08-28 22:33:34,Drip Coffee,2.5
TX-002856,CUST-013,2025-08-28 22:54:05,Cake Slice | Pasta | Salad | Croissant | Breakfast Sandwich,35.5
TX-002857,CUST-055,2025-08-29 01:58:45,Muffin,3.5
TX-002858,CUST-012,2025-08-29 03:13:06,Latte | Croissant | Pasta | Americano | Drip Coffee,25.0
TX-002859,CUST-026,2025-08-29 04:46:13,Breakfast Sandwich | Americano | Drip Coffee,12.0
TX-002860,CUST-030,2025-08-29 04:52:26,Muffin | Pasta | Cake Slice | Latte | Drip Coffee,27.0
TX-002861,CUST-017,2025-08-29 07:05:08,Drip Coffee | Pasta | Cake Slice,19.0
TX-002862,CUST-010,2025-08-29 08:25:49,Latte | Muffin | Drip Coffee | Breakfast Sandwich,17.0
TX-002863,CUST-008,2025-08-29 10:21:41,Breakfast Sandwich | Pasta | Americano | Cake Slice | Muffin,29.5
TX-002864,CUST-065,2025-08-29 14:45:45,Americano,3.0
TX-002865,CUST-053,2025-08-29 16:10:57,Latte,4.5
TX-002866,CUST-053,2025-08-29 17:59:10,Croissant,4.0
TX-002867,CUST-068,2025-08-29 19:38:10,Tea | Croissant,7.0
TX-002868,CUST-026,2025-08-30 03:01:17,Pasta | Cake Slice | Latte | Americano,24.0
TX-002869,CUST-083,2025-08-30 03:26:15,Cake Slice | Breakfast Sandwich | Salad,20.5
TX-002870,CUST-023,2025-08-30 03:43:20,Americano | Cake Slice | Croissant | Latte,17.0
TX-002871,CUST-060,2025-08-30 04:23:54,Americano | Tea,6.0
TX-002872,CUST-042,2025-08-30 04:58:38,Muffin,3.5
TX-002873,CUST-045,2025-08-30 10:37:43,Americano | Muffin,6.5
TX-002874,CUST-044,2025-08-30 12:02:40,Drip Coffee | Cake Slice,8.0
TX-002875,CUST-007,2025-08-30 13:36:58,Latte | Croissant | Muffin | Cake Slice | Pasta,28.5
TX-002876,CUST-014,2025-08-30 13:38:56,Croissant | Pasta | Americano,18.0
TX-002877,CUST-053,2025-08-30 21:51:04,Muffin,3.5
TX-002878,CUST-076,2025-08-30 23:28:04,Drip Coffee,2.5
TX-002879,CUST-030,2025-08-31 00:06:31,Latte | Pasta | Breakfast Sandwich | Muffin | Cake Slice,31.0
TX-002880,CUST-026,2025-08-31 06:49:16,Breakfast Sandwich | Latte | Tea | Muffin | Americano,20.5
TX-002881,CUST-019,2025-08-31 07:51:49,Breakfast Sandwich | Croissant | Muffin | Pasta | Cake Slice,30.5
TX-002882,CUST-095,2025-08-31 09:40:44,Latte | Cake Slice,10.0
TX-002883,CUST-061,2025-08-31 10:11:20,Drip Coffee | Americano,5.5
TX-002884,CUST-067,2025-08-31 11:20:47,Americano,3.0
TX-002885,CUST-008,2025-08-31 16:18:40,Latte | Croissant | Muffin | Cake Slice | Tea,20.5
TX-002886,CUST-054,2025-08-31 20:13:39,Tea | Drip Coffee,5.5
TX-002887,CUST-026,2025-08-31 20:38:13,Pasta | Latte | Muffin | Salad,27.5
TX-002888,CUST-050,2025-08-31 22:39:39,Drip Coffee | Tea,5.5
TX-002889,CUST-027,2025-09-01 00:49:32,Breakfast Sandwich | Muffin | Americano,13.0
TX-002890,CUST-060,2025-09-01 03:57:14,Drip Coffee | Americano,5.5
TX-002891,CUST-020,2025-09-01 09:57:11,Latte | Croissant | Breakfast Sandwich | Americano | Muffin,21.5
TX-002892,CUST-024,2025-09-01 12:30:51,Breakfast Sandwich | Drip Coffee | Latte | Tea | Muffin,20.0
TX-002893,CUST-106,2025-09-01 15:04:13,Americano | Pasta | Cake Slice,19.5
TX-002894,CUST-071,2025-09-01 20:24:52,Tea | Americano,6.0
TX-002895,CUST-017,2025-09-02 01:25:21,Croissant | Salad | Tea,15.5
TX-002896,CUST-012,2025-09-02 01:47:46,Americano | Breakfast Sandwich | Pasta | Muffin | Salad,32.5
TX-002897,CUST-024,2025-09-02 05:59:26,Croissant | Pasta | Latte,19.5
TX-002898,CUST-028,2025-09-02 08:15:22,Pasta | Muffin | Drip Coffee,17.0
TX-002899,CUST-024,2025-09-02 09:23:11,Croissant | Breakfast Sandwich | Drip Coffee | Cake Slice,18.5
TX-002900,CUST-032,2025-09-02 11:35:36,Drip Coffee | Latte | Cake Slice | Croissant | Americano,19.5
TX-002901,CUST-006,2025-09-02 12:26:58,Salad | Latte | Breakfast Sandwich,19.5
TX-002902,CUST-112,2025-09-02 15:44:45,Cake Slice | Muffin,9.0
TX-002903,CUST-017,2025-09-02 17:24:47,Croissant | Pasta | Breakfast Sandwich | Drip Coffee,24.0
TX-002904,CUST-021,2025-09-02 18:11:41,Pasta | Latte | Cake Slice | Tea,24.0
TX-002905,CUST-069,2025-09-02 20:53:59,Drip Coffee,2.5
TX-002906,CUST-070,2025-09-02 22:50:23,Drip Coffee | Americano,5.5
TX-002907,CUST-055,2025-09-02 23:26:52,Drip Coffee | Muffin,6.0
TX-002908,CUST-039,2025-09-02 23:29:04,Drip Coffee,2.5
TX-002909,CUST-045,2025-09-03 01:45:36,Drip Coffee | Tea,5.5
TX-002910,CUST-002,2025-09-03 01:46:56,Breakfast Sandwich | Cake Slice | Pasta | Croissant,27.0
TX-002911,CUST-038,2025-09-03 14:51:17,Drip Coffee | Latte | Muffin,10.5
TX-002912,CUST-003,2025-09-03 16:44:09,Croissant | Pasta | Latte,19.5
TX-002913,CUST-109,2025-09-04 03:27:29,Breakfast Sandwich | Americano,9.5
TX-002914,CUST-038,2025-09-04 04:25:57,Breakfast Sandwich | Salad | Pasta | Muffin,29.5
TX-002915,CUST-054,2025-09-04 04:44:46,Drip Coffee | Croissant,6.5
TX-002916,CUST-021,2025-09-04 05:36:17,Pasta | Tea | Breakfast Sandwich | Americano,23.5
TX-002917,CUST-035,2025-09-04 05:51:06,Cake Slice | Breakfast Sandwich | Tea | Latte | Drip Coffee,22.0
TX-002918,CUST-104,2025-09-04 06:49:01,Pasta | Cake Slice | Breakfast Sandwich,23.0
TX-002919,CUST-031,2025-09-04 06:56:55,Latte | Tea | Americano | Drip Coffee,13.0
TX-002920,CUST-047,2025-09-04 11:38:08,Drip Coffee | Salad,11.0
TX-002921,CUST-042,2025-09-04 22:38:32,Muffin | Latte,8.0
TX-002922,CUST-098,2025-09-04 22:46:54,Salad | Breakfast Sandwich,15.0
TX-002923,CUST-048,2025-09-05 00:20:10,Muffin,3.5
TX-002924,CUST-041,2025-09-05 02:39:20,Muffin,3.5
TX-002925,CUST-022,2025-09-05 02:41:35,Cake Slice | Salad | Americano | Pasta,28.0
TX-002926,CUST-010,2025-09-05 02:53:03,Drip Coffee | Breakfast Sandwich | Croissant | Muffin,16.5
TX-002927,CUST-037,2025-09-05 03:32:10,Salad | Tea | Breakfast Sandwich | Cake Slice,23.5
TX-002928,CUST-033,2025-09-05 04:25:37,Pasta | Cake Slice | Croissant,20.5
TX-002929,CUST-022,2025-09-05 04:46:39,Latte | Breakfast Sandwich | Croissant | Drip Coffee | Pasta,28.5
TX-002930,CUST-001,2025-09-05 05:35:14,Pasta | Latte | Americano | Drip Coffee | Muffin,24.5
TX-002931,CUST-020,2025-09-05 07:49:24,Breakfast Sandwich | Latte | Salad | Cake Slice,25.0
TX-002932,CUST-047,2025-09-05 10:54:12,Drip Coffee,2.5
TX-002933,CUST-021,2025-09-05 14:10:07,Breakfast Sandwich | Tea | Pasta,20.5
TX-002934,CUST-018,2025-09-05 15:57:11,Salad | Muffin | Drip Coffee,14.5
TX-002935,CUST-083,2025-09-05 17:19:31,Pasta | Breakfast Sandwich | Latte,22.0
TX-002936,CUST-028,2025-09-05 20:42:06,Americano | Muffin | Breakfast Sandwich | Latte,17.5
TX-002937,CUST-021,2025-09-06 02:45:39,Drip Coffee | Breakfast Sandwich | Cake Slice | Croissant,18.5
TX-002938,CUST-013,2025-09-06 04:46:50,Americano | Breakfast Sandwich | Latte | Drip Coffee | Muffin,20.0
TX-002939,CUST-013,2025-09-06 06:05:55,Croissant | Tea | Latte | Salad | Breakfast Sandwich,26.5
TX-002940,CUST-070,2025-09-06 11:27:00,Drip Coffee | Muffin,6.0
TX-002941,CUST-036,2025-09-06 12:02:22,Breakfast Sandwich | Pasta | Cake Slice | Salad | Drip Coffee,34.0
TX-002942,CUST-056,2025-09-06 15:08:47,Muffin | Tea,6.5
TX-002943,CUST-039,2025-09-06 16:09:03,Americano | Croissant,7.0
TX-002944,CUST-021,2025-09-06 16:34:13,Muffin | Breakfast Sandwich | Croissant | Salad | Americano,25.5
TX-002945,CUST-042,2025-09-06 20:12:20,Americano | Tea,6.0
TX-002946,CUST-060,2025-09-06 20:17:16,Latte,4.5
TX-002947,CUST-057,2025-09-06 22:52:24,Cake Slice,5.5
TX-002948,CUST-031,2025-09-07 02:22:15,Breakfast Sandwich | Cake Slice | Pasta | Latte,27.5
TX-002949,CUST-008,2025-09-07 06:36:25,Breakfast Sandwich | Americano | Pasta,20.5
TX-002950,CUST-075,2025-09-07 06:59:24,Tea,3.0
TX-002951,CUST-039,2025-09-07 08:23:05,Muffin,3.5
TX-002952,CUST-101,2025-09-07 09:23:39,Tea | Cake Slice | Breakfast Sandwich | Croissant,19.0
TX-002953,CUST-044,2025-09-07 12:20:36,Tea,3.0
TX-002954,CUST-017,2025-09-07 18:21:35,Latte | Muffin | Salad | Americano,19.5
TX-002955,CUST-040,2025-09-07 23:01:11,Muffin,3.5
TX-002956,CUST-052,2025-09-08 05:37:07,Drip Coffee | Americano,5.5
TX-002957,CUST-031,2025-09-08 05:41:38,Breakfast Sandwich | Pasta | Americano | Latte,25.0
TX-002958,CUST-034,2025-09-08 08:16:30,Croissant | Drip Coffee | Cake Slice,12.0
TX-002959,CUST-043,2025-09-08 13:07:54,Muffin | Tea,6.5
TX-002960,CUST-012,2025-09-08 17:51:40,Cake Slice | Drip Coffee | Latte | Breakfast Sandwich | Tea,22.0
TX-002961,CUST-027,2025-09-08 18:25:07,Croissant | Pasta | Tea | Americano | Muffin,24.5
TX-002962,CUST-066,2025-09-08 19:20:26,Croissant,4.0
TX-002963,CUST-022,2025-09-08 20:29:28,Croissant | Pasta | Americano,18.0
TX-002964,CUST-023,2025-09-08 22:02:43,Salad | Croissant | Americano,15.5
TX-002965,CUST-073,2025-09-09 00:11:49,Americano | Muffin,6.5
TX-002966,CUST-045,2025-09-09 00:37:44,Drip Coffee,2.5
TX-002967,CUST-003,2025-09-09 01:35:27,Breakfast Sandwich | Drip Coffee | Latte | Salad,22.0
TX-002968,CUST-055,2025-09-09 01:57:55,Tea,3.0
TX-002969,CUST-008,2025-09-09 02:20:42,Latte | Breakfast Sandwich | Cake Slice | Pasta,27.5
TX-002970,CUST-040,2025-09-09 06:21:44,Drip Coffee | Tea,5.5
TX-002971,CUST-070,2025-09-09 09:30:00,Americano,3.0
TX-002972,CUST-102,2025-09-09 15:09:19,Latte | Breakfast Sandwich | Cake Slice,16.5
TX-002973,CUST-065,2025-09-09 16:18:44,Drip Coffee | Muffin,6.0
TX-002974,CUST-040,2025-09-09 17:41:44,Drip Coffee | Muffin,6.0
TX-002975,CUST-007,2025-09-09 19:30:50,Americano | Croissant | Muffin | Latte,15.0
TX-002976,CUST-027,2025-09-09 22:07:33,Salad | Breakfast Sandwich | Cake Slice,20.5
TX-002977,CUST-038,2025-09-09 22:24:26,Drip Coffee | Salad | Cake Slice | Latte | Breakfast Sandwich,27.5
TX-002978,CUST-022,2025-09-10 00:41:01,Americano | Drip Coffee | Latte | Muffin | Salad,22.0
TX-002979,CUST-020,2025-09-10 03:39:46,Drip Coffee | Americano | Breakfast Sandwich | Pasta,23.0
TX-002980,CUST-025,2025-09-10 04:25:51,Latte | Salad | Pasta | Croissant,28.0
TX-002981,CUST-024,2025-09-10 04:30:53,Croissant | Breakfast Sandwich | Cake Slice | Americano,19.0
TX-002982,CUST-010,2025-09-10 09:03:19,Salad | Muffin | Tea,15.0
TX-002983,CUST-011,2025-09-10 10:06:19,Croissant | Muffin | Drip Coffee,10.0
TX-002984,CUST-053,2025-09-10 12:27:03,Drip Coffee | Tea,5.5
TX-002985,CUST-037,2025-09-10 14:03:41,Muffin | Latte | Drip Coffee | Breakfast Sandwich | Cake Slice,22.5
TX-002986,CUST-070,2025-09-10 15:05:42,Americano | Breakfast Sandwich,9.5
TX-002987,CUST-033,2025-09-10 15:13:39,Salad | Croissant | Latte | Americano,20.0
TX-002988,CUST-023,2025-09-10 15:26:58,Latte | Cake Slice | Croissant,14.0
TX-002989,CUST-004,2025-09-10 17:03:15,Pasta | Tea | Latte | Salad,27.0
TX-002990,CUST-037,2025-09-10 18:37:20,Salad | Latte | Pasta | Breakfast Sandwich,30.5
TX-002991,CUST-016,2025-09-10 18:43:44,Tea | Cake Slice | Muffin,12.0
TX-002992,CUST-016,2025-09-10 23:09:40,Americano | Latte | Cake Slice,13.0
TX-002993,CUST-025,2025-09-11 02:14:01,Cake Slice | Muffin | Tea,12.0
TX-002994,CUST-022,2025-09-11 03:11:50,Breakfast Sandwich | Tea | Muffin | Salad,21.5
TX-002995,CUST-007,2025-09-11 04:00:51,Cake Slice | Pasta | Muffin,20.0
TX-002996,CUST-062,2025-09-11 13:14:05,Drip Coffee | Tea,5.5
TX-002997,CUST-034,2025-09-11 16:55:54,Breakfast Sandwich | Latte | Pasta | Cake Slice,27.5
TX-002998,CUST-012,2025-09-11 17:12:01,Salad | Pasta | Latte,24.0
TX-002999,CUST-021,2025-09-11 17:25:48,Cake Slice | Americano | Muffin | Latte | Tea,19.5
TX-003000,CUST-007,2025-09-11 19:50:12,Breakfast Sandwich | Drip Coffee | Muffin | Latte,17.0
TX-003001,CUST-036,2025-09-11 20:03:19,Salad | Americano | Croissant,15.5
TX-003002,CUST-077,2025-09-11 21:01:53,Muffin,3.5
TX-003003,CUST-019,2025-09-11 21:14:16,Drip Coffee | Salad | Tea | Breakfast Sandwich,20.5
TX-003004,CUST-073,2025-09-11 22:35:24,Americano | Muffin,6.5
TX-003005,CUST-030,2025-09-11 23:34:02,Drip Coffee | Salad | Latte | Pasta | Croissant,30.5
TX-003006,CUST-021,2025-09-11 23:41:03,Breakfast Sandwich | Latte | Salad,19.5
TX-003007,CUST-005,2025-09-12 00:39:47,Latte | Breakfast Sandwich | Croissant,15.0
TX-003008,CUST-048,2025-09-12 00:39:56,Americano | Drip Coffee,5.5
TX-003009,CUST-019,2025-09-12 01:46:24,Pasta | Muffin | Breakfast Sandwich,21.0
TX-003010,CUST-024,2025-09-12 02:51:36,Latte | Croissant | Pasta,19.5
TX-003011,CUST-102,2025-09-12 04:37:17,Salad | Cake Slice,14.0
TX-003012,CUST-001,2025-09-12 07:48:35,Americano | Breakfast Sandwich | Latte | Cake Slice | Tea,22.5
TX-003013,CUST-109,2025-09-12 10:36:40,Salad | Cake Slice,14.0
TX-003014,CUST-002,2025-09-12 14:51:02,Breakfast Sandwich | Salad | Pasta,26.0
TX-003015,CUST-041,2025-09-12 19:54:40,Americano | Drip Coffee,5.5
TX-003016,CUST-029,2025-09-12 22:44:59,Breakfast Sandwich | Drip Coffee | Latte,13.5
TX-003017,CUST-078,2025-09-13 01:08:35,Americano,3.0
TX-003018,CUST-011,2025-09-13 01:17:11,Latte | Croissant | Tea | Breakfast Sandwich | Pasta,29.0
TX-003019,CUST-019,2025-09-13 02:16:41,Croissant | Cake Slice | Drip Coffee | Americano | Tea,18.0
TX-003020,CUST-034,2025-09-13 02:57:09,Latte | Tea | Cake Slice | Breakfast Sandwich | Salad,28.0
TX-003021,CUST-105,2025-09-13 03:48:42,Cake Slice | Salad,14.0
TX-003022,CUST-002,2025-09-13 04:03:11,Salad | Americano | Breakfast Sandwich | Latte,22.5
TX-003023,CUST-006,2025-09-13 04:14:52,Breakfast Sandwich | Croissant | Pasta | Drip Coffee | Cake Slice,29.5
TX-003024,CUST-013,2025-09-13 09:12:25,Latte | Tea | Drip Coffee | Breakfast Sandwich | Salad,25.0
TX-003025,CUST-038,2025-09-13 10:30:16,Salad | Breakfast Sandwich | Latte | Croissant | Pasta,34.5
TX-003026,CUST-001,2025-09-13 11:25:50,Breakfast Sandwich | Americano | Pasta | Croissant | Muffin,28.0
TX-003027,CUST-035,2025-09-13 12:12:46,Latte | Salad | Muffin | Pasta,27.5
TX-003028,CUST-112,2025-09-13 18:10:40,Cake Slice | Breakfast Sandwich | Pasta,23.0
TX-003029,CUST-048,2025-09-13 22:58:43,Drip Coffee,2.5
TX-003030,CUST-002,2025-09-13 23:30:54,Cake Slice | Breakfast Sandwich | Pasta | Muffin | Latte,31.0
TX-003031,CUST-073,2025-09-14 01:27:15,Croissant,4.0
TX-003032,CUST-097,2025-09-14 01:32:28,Cake Slice | Salad | Pasta,25.0
TX-003033,CUST-032,2025-09-14 02:18:30,Breakfast Sandwich | Tea | Salad | Croissant | Pasta,33.0
TX-003034,CUST-100,2025-09-14 11:46:00,Breakfast Sandwich | Latte | Salad,19.5
TX-003035,CUST-043,2025-09-14 14:45:13,Tea | Croissant,7.0
TX-003036,CUST-018,2025-09-14 15:41:16,Croissant | Salad | Americano | Muffin | Latte,23.5
TX-003037,CUST-004,2025-09-14 19:41:38,Drip Coffee | Americano | Croissant,9.5
TX-003038,CUST-011,2025-09-14 22:23:52,Muffin | Latte | Tea,11.0
TX-003039,CUST-071,2025-09-15 01:40:26,Pasta,11.0
TX-003040,CUST-060,2025-09-15 03:46:30,Drip Coffee | Tea,5.5
TX-003041,CUST-026,2025-09-15 09:23:27,Cake Slice | Muffin | Drip Coffee,11.5
TX-003042,CUST-005,2025-09-15 11:17:01,Pasta | Latte | Cake Slice,21.0
TX-003043,CUST-059,2025-09-15 14:34:30,Americano,3.0
TX-003044,CUST-089,2025-09-15 16:14:42,Croissant | Pasta | Tea | Cake Slice,23.5
TX-003045,CUST-011,2025-09-15 19:09:43,Americano | Cake Slice | Muffin,12.0
TX-003046,CUST-022,2025-09-15 19:10:24,Cake Slice | Croissant | Drip Coffee | Salad | Pasta,31.5
TX-003047,CUST-067,2025-09-15 20:34:00,Drip Coffee | Tea,5.5
TX-003048,CUST-098,2025-09-15 20:48:15,Muffin | Pasta | Latte,19.0
TX-003049,CUST-016,2025-09-15 21:00:09,Breakfast Sandwich | Muffin | Croissant | Salad,22.5
TX-003050,CUST-078,2025-09-15 21:45:45,Drip Coffee | Americano,5.5
TX-003051,CUST-061,2025-09-15 23:36:43,Tea,3.0
TX-003052,CUST-103,2025-09-16 01:17:38,Breakfast Sandwich | Pasta | Salad,26.0
TX-003053,CUST-060,2025-09-16 01:18:44,Muffin | Americano,6.5
TX-003054,CUST-070,2025-09-16 02:04:13,Muffin | Tea,6.5
TX-003055,CUST-051,2025-09-16 03:25:55,Muffin,3.5
TX-003056,CUST-004,2025-09-16 04:50:06,Cake Slice | Pasta | Latte,21.0
TX-003057,CUST-108,2025-09-16 05:35:33,Pasta | Breakfast Sandwich | Cake Slice,23.0
TX-003058,CUST-052,2025-09-16 10:08:36,Drip Coffee,2.5
TX-003059,CUST-007,2025-09-16 10:10:05,Cake Slice | Breakfast Sandwich | Latte | Muffin | Drip Coffee,22.5
TX-003060,CUST-012,2025-09-16 11:22:32,Breakfast Sandwich | Muffin | Salad | Drip Coffee | Tea,24.0
TX-003061,CUST-085,2025-09-16 12:12:34,Latte | Drip Coffee,7.0
TX-003062,CUST-031,2025-09-16 15:23:56,Americano | Drip Coffee | Breakfast Sandwich | Salad,20.5
TX-003063,CUST-099,2025-09-16 21:29:14,Cake Slice | Breakfast Sandwich,12.0
TX-003064,CUST-022,2025-09-16 23:22:16,Pasta | Tea | Breakfast Sandwich | Croissant | Latte,29.0
TX-003065,CUST-081,2025-09-17 00:15:20,Breakfast Sandwich | Latte | Drip Coffee,13.5
TX-003066,CUST-047,2025-09-17 04:03:37,Drip Coffee,2.5
TX-003067,CUST-014,2025-09-17 04:44:04,Latte | Cake Slice | Breakfast Sandwich | Croissant,20.5
TX-003068,CUST-002,2025-09-17 05:12:15,Croissant | Americano | Drip Coffee | Breakfast Sandwich | Latte,20.5
TX-003069,CUST-061,2025-09-17 05:19:50,Drip Coffee,2.5
TX-003070,CUST-102,2025-09-17 05:57:54,Salad | Pasta | Americano | Cake Slice,28.0
TX-003071,CUST-072,2025-09-17 12:02:28,Drip Coffee | Muffin,6.0
TX-003072,CUST-011,2025-09-17 15:03:06,Americano | Pasta | Drip Coffee | Cake Slice,22.0
TX-003073,CUST-021,2025-09-17 16:19:49,Latte | Muffin | Breakfast Sandwich,14.5
TX-003074,CUST-072,2025-09-17 18:58:07,Drip Coffee,2.5
TX-003075,CUST-006,2025-09-17 23:39:48,Breakfast Sandwich | Drip Coffee | Salad,17.5
TX-003076,CUST-114,2025-09-18 01:59:31,Muffin | Cake Slice | Pasta,20.0
TX-003077,CUST-036,2025-09-18 10:09:49,Muffin | Drip Coffee | Cake Slice,11.5
TX-003078,CUST-031,2025-09-18 11:05:42,Drip Coffee | Salad | Americano | Breakfast Sandwich | Pasta,31.5
TX-003079,CUST-043,2025-09-18 11:31:06,Croissant | Pasta,15.0
TX-003080,CUST-005,2025-09-18 13:46:30,Breakfast Sandwich | Drip Coffee | Latte | Pasta,24.5
TX-003081,CUST-021,2025-09-18 19:18:23,Tea | Muffin | Salad | Breakfast Sandwich,21.5
TX-003082,CUST-023,2025-09-18 19:42:01,Salad | Latte | Drip Coffee | Breakfast Sandwich,22.0
TX-003083,CUST-056,2025-09-18 20:14:10,Drip Coffee | Croissant,6.5
TX-003084,CUST-059,2025-09-18 22:28:41,Americano,3.0
TX-003085,CUST-063,2025-09-19 02:20:16,Muffin | Americano,6.5
TX-003086,CUST-031,2025-09-19 03:49:50,Latte | Croissant | Americano,11.5
TX-003087,CUST-058,2025-09-19 06:43:22,Drip Coffee,2.5
TX-003088,CUST-016,2025-09-19 07:13:37,Pasta | Latte | Drip Coffee,18.0
TX-003089,CUST-073,2025-09-19 08:12:42,Muffin,3.5
TX-003090,CUST-018,2025-09-19 09:57:20,Croissant | Americano | Pasta,18.0
TX-003091,CUST-062,2025-09-19 14:16:21,Muffin,3.5
TX-003092,CUST-042,2025-09-19 15:36:23,Muffin | Drip Coffee,6.0
TX-003093,CUST-001,2025-09-19 15:49:12,Latte | Breakfast Sandwich | Pasta | Muffin | Drip Coffee,28.0
TX-003094,CUST-061,2025-09-19 16:08:05,Muffin,3.5
TX-003095,CUST-027,2025-09-19 16:26:09,Breakfast Sandwich | Americano | Pasta,20.5
TX-003096,CUST-015,2025-09-19 17:16:09,Drip Coffee | Croissant | Salad | Pasta,26.0
TX-003097,CUST-055,2025-09-19 19:53:25,Croissant | Muffin,7.5
TX-003098,CUST-014,2025-09-19 23:31:45,Americano | Croissant | Breakfast Sandwich,13.5
TX-003099,CUST-070,2025-09-20 03:39:41,Croissant,4.0
TX-003100,CUST-096,2025-09-20 07:05:00,Pasta | Latte | Salad,24.0
TX-003101,CUST-009,2025-09-20 10:55:52,Americano | Latte | Breakfast Sandwich | Cake Slice | Salad,28.0
TX-003102,CUST-080,2025-09-20 15:37:37,Salad | Cake Slice | Muffin,17.5
TX-003103,CUST-013,2025-09-20 16:13:58,Cake Slice | Latte | Croissant,14.0
TX-003104,CUST-036,2025-09-20 17:27:27,Cake Slice | Croissant | Pasta | Muffin | Drip Coffee,26.5
TX-003105,CUST-109,2025-09-20 22:00:19,Pasta | Breakfast Sandwich,17.5
TX-003106,CUST-042,2025-09-21 04:40:02,Americano | Tea,6.0
TX-003107,CUST-006,2025-09-21 04:57:39,Cake Slice | Salad | Drip Coffee,16.5
TX-003108,CUST-087,2025-09-21 06:32:17,Salad | Breakfast Sandwich | Latte | Cake Slice,25.0
TX-003109,CUST-059,2025-09-21 06:57:27,Tea | Drip Coffee,5.5
TX-003110,CUST-014,2025-09-21 10:38:05,Cake Slice | Salad | Drip Coffee | Americano | Croissant,23.5
TX-003111,CUST-095,2025-09-21 14:30:46,Salad | Drip Coffee,11.0
TX-003112,CUST-075,2025-09-21 16:14:46,Drip Coffee | Tea,5.5
TX-003113,CUST-088,2025-09-21 18:09:58,Pasta | Muffin | Tea | Latte,22.0
TX-003114,CUST-028,2025-09-21 18:28:48,Latte | Drip Coffee | Breakfast Sandwich | Cake Slice,19.0
TX-003115,CUST-064,2025-09-22 05:57:20,Muffin,3.5
TX-003116,CUST-057,2025-09-22 10:09:40,Americano,3.0
TX-003117,CUST-023,2025-09-22 11:16:15,Breakfast Sandwich | Cake Slice | Latte,16.5
TX-003118,CUST-070,2025-09-22 13:32:04,Drip Coffee,2.5
TX-003119,CUST-011,2025-09-22 19:04:13,Muffin | Latte | Drip Coffee,10.5
TX-003120,CUST-038,2025-09-22 19:20:08,Latte | Cake Slice | Breakfast Sandwich,16.5
TX-003121,CUST-074,2025-09-22 20:32:22,Tea | Americano,6.0
TX-003122,CUST-060,2025-09-22 22:53:08,Muffin,3.5
TX-003123,CUST-027,2025-09-23 01:26:11,Pasta | Salad | Cake Slice | Latte | Drip Coffee,32.0
TX-003124,CUST-055,2025-09-23 02:10:19,Americano | Tea,6.0
TX-003125,CUST-010,2025-09-23 05:57:30,Tea | Croissant | Drip Coffee | Americano | Latte,17.0
TX-003126,CUST-076,2025-09-23 06:07:27,Drip Coffee | Muffin,6.0
TX-003127,CUST-017,2025-09-23 07:12:26,Breakfast Sandwich | Latte | Salad | Drip Coffee,22.0
TX-003128,CUST-009,2025-09-23 09:09:43,Latte | Drip Coffee | Americano | Croissant | Breakfast Sandwich,20.5
TX-003129,CUST-074,2025-09-23 10:24:42,Drip Coffee | Muffin,6.0
TX-003130,CUST-082,2025-09-23 12:27:10,Cake Slice | Breakfast Sandwich,12.0
TX-003131,CUST-068,2025-09-23 13:13:15,Croissant | Drip Coffee,6.5
TX-003132,CUST-091,2025-09-23 13:30:01,Pasta | Cake Slice,16.5
TX-003133,CUST-004,2025-09-23 13:33:17,Tea | Breakfast Sandwich | Cake Slice | Salad,23.5
TX-003134,CUST-006,2025-09-23 14:01:24,Latte | Drip Coffee | Muffin | Cake Slice | Pasta,27.0
TX-003135,CUST-023,2025-09-23 14:36:04,Latte | Drip Coffee | Muffin,10.5
TX-003136,CUST-021,2025-09-23 15:30:40,Drip Coffee | Americano | Latte | Breakfast Sandwich | Tea,19.5
TX-003137,CUST-022,2025-09-23 19:04:55,Americano | Pasta | Breakfast Sandwich | Muffin,24.0
TX-003138,CUST-003,2025-09-23 19:57:04,Latte | Pasta | Salad | Croissant | Muffin,31.5
TX-003139,CUST-052,2025-09-23 21:10:44,Muffin | Americano,6.5
TX-003140,CUST-018,2025-09-23 22:35:20,Breakfast Sandwich | Cake Slice | Latte | Pasta,27.5
TX-003141,CUST-071,2025-09-23 22:35:43,Tea,3.0
TX-003142,CUST-072,2025-09-23 23:24:04,Americano | Muffin,6.5
TX-003143,CUST-015,2025-09-23 23:28:19,Salad | Americano | Latte | Breakfast Sandwich | Croissant,26.5
TX-003144,CUST-015,2025-09-24 00:43:37,Muffin | Croissant | Salad | Pasta | Tea,30.0
TX-003145,CUST-037,2025-09-24 01:22:29,Salad | Breakfast Sandwich | Americano,18.0
TX-003146,CUST-052,2025-09-24 02:06:00,Tea | Drip Coffee,5.5
TX-003147,CUST-061,2025-09-24 02:50:09,Croissant | Muffin,7.5
TX-003148,CUST-013,2025-09-24 06:55:33,Breakfast Sandwich | Latte | Pasta | Drip Coffee,24.5
TX-003149,CUST-114,2025-09-24 08:31:37,Breakfast Sandwich | Tea | Croissant | Latte,18.0
TX-003150,CUST-029,2025-09-24 09:24:16,Latte | Salad | Breakfast Sandwich | Cake Slice,25.0
TX-003151,CUST-039,2025-09-24 22:04:12,Americano,3.0
TX-003152,CUST-050,2025-09-25 01:57:13,Drip Coffee | Muffin,6.0
TX-003153,CUST-008,2025-09-25 03:34:19,Muffin | Drip Coffee | Cake Slice,11.5
TX-003154,CUST-008,2025-09-25 04:11:35,Drip Coffee | Muffin | Latte | Tea,13.5
TX-003155,CUST-011,2025-09-25 06:03:02,Breakfast Sandwich | Muffin | Tea | Croissant,17.0
TX-003156,CUST-024,2025-09-25 08:18:03,Salad | Latte | Drip Coffee | Muffin | Americano,22.0
TX-003157,CUST-083,2025-09-25 11:11:00,Latte | Americano | Muffin | Cake Slice,16.5
TX-003158,CUST-079,2025-09-25 13:01:00,Croissant | Salad | Drip Coffee,15.0
TX-003159,CUST-057,2025-09-25 16:22:11,Muffin | Tea,6.5
TX-003160,CUST-061,2025-09-25 16:23:00,Tea | Muffin,6.5
TX-003161,CUST-058,2025-09-25 16:55:30,Muffin,3.5
TX-003162,CUST-045,2025-09-25 19:11:41,Tea,3.0
TX-003163,CUST-088,2025-09-25 21:19:58,Breakfast Sandwich | Latte | Pasta | Croissant,26.0
TX-003164,CUST-038,2025-09-25 23:15:19,Cake Slice | Salad | Latte | Americano,21.5
TX-003165,CUST-053,2025-09-26 00:39:59,Muffin | Drip Coffee,6.0
TX-003166,CUST-012,2025-09-26 05:10:52,Latte | Salad | Pasta | Drip Coffee,26.5
TX-003167,CUST-008,2025-09-26 07:28:33,Breakfast Sandwich | Salad | Croissant,19.0
TX-003168,CUST-001,2025-09-26 07:46:30,Cake Slice | Americano | Latte | Pasta,24.0
TX-003169,CUST-081,2025-09-26 08:20:00,Latte | Breakfast Sandwich | Pasta | Drip Coffee,24.5
TX-003170,CUST-099,2025-09-26 13:10:02,Drip Coffee | Salad | Cake Slice | Tea,19.5
TX-003171,CUST-065,2025-09-26 13:35:12,Drip Coffee | Americano,5.5
TX-003172,CUST-094,2025-09-26 15:33:17,Cake Slice | Latte,10.0
TX-003173,CUST-113,2025-09-26 17:57:56,Salad | Croissant,12.5
TX-003174,CUST-022,2025-09-26 21:22:09,Latte | Breakfast Sandwich | Pasta | Croissant,26.0
TX-003175,CUST-026,2025-09-26 21:49:30,Latte | Drip Coffee | Cake Slice | Breakfast Sandwich | Americano,22.0
TX-003176,CUST-044,2025-09-26 23:19:43,Muffin,3.5
TX-003177,CUST-051,2025-09-27 00:05:36,Americano | Croissant,7.0
TX-003178,CUST-036,2025-09-27 04:54:24,Breakfast Sandwich | Salad | Drip Coffee | Cake Slice,23.0
TX-003179,CUST-011,2025-09-27 05:54:40,Breakfast Sandwich | Pasta | Croissant | Salad,30.0
TX-003180,CUST-011,2025-09-27 10:38:23,Latte | Croissant | Cake Slice | Americano | Breakfast Sandwich,23.5
TX-003181,CUST-004,2025-09-27 14:38:04,Pasta | Croissant | Drip Coffee | Muffin,21.0
TX-003182,CUST-112,2025-09-27 14:44:21,Cake Slice | Salad,14.0
TX-003183,CUST-064,2025-09-27 16:31:57,Drip Coffee,2.5
TX-003184,CUST-065,2025-09-27 20:31:26,Muffin | Drip Coffee,6.0
TX-003185,CUST-048,2025-09-27 22:00:39,Muffin | Americano,6.5
TX-003186,CUST-015,2025-09-28 00:58:18,Drip Coffee | Muffin | Americano | Latte,13.5
TX-003187,CUST-054,2025-09-28 04:20:54,Drip Coffee | Muffin,6.0
TX-003188,CUST-048,2025-09-28 06:44:58,Drip Coffee,2.5
TX-003189,CUST-002,2025-09-28 06:56:13,Pasta | Latte | Breakfast Sandwich | Drip Coffee | Croissant,28.5
TX-003190,CUST-035,2025-09-28 06:58:12,Americano | Cake Slice | Croissant | Tea | Drip Coffee,18.0
TX-003191,CUST-043,2025-09-28 08:47:59,Americano | Muffin,6.5
TX-003192,CUST-041,2025-09-28 10:03:31,Americano | Drip Coffee,5.5
TX-003193,CUST-023,2025-09-28 13:34:18,Pasta | Breakfast Sandwich | Latte | Muffin,25.5
TX-003194,CUST-037,2025-09-28 15:10:39,Pasta | Americano | Latte,18.5
TX-003195,CUST-027,2025-09-28 15:28:17,Cake Slice | Breakfast Sandwich | Croissant,16.0
TX-003196,CUST-068,2025-09-28 17:17:57,Croissant | Tea,7.0
TX-003197,CUST-014,2025-09-28 19:53:46,Latte | Breakfast Sandwich | Croissant | Drip Coffee,17.5
TX-003198,CUST-082,2025-09-28 23:42:40,Pasta | Latte | Drip Coffee,18.0
TX-003199,CUST-067,2025-09-29 01:41:27,Drip Coffee | Muffin,6.0
TX-003200,CUST-004,2025-09-29 04:21:28,Pasta | Croissant | Breakfast Sandwich | Latte,26.0
TX-003201,CUST-035,2025-09-29 08:50:00,Muffin | Cake Slice | Pasta,20.0
TX-003202,CUST-026,2025-09-29 09:39:45,Pasta | Breakfast Sandwich | Muffin | Croissant | Salad,33.5
TX-003203,CUST-011,2025-09-29 10:17:06,Salad | Croissant | Latte | Breakfast Sandwich,23.5
TX-003204,CUST-021,2025-09-29 10:47:46,Tea | Cake Slice | Breakfast Sandwich | Drip Coffee,17.5
TX-003205,CUST-072,2025-09-29 12:05:17,Tea | Latte,7.5
TX-003206,CUST-067,2025-09-29 14:04:24,Americano,3.0
TX-003207,CUST-004,2025-09-29 14:59:06,Tea | Croissant | Breakfast Sandwich | Latte,18.0
TX-003208,CUST-002,2025-09-29 16:51:09,Pasta | Salad | Drip Coffee | Croissant,26.0
TX-003209,CUST-109,2025-09-29 17:08:00,Cake Slice | Breakfast Sandwich,12.0
TX-003210,CUST-017,2025-09-29 19:39:43,Breakfast Sandwich | Drip Coffee | Latte,13.5
TX-003211,CUST-007,2025-09-30 01:42:55,Drip Coffee | Breakfast Sandwich | Pasta,20.0
TX-003212,CUST-049,2025-09-30 01:57:54,Tea,3.0
TX-003213,CUST-073,2025-09-30 03:45:17,Americano | Croissant,7.0
TX-003214,CUST-054,2025-09-30 09:15:07,Drip Coffee,2.5
TX-003215,CUST-005,2025-09-30 10:23:20,Latte | Pasta | Tea | Americano,21.5
TX-003216,CUST-093,2025-09-30 11:13:12,Salad | Tea | Breakfast Sandwich,18.0
TX-003217,CUST-069,2025-09-30 11:30:33,Tea,3.0
TX-003218,CUST-030,2025-09-30 13:54:16,Pasta | Latte | Salad | Croissant,28.0
TX-003219,CUST-010,2025-09-30 15:07:49,Salad | Drip Coffee | Tea,14.0
TX-003220,CUST-034,2025-09-30 17:41:05,Pasta | Cake Slice | Drip Coffee | Breakfast Sandwich | Muffin,29.0
TX-003221,CUST-045,2025-09-30 20:53:36,Muffin | Tea,6.5
TX-003222,CUST-042,2025-09-30 22:13:49,Tea | Muffin,6.5
TX-003223,CUST-067,2025-10-01 01:31:27,Drip Coffee | Croissant,6.5
TX-003224,CUST-016,2025-10-01 08:21:48,Americano | Salad | Drip Coffee | Pasta,25.0
TX-003225,CUST-015,2025-10-01 08:55:08,Cake Slice | Salad | Croissant | Americano,21.0
TX-003226,CUST-021,2025-10-01 11:17:49,Muffin | Drip Coffee | Latte | Americano | Cake Slice,19.0
TX-003227,CUST-077,2025-10-01 12:16:40,Croissant | Americano,7.0
TX-003228,CUST-020,2025-10-01 16:29:20,Pasta | Muffin | Salad,23.0
TX-003229,CUST-087,2025-10-01 17:06:23,Latte | Breakfast Sandwich | Croissant | Drip Coffee,17.5
TX-003230,CUST-068,2025-10-01 19:06:29,Pasta | Tea,14.0
TX-003231,CUST-014,2025-10-02 01:03:50,Breakfast Sandwich | Drip Coffee | Salad,17.5
TX-003232,CUST-036,2025-10-02 02:07:23,Americano | Cake Slice | Muffin,12.0
TX-003233,CUST-030,2025-10-02 02:08:36,Latte | Cake Slice | Salad,18.5
TX-003234,CUST-059,2025-10-02 03:41:40,Tea | Latte,7.5
TX-003235,CUST-095,2025-10-02 07:18:00,Salad | Breakfast Sandwich | Cake Slice,20.5
TX-003236,CUST-019,2025-10-02 07:47:37,Salad | Latte | Breakfast Sandwich,19.5
TX-003237,CUST-018,2025-10-02 10:02:17,Breakfast Sandwich | Latte | Cake Slice | Muffin,20.0
TX-003238,CUST-046,2025-10-02 12:22:39,Tea | Croissant,7.0
TX-003239,CUST-004,2025-10-02 14:28:11,Breakfast Sandwich | Americano | Pasta | Tea | Latte,28.0
TX-003240,CUST-051,2025-10-02 15:23:21,Croissant | Drip Coffee,6.5
TX-003241,CUST-048,2025-10-02 15:54:26,Drip Coffee | Muffin,6.0
TX-003242,CUST-038,2025-10-02 16:05:27,Cake Slice | Latte | Salad | Drip Coffee | Muffin,24.5
TX-003243,CUST-033,2025-10-02 19:29:45,Breakfast Sandwich | Croissant | Latte,15.0
TX-003244,CUST-036,2025-10-02 22:34:05,Drip Coffee | Salad | Latte | Breakfast Sandwich,22.0
TX-003245,CUST-015,2025-10-03 02:19:13,Latte | Breakfast Sandwich | Cake Slice,16.5
TX-003246,CUST-097,2025-10-03 02:23:44,Breakfast Sandwich | Latte | Pasta | Cake Slice,27.5
TX-003247,CUST-069,2025-10-03 05:37:12,Tea,3.0
TX-003248,CUST-058,2025-10-03 07:57:08,Tea | Americano,6.0
TX-003249,CUST-043,2025-10-03 09:53:33,Drip Coffee | Tea,5.5
TX-003250,CUST-050,2025-10-03 10:11:13,Tea,3.0
TX-003251,CUST-032,2025-10-03 10:38:15,Americano | Salad | Breakfast Sandwich | Croissant,22.0
TX-003252,CUST-005,2025-10-03 11:46:38,Drip Coffee | Latte | Breakfast Sandwich | Salad,22.0
TX-003253,CUST-089,2025-10-03 12:31:36,Salad | Tea | Cake Slice | Latte,21.5
TX-003254,CUST-062,2025-10-03 12:54:37,Americano,3.0
TX-003255,CUST-069,2025-10-03 18:27:27,Muffin | Tea,6.5
TX-003256,CUST-029,2025-10-03 20:35:26,Salad | Latte | Pasta | Breakfast Sandwich,30.5
TX-003257,CUST-002,2025-10-04 01:16:28,Drip Coffee | Americano | Breakfast Sandwich | Pasta | Salad,31.5
TX-003258,CUST-064,2025-10-04 02:07:07,Americano,3.0
TX-003259,CUST-021,2025-10-04 05:53:59,Breakfast Sandwich | Pasta | Tea,20.5
TX-003260,CUST-012,2025-10-04 06:21:40,Croissant | Latte | Salad,17.0
TX-003261,CUST-028,2025-10-04 07:00:36,Drip Coffee | Breakfast Sandwich | Croissant,13.0
TX-003262,CUST-097,2025-10-04 09:08:00,Salad | Americano | Croissant | Cake Slice,21.0
TX-003263,CUST-001,2025-10-04 11:16:28,Cake Slice | Pasta | Breakfast Sandwich | Latte,27.5
TX-003264,CUST-108,2025-10-04 12:57:36,Latte | Cake Slice,10.0
TX-003265,CUST-005,2025-10-04 13:19:16,Cake Slice | Americano | Pasta | Croissant | Latte,28.0
TX-003266,CUST-059,2025-10-04 15:09:20,Muffin,3.5
TX-003267,CUST-005,2025-10-04 16:01:37,Latte | Breakfast Sandwich | Muffin,14.5
TX-003268,CUST-021,2025-10-04 17:48:04,Croissant | Breakfast Sandwich | Drip Coffee | Muffin,16.5
TX-003269,CUST-006,2025-10-04 18:37:44,Muffin | Salad | Latte,16.5
TX-003270,CUST-046,2025-10-04 18:56:56,Tea,3.0
TX-003271,CUST-011,2025-10-04 21:11:41,Americano | Pasta | Latte,18.5
TX-003272,CUST-055,2025-10-04 22:24:43,Latte,4.5
TX-003273,CUST-057,2025-10-05 02:59:45,Drip Coffee,2.5
TX-003274,CUST-001,2025-10-05 03:08:01,Drip Coffee | Americano | Salad | Breakfast Sandwich,20.5
TX-003275,CUST-066,2025-10-05 13:31:02,Muffin,3.5
TX-003276,CUST-074,2025-10-05 13:39:11,Drip Coffee | Tea,5.5
TX-003277,CUST-001,2025-10-05 13:58:52,Muffin | Latte | Cake Slice | Salad | Croissant,26.0
TX-003278,CUST-048,2025-10-05 15:16:40,Drip Coffee | Croissant,6.5
TX-003279,CUST-084,2025-10-05 15:41:00,Muffin | Latte | Cake Slice,13.5
TX-003280,CUST-035,2025-10-05 16:16:23,Croissant | Drip Coffee | Americano | Cake Slice,15.0
TX-003281,CUST-094,2025-10-05 17:58:10,Latte | Pasta,15.5
TX-003282,CUST-018,2025-10-05 18:28:52,Latte | Breakfast Sandwich | Pasta,22.0
TX-003283,CUST-010,2025-10-05 18:31:45,Salad | Breakfast Sandwich | Muffin | Latte | Tea,26.0
TX-003284,CUST-012,2025-10-05 20:39:54,Breakfast Sandwich | Drip Coffee | Latte,13.5
TX-003285,CUST-091,2025-10-05 22:03:17,Tea | Americano | Drip Coffee,8.5
TX-003286,CUST-017,2025-10-05 23:16:23,Cake Slice | Drip Coffee | Breakfast Sandwich,14.5
TX-003287,CUST-036,2025-10-06 02:14:59,Pasta | Latte | Muffin | Cake Slice | Croissant,28.5
TX-003288,CUST-047,2025-10-06 03:01:58,Tea,3.0
TX-003289,CUST-031,2025-10-06 03:22:26,Salad | Croissant | Muffin,16.0
TX-003290,CUST-107,2025-10-06 10:05:00,Salad | Croissant | Breakfast Sandwich,19.0
TX-003291,CUST-020,2025-10-06 13:02:21,Salad | Latte | Americano | Drip Coffee | Pasta,29.5
TX-003292,CUST-006,2025-10-06 13:52:04,Latte | Muffin | Americano | Cake Slice | Breakfast Sandwich,23.0
TX-003293,CUST-036,2025-10-06 14:36:57,Breakfast Sandwich | Croissant | Americano | Salad | Muffin,25.5
TX-003294,CUST-033,2025-10-06 18:39:05,Americano | Pasta | Drip Coffee | Cake Slice | Breakfast Sandwich,28.5
TX-003295,CUST-013,2025-10-06 20:03:29,Latte | Cake Slice | Breakfast Sandwich,16.5
TX-003296,CUST-016,2025-10-06 20:09:14,Cake Slice | Latte | Salad,18.5
TX-003297,CUST-070,2025-10-07 10:13:31,Drip Coffee,2.5
TX-003298,CUST-019,2025-10-07 13:48:42,Salad | Breakfast Sandwich | Latte,19.5
TX-003299,CUST-003,2025-10-07 14:12:36,Cake Slice | Croissant | Muffin | Pasta,24.0
TX-003300,CUST-033,2025-10-07 18:14:41,Croissant | Drip Coffee | Cake Slice | Pasta | Latte,27.5
TX-003301,CUST-037,2025-10-08 05:16:47,Cake Slice | Tea | Muffin,12.0
TX-003302,CUST-019,2025-10-08 06:39:17,Breakfast Sandwich | Salad | Cake Slice | Latte | Pasta,36.0
TX-003303,CUST-024,2025-10-08 07:40:55,Drip Coffee | Pasta | Breakfast Sandwich | Cake Slice,25.5
TX-003304,CUST-003,2025-10-08 07:43:33,Salad | Pasta | Breakfast Sandwich | Croissant | Muffin,33.5
TX-003305,CUST-104,2025-10-08 08:59:00,Drip Coffee | Americano | Tea | Salad,17.0
TX-003306,CUST-009,2025-10-08 10:36:14,Cake Slice | Latte | Breakfast Sandwich,16.5
TX-003307,CUST-002,2025-10-08 11:00:53,Drip Coffee | Muffin | Cake Slice | Salad,20.0
TX-003308,CUST-007,2025-10-08 13:23:01,Cake Slice | Breakfast Sandwich | Salad | Latte,25.0
TX-003309,CUST-020,2025-10-08 13:42:35,Latte | Croissant | Pasta | Drip Coffee,22.0
TX-003310,CUST-026,2025-10-08 14:18:27,Breakfast Sandwich | Pasta | Muffin | Croissant | Latte,29.5
TX-003311,CUST-003,2025-10-08 16:39:35,Muffin | Cake Slice | Latte | Americano | Salad,25.0
TX-003312,CUST-035,2025-10-08 18:27:00,Muffin | Americano | Cake Slice | Croissant,16.0
TX-003313,CUST-030,2025-10-08 19:10:32,Croissant | Breakfast Sandwich | Muffin | Cake Slice,19.5
TX-003314,CUST-061,2025-10-08 23:14:45,Drip Coffee,2.5
TX-003315,CUST-067,2025-10-08 23:56:45,Muffin | Drip Coffee,6.0
TX-003316,CUST-039,2025-10-09 00:54:07,Drip Coffee | Muffin,6.0
TX-003317,CUST-018,2025-10-09 01:19:41,Pasta | Salad | Cake Slice | Breakfast Sandwich,31.5
TX-003318,CUST-055,2025-10-09 07:04:28,Drip Coffee | Latte,7.0
TX-003319,CUST-012,2025-10-09 07:13:09,Latte | Americano | Tea | Salad | Croissant,23.0
TX-003320,CUST-056,2025-10-09 08:33:31,Tea,3.0
TX-003321,CUST-012,2025-10-09 08:53:57,Cake Slice | Latte | Salad | Americano,21.5
TX-003322,CUST-025,2025-10-09 10:03:08,Americano | Pasta | Salad | Croissant | Breakfast Sandwich,33.0
TX-003323,CUST-106,2025-10-09 10:31:00,Americano | Pasta | Breakfast Sandwich | Cake Slice,26.0
TX-003324,CUST-031,2025-10-09 16:30:44,Muffin | Drip Coffee | Breakfast Sandwich | Croissant | Cake Slice,22.0
TX-003325,CUST-025,2025-10-09 19:09:32,Drip Coffee | Breakfast Sandwich | Muffin | Americano,15.5
TX-003326,CUST-075,2025-10-09 20:26:32,Muffin,3.5
TX-003327,CUST-057,2025-10-09 23:39:32,Muffin,3.5
TX-003328,CUST-022,2025-10-10 00:55:23,Latte | Cake Slice | Drip Coffee | Americano,15.5
TX-003329,CUST-024,2025-10-10 04:04:40,Cake Slice | Salad | Breakfast Sandwich | Americano | Pasta,34.5
TX-003330,CUST-060,2025-10-10 05:58:55,Drip Coffee,2.5
TX-003331,CUST-034,2025-10-10 06:07:32,Muffin | Latte | Drip Coffee | Americano | Breakfast Sandwich,20.0
TX-003332,CUST-012,2025-10-10 06:19:21,Croissant | Latte | Muffin | Breakfast Sandwich,18.5
TX-003333,CUST-039,2025-10-10 06:21:23,Muffin,3.5
TX-003334,CUST-014,2025-10-10 07:47:13,Latte | Salad | Cake Slice,18.5
TX-003335,CUST-040,2025-10-10 09:36:29,Latte,4.5
TX-003336,CUST-030,2025-10-10 09:47:06,Breakfast Sandwich | Salad | Latte | Croissant | Muffin,27.0
TX-003337,CUST-024,2025-10-10 10:01:11,Drip Coffee | Croissant | Salad | Tea,18.0
TX-003338,CUST-011,2025-10-10 10:38:11,Muffin | Croissant | Breakfast Sandwich | Pasta,25.0
TX-003339,CUST-002,2025-10-10 11:51:13,Drip Coffee | Latte | Breakfast Sandwich | Pasta | Cake Slice,30.0
TX-003340,CUST-043,2025-10-10 13:40:03,Americano | Drip Coffee,5.5
TX-003341,CUST-024,2025-10-10 14:53:23,Croissant | Latte | Pasta | Salad | Breakfast Sandwich,34.5
TX-003342,CUST-043,2025-10-10 15:06:54,Muffin | Tea,6.5
TX-003343,CUST-027,2025-10-11 00:57:48,Latte | Cake Slice | Pasta | Breakfast Sandwich,27.5
TX-003344,CUST-011,2025-10-11 01:48:00,Breakfast Sandwich | Latte | Salad,19.5
TX-003345,CUST-008,2025-10-11 06:05:30,Latte | Cake Slice | Breakfast Sandwich | Americano,19.5
TX-003346,CUST-008,2025-10-11 08:53:22,Drip Coffee | Salad | Cake Slice | Muffin | Breakfast Sandwich,26.5
TX-003347,CUST-064,2025-10-11 15:21:20,Drip Coffee,2.5
TX-003348,CUST-080,2025-10-11 15:39:00,Drip Coffee | Croissant | Salad,15.0
TX-003349,CUST-113,2025-10-11 17:11:00,Cake Slice | Breakfast Sandwich,12.0
TX-003350,CUST-002,2025-10-11 17:32:25,Salad | Croissant | Muffin,16.0
TX-003351,CUST-001,2025-10-11 20:55:04,Latte | Breakfast Sandwich | Salad,19.5
TX-003352,CUST-024,2025-10-11 22:47:07,Cake Slice | Salad | Muffin,17.5
TX-003353,CUST-009,2025-10-11 22:58:22,Breakfast Sandwich | Croissant | Cake Slice | Latte,20.5
TX-003354,CUST-003,2025-10-12 03:16:48,Americano | Drip Coffee | Croissant,9.5
TX-003355,CUST-011,2025-10-12 08:10:58,Muffin | Pasta | Latte,19.0
TX-003356,CUST-026,2025-10-12 11:10:46,Cake Slice | Breakfast Sandwich | Tea,15.0
TX-003357,CUST-023,2025-10-12 13:34:33,Muffin | Americano | Breakfast Sandwich,13.0
TX-003358,CUST-073,2025-10-12 14:13:34,Latte,4.5
TX-003359,CUST-014,2025-10-12 20:07:54,Cake Slice | Breakfast Sandwich | Americano,15.0
TX-003360,CUST-024,2025-10-12 20:43:03,Drip Coffee | Breakfast Sandwich | Tea,12.0
TX-003361,CUST-019,2025-10-12 21:04:34,Latte | Breakfast Sandwich | Drip Coffee | Americano | Pasta,27.5
TX-003362,CUST-044,2025-10-12 22:30:42,Croissant,4.0
TX-003363,CUST-031,2025-10-12 22:30:59,Salad | Pasta | Croissant | Drip Coffee,26.0
TX-003364,CUST-001,2025-10-13 00:46:49,Latte | Muffin | Breakfast Sandwich | Salad,23.0
TX-003365,CUST-071,2025-10-13 02:14:04,Croissant | Cake Slice,9.5
TX-003366,CUST-053,2025-10-13 06:07:37,Croissant,4.0
TX-003367,CUST-049,2025-10-13 07:07:17,Latte,4.5
TX-003368,CUST-085,2025-10-13 11:56:09,Tea | Latte,7.5
TX-003369,CUST-032,2025-10-13 14:26:01,Cake Slice | Latte | Pasta,21.0
TX-003370,CUST-020,2025-10-13 19:41:18,Breakfast Sandwich | Latte | Americano | Drip Coffee,16.5
TX-003371,CUST-019,2025-10-14 00:34:47,Breakfast Sandwich | Muffin | Pasta | Croissant,25.0
TX-003372,CUST-059,2025-10-14 00:50:20,Drip Coffee,2.5
TX-003373,CUST-027,2025-10-14 04:23:07,Drip Coffee | Breakfast Sandwich | Latte | Salad,22.0
TX-003374,CUST-011,2025-10-14 06:04:17,Breakfast Sandwich | Pasta | Americano | Cake Slice | Drip Coffee,28.5
TX-003375,CUST-089,2025-10-14 11:25:32,Muffin | Pasta,14.5
TX-003376,CUST-059,2025-10-14 14:18:50,Croissant | Drip Coffee,6.5
TX-003377,CUST-001,2025-10-14 16:08:16,Drip Coffee | Cake Slice | Americano | Salad | Croissant,23.5
TX-003378,CUST-059,2025-10-14 16:19:44,Muffin,3.5
TX-003379,CUST-045,2025-10-14 18:28:20,Tea,3.0
TX-003380,CUST-005,2025-10-14 19:25:16,Latte | Breakfast Sandwich | Salad,19.5
TX-003381,CUST-013,2025-10-14 22:05:59,Muffin | Breakfast Sandwich | Croissant,14.0
TX-003382,CUST-082,2025-10-15 06:00:07,Muffin | Croissant | Tea,10.5
TX-003383,CUST-020,2025-10-15 06:21:40,Muffin | Drip Coffee | Croissant,10.0
TX-003384,CUST-044,2025-10-15 07:21:56,Latte,4.5
TX-003385,CUST-023,2025-10-15 08:30:16,Cake Slice | Drip Coffee | Americano | Breakfast Sandwich | Croissant,21.5
TX-003386,CUST-017,2025-10-15 11:21:03,Tea | Breakfast Sandwich | Drip Coffee,12.0
TX-003387,CUST-091,2025-10-15 11:49:00,Latte | Cake Slice,10.0
TX-003388,CUST-032,2025-10-15 12:15:48,Muffin | Latte | Salad | Americano | Croissant,23.5
TX-003389,CUST-077,2025-10-16 00:25:58,Tea,3.0
TX-003390,CUST-054,2025-10-16 03:08:36,Tea,3.0
TX-003391,CUST-024,2025-10-16 03:24:34,Latte | Breakfast Sandwich | Drip Coffee | Cake Slice,19.0
TX-003392,CUST-052,2025-10-16 04:54:43,Drip Coffee | Muffin,6.0
TX-003393,CUST-017,2025-10-16 05:36:48,Muffin | Croissant | Drip Coffee | Salad,18.5
TX-003394,CUST-027,2025-10-16 09:32:19,Americano | Drip Coffee | Croissant,9.5
TX-003395,CUST-007,2025-10-16 11:39:56,Cake Slice | Breakfast Sandwich | Salad,20.5
TX-003396,CUST-067,2025-10-16 14:41:24,Tea | Americano,6.0
TX-003397,CUST-052,2025-10-16 15:47:06,Tea,3.0
TX-003398,CUST-023,2025-10-16 16:00:30,Pasta | Cake Slice | Tea | Breakfast Sandwich | Croissant,30.0
TX-003399,CUST-030,2025-10-16 16:39:45,Croissant | Salad | Latte | Breakfast Sandwich | Americano,26.5
TX-003400,CUST-065,2025-10-16 17:00:31,Tea,3.0
TX-003401,CUST-020,2025-10-17 02:03:40,Salad | Croissant | Muffin,16.0
TX-003402,CUST-092,2025-10-17 02:49:49,Salad | Latte,13.0
TX-003403,CUST-050,2025-10-17 02:56:50,Croissant,4.0
TX-003404,CUST-053,2025-10-17 03:15:17,Drip Coffee | Muffin,6.0
TX-003405,CUST-034,2025-10-17 07:36:49,Pasta | Latte | Muffin,19.0
TX-003406,CUST-041,2025-10-17 08:33:10,Drip Coffee | Americano,5.5
TX-003407,CUST-008,2025-10-17 08:52:01,Drip Coffee | Breakfast Sandwich | Cake Slice | Americano | Salad,26.0
TX-003408,CUST-029,2025-10-17 09:20:20,Latte | Drip Coffee | Muffin | Breakfast Sandwich,17.0
TX-003409,CUST-069,2025-10-17 09:31:26,Muffin | Drip Coffee,6.0
TX-003410,CUST-035,2025-10-17 12:41:23,Cake Slice | Pasta | Muffin | Latte | Breakfast Sandwich,31.0
TX-003411,CUST-020,2025-10-17 13:38:26,Pasta | Breakfast Sandwich | Latte | Muffin | Croissant,29.5
TX-003412,CUST-090,2025-10-17 14:36:32,Breakfast Sandwich | Salad | Latte | Cake Slice,25.0
TX-003413,CUST-013,2025-10-17 16:31:53,Americano | Latte | Breakfast Sandwich,14.0
TX-003414,CUST-055,2025-10-17 21:58:39,Muffin | Drip Coffee,6.0
TX-003415,CUST-006,2025-10-17 22:06:54,Latte | Salad | Muffin,16.5
TX-003416,CUST-056,2025-10-18 05:20:36,Tea | Americano,6.0
TX-003417,CUST-072,2025-10-18 06:05:01,Americano,3.0
TX-003418,CUST-019,2025-10-18 06:09:40,Drip Coffee | Cake Slice | Pasta,19.0
TX-003419,CUST-063,2025-10-18 08:40:01,Americano | Latte,7.5
TX-003420,CUST-030,2025-10-18 08:55:28,Muffin | Pasta | Drip Coffee,17.0
TX-003421,CUST-007,2025-10-18 11:02:26,Pasta | Drip Coffee | Salad | Tea | Americano,28.0
TX-003422,CUST-059,2025-10-18 11:18:35,Tea | Croissant,7.0
TX-003423,CUST-099,2025-10-18 11:47:00,Cake Slice | Muffin | Breakfast Sandwich | Pasta,26.5
TX-003424,CUST-043,2025-10-18 14:40:45,Drip Coffee | Tea,5.5
TX-003425,CUST-006,2025-10-18 17:27:11,Breakfast Sandwich | Pasta | Salad | Americano | Latte,33.5
TX-003426,CUST-059,2025-10-18 19:38:07,Muffin,3.5
TX-003427,CUST-034,2025-10-18 20:35:41,Salad | Americano | Pasta | Breakfast Sandwich | Latte,33.5
TX-003428,CUST-007,2025-10-18 22:58:07,Latte | Croissant | Americano,11.5
TX-003429,CUST-009,2025-10-19 00:56:32,Croissant | Breakfast Sandwich | Cake Slice,16.0
TX-003430,CUST-061,2025-10-19 05:59:01,Americano | Drip Coffee,5.5
TX-003431,CUST-008,2025-10-19 06:18:55,Salad | Breakfast Sandwich | Tea,18.0
TX-003432,CUST-013,2025-10-19 08:13:20,Salad | Cake Slice | Muffin | Breakfast Sandwich,24.0
TX-003433,CUST-054,2025-10-19 08:30:46,Drip Coffee | Tea,5.5
TX-003434,CUST-043,2025-10-19 09:04:12,Drip Coffee,2.5
TX-003435,CUST-027,2025-10-19 10:56:44,Pasta | Salad | Latte | Breakfast Sandwich | Drip Coffee,33.0
TX-003436,CUST-011,2025-10-19 14:06:07,Muffin | Breakfast Sandwich | Pasta,21.0
TX-003437,CUST-049,2025-10-19 23:05:04,Tea,3.0
TX-003438,CUST-102,2025-10-20 08:27:23,Breakfast Sandwich | Pasta,17.5
TX-003439,CUST-066,2025-10-20 08:48:05,Muffin | Americano,6.5
TX-003440,CUST-015,2025-10-20 09:26:52,Latte | Croissant | Americano | Pasta,22.5
TX-003441,CUST-019,2025-10-20 12:05:39,Croissant | Latte | Americano | Breakfast Sandwich,18.0
TX-003442,CUST-041,2025-10-20 16:19:48,Americano,3.0
TX-003443,CUST-019,2025-10-20 20:09:31,Muffin | Cake Slice | Salad | Drip Coffee | Croissant,24.0
TX-003444,CUST-069,2025-10-20 21:16:36,Tea,3.0
TX-003445,CUST-076,2025-10-20 21:46:55,Drip Coffee | Muffin,6.0
TX-003446,CUST-054,2025-10-21 07:29:07,Drip Coffee,2.5
TX-003447,CUST-075,2025-10-21 10:44:35,Tea | Muffin,6.5
TX-003448,CUST-035,2025-10-21 12:40:31,Breakfast Sandwich | Latte | Croissant,15.0
TX-003449,CUST-048,2025-10-21 14:20:23,Tea | Americano,6.0
TX-003450,CUST-066,2025-10-21 19:06:59,Tea,3.0
TX-003451,CUST-035,2025-10-21 20:07:39,Breakfast Sandwich | Croissant | Salad | Americano | Muffin,25.5
TX-003452,CUST-037,2025-10-21 23:01:24,Croissant | Breakfast Sandwich | Drip Coffee,13.0
TX-003453,CUST-013,2025-10-21 23:58:05,Croissant | Salad | Drip Coffee | Tea,18.0
TX-003454,CUST-103,2025-10-22 03:56:58,Breakfast Sandwich | Pasta | Cake Slice | Croissant,27.0
TX-003455,CUST-030,2025-10-22 16:22:34,Cake Slice | Muffin | Tea,12.0
TX-003456,CUST-014,2025-10-22 17:26:08,Salad | Pasta | Latte,24.0
TX-003457,CUST-063,2025-10-23 01:32:46,Muffin,3.5
TX-003458,CUST-048,2025-10-23 08:43:58,Muffin,3.5
TX-003459,CUST-008,2025-10-23 14:34:39,Breakfast Sandwich | Pasta | Drip Coffee,20.0
TX-003460,CUST-054,2025-10-23 15:34:44,Tea,3.0
TX-003461,CUST-009,2025-10-23 21:36:47,Americano | Latte | Salad,16.0
TX-003462,CUST-038,2025-10-23 22:47:02,Salad | Pasta | Latte | Tea,27.0
TX-003463,CUST-055,2025-10-24 01:20:15,Americano,3.0
TX-003464,CUST-030,2025-10-24 03:22:23,Croissant | Salad | Latte | Muffin,20.5
TX-003465,CUST-024,2025-10-24 10:57:20,Muffin | Pasta | Salad,23.0
TX-003466,CUST-101,2025-10-24 12:17:00,Latte | Salad,13.0
TX-003467,CUST-032,2025-10-24 13:04:55,Salad | Americano | Cake Slice | Breakfast Sandwich,23.5
TX-003468,CUST-075,2025-10-24 13:16:42,Drip Coffee | Tea,5.5
TX-003469,CUST-026,2025-10-24 14:56:35,Breakfast Sandwich | Americano | Salad,18.0
TX-003470,CUST-052,2025-10-24 15:44:48,Latte,4.5
TX-003471,CUST-030,2025-10-24 15:56:15,Americano | Salad | Croissant | Pasta | Drip Coffee,29.0
TX-003472,CUST-022,2025-10-24 21:24:40,Pasta | Croissant | Muffin,18.5
TX-003473,CUST-022,2025-10-24 22:20:43,Breakfast Sandwich | Pasta | Latte | Drip Coffee,24.5
TX-003474,CUST-037,2025-10-24 23:11:41,Latte | Americano | Cake Slice | Tea,16.0
TX-003475,CUST-013,2025-10-24 23:20:19,Americano | Salad | Latte | Muffin | Cake Slice,25.0
TX-003476,CUST-020,2025-10-25 01:24:04,Latte | Drip Coffee | Pasta | Cake Slice | Tea,26.5
TX-003477,CUST-016,2025-10-25 03:18:46,Breakfast Sandwich | Americano | Salad | Latte,22.5
TX-003478,CUST-094,2025-10-25 09:32:18,Pasta | Drip Coffee,13.5
TX-003479,CUST-004,2025-10-25 12:14:39,Latte | Pasta | Cake Slice,21.0
TX-003480,CUST-089,2025-10-25 13:47:09,Breakfast Sandwich | Salad | Pasta,26.0
TX-003481,CUST-067,2025-10-25 16:32:51,Americano | Latte,7.5
TX-003482,CUST-108,2025-10-25 17:25:00,Tea | Pasta | Latte,18.5
TX-003483,CUST-023,2025-10-25 18:16:31,Drip Coffee | Croissant | Salad | Latte | Cake Slice,25.0
TX-003484,CUST-094,2025-10-25 18:47:04,Breakfast Sandwich | Cake Slice | Latte | Muffin,20.0
TX-003485,CUST-085,2025-10-25 20:29:26,Salad | Breakfast Sandwich | Cake Slice | Croissant,24.5
TX-003486,CUST-037,2025-10-25 22:05:45,Muffin | Breakfast Sandwich | Pasta | Croissant | Tea,28.0
TX-003487,CUST-030,2025-10-25 23:40:34,Latte | Muffin | Breakfast Sandwich | Americano | Salad,26.0
TX-003488,CUST-050,2025-10-26 01:39:39,Drip Coffee,2.5
TX-003489,CUST-042,2025-10-26 07:24:04,Muffin | Drip Coffee,6.0
TX-003490,CUST-025,2025-10-26 15:23:15,Latte | Drip Coffee | Breakfast Sandwich,13.5
TX-003491,CUST-034,2025-10-26 16:51:55,Drip Coffee | Latte | Salad | Cake Slice | Croissant,25.0
TX-003492,CUST-025,2025-10-27 03:13:16,Cake Slice | Drip Coffee | Croissant | Breakfast Sandwich | Salad,27.0
TX-003493,CUST-009,2025-10-27 05:45:27,Salad | Americano | Latte | Drip Coffee,18.5
TX-003494,CUST-002,2025-10-27 07:26:49,Cake Slice | Latte | Muffin,13.5
TX-003495,CUST-013,2025-10-27 07:33:56,Americano | Breakfast Sandwich | Salad,18.0
TX-003496,CUST-017,2025-10-27 09:51:52,Cake Slice | Latte | Pasta | Croissant | Salad,33.5
TX-003497,CUST-004,2025-10-27 11:26:12,Latte | Drip Coffee | Cake Slice | Muffin,16.0
TX-003498,CUST-010,2025-10-27 15:47:32,Americano | Croissant | Cake Slice | Muffin | Latte,20.5
TX-003499,CUST-019,2025-10-27 16:47:30,Americano | Cake Slice | Breakfast Sandwich | Pasta,26.0
TX-003500,CUST-013,2025-10-27 17:38:27,Tea | Breakfast Sandwich | Drip Coffee,12.0
TX-003501,CUST-061,2025-10-27 18:26:44,Croissant,4.0
TX-003502,CUST-034,2025-10-27 19:09:43,Muffin | Latte | Americano,11.0
TX-003503,CUST-072,2025-10-27 20:53:03,Drip Coffee | Latte,7.0
TX-003504,CUST-020,2025-10-27 22:41:09,Breakfast Sandwich | Drip Coffee | Cake Slice | Latte,19.0
TX-003505,CUST-050,2025-10-27 23:15:15,Muffin | Americano,6.5
TX-003506,CUST-024,2025-10-27 23:44:53,Breakfast Sandwich | Latte | Croissant | Pasta | Muffin,29.5
TX-003507,CUST-001,2025-10-28 01:20:20,Americano | Pasta | Croissant,18.0
TX-003508,CUST-015,2025-10-28 02:27:33,Americano | Tea | Cake Slice,11.5
TX-003509,CUST-015,2025-10-28 03:58:46,Muffin | Latte | Breakfast Sandwich | Pasta,25.5
TX-003510,CUST-018,2025-10-28 05:31:47,Latte | Muffin | Drip Coffee,10.5
TX-003511,CUST-017,2025-10-28 09:52:10,Pasta | Salad | Americano | Breakfast Sandwich,29.0
TX-003512,CUST-072,2025-10-28 10:11:12,Cake Slice,5.5
TX-003513,CUST-102,2025-10-28 11:22:00,Salad | Breakfast Sandwich,15.0
TX-003514,CUST-063,2025-10-28 11:57:49,Muffin | Croissant,7.5
TX-003515,CUST-111,2025-10-28 12:48:51,Salad | Muffin | Drip Coffee | Tea,17.5
TX-003516,CUST-021,2025-10-28 18:25:00,Tea | Breakfast Sandwich | Latte,14.0
TX-003517,CUST-057,2025-10-28 23:13:54,Americano,3.0
TX-003518,CUST-066,2025-10-29 09:48:23,Drip Coffee | Muffin,6.0
TX-003519,CUST-019,2025-10-29 09:48:28,Pasta | Breakfast Sandwich | Tea,20.5
TX-003520,CUST-038,2025-10-29 10:19:39,Latte | Muffin | Croissant,12.0
TX-003521,CUST-055,2025-10-29 13:45:38,Americano | Latte,7.5
TX-003522,CUST-005,2025-10-29 15:26:55,Pasta | Muffin | Cake Slice | Salad | Latte,33.0
TX-003523,CUST-035,2025-10-29 15:27:11,Breakfast Sandwich | Muffin | Latte,14.5
TX-003524,CUST-075,2025-10-29 18:04:27,Drip Coffee,2.5
TX-003525,CUST-001,2025-10-29 19:57:45,Americano | Drip Coffee | Muffin | Breakfast Sandwich,15.5
TX-003526,CUST-053,2025-10-30 00:01:27,Drip Coffee,2.5
TX-003527,CUST-071,2025-10-30 08:34:39,Muffin,3.5
TX-003528,CUST-020,2025-10-30 11:45:39,Tea | Salad | Latte | Drip Coffee,18.5
TX-003529,CUST-003,2025-10-30 11:51:07,Breakfast Sandwich | Salad | Americano | Croissant | Pasta,33.0
TX-003530,CUST-035,2025-10-30 12:04:18,Americano | Muffin | Latte,11.0
TX-003531,CUST-012,2025-10-30 14:30:54,Muffin | Drip Coffee | Latte,10.5
TX-003532,CUST-076,2025-10-30 15:58:34,Americano | Drip Coffee,5.5
TX-003533,CUST-103,2025-10-30 17:15:00,Pasta | Cake Slice,16.5
TX-003534,CUST-028,2025-10-30 22:59:34,Cake Slice | Americano | Tea,11.5
TX-003535,CUST-045,2025-10-31 04:18:55,Muffin,3.5
TX-003536,CUST-027,2025-10-31 06:28:43,Cake Slice | Pasta | Latte | Muffin | Drip Coffee,27.0
TX-003537,CUST-086,2025-10-31 08:31:35,Latte | Salad | Muffin | Croissant,20.5
TX-003538,CUST-064,2025-10-31 09:15:51,Tea | Americano,6.0
TX-003539,CUST-048,2025-10-31 09:24:01,Americano | Croissant,7.0
TX-003540,CUST-068,2025-10-31 12:44:04,Croissant,4.0
TX-003541,CUST-089,2025-10-31 14:15:15,Salad | Latte | Cake Slice | Croissant,22.5
TX-003542,CUST-002,2025-10-31 14:22:45,Tea | Drip Coffee | Croissant | Breakfast Sandwich,16.0
TX-003543,CUST-015,2025-10-31 14:47:27,Croissant | Tea | Pasta | Breakfast Sandwich,24.5
TX-003544,CUST-007,2025-10-31 18:18:44,Latte | Breakfast Sandwich | Salad,19.5
TX-003545,CUST-067,2025-10-31 18:27:02,Cake Slice | Muffin,9.0
TX-003546,CUST-077,2025-10-31 19:28:20,Muffin | Tea,6.5
TX-003547,CUST-027,2025-10-31 20:11:02,Salad | Croissant | Breakfast Sandwich | Americano,22.0
TX-003548,CUST-012,2025-11-01 00:46:04,Salad | Breakfast Sandwich | Cake Slice | Americano | Croissant,27.5
TX-003549,CUST-011,2025-11-01 03:33:14,Tea | Latte | Cake Slice | Americano | Drip Coffee,18.5
TX-003550,CUST-063,2025-11-01 11:40:28,Drip Coffee | Pasta,13.5
TX-003551,CUST-048,2025-11-01 12:25:57,Croissant,4.0
TX-003552,CUST-011,2025-11-01 16:00:50,Cake Slice | Americano | Latte | Croissant | Muffin,20.5
TX-003553,CUST-048,2025-11-01 16:04:24,Tea,3.0
TX-003554,CUST-033,2025-11-01 17:30:13,Pasta | Americano | Latte,18.5
TX-003555,CUST-057,2025-11-01 18:02:46,Croissant | Drip Coffee,6.5
TX-003556,CUST-016,2025-11-01 19:54:42,Drip Coffee | Salad | Tea,14.0
TX-003557,CUST-053,2025-11-01 21:32:34,Drip Coffee,2.5
TX-003558,CUST-047,2025-11-01 21:56:02,Muffin,3.5
TX-003559,CUST-037,2025-11-01 22:59:04,Latte | Croissant | Breakfast Sandwich | Pasta | Muffin,29.5
TX-003560,CUST-073,2025-11-01 23:20:41,Muffin,3.5
TX-003561,CUST-040,2025-11-02 00:41:19,Cake Slice,5.5
TX-003562,CUST-020,2025-11-02 02:48:49,Americano | Tea | Muffin | Latte | Breakfast Sandwich,20.5
TX-003563,CUST-048,2025-11-02 03:45:21,Muffin,3.5
TX-003564,CUST-011,2025-11-02 04:02:54,Breakfast Sandwich | Croissant | Latte | Pasta,26.0
TX-003565,CUST-020,2025-11-02 04:26:10,Pasta | Americano | Cake Slice | Breakfast Sandwich,26.0
TX-003566,CUST-070,2025-11-02 05:04:45,Drip Coffee | Salad,11.0
TX-003567,CUST-052,2025-11-02 08:48:39,Americano | Drip Coffee,5.5
TX-003568,CUST-022,2025-11-02 11:30:18,Latte | Breakfast Sandwich | Muffin | Drip Coffee,17.0
TX-003569,CUST-066,2025-11-02 16:50:50,Tea | Drip Coffee,5.5
TX-003570,CUST-052,2025-11-03 00:12:54,Latte,4.5
TX-003571,CUST-033,2025-11-03 00:37:29,Salad | Croissant | Breakfast Sandwich | Cake Slice,24.5
TX-003572,CUST-009,2025-11-03 01:28:53,Pasta | Latte | Tea,18.5
TX-003573,CUST-001,2025-11-03 06:00:52,Breakfast Sandwich | Latte | Croissant,15.0
TX-003574,CUST-011,2025-11-03 07:18:19,Cake Slice | Drip Coffee | Americano,11.0
TX-003575,CUST-003,2025-11-03 08:53:50,Americano | Latte | Cake Slice,13.0
TX-003576,CUST-026,2025-11-03 10:47:28,Salad | Latte | Tea | Croissant | Breakfast Sandwich,26.5
TX-003577,CUST-025,2025-11-03 13:44:01,Latte | Cake Slice | Croissant | Drip Coffee,16.5
TX-003578,CUST-036,2025-11-03 14:37:39,Latte | Breakfast Sandwich | Drip Coffee | Americano,16.5
TX-003579,CUST-077,2025-11-03 15:26:06,Americano | Drip Coffee,5.5
TX-003580,CUST-014,2025-11-04 03:48:27,Croissant | Breakfast Sandwich | Latte | Muffin | Americano,21.5
TX-003581,CUST-073,2025-11-04 08:54:05,Drip Coffee | Muffin,6.0
TX-003582,CUST-035,2025-11-04 09:59:07,Latte | Muffin | Drip Coffee | Pasta | Americano,24.5
TX-003583,CUST-070,2025-11-04 10:34:00,Drip Coffee,2.5
TX-003584,CUST-048,2025-11-04 12:07:10,Croissant,4.0
TX-003585,CUST-037,2025-11-04 16:13:26,Pasta | Latte | Americano,18.5
TX-003586,CUST-069,2025-11-04 21:09:08,Drip Coffee | Cake Slice,8.0
TX-003587,CUST-027,2025-11-05 00:53:08,Breakfast Sandwich | Cake Slice | Americano | Latte,19.5
TX-003588,CUST-072,2025-11-05 03:12:29,Croissant | Drip Coffee,6.5
TX-003589,CUST-066,2025-11-05 04:58:55,Drip Coffee,2.5
TX-003590,CUST-055,2025-11-05 08:19:11,Drip Coffee,2.5
TX-003591,CUST-085,2025-11-05 08:24:00,Cake Slice | Americano | Croissant | Salad,21.0
TX-003592,CUST-032,2025-11-05 11:13:24,Breakfast Sandwich | Pasta | Croissant | Muffin | Cake Slice,30.5
TX-003593,CUST-058,2025-11-05 12:02:18,Muffin | Tea,6.5
TX-003594,CUST-008,2025-11-05 13:16:16,Muffin | Latte | Breakfast Sandwich | Cake Slice,20.0
TX-003595,CUST-004,2025-11-05 13:40:25,Cake Slice | Drip Coffee | Pasta | Latte,23.5
TX-003596,CUST-021,2025-11-05 14:35:02,Americano | Croissant | Breakfast Sandwich | Cake Slice,19.0
TX-003597,CUST-032,2025-11-05 20:44:50,Latte | Drip Coffee | Americano | Pasta | Breakfast Sandwich,27.5
TX-003598,CUST-058,2025-11-05 23:37:23,Drip Coffee | Americano,5.5
TX-003599,CUST-013,2025-11-06 00:05:27,Pasta | Latte | Cake Slice | Drip Coffee | Muffin,27.0
TX-003600,CUST-038,2025-11-06 00:30:38,Breakfast Sandwich | Cake Slice | Croissant | Tea,19.0
TX-003601,CUST-013,2025-11-06 01:49:40,Latte | Salad | Muffin,16.5
TX-003602,CUST-007,2025-11-06 03:48:30,Breakfast Sandwich | Americano | Muffin | Pasta,24.0
TX-003603,CUST-017,2025-11-06 09:01:11,Breakfast Sandwich | Cake Slice | Muffin | Pasta | Tea,29.5
TX-003604,CUST-051,2025-11-06 09:45:34,Americano,3.0
TX-003605,CUST-023,2025-11-06 11:58:30,Drip Coffee | Cake Slice | Americano,11.0
TX-003606,CUST-090,2025-11-06 17:16:00,Breakfast Sandwich | Cake Slice | Pasta | Latte,27.5
TX-003607,CUST-052,2025-11-06 17:26:33,Drip Coffee,2.5
TX-003608,CUST-046,2025-11-06 18:07:35,Americano,3.0
TX-003609,CUST-015,2025-11-06 21:08:26,Salad | Latte | Croissant | Breakfast Sandwich | Americano,26.5
TX-003610,CUST-055,2025-11-06 21:27:30,Tea,3.0
TX-003611,CUST-016,2025-11-06 21:36:54,Latte | Salad | Cake Slice | Muffin | Drip Coffee,24.5
TX-003612,CUST-038,2025-11-07 02:55:56,Pasta | Latte | Cake Slice | Salad | Tea,32.5
TX-003613,CUST-003,2025-11-07 05:55:32,Pasta | Drip Coffee | Tea,16.5
TX-003614,CUST-069,2025-11-07 06:04:43,Muffin | Croissant,7.5
TX-003615,CUST-072,2025-11-07 06:48:17,Tea,3.0
TX-003616,CUST-035,2025-11-07 08:05:22,Americano | Salad | Breakfast Sandwich | Latte | Cake Slice,28.0
TX-003617,CUST-114,2025-11-07 08:15:00,Salad | Pasta,19.5
TX-003618,CUST-003,2025-11-07 10:19:01,Muffin | Salad | Breakfast Sandwich | Americano,21.5
TX-003619,CUST-071,2025-11-07 18:01:26,Tea | Americano,6.0
TX-003620,CUST-031,2025-11-07 18:56:26,Breakfast Sandwich | Drip Coffee | Muffin | Pasta,23.5
TX-003621,CUST-043,2025-11-08 02:16:26,Americano,3.0
TX-003622,CUST-062,2025-11-08 02:25:25,Drip Coffee | Muffin,6.0
TX-003623,CUST-020,2025-11-08 06:37:15,Cake Slice | Breakfast Sandwich | Americano,15.0
TX-003624,CUST-051,2025-11-08 13:04:54,Croissant | Muffin,7.5
TX-003625,CUST-011,2025-11-08 17:53:40,Americano | Breakfast Sandwich | Salad | Tea,21.0
TX-003626,CUST-005,2025-11-08 19:34:18,Salad | Pasta | Tea | Latte,27.0
TX-003627,CUST-058,2025-11-08 23:53:50,Tea | Drip Coffee,5.5
TX-003628,CUST-016,2025-11-09 07:56:13,Pasta | Americano | Latte | Muffin | Breakfast Sandwich,28.5
TX-003629,CUST-112,2025-11-09 08:23:00,Latte | Breakfast Sandwich | Drip Coffee | Tea,16.5
TX-003630,CUST-057,2025-11-09 08:55:26,Muffin | Latte,8.0
TX-003631,CUST-049,2025-11-09 09:28:37,Americano | Muffin,6.5
TX-003632,CUST-036,2025-11-09 10:45:18,Breakfast Sandwich | Croissant | Drip Coffee | Americano | Latte,20.5
TX-003633,CUST-006,2025-11-09 12:09:07,Americano | Breakfast Sandwich | Cake Slice | Muffin | Pasta,29.5
TX-003634,CUST-014,2025-11-09 12:49:57,Latte | Americano | Drip Coffee | Pasta | Muffin,24.5
TX-003635,CUST-033,2025-11-09 14:03:48,Cake Slice | Americano | Drip Coffee | Latte | Croissant,19.5
TX-003636,CUST-015,2025-11-09 15:23:20,Cake Slice | Croissant | Drip Coffee | Pasta,23.0
TX-003637,CUST-001,2025-11-10 00:19:10,Salad | Drip Coffee | Tea | Muffin | Latte,22.0
TX-003638,CUST-019,2025-11-10 00:44:25,Muffin | Pasta | Croissant | Latte,23.0
TX-003639,CUST-043,2025-11-10 02:36:01,Americano,3.0
TX-003640,CUST-001,2025-11-10 02:59:46,Cake Slice | Latte | Drip Coffee | Croissant,16.5
TX-003641,CUST-026,2025-11-10 03:43:33,Breakfast Sandwich | Americano | Salad,18.0
TX-003642,CUST-033,2025-11-10 04:37:15,Latte | Croissant | Drip Coffee | Salad,19.5
TX-003643,CUST-051,2025-11-10 10:20:19,Tea | Muffin,6.5
TX-003644,CUST-019,2025-11-10 10:50:34,Latte | Muffin | Pasta,19.0
TX-003645,CUST-092,2025-11-10 12:03:00,Breakfast Sandwich | Salad | Tea | Latte,22.5
TX-003646,CUST-052,2025-11-10 12:46:35,Latte | Drip Coffee,7.0
TX-003647,CUST-093,2025-11-10 13:08:00,Breakfast Sandwich | Latte | Cake Slice | Pasta,27.5
TX-003648,CUST-105,2025-11-10 13:11:00,Croissant | Salad | Pasta | Cake Slice,29.0
TX-003649,CUST-056,2025-11-10 15:47:29,Tea,3.0
TX-003650,CUST-052,2025-11-10 17:04:23,Muffin,3.5
TX-003651,CUST-009,2025-11-10 17:41:08,Pasta | Cake Slice | Tea,19.5
TX-003652,CUST-054,2025-11-10 17:47:16,Croissant | Tea,7.0
TX-003653,CUST-021,2025-11-10 19:20:55,Drip Coffee | Pasta | Croissant | Cake Slice | Salad,31.5
TX-003654,CUST-018,2025-11-10 21:39:48,Pasta | Salad | Latte,24.0
TX-003655,CUST-010,2025-11-10 22:31:04,Salad | Croissant | Cake Slice | Muffin | Drip Coffee,24.0
TX-003656,CUST-038,2025-11-10 23:38:04,Latte | Salad | Americano | Cake Slice,21.5
TX-003657,CUST-055,2025-11-11 01:10:55,Drip Coffee,2.5
TX-003658,CUST-033,2025-11-11 01:33:43,Cake Slice | Americano | Latte,13.0
TX-003659,CUST-005,2025-11-11 05:58:43,Salad | Croissant | Latte | Pasta,28.0
TX-003660,CUST-036,2025-11-11 06:28:03,Croissant | Breakfast Sandwich | Salad,19.0
TX-003661,CUST-020,2025-11-11 06:55:04,Latte | Drip Coffee | Croissant | Muffin | Pasta,25.5
TX-003662,CUST-019,2025-11-11 07:39:42,Croissant | Latte | Americano,11.5
TX-003663,CUST-053,2025-11-11 08:21:44,Drip Coffee,2.5
TX-003664,CUST-019,2025-11-11 13:08:39,Croissant | Salad | Americano,15.5
TX-003665,CUST-072,2025-11-11 14:47:23,Americano | Tea,6.0
TX-003666,CUST-024,2025-11-11 15:22:39,Latte | Breakfast Sandwich | Salad | Drip Coffee | Muffin,25.5
TX-003667,CUST-035,2025-11-11 17:22:06,Drip Coffee | Muffin | Salad,14.5
TX-003668,CUST-059,2025-11-11 19:30:29,Americano | Drip Coffee,5.5
TX-003669,CUST-036,2025-11-11 21:33:25,Croissant | Breakfast Sandwich | Americano | Latte | Drip Coffee,20.5
TX-003670,CUST-026,2025-11-11 22:18:44,Latte | Drip Coffee | Pasta | Croissant,22.0
TX-003671,CUST-019,2025-11-11 22:26:23,Latte | Americano | Drip Coffee | Muffin | Cake Slice,19.0
TX-003672,CUST-056,2025-11-11 23:32:27,Drip Coffee | Americano,5.5
TX-003673,CUST-009,2025-11-12 05:51:43,Breakfast Sandwich | Latte | Pasta | Muffin | Drip Coffee,28.0
TX-003674,CUST-014,2025-11-12 08:39:20,Drip Coffee | Latte | Muffin,10.5
TX-003675,CUST-018,2025-11-12 09:53:56,Breakfast Sandwich | Latte | Pasta | Croissant | Americano,29.0
TX-003676,CUST-028,2025-11-12 10:01:49,Breakfast Sandwich | Pasta | Cake Slice | Latte,27.5
TX-003677,CUST-070,2025-11-12 11:10:14,Drip Coffee | Americano,5.5
TX-003678,CUST-004,2025-11-12 11:49:43,Latte | Drip Coffee | Salad | Cake Slice,21.0
TX-003679,CUST-023,2025-11-12 11:50:25,Latte | Muffin | Drip Coffee | Tea,13.5
TX-003680,CUST-089,2025-11-12 13:32:01,Cake Slice | Latte | Salad | Breakfast Sandwich,25.0
TX-003681,CUST-082,2025-11-12 14:40:00,Pasta | Salad | Drip Coffee | Breakfast Sandwich,28.5
TX-003682,CUST-074,2025-11-12 20:26:51,Drip Coffee | Tea,5.5
TX-003683,CUST-007,2025-11-13 00:13:31,Latte | Pasta | Breakfast Sandwich | Croissant,26.0
TX-003684,CUST-050,2025-11-13 00:17:05,Americano,3.0
TX-003685,CUST-064,2025-11-13 01:34:21,Muffin,3.5
TX-003686,CUST-004,2025-11-13 07:07:51,Breakfast Sandwich | Latte | Cake Slice | Salad | Americano,28.0
TX-003687,CUST-015,2025-11-13 07:56:38,Cake Slice | Muffin | Pasta | Breakfast Sandwich,26.5
TX-003688,CUST-019,2025-11-13 08:25:00,Breakfast Sandwich | Pasta | Latte | Cake Slice,27.5
TX-003689,CUST-054,2025-11-13 09:25:22,Drip Coffee,2.5
TX-003690,CUST-073,2025-11-13 10:40:24,Tea,3.0
TX-003691,CUST-008,2025-11-13 12:53:04,Croissant | Americano | Muffin,10.5
TX-003692,CUST-019,2025-11-13 14:10:26,Tea | Croissant | Latte,11.5
TX-003693,CUST-018,2025-11-13 16:43:53,Muffin | Drip Coffee | Latte,10.5
TX-003694,CUST-065,2025-11-13 18:29:49,Tea | Americano,6.0
TX-003695,CUST-026,2025-11-13 23:36:15,Breakfast Sandwich | Muffin | Salad | Drip Coffee | Pasta,32.0
TX-003696,CUST-038,2025-11-14 00:35:49,Pasta | Breakfast Sandwich | Drip Coffee,20.0
TX-003697,CUST-055,2025-11-14 02:39:47,Drip Coffee | Latte,7.0
TX-003698,CUST-014,2025-11-14 06:58:47,Pasta | Latte | Muffin,19.0
TX-003699,CUST-033,2025-11-14 12:56:11,Cake Slice | Breakfast Sandwich | Americano | Muffin | Drip Coffee,21.0
TX-003700,CUST-061,2025-11-14 14:04:44,Muffin | Drip Coffee,6.0
TX-003701,CUST-030,2025-11-14 14:05:24,Pasta | Breakfast Sandwich | Cake Slice,23.0
TX-003702,CUST-018,2025-11-14 17:08:50,Americano | Muffin | Breakfast Sandwich | Drip Coffee,15.5
TX-003703,CUST-032,2025-11-14 17:28:21,Breakfast Sandwich | Drip Coffee | Muffin | Croissant,16.5
TX-003704,CUST-020,2025-11-14 17:47:52,Salad | Breakfast Sandwich | Americano,18.0
TX-003705,CUST-057,2025-11-14 18:55:34,Drip Coffee,2.5
TX-003706,CUST-015,2025-11-15 02:38:02,Breakfast Sandwich | Latte | Muffin | Drip Coffee,17.0
TX-003707,CUST-010,2025-11-15 04:19:28,Breakfast Sandwich | Americano | Latte | Tea | Drip Coffee,19.5
TX-003708,CUST-014,2025-11-15 04:33:16,Drip Coffee | Muffin | Americano | Cake Slice | Croissant,18.5
TX-003709,CUST-087,2025-11-15 05:21:25,Breakfast Sandwich | Drip Coffee,9.0
TX-003710,CUST-015,2025-11-15 06:56:46,Americano | Breakfast Sandwich | Salad,18.0
TX-003711,CUST-034,2025-11-15 09:34:44,Cake Slice | Breakfast Sandwich | Latte | Muffin,20.0
TX-003712,CUST-064,2025-11-15 09:52:54,Americano,3.0
TX-003713,CUST-015,2025-11-15 11:57:19,Croissant | Breakfast Sandwich | Americano | Pasta,24.5
TX-003714,CUST-007,2025-11-15 12:10:32,Breakfast Sandwich | Drip Coffee | Americano,12.0
TX-003715,CUST-078,2025-11-15 12:46:27,Muffin | Tea,6.5
TX-003716,CUST-043,2025-11-15 21:13:23,Tea | Croissant,7.0
TX-003717,CUST-068,2025-11-15 21:19:13,Tea | Muffin,6.5
TX-003718,CUST-071,2025-11-15 22:41:19,Muffin,3.5
TX-003719,CUST-111,2025-11-16 03:50:17,Breakfast Sandwich | Pasta | Latte,22.0
TX-003720,CUST-021,2025-11-16 04:39:44,Pasta | Tea | Cake Slice | Salad,28.0
TX-003721,CUST-066,2025-11-16 08:13:44,Drip Coffee | Americano,5.5
TX-003722,CUST-077,2025-11-16 08:14:14,Drip Coffee,2.5
TX-003723,CUST-111,2025-11-16 09:53:00,Salad | Pasta | Cake Slice,25.0
TX-003724,CUST-087,2025-11-16 12:24:00,Latte | Drip Coffee,7.0
TX-003725,CUST-054,2025-11-16 22:52:55,Tea,3.0
TX-003726,CUST-037,2025-11-16 23:02:07,Pasta | Latte | Croissant | Breakfast Sandwich,26.0
TX-003727,CUST-029,2025-11-17 01:13:31,Latte | Cake Slice | Salad | Breakfast Sandwich,25.0
TX-003728,CUST-023,2025-11-17 02:29:51,Drip Coffee | Croissant | Breakfast Sandwich | Latte,17.5
TX-003729,CUST-023,2025-11-17 02:32:24,Latte | Cake Slice | Croissant | Pasta | Drip Coffee,27.5
TX-003730,CUST-098,2025-11-17 05:08:58,Cake Slice | Muffin | Latte,13.5
TX-003731,CUST-009,2025-11-17 05:16:25,Pasta | Drip Coffee | Breakfast Sandwich | Americano,23.0
TX-003732,CUST-043,2025-11-17 05:54:37,Croissant,4.0
TX-003733,CUST-066,2025-11-17 06:26:04,Tea,3.0
TX-003734,CUST-006,2025-11-17 07:56:03,Cake Slice | Breakfast Sandwich | Drip Coffee | Americano | Latte,22.0
TX-003735,CUST-010,2025-11-17 09:29:34,Pasta | Cake Slice | Croissant | Drip Coffee,23.0
TX-003736,CUST-040,2025-11-17 18:35:39,Tea,3.0
TX-003737,CUST-012,2025-11-17 21:23:16,Breakfast Sandwich | Croissant | Latte | Drip Coffee | Cake Slice,23.0
TX-003738,CUST-029,2025-11-17 21:29:23,Latte | Americano | Breakfast Sandwich,14.0
TX-003739,CUST-055,2025-11-17 21:59:39,Americano | Tea,6.0
TX-003740,CUST-012,2025-11-18 05:11:46,Americano | Croissant | Drip Coffee | Pasta,20.5
TX-003741,CUST-032,2025-11-18 05:50:01,Croissant | Cake Slice | Muffin,13.0
TX-003742,CUST-020,2025-11-18 06:57:11,Breakfast Sandwich | Cake Slice | Croissant | Latte | Americano,23.5
TX-003743,CUST-052,2025-11-18 08:59:11,Drip Coffee | Tea,5.5
TX-003744,CUST-022,2025-11-18 10:06:02,Croissant | Breakfast Sandwich | Latte | Tea | Salad,26.5
TX-003745,CUST-011,2025-11-18 12:07:09,Croissant | Cake Slice | Breakfast Sandwich,16.0
TX-003746,CUST-035,2025-11-18 12:18:57,Breakfast Sandwich | Pasta | Croissant | Cake Slice | Salad,35.5
TX-003747,CUST-073,2025-11-18 13:03:46,Cake Slice,5.5
TX-003748,CUST-010,2025-11-18 14:13:27,Cake Slice | Drip Coffee | Latte | Breakfast Sandwich,19.0
TX-003749,CUST-026,2025-11-18 14:57:26,Pasta | Salad | Muffin | Latte | Croissant,31.5
TX-003750,CUST-061,2025-11-18 15:08:13,Drip Coffee | Muffin,6.0
TX-003751,CUST-028,2025-11-18 15:36:13,Drip Coffee | Latte | Salad | Breakfast Sandwich,22.0
TX-003752,CUST-006,2025-11-18 21:09:00,Muffin | Breakfast Sandwich | Americano,13.0
TX-003753,CUST-053,2025-11-18 22:10:08,Americano,3.0
TX-003754,CUST-055,2025-11-18 22:34:19,Tea | Muffin,6.5
TX-003755,CUST-076,2025-11-19 01:04:55,Drip Coffee | Americano,5.5
TX-003756,CUST-023,2025-11-19 01:24:07,Tea | Latte | Breakfast Sandwich,14.0
TX-003757,CUST-015,2025-11-19 01:53:44,Americano | Pasta | Muffin,17.5
TX-003758,CUST-094,2025-11-19 09:53:00,Cake Slice | Drip Coffee,8.0
TX-003759,CUST-005,2025-11-19 10:35:58,Salad | Breakfast Sandwich | Muffin | Croissant,22.5
TX-003760,CUST-011,2025-11-19 14:20:03,Salad | Muffin | Breakfast Sandwich,18.5
TX-003761,CUST-029,2025-11-19 16:34:36,Cake Slice | Pasta | Breakfast Sandwich | Latte | Muffin,31.0
TX-003762,CUST-003,2025-11-19 20:13:16,Salad | Americano | Latte | Cake Slice | Breakfast Sandwich,28.0
TX-003763,CUST-040,2025-11-19 21:40:06,Drip Coffee | Muffin,6.0
TX-003764,CUST-073,2025-11-19 21:45:48,Tea | Americano,6.0
TX-003765,CUST-021,2025-11-19 23:28:24,Latte | Croissant | Pasta | Americano,22.5
TX-003766,CUST-030,2025-11-19 23:44:09,Salad | Cake Slice | Tea,17.0
TX-003767,CUST-007,2025-11-20 00:48:23,Muffin | Breakfast Sandwich | Croissant | Salad,22.5
TX-003768,CUST-023,2025-11-20 02:22:24,Latte | Muffin | Pasta | Salad,27.5
TX-003769,CUST-048,2025-11-20 02:35:58,Muffin | Americano,6.5
TX-003770,CUST-061,2025-11-20 07:13:30,Muffin | Croissant,7.5
TX-003771,CUST-035,2025-11-20 07:35:43,Tea | Cake Slice | Salad | Drip Coffee | Croissant,23.5
TX-003772,CUST-022,2025-11-20 08:50:33,Breakfast Sandwich | Croissant | Pasta | Salad | Americano,33.0
TX-003773,CUST-013,2025-11-20 09:54:05,Breakfast Sandwich | Americano | Muffin | Latte | Cake Slice,23.0
TX-003774,CUST-008,2025-11-20 13:23:09,Cake Slice | Croissant | Breakfast Sandwich | Drip Coffee | Muffin,22.0
TX-003775,CUST-001,2025-11-20 19:23:05,Americano | Salad | Drip Coffee | Pasta | Breakfast Sandwich,31.5
TX-003776,CUST-073,2025-11-20 20:36:08,Drip Coffee | Tea,5.5
TX-003777,CUST-048,2025-11-20 20:39:11,Americano | Drip Coffee,5.5
TX-003778,CUST-033,2025-11-20 23:29:58,Latte | Breakfast Sandwich | Americano | Cake Slice,19.5
TX-003779,CUST-002,2025-11-21 03:14:49,Breakfast Sandwich | Pasta | Muffin | Latte | Americano,28.5
TX-003780,CUST-006,2025-11-21 05:21:13,Salad | Tea | Croissant | Cake Slice,21.0
TX-003781,CUST-054,2025-11-21 08:08:34,Drip Coffee | Americano,5.5
TX-003782,CUST-015,2025-11-21 11:07:42,Breakfast Sandwich | Americano | Tea | Salad,21.0
TX-003783,CUST-048,2025-11-21 11:40:19,Muffin | Tea,6.5
TX-003784,CUST-065,2025-11-21 13:13:47,Tea | Muffin,6.5
TX-003785,CUST-033,2025-11-21 15:14:43,Croissant | Breakfast Sandwich | Drip Coffee | Latte | Salad,26.0
TX-003786,CUST-066,2025-11-21 15:30:24,Breakfast Sandwich,6.5
TX-003787,CUST-098,2025-11-21 16:20:00,Breakfast Sandwich | Cake Slice | Salad | Muffin,24.0
TX-003788,CUST-110,2025-11-21 17:44:00,Latte | Breakfast Sandwich | Muffin,14.5
TX-003789,CUST-028,2025-11-21 19:02:07,Pasta | Americano | Latte | Cake Slice,24.0
TX-003790,CUST-025,2025-11-21 19:07:30,Drip Coffee | Salad | Tea | Cake Slice,19.5
TX-003791,CUST-065,2025-11-21 23:58:25,Muffin,3.5
TX-003792,CUST-013,2025-11-22 02:11:48,Latte | Muffin | Breakfast Sandwich | Cake Slice | Croissant,24.0
TX-003793,CUST-075,2025-11-22 02:59:35,Cake Slice,5.5
TX-003794,CUST-040,2025-11-22 13:07:30,Cake Slice,5.5
TX-003795,CUST-018,2025-11-22 14:38:58,Salad | Muffin | Americano,15.0
TX-003796,CUST-001,2025-11-22 17:10:32,Salad | Pasta | Breakfast Sandwich | Latte,30.5
TX-003797,CUST-027,2025-11-22 18:39:25,Muffin | Americano | Pasta | Breakfast Sandwich,24.0
TX-003798,CUST-040,2025-11-23 04:41:48,Americano | Drip Coffee,5.5
TX-003799,CUST-022,2025-11-23 09:16:27,Drip Coffee | Croissant | Tea,9.5
TX-003800,CUST-005,2025-11-23 10:25:05,Latte | Cake Slice | Breakfast Sandwich | Muffin | Drip Coffee,22.5
TX-003801,CUST-066,2025-11-23 13:59:28,Muffin,3.5
TX-003802,CUST-017,2025-11-23 18:07:17,Latte | Americano | Breakfast Sandwich | Drip Coffee | Pasta,27.5
TX-003803,CUST-031,2025-11-23 20:45:42,Latte | Breakfast Sandwich | Muffin | Salad | Cake Slice,28.5
TX-003804,CUST-062,2025-11-24 07:03:06,Tea,3.0
TX-003805,CUST-086,2025-11-24 15:07:00,Latte | Pasta | Cake Slice | Salad,29.5
TX-003806,CUST-088,2025-11-24 17:40:00,Salad | Tea | Latte,16.0
TX-003807,CUST-018,2025-11-24 19:45:17,Breakfast Sandwich | Muffin | Latte,14.5
TX-003808,CUST-025,2025-11-24 22:11:28,Latte | Salad | Breakfast Sandwich,19.5
TX-003809,CUST-030,2025-11-24 22:23:47,Croissant | Drip Coffee | Breakfast Sandwich | Tea | Latte,20.5
TX-003810,CUST-037,2025-11-24 23:12:41,Latte | Croissant | Drip Coffee | Salad,19.5
TX-003811,CUST-033,2025-11-25 01:24:45,Tea | Pasta | Breakfast Sandwich,20.5
TX-003812,CUST-062,2025-11-25 04:09:39,Americano | Tea,6.0
TX-003813,CUST-057,2025-11-25 08:20:26,Tea,3.0
TX-003814,CUST-035,2025-11-25 11:27:00,Latte | Croissant | Pasta,19.5
TX-003815,CUST-002,2025-11-25 12:29:24,Pasta | Breakfast Sandwich | Cake Slice,23.0
TX-003816,CUST-034,2025-11-25 14:16:58,Salad | Breakfast Sandwich | Latte | Americano | Muffin,26.0
TX-003817,CUST-039,2025-11-25 15:14:45,Croissant | Americano,7.0
TX-003818,CUST-071,2025-11-25 16:26:16,Muffin,3.5
TX-003819,CUST-003,2025-11-25 17:36:24,Pasta | Latte | Drip Coffee | Breakfast Sandwich | Salad,33.0
TX-003820,CUST-010,2025-11-25 17:44:48,Muffin | Drip Coffee | Latte | Salad | Croissant,23.0
TX-003821,CUST-016,2025-11-25 21:43:39,Breakfast Sandwich | Salad | Muffin | Latte,23.0
TX-003822,CUST-009,2025-11-25 22:11:35,Americano | Breakfast Sandwich | Cake Slice | Drip Coffee | Salad,26.0
TX-003823,CUST-071,2025-11-25 22:27:24,Drip Coffee | Muffin,6.0
TX-003824,CUST-014,2025-11-26 02:28:40,Latte | Americano | Drip Coffee | Croissant,14.0
TX-003825,CUST-005,2025-11-26 06:21:28,Salad | Latte | Muffin | Breakfast Sandwich,23.0
TX-003826,CUST-063,2025-11-26 07:53:50,Muffin | Tea,6.5
TX-003827,CUST-073,2025-11-26 08:31:25,Croissant | Drip Coffee,6.5
TX-003828,CUST-089,2025-11-26 09:16:00,Tea | Pasta | Cake Slice | Breakfast Sandwich,26.0
TX-003829,CUST-016,2025-11-26 11:07:57,Drip Coffee | Breakfast Sandwich | Croissant | Cake Slice | Americano,21.5
TX-003830,CUST-072,2025-11-26 11:17:03,Tea | Drip Coffee,5.5
TX-003831,CUST-025,2025-11-26 12:37:56,Drip Coffee | Breakfast Sandwich | Latte | Croissant,17.5
TX-003832,CUST-073,2025-11-26 15:40:01,Muffin,3.5
TX-003833,CUST-048,2025-11-26 16:12:22,Tea,3.0
TX-003834,CUST-005,2025-11-26 17:31:02,Cake Slice | Drip Coffee | Croissant,12.0
TX-003835,CUST-022,2025-11-26 18:48:17,Pasta | Salad | Croissant | Latte,28.0
TX-003836,CUST-008,2025-11-26 19:32:36,Muffin | Pasta | Breakfast Sandwich | Cake Slice | Drip Coffee,29.0
TX-003837,CUST-069,2025-11-26 19:39:44,Americano | Drip Coffee,5.5
TX-003838,CUST-046,2025-11-26 20:11:46,Drip Coffee | Tea,5.5
TX-003839,CUST-070,2025-11-27 00:11:03,Tea,3.0
TX-003840,CUST-075,2025-11-27 00:30:02,Drip Coffee | Pasta,13.5
TX-003841,CUST-002,2025-11-27 03:09:37,Latte | Pasta | Americano | Croissant,22.5
TX-003842,CUST-074,2025-11-27 03:25:15,Muffin | Tea,6.5
TX-003843,CUST-064,2025-11-27 03:34:15,Breakfast Sandwich | Drip Coffee,9.0
TX-003844,CUST-052,2025-11-27 07:23:59,Drip Coffee | Americano,5.5
TX-003845,CUST-006,2025-11-27 08:10:15,Breakfast Sandwich | Latte | Americano | Pasta | Croissant,29.0
TX-003846,CUST-072,2025-11-27 10:36:54,Drip Coffee | Cake Slice,8.0
TX-003847,CUST-047,2025-11-27 11:34:48,Americano,3.0
TX-003848,CUST-018,2025-11-27 12:40:28,Americano | Pasta | Latte,18.5
TX-003849,CUST-056,2025-11-27 16:09:19,Tea,3.0
TX-003850,CUST-007,2025-11-27 16:41:25,Breakfast Sandwich | Latte | Muffin | Croissant,18.5
TX-003851,CUST-018,2025-11-27 18:35:53,Muffin | Breakfast Sandwich | Tea,13.0
TX-003852,CUST-055,2025-11-27 18:38:36,Muffin,3.5
TX-003853,CUST-078,2025-11-28 00:08:39,Drip Coffee,2.5
TX-003854,CUST-027,2025-11-28 04:55:30,Breakfast Sandwich | Salad | Americano | Latte,22.5
TX-003855,CUST-007,2025-11-28 10:35:49,Salad | Breakfast Sandwich | Pasta,26.0
TX-003856,CUST-032,2025-11-28 11:08:21,Drip Coffee | Croissant | Pasta | Americano,20.5
TX-003857,CUST-009,2025-11-28 12:08:52,Salad | Breakfast Sandwich | Latte | Americano,22.5
TX-003858,CUST-033,2025-11-28 12:21:26,Breakfast Sandwich | Drip Coffee | Salad | Latte | Americano,25.0
TX-003859,CUST-019,2025-11-28 16:20:48,Breakfast Sandwich | Latte | Muffin | Pasta,25.5
TX-003860,CUST-021,2025-11-28 17:27:33,Salad | Pasta | Drip Coffee | Breakfast Sandwich | Latte,33.0
TX-003861,CUST-004,2025-11-28 18:23:31,Breakfast Sandwich | Pasta | Croissant | Latte,26.0
TX-003862,CUST-033,2025-11-28 21:23:07,Croissant | Breakfast Sandwich | Salad,19.0
TX-003863,CUST-025,2025-11-29 01:11:21,Breakfast Sandwich | Croissant | Pasta | Cake Slice | Drip Coffee,29.5
TX-003864,CUST-077,2025-11-29 01:16:08,Americano | Muffin,6.5
TX-003865,CUST-058,2025-11-29 01:57:38,Cake Slice | Drip Coffee,8.0
TX-003866,CUST-061,2025-11-29 06:16:40,Americano,3.0
TX-003867,CUST-049,2025-11-29 06:21:51,Americano,3.0
TX-003868,CUST-029,2025-11-29 08:22:14,Latte | Americano | Cake Slice,13.0
TX-003869,CUST-040,2025-11-29 11:14:55,Muffin,3.5
TX-003870,CUST-014,2025-11-29 21:10:21,Muffin | Breakfast Sandwich | Pasta,21.0
TX-003871,CUST-044,2025-11-30 00:41:39,Croissant | Tea,7.0
TX-003872,CUST-011,2025-11-30 01:07:14,Croissant | Salad | Drip Coffee | Breakfast Sandwich,21.5
TX-003873,CUST-067,2025-11-30 03:24:30,Muffin | Tea,6.5
TX-003874,CUST-029,2025-11-30 03:53:55,Latte | Breakfast Sandwich | Drip Coffee | Cake Slice | Americano,22.0
TX-003875,CUST-036,2025-11-30 04:25:59,Drip Coffee | Americano | Salad | Latte | Pasta,29.5
TX-003876,CUST-015,2025-11-30 11:01:24,Drip Coffee | Latte | Salad,15.5
TX-003877,CUST-015,2025-11-30 14:03:55,Croissant | Americano | Pasta,18.0
TX-003878,CUST-050,2025-11-30 15:43:49,Muffin,3.5
TX-003879,CUST-013,2025-11-30 15:54:36,Breakfast Sandwich | Croissant | Americano | Cake Slice | Latte,23.5
TX-003880,CUST-002,2025-11-30 16:33:25,Tea | Drip Coffee | Latte,10.0
TX-003881,CUST-046,2025-11-30 17:26:55,Drip Coffee,2.5
TX-003882,CUST-053,2025-11-30 17:38:11,Drip Coffee | Americano,5.5
TX-003883,CUST-070,2025-11-30 20:00:58,Muffin | Drip Coffee,6.0
TX-003884,CUST-020,2025-11-30 21:07:18,Croissant | Latte | Cake Slice,14.0
TX-003885,CUST-019,2025-12-01 05:48:46,Pasta | Breakfast Sandwich | Salad | Americano,29.0
TX-003886,CUST-076,2025-12-01 06:09:32,Drip Coffee | Muffin,6.0
TX-003887,CUST-066,2025-12-01 18:20:26,Americano,3.0
TX-003888,CUST-041,2025-12-01 20:03:11,Americano | Tea,6.0
TX-003889,CUST-071,2025-12-01 20:28:00,Drip Coffee,2.5
TX-003890,CUST-065,2025-12-01 20:28:21,Drip Coffee,2.5
TX-003891,CUST-046,2025-12-01 20:31:18,Muffin,3.5
TX-003892,CUST-047,2025-12-01 20:48:06,Americano,3.0
TX-003893,CUST-033,2025-12-02 01:16:44,Latte | Breakfast Sandwich | Salad,19.5
TX-003894,CUST-031,2025-12-02 09:03:48,Latte | Croissant | Breakfast Sandwich,15.0
TX-003895,CUST-060,2025-12-02 09:33:42,Drip Coffee,2.5
TX-003896,CUST-059,2025-12-02 10:16:02,Tea | Americano,6.0
TX-003897,CUST-068,2025-12-02 10:49:47,Drip Coffee,2.5
TX-003898,CUST-065,2025-12-02 11:58:40,Americano | Drip Coffee,5.5
TX-003899,CUST-037,2025-12-02 18:21:22,Americano | Latte | Salad | Muffin | Pasta,30.5
TX-003900,CUST-051,2025-12-02 20:26:32,Drip Coffee,2.5
TX-003901,CUST-041,2025-12-02 22:35:52,Muffin,3.5
TX-003902,CUST-002,2025-12-02 23:26:28,Cake Slice | Croissant | Latte,14.0
TX-003903,CUST-003,2025-12-03 02:20:24,Croissant | Latte | Drip Coffee | Breakfast Sandwich,17.5
TX-003904,CUST-026,2025-12-03 14:30:06,Americano | Cake Slice | Breakfast Sandwich | Latte | Croissant,23.5
TX-003905,CUST-074,2025-12-03 16:07:51,Drip Coffee | Americano,5.5
TX-003906,CUST-057,2025-12-03 17:51:19,Salad,8.5
TX-003907,CUST-027,2025-12-03 20:17:48,Americano | Cake Slice | Salad | Breakfast Sandwich,23.5
TX-003908,CUST-066,2025-12-03 22:03:34,Americano,3.0
TX-003909,CUST-038,2025-12-03 23:00:14,Salad | Breakfast Sandwich | Cake Slice | Muffin,24.0
TX-003910,CUST-005,2025-12-04 00:25:55,Breakfast Sandwich | Muffin | Drip Coffee,12.5
TX-003911,CUST-010,2025-12-04 02:32:48,Cake Slice | Breakfast Sandwich | Drip Coffee | Americano,17.5
TX-003912,CUST-003,2025-12-04 07:25:26,Breakfast Sandwich | Salad | Latte | Croissant | Cake Slice,29.0
TX-003913,CUST-069,2025-12-04 10:29:44,Croissant,4.0
TX-003914,CUST-061,2025-12-04 13:54:54,Americano,3.0
TX-003915,CUST-055,2025-12-04 18:23:51,Drip Coffee,2.5
TX-003916,CUST-015,2025-12-04 20:21:14,Salad | Breakfast Sandwich | Croissant | Tea,22.0
TX-003917,CUST-019,2025-12-04 22:12:04,Cake Slice | Breakfast Sandwich | Tea,15.0
TX-003918,CUST-001,2025-12-04 23:38:32,Americano | Latte | Salad | Cake Slice,21.5
TX-003919,CUST-049,2025-12-05 01:24:49,Drip Coffee | Muffin,6.0
TX-003920,CUST-063,2025-12-05 02:57:00,Drip Coffee,2.5
TX-003921,CUST-002,2025-12-05 05:21:45,Breakfast Sandwich | Latte | Muffin | Salad | Americano,26.0
TX-003922,CUST-044,2025-12-05 10:52:25,Croissant | Drip Coffee,6.5
TX-003923,CUST-002,2025-12-05 14:19:15,Salad | Latte | Breakfast Sandwich | Cake Slice | Americano,28.0
TX-003924,CUST-002,2025-12-05 19:00:22,Croissant | Americano | Salad | Muffin | Cake Slice,24.5
TX-003925,CUST-018,2025-12-05 23:25:35,Drip Coffee | Latte | Salad | Cake Slice | Breakfast Sandwich,27.5
TX-003926,CUST-064,2025-12-06 01:07:40,Americano,3.0
TX-003927,CUST-031,2025-12-06 03:46:53,Latte | Croissant | Drip Coffee,11.0
TX-003928,CUST-053,2025-12-06 15:32:36,Drip Coffee,2.5
TX-003929,CUST-018,2025-12-06 16:22:58,Breakfast Sandwich | Drip Coffee | Salad | Latte,22.0
TX-003930,CUST-067,2025-12-06 19:26:55,Tea,3.0
TX-003931,CUST-052,2025-12-06 19:52:41,Tea | Drip Coffee,5.5
TX-003932,CUST-078,2025-12-07 02:57:45,Americano | Drip Coffee,5.5
TX-003933,CUST-022,2025-12-07 03:15:56,Drip Coffee | Latte | Pasta | Salad,26.5
TX-003934,CUST-063,2025-12-07 04:42:24,Muffin,3.5
TX-003935,CUST-014,2025-12-07 09:28:59,Latte | Breakfast Sandwich | Cake Slice,16.5
TX-003936,CUST-039,2025-12-07 10:23:55,Americano,3.0
TX-003937,CUST-056,2025-12-07 16:13:11,Drip Coffee | Muffin,6.0
TX-003938,CUST-028,2025-12-07 17:49:06,Tea | Breakfast Sandwich | Cake Slice,15.0
TX-003939,CUST-038,2025-12-07 19:57:33,Cake Slice | Latte | Salad,18.5
TX-003940,CUST-029,2025-12-07 21:20:11,Muffin | Drip Coffee | Americano,9.0
TX-003941,CUST-073,2025-12-07 23:54:18,Drip Coffee | Muffin,6.0
TX-003942,CUST-030,2025-12-08 00:50:56,Salad | Drip Coffee | Breakfast Sandwich | Cake Slice | Tea,26.0
TX-003943,CUST-047,2025-12-08 01:32:23,Drip Coffee,2.5
TX-003944,CUST-057,2025-12-08 02:07:09,Americano | Tea,6.0
TX-003945,CUST-011,2025-12-08 02:55:51,Breakfast Sandwich | Pasta | Latte | Croissant,26.0
TX-003946,CUST-007,2025-12-08 04:49:40,Muffin | Pasta | Cake Slice,20.0
TX-003947,CUST-063,2025-12-08 07:13:14,Drip Coffee,2.5
TX-003948,CUST-006,2025-12-08 21:16:52,Latte | Pasta | Drip Coffee,18.0
TX-003949,CUST-039,2025-12-08 22:00:55,Croissant,4.0
TX-003950,CUST-033,2025-12-08 22:46:38,Breakfast Sandwich | Croissant | Cake Slice | Salad,24.5
TX-003951,CUST-021,2025-12-08 23:02:11,Breakfast Sandwich | Latte | Cake Slice | Pasta,27.5
TX-003952,CUST-020,2025-12-08 23:07:18,Latte | Breakfast Sandwich | Americano | Croissant | Cake Slice,23.5
TX-003953,CUST-029,2025-12-09 01:26:23,Pasta | Breakfast Sandwich | Cake Slice | Salad,31.5
TX-003954,CUST-004,2025-12-09 03:20:26,Breakfast Sandwich | Latte | Americano | Salad,22.5
TX-003955,CUST-011,2025-12-09 03:44:01,Breakfast Sandwich | Latte | Muffin | Cake Slice,20.0
TX-003956,CUST-044,2025-12-09 09:22:59,Drip Coffee,2.5
TX-003957,CUST-020,2025-12-09 11:45:56,Drip Coffee | Salad | Pasta | Tea | Muffin,28.5
TX-003958,CUST-028,2025-12-09 11:58:58,Muffin | Latte | Drip Coffee,10.5
TX-003959,CUST-073,2025-12-09 13:15:04,Americano,3.0
TX-003960,CUST-059,2025-12-09 19:45:49,Latte,4.5
TX-003961,CUST-008,2025-12-09 21:20:53,Cake Slice | Croissant | Pasta,20.5
TX-003962,CUST-073,2025-12-10 00:14:27,Drip Coffee | Muffin,6.0
TX-003963,CUST-022,2025-12-10 04:26:03,Breakfast Sandwich | Cake Slice | Latte | Tea | Croissant,23.5
TX-003964,CUST-018,2025-12-10 06:27:27,Breakfast Sandwich | Muffin | Americano,13.0
TX-003965,CUST-062,2025-12-10 06:57:07,Tea | Drip Coffee,5.5
TX-003966,CUST-020,2025-12-10 08:20:09,Cake Slice | Americano | Breakfast Sandwich | Croissant | Latte,23.5
TX-003967,CUST-003,2025-12-10 12:56:58,Breakfast Sandwich | Latte | Salad | Americano,22.5
TX-003968,CUST-054,2025-12-10 14:00:16,Americano | Tea,6.0
TX-003969,CUST-073,2025-12-10 22:27:02,Drip Coffee,2.5
TX-003970,CUST-067,2025-12-10 23:02:18,Drip Coffee | Tea,5.5
TX-003971,CUST-035,2025-12-11 00:33:10,Cake Slice | Americano | Pasta,19.5
TX-003972,CUST-006,2025-12-11 05:31:26,Americano | Pasta | Croissant | Latte | Tea,25.5
TX-003973,CUST-031,2025-12-11 05:42:31,Drip Coffee | Americano | Salad | Breakfast Sandwich | Latte,25.0
TX-003974,CUST-004,2025-12-11 10:49:11,Tea | Cake Slice | Breakfast Sandwich | Salad,23.5
TX-003975,CUST-045,2025-12-11 11:13:20,Croissant | Drip Coffee,6.5
TX-003976,CUST-070,2025-12-11 13:50:00,Muffin,3.5
TX-003977,CUST-077,2025-12-11 15:38:04,Croissant,4.0
TX-003978,CUST-052,2025-12-11 17:44:39,Drip Coffee | Muffin,6.0
TX-003979,CUST-058,2025-12-11 17:55:00,Americano,3.0
TX-003980,CUST-038,2025-12-11 23:48:46,Muffin | Cake Slice | Breakfast Sandwich,15.5
TX-003981,CUST-016,2025-12-12 01:46:25,Breakfast Sandwich | Salad | Drip Coffee | Pasta,28.5
TX-003982,CUST-003,2025-12-12 03:08:29,Drip Coffee | Americano | Latte | Tea,13.0
TX-003983,CUST-007,2025-12-12 06:05:26,Cake Slice | Croissant | Muffin,13.0
TX-003984,CUST-035,2025-12-12 06:41:29,Breakfast Sandwich | Muffin | Croissant,14.0
TX-003985,CUST-075,2025-12-12 08:57:09,Muffin,3.5
TX-003986,CUST-004,2025-12-12 10:32:29,Muffin | Americano | Pasta,17.5
TX-003987,CUST-067,2025-12-12 10:48:00,Latte | Tea,7.5
TX-003988,CUST-063,2025-12-12 18:08:00,Tea | Drip Coffee,5.5
TX-003989,CUST-048,2025-12-12 21:38:14,Drip Coffee,2.5
TX-003990,CUST-032,2025-12-12 22:38:16,Cake Slice | Breakfast Sandwich | Drip Coffee,14.5
TX-003991,CUST-036,2025-12-13 00:27:19,Latte | Cake Slice | Tea,13.0
TX-003992,CUST-016,2025-12-13 01:16:29,Muffin | Croissant | Cake Slice | Americano | Latte,20.5
TX-003993,CUST-013,2025-12-13 01:54:36,Croissant | Salad | Drip Coffee,15.0
TX-003994,CUST-045,2025-12-13 03:30:25,Muffin | Drip Coffee,6.0
TX-003995,CUST-013,2025-12-13 10:58:46,Latte | Pasta | Muffin,19.0
TX-003996,CUST-060,2025-12-13 15:16:00,Drip Coffee | Muffin,6.0
TX-003997,CUST-026,2025-12-13 15:18:27,Pasta | Muffin | Americano,17.5
TX-003998,CUST-011,2025-12-13 19:22:30,Salad | Croissant | Latte | Pasta | Breakfast Sandwich,34.5
TX-003999,CUST-072,2025-12-13 22:46:43,Americano | Drip Coffee,5.5
TX-004000,CUST-051,2025-12-14 00:33:49,Americano | Tea,6.0
TX-004001,CUST-042,2025-12-14 06:06:49,Tea | Drip Coffee,5.5
TX-004002,CUST-051,2025-12-14 07:18:15,Croissant,4.0
TX-004003,CUST-041,2025-12-14 11:59:00,Tea | Muffin,6.5
TX-004004,CUST-004,2025-12-14 15:41:46,Tea | Muffin | Latte | Salad | Breakfast Sandwich,26.0
TX-004005,CUST-018,2025-12-14 16:16:22,Breakfast Sandwich | Croissant | Drip Coffee | Tea | Latte,20.5
TX-004006,CUST-043,2025-12-14 17:27:00,Drip Coffee,2.5
TX-004007,CUST-037,2025-12-14 18:04:04,Salad | Drip Coffee | Latte | Cake Slice | Croissant,25.0
TX-004008,CUST-015,2025-12-14 18:45:17,Breakfast Sandwich | Pasta | Cake Slice | Muffin | Croissant,30.5
TX-004009,CUST-073,2025-12-14 19:52:53,Latte,4.5
TX-004010,CUST-034,2025-12-14 20:29:10,Americano | Breakfast Sandwich | Croissant,13.5
TX-004011,CUST-030,2025-12-14 22:20:36,Latte | Croissant | Muffin,12.0
TX-004012,CUST-062,2025-12-15 01:53:34,Americano,3.0
TX-004013,CUST-047,2025-12-15 02:47:23,Drip Coffee | Tea,5.5
TX-004014,CUST-016,2025-12-15 10:03:34,Salad | Breakfast Sandwich | Cake Slice | Americano,23.5
TX-004015,CUST-012,2025-12-15 10:43:31,Latte | Croissant | Muffin | Pasta | Breakfast Sandwich,29.5
TX-004016,CUST-017,2025-12-15 12:57:53,Croissant | Breakfast Sandwich | Americano | Salad,22.0
TX-004017,CUST-061,2025-12-15 13:12:50,Croissant,4.0
TX-004018,CUST-017,2025-12-15 16:38:48,Americano | Breakfast Sandwich | Latte,14.0
TX-004019,CUST-021,2025-12-15 20:53:14,Tea | Latte | Drip Coffee,10.0
TX-004020,CUST-013,2025-12-16 05:05:28,Muffin | Latte | Breakfast Sandwich | Americano | Croissant,21.5
TX-004021,CUST-076,2025-12-16 05:53:26,Drip Coffee,2.5
TX-004022,CUST-042,2025-12-16 07:41:00,Americano | Tea,6.0
TX-004023,CUST-020,2025-12-16 10:40:53,Croissant | Latte | Muffin | Pasta | Breakfast Sandwich,29.5
TX-004024,CUST-031,2025-12-16 11:43:58,Americano | Breakfast Sandwich | Muffin | Latte,17.5
TX-004025,CUST-009,2025-12-16 16:12:02,Latte | Americano | Breakfast Sandwich | Croissant,18.0
TX-004026,CUST-066,2025-12-16 20:40:24,Americano | Tea,6.0
TX-004027,CUST-047,2025-12-16 21:40:11,Drip Coffee | Tea,5.5
TX-004028,CUST-073,2025-12-17 02:54:11,Muffin | Latte,8.0
TX-004029,CUST-035,2025-12-17 03:00:21,Breakfast Sandwich | Cake Slice | Latte | Muffin,20.0
TX-004030,CUST-071,2025-12-17 03:55:10,Muffin | Americano,6.5
TX-004031,CUST-029,2025-12-17 05:06:58,Latte | Drip Coffee | Breakfast Sandwich | Pasta | Muffin,28.0
TX-004032,CUST-061,2025-12-17 05:58:14,Drip Coffee,2.5
TX-004033,CUST-032,2025-12-17 06:23:41,Cake Slice | Croissant | Breakfast Sandwich | Tea,19.0
TX-004034,CUST-027,2025-12-17 11:15:54,Drip Coffee | Pasta | Americano | Muffin | Breakfast Sandwich,26.5
TX-004035,CUST-061,2025-12-17 11:59:00,Americano | Muffin,6.5
TX-004036,CUST-023,2025-12-17 19:01:39,Breakfast Sandwich | Latte | Cake Slice | Salad | Drip Coffee,27.5
TX-004037,CUST-050,2025-12-18 00:47:56,Muffin,3.5
TX-004038,CUST-007,2025-12-18 04:44:35,Muffin | Drip Coffee | Latte | Salad,19.0
TX-004039,CUST-003,2025-12-18 09:02:03,Drip Coffee | Latte | Breakfast Sandwich | Salad | Tea,25.0
TX-004040,CUST-078,2025-12-18 09:13:43,Drip Coffee | Americano,5.5
TX-004041,CUST-056,2025-12-18 09:32:00,Drip Coffee | Tea,5.5
TX-004042,CUST-029,2025-12-18 12:40:00,Croissant | Latte | Breakfast Sandwich | Pasta,26.0
TX-004043,CUST-002,2025-12-18 13:11:10,Breakfast Sandwich | Latte | Croissant,15.0
TX-004044,CUST-020,2025-12-18 14:11:44,Cake Slice | Breakfast Sandwich | Muffin,15.5
TX-004045,CUST-031,2025-12-18 14:27:02,Pasta | Salad | Muffin | Breakfast Sandwich,29.5
TX-004046,CUST-013,2025-12-18 19:19:35,Breakfast Sandwich | Latte | Muffin | Americano,17.5
TX-004047,CUST-038,2025-12-18 22:07:41,Latte | Americano | Cake Slice,13.0
TX-004048,CUST-026,2025-12-19 01:45:58,Drip Coffee | Salad | Americano,14.0
TX-004049,CUST-030,2025-12-19 03:39:00,Latte | Americano | Breakfast Sandwich | Drip Coffee | Muffin,20.0
TX-004050,CUST-050,2025-12-19 08:06:00,Muffin,3.5
TX-004051,CUST-048,2025-12-19 12:43:00,Tea,3.0
TX-004052,CUST-034,2025-12-19 13:53:00,Americano | Drip Coffee | Salad | Breakfast Sandwich | Muffin,24.0
TX-004053,CUST-004,2025-12-19 15:02:33,Breakfast Sandwich | Americano | Croissant,13.5
TX-004054,CUST-013,2025-12-19 16:31:00,Salad | Breakfast Sandwich | Cake Slice | Americano | Latte,28.0
TX-004055,CUST-030,2025-12-19 16:35:00,Breakfast Sandwich | Salad | Cake Slice,20.5
TX-004056,CUST-002,2025-12-19 17:28:00,Breakfast Sandwich | Salad | Tea | Latte | Drip Coffee,25.0
TX-004057,CUST-044,2025-12-20 06:29:48,Drip Coffee | Tea,5.5
TX-004058,CUST-022,2025-12-20 08:31:53,Drip Coffee | Cake Slice | Tea,11.0
TX-004059,CUST-019,2025-12-20 10:18:55,Croissant | Latte | Cake Slice,14.0
TX-004060,CUST-065,2025-12-20 10:34:00,Drip Coffee,2.5
TX-004061,CUST-052,2025-12-20 12:04:04,Americano,3.0
TX-004062,CUST-012,2025-12-20 12:33:00,Drip Coffee | Breakfast Sandwich | Muffin | Cake Slice,18.0
TX-004063,CUST-076,2025-12-20 15:12:00,Americano | Tea,6.0
TX-004064,CUST-039,2025-12-20 15:35:00,Tea | Drip Coffee,5.5
TX-004065,CUST-032,2025-12-20 18:14:12,Cake Slice | Breakfast Sandwich | Americano | Salad,23.5
TX-004066,CUST-017,2025-12-20 18:58:53,Latte | Breakfast Sandwich | Cake Slice | Muffin | Tea,23.0
TX-004067,CUST-001,2025-12-21 00:10:42,Croissant | Cake Slice | Muffin | Americano | Latte,20.5
TX-004068,CUST-003,2025-12-21 01:24:17,Salad | Latte | Breakfast Sandwich,19.5
TX-004069,CUST-027,2025-12-21 03:50:48,Breakfast Sandwich | Muffin | Croissant | Pasta,25.0
TX-004070,CUST-054,2025-12-21 05:34:40,Drip Coffee | Muffin,6.0
TX-004071,CUST-064,2025-12-21 08:35:00,Tea,3.0
TX-004072,CUST-026,2025-12-21 13:19:36,Latte | Tea | Breakfast Sandwich,14.0
TX-004073,CUST-021,2025-12-21 13:32:00,Breakfast Sandwich | Muffin | Cake Slice,15.5
TX-004074,CUST-047,2025-12-21 16:51:23,Latte,4.5
TX-004075,CUST-034,2025-12-21 16:53:00,Muffin | Tea | Breakfast Sandwich,13.0
TX-004076,CUST-022,2025-12-21 18:27:00,Salad | Americano | Latte,16.0
TX-004077,CUST-019,2025-12-21 18:32:00,Salad | Breakfast Sandwich | Tea,18.0
TX-004078,CUST-045,2025-12-21 18:33:00,Drip Coffee | Muffin,6.0
TX-004079,CUST-036,2025-12-21 20:28:05,Croissant | Pasta | Tea | Cake Slice,23.5
TX-004080,CUST-046,2025-12-21 22:42:30,Tea,3.0
TX-004081,CUST-025,2025-12-21 22:58:29,Muffin | Latte | Cake Slice | Breakfast Sandwich | Americano,23.0
TX-004082,CUST-054,2025-12-21 23:03:08,Muffin | Drip Coffee,6.0
TX-004083,CUST-074,2025-12-22 07:06:00,Croissant,4.0
TX-004084,CUST-051,2025-12-22 07:19:00,Americano | Drip Coffee,5.5
TX-004085,CUST-047,2025-12-22 08:39:00,Drip Coffee,2.5
TX-004086,CUST-073,2025-12-22 08:52:00,Drip Coffee | Muffin,6.0
TX-004087,CUST-033,2025-12-22 09:14:00,Croissant | Drip Coffee | Latte,11.0
TX-004088,CUST-069,2025-12-22 10:18:00,Muffin,3.5
TX-004089,CUST-014,2025-12-22 12:03:34,Tea | Americano | Latte | Cake Slice,16.0
TX-004090,CUST-016,2025-12-22 14:02:00,Breakfast Sandwich | Drip Coffee | Muffin | Cake Slice,18.0
TX-004091,CUST-011,2025-12-22 17:08:00,Croissant | Pasta | Americano | Latte,22.5
TX-004092,CUST-001,2025-12-22 19:16:12,Muffin | Croissant | Latte,12.0
TX-004093,CUST-059,2025-12-22 19:20:04,Drip Coffee,2.5
TX-004094,CUST-025,2025-12-22 21:45:17,Breakfast Sandwich | Salad | Drip Coffee | Latte,22.0
TX-004095,CUST-068,2025-12-23 13:32:00,Tea,3.0
TX-004096,CUST-008,2025-12-23 17:34:46,Breakfast Sandwich | Latte | Pasta,22.0
TX-004097,CUST-057,2025-12-23 18:14:00,Muffin,3.5
TX-004098,CUST-072,2025-12-23 21:01:43,Drip Coffee | Americano,5.5
TX-004099,CUST-004,2025-12-24 00:22:41,Americano | Muffin | Croissant | Cake Slice | Breakfast Sandwich,22.5
TX-004100,CUST-036,2025-12-24 08:16:00,Cake Slice | Americano | Breakfast Sandwich | Salad,23.5
TX-004101,CUST-035,2025-12-24 09:42:00,Americano | Croissant | Cake Slice | Drip Coffee,15.0
TX-004102,CUST-023,2025-12-24 10:37:00,Croissant | Pasta | Tea,18.0
TX-004103,CUST-072,2025-12-24 13:36:00,Tea,3.0
TX-004104,CUST-071,2025-12-24 14:25:00,Drip Coffee | Americano,5.5
TX-004105,CUST-077,2025-12-24 14:26:00,Drip Coffee,2.5
TX-004106,CUST-020,2025-12-24 15:02:20,Breakfast Sandwich | Muffin | Drip Coffee | Americano | Pasta,26.5
TX-004107,CUST-044,2025-12-24 16:05:00,Croissant,4.0
TX-004108,CUST-066,2025-12-24 17:20:57,Tea,3.0
TX-004109,CUST-025,2025-12-24 17:21:00,Pasta | Cake Slice | Tea | Americano | Croissant,26.5
TX-004110,CUST-046,2025-12-24 17:39:00,Drip Coffee | Muffin,6.0
TX-004111,CUST-062,2025-12-24 19:45:11,Muffin | Americano,6.5
TX-004112,CUST-032,2025-12-24 19:47:22,Latte | Croissant | Americano | Muffin | Breakfast Sandwich,21.5
TX-004113,CUST-032,2025-12-24 21:03:17,Breakfast Sandwich | Cake Slice | Croissant | Americano | Salad,27.5
TX-004114,CUST-004,2025-12-24 23:21:47,Drip Coffee | Latte | Breakfast Sandwich | Salad,22.0
TX-004115,CUST-018,2025-12-25 00:01:19,Cake Slice | Drip Coffee | Pasta | Croissant | Breakfast Sandwich,29.5
TX-004116,CUST-014,2025-12-25 00:47:59,Muffin | Croissant | Cake Slice,13.0
TX-004117,CUST-017,2025-12-25 01:00:52,Americano | Cake Slice | Tea | Salad | Latte,24.5
TX-004118,CUST-015,2025-12-25 03:20:18,Latte | Breakfast Sandwich | Cake Slice | Drip Coffee | Salad,27.5
TX-004119,CUST-027,2025-12-25 09:25:00,Salad | Croissant | Muffin | Breakfast Sandwich | Drip Coffee,25.0
TX-004120,CUST-020,2025-12-25 10:20:00,Breakfast Sandwich | Americano | Salad | Muffin,21.5
TX-004121,CUST-040,2025-12-25 11:33:24,Drip Coffee | Muffin,6.0
TX-004122,CUST-059,2025-12-25 12:41:00,Croissant | Tea,7.0
TX-004123,CUST-028,2025-12-25 14:56:00,Latte | Croissant | Pasta,19.5
TX-004124,CUST-007,2025-12-25 15:39:41,Latte | Tea | Salad | Americano,19.0
TX-004125,CUST-049,2025-12-25 15:50:00,Muffin,3.5
TX-004126,CUST-075,2025-12-25 16:15:00,Tea | Drip Coffee,5.5
TX-004127,CUST-006,2025-12-25 16:37:00,Muffin | Breakfast Sandwich | Drip Coffee | Cake Slice,18.0
TX-004128,CUST-032,2025-12-25 18:16:00,Pasta | Latte | Croissant | Breakfast Sandwich,26.0
TX-004129,CUST-055,2025-12-25 18:40:00,Drip Coffee | Americano,5.5
TX-004130,CUST-010,2025-12-26 02:31:28,Breakfast Sandwich | Latte | Salad | Cake Slice,25.0
TX-004131,CUST-018,2025-12-26 13:20:00,Breakfast Sandwich | Latte | Croissant | Cake Slice,20.5
TX-004132,CUST-003,2025-12-26 14:19:00,Drip Coffee | Latte | Breakfast Sandwich,13.5
TX-004133,CUST-017,2025-12-26 16:39:00,Muffin | Latte | Pasta | Breakfast Sandwich | Croissant,29.5
TX-004134,CUST-007,2025-12-26 23:37:02,Breakfast Sandwich | Cake Slice | Salad | Tea,23.5
TX-004135,CUST-015,2025-12-27 01:05:46,Pasta | Latte | Cake Slice | Croissant,25.0
TX-004136,CUST-053,2025-12-27 09:03:00,Drip Coffee,2.5
TX-004137,CUST-031,2025-12-27 15:51:00,Drip Coffee | Americano | Breakfast Sandwich | Croissant | Tea,19.0
TX-004138,CUST-052,2025-12-27 17:50:00,Drip Coffee,2.5
TX-004139,CUST-037,2025-12-27 18:30:00,Latte | Tea | Cake Slice,13.0
TX-004140,CUST-010,2025-12-28 03:30:30,Pasta | Breakfast Sandwich | Salad,26.0
TX-004141,CUST-004,2025-12-28 10:45:00,Salad | Muffin | Croissant,16.0
TX-004142,CUST-008,2025-12-28 10:50:00,Cake Slice | Pasta | Muffin,20.0
TX-004143,CUST-014,2025-12-28 16:07:00,Breakfast Sandwich | Latte | Tea,14.0
TX-004144,CUST-040,2025-12-28 18:16:00,Tea,3.0
TX-004145,CUST-005,2025-12-28 23:01:50,Drip Coffee | Cake Slice | Salad,16.5
TX-004146,CUST-062,2025-12-29 00:13:39,Breakfast Sandwich | Croissant,10.5
TX-004147,CUST-005,2025-12-29 09:13:00,Cake Slice | Latte | Drip Coffee,12.5
TX-004148,CUST-015,2025-12-29 13:40:26,Salad | Pasta | Latte | Cake Slice,29.5
TX-004149,CUST-007,2025-12-29 14:03:38,Breakfast Sandwich | Salad | Pasta | Muffin | Latte,34.0
TX-004150,CUST-026,2025-12-29 17:27:00,Drip Coffee | Latte | Croissant,11.0
TX-004151,CUST-009,2025-12-29 17:29:00,Muffin | Cake Slice | Breakfast Sandwich | Drip Coffee,18.0
TX-004152,CUST-054,2025-12-29 18:19:00,Americano | Drip Coffee,5.5
TX-004153,CUST-066,2025-12-30 07:02:00,Muffin,3.5
TX-004154,CUST-038,2025-12-30 07:47:00,Croissant | Breakfast Sandwich | Americano,13.5
TX-004155,CUST-007,2025-12-30 11:35:00,Breakfast Sandwich | Latte | Pasta | Cake Slice | Drip Coffee,30.0
TX-004156,CUST-024,2025-12-30 12:43:00,Pasta | Latte | Salad | Muffin | Breakfast Sandwich,34.0
TX-004157,CUST-015,2025-12-30 15:49:00,Drip Coffee | Cake Slice | Latte,12.5
TX-004158,CUST-062,2025-12-30 17:43:00,Drip Coffee,2.5
TX-004159,CUST-078,2025-12-31 12:37:00,Drip Coffee | Tea,5.5
TX-004160,CUST-022,2025-12-31 16:10:00,Breakfast Sandwich | Americano | Cake Slice | Croissant | Salad,27.5
TX-004161,CUST-001,2025-12-31 16:39:00,Croissant | Breakfast Sandwich | Muffin | Pasta,25.0
TX-004162,CUST-010,2025-12-31 17:16:00,Breakfast Sandwich | Pasta | Latte | Cake Slice | Muffin,31.0
