CustomerID,first_order,last_order,order_count,total_historical_spend,mean_order_spend,frequency,recency,T,monetary_value,p_alive,exp_12m_orders,exp_monetary_value,pred_gross_revenue_12m,pred_clv_12m,Strategic_Segment
12346,2011-01-18,2011-01-18,1,77183.6,77183.6,0,0,325,77183.6,1.0,0.7657792774182269,424.2789907588981,324.9040589670836,88.64243151157247,3. Emerging Loyalists
12347,2010-12-07,2011-12-07,7,4310.0,615.7142857142857,6,365,367,615.7142857142857,0.9997503858625179,5.713983246773758,597.2063601706301,3412.427136881715,931.0004920557607,1. VIP Champions
12348,2010-12-16,2011-09-25,4,1797.24,449.31,3,283,358,449.31,0.9994714596602389,3.269510182466444,444.896691923477,1454.5942643894448,396.85183641036144,3. Emerging Loyalists
12349,2011-11-21,2011-11-21,1,1757.55,1757.55,0,0,18,1757.55,1.0,3.4692780746188276,424.2789907588981,1471.9418001612494,401.58470357254896,3. Emerging Loyalists
12350,2011-02-02,2011-02-02,1,334.4,334.4,0,0,310,334.4,1.0,0.7960904231280017,424.2789907588981,337.7644412775727,92.15108437911223,3. Emerging Loyalists
12352,2011-02-16,2011-11-03,7,2506.04,358.0057142857143,6,260,296,358.0057142857143,0.9995086123728651,6.823943831900817,364.4130012323617,2486.7338520240396,678.4468494063404,1. VIP Champions
12353,2011-05-19,2011-05-19,1,89.0,89.0,0,0,204,89.0,1.0,1.1052412713362991,424.2789907588981,468.9306511476464,127.93670002209343,3. Emerging Loyalists
12354,2011-04-21,2011-04-21,1,1079.4,1079.4,0,0,232,1079.4,1.0,1.00241421018981,424.2789907588981,425.3032894217105,116.03400038788027,3. Emerging Loyalists
12355,2011-05-09,2011-05-09,1,459.4,459.4,0,0,214,459.4,1.0,1.0661811856056052,424.2789907588981,452.35827739487155,123.41531758681471,3. Emerging Loyalists
12356,2011-01-18,2011-11-17,3,2811.43,937.1433333333333,2,303,325,937.1433333333333,0.9996986634426481,2.6179736559655087,812.4945158843914,2127.089238201786,580.3262745184938,1. VIP Champions
12357,2011-11-06,2011-11-06,1,6207.67,6207.67,0,0,33,6207.67,1.0,2.958886235150211,424.2789907588981,1255.3932656199272,342.5045286340289,3. Emerging Loyalists
12358,2011-07-12,2011-12-08,2,1168.06,584.03,1,149,150,584.03,0.9997378104801877,3.043995734393017,521.559840521362,1587.6259297777283,433.1463977203697,3. Emerging Loyalists
12359,2011-01-12,2011-10-13,4,6372.58,1593.145,3,274,331,1593.145,0.9995454341095928,3.4904829269223034,1387.0579921118144,4841.502240117419,1320.8900254958403,1. VIP Champions
12360,2011-05-23,2011-10-18,3,2662.06,887.3533333333334,2,148,200,887.3533333333334,0.9995299121905237,3.8340411607917764,774.8056976308683,2970.6369363327362,810.4684257000918,1. VIP Champions
12361,2011-02-25,2011-02-25,1,189.9,189.9,0,0,287,189.9,1.0,0.847529118805428,424.2789907588981,359.58879916554525,98.10534717139285,3. Emerging Loyalists
12362,2011-02-17,2011-12-06,10,5226.23,522.6229999999999,9,292,295,522.6229999999999,0.9997481287406247,9.852153535895596,516.0733408291777,5084.4337896316365,1387.168185603393,1. VIP Champions
12363,2011-04-11,2011-08-22,2,552.0,276.0,1,133,242,276.0,0.9994282381205837,2.142739407051548,333.98406059543447,715.6408079649296,195.24576426835114,3. Emerging Loyalists
12364,2011-08-19,2011-12-02,4,1313.1,328.275,3,105,112,328.275,0.9997064259557553,7.715967945191649,345.20181200784634,2663.5661160746163,726.6913739745225,1. VIP Champions
12365,2011-02-21,2011-02-21,1,641.38,641.38,0,0,291,641.38,1.0,0.8381110626253543,424.2789907588981,355.59291579455294,97.0151643673753,3. Emerging Loyalists
12367,2011-12-05,2011-12-05,1,168.9,168.9,0,0,4,168.9,1.0,4.134990653722567,424.2789907588981,1754.389661358887,478.64395999242095,3. Emerging Loyalists
12370,2010-12-14,2011-10-19,4,3545.6899999999996,886.4224999999999,3,309,360,886.4224999999999,0.9995903104143429,3.254653239427253,804.9403007731578,2619.8015574569054,714.7512433949361,1. VIP Champions
12371,2011-10-11,2011-10-26,2,1887.96,943.98,1,15,59,943.98,0.9994388019203758,5.207217687850088,740.7524580726969,3857.259301994578,1052.3624869028497,1. VIP Champions
12372,2011-02-16,2011-09-29,3,1298.04,432.68,2,225,296,432.68,0.9995279235322035,2.825517608554518,430.6381815689373,1216.77576493893,331.96865176580485,3. Emerging Loyalists
12373,2011-02-01,2011-02-01,1,364.6,364.6,0,0,311,364.6,1.0,0.7939952236689067,424.2789907588981,336.8754921656293,91.90855551990614,3. Emerging Loyalists
12374,2011-11-14,2011-11-14,1,742.9300000000001,742.9300000000001,0,0,25,742.9300000000001,1.0,3.2108155440078403,424.2789907588981,1362.281578524629,371.6664910489166,3. Emerging Loyalists
12375,2011-09-02,2011-11-29,2,457.5,228.75,1,88,98,228.75,0.9997089511543414,3.9919428199405953,305.21103328802906,1218.3849929007977,332.4076917699521,3. Emerging Loyalists
12377,2010-12-20,2011-01-28,2,1628.12,814.06,1,39,354,814.06,0.9968599325242077,1.5712917691301589,661.6372896541125,1039.6252273830937,283.6372937567553,3. Emerging Loyalists
12378,2011-08-02,2011-08-02,1,4008.62,4008.62,0,0,129,4008.62,1.0,1.5239794396280912,424.2789907588981,646.5924585827177,176.40754599382984,3. Emerging Loyalists
12379,2011-06-22,2011-09-19,2,852.24,426.12,1,89,170,426.12,0.9994463566748885,2.7884114796349837,425.40007878353384,1186.1904631176321,323.62417145806626,3. Emerging Loyalists
12380,2011-06-07,2011-11-18,4,2724.8100000000004,681.2025000000001,3,164,185,681.2025000000001,0.9996487909045366,5.497713837353903,635.9033837137476,3496.0148318632387,953.8054288459182,1. VIP Champions
12381,2011-08-12,2011-12-05,5,1845.31,369.062,4,115,119,369.062,0.9997239510178699,9.370113389780698,376.70031581181485,3529.724673122904,963.002366257613,1. VIP Champions
12383,2010-12-22,2011-06-08,5,1850.56,370.11199999999997,4,168,352,370.11199999999997,0.9960296413016994,4.168316273023767,377.6050664693171,1573.9773433402756,429.422701893491,3. Emerging Loyalists
12384,2011-08-10,2011-11-11,2,585.27,292.635,1,93,121,292.635,0.9996521090156443,3.5084044881697762,344.11399306651776,1207.2910777165941,329.3809779146765,3. Emerging Loyalists
12386,2010-12-08,2011-01-06,2,401.9,200.95,1,29,366,200.95,0.996056449153225,1.5267101858242427,288.2821410309736,440.1232811032082,120.07728658690658,3. Emerging Loyalists
12388,2011-01-17,2011-11-24,6,2780.66,463.4433333333333,5,311,326,463.4433333333333,0.999692617809241,5.382915089867421,458.98584234896344,2470.6818168157442,674.0674291057869,1. VIP Champions
12390,2011-09-21,2011-09-21,1,549.84,549.84,0,0,79,549.84,1.0,2.0389791439572167,424.2789907588981,865.0960133766099,236.02110223079572,3. Emerging Loyalists
12391,2011-11-18,2011-11-18,1,460.89,460.89,0,0,21,460.89,1.0,3.353583092953767,424.2789907588981,1422.8548501045282,388.1924836589292,3. Emerging Loyalists
12393,2011-01-11,2011-09-28,4,1582.6,395.65,3,260,332,395.65,0.9994617646158243,3.481486145107355,400.6976812548874,1395.0234256655335,380.59933403024746,3. Emerging Loyalists
12394,2011-05-06,2011-10-07,2,1272.48,636.24,1,154,217,636.24,0.9995904284639097,2.3304466221852227,553.3532745048465,1289.5602694449517,351.82619210029605,3. Emerging Loyalists
12395,2010-12-03,2011-11-20,11,3018.63,274.4209090909091,10,352,371,274.4209090909091,0.9996305059713628,8.978617164941964,283.4635549492987,2545.110740103243,694.3736104319507,1. VIP Champions
12397,2011-07-27,2011-11-04,2,2409.8999999999996,1204.9499999999998,1,100,135,1204.9499999999998,0.9996333269097984,3.2675221370492684,899.6709117534075,2939.6946202135578,802.0265424373112,1. VIP Champions
12398,2011-10-25,2011-10-25,1,1635.6599999999999,1635.6599999999999,0,0,45,1635.6599999999999,1.0,2.6473131629798625,424.2789907588981,1123.1993570118423,306.43852955943316,3. Emerging Loyalists
12399,2011-03-23,2011-08-12,4,1108.65,277.1625,3,142,261,277.1625,0.9986035453327092,4.226992903060801,303.1011423694139,1281.206377705134,349.5470292029285,3. Emerging Loyalists
12401,2011-02-09,2011-02-09,1,84.3,84.3,0,0,303,84.3,1.0,0.811072260262944,424.2789907588981,344.1209200169002,93.88530011374142,3. Emerging Loyalists
12402,2011-01-20,2011-01-20,1,225.6,225.6,0,0,323,225.6,1.0,0.7696867207042927,424.2789907588981,326.56190506094316,89.09473582964984,3. Emerging Loyalists
12403,2011-10-21,2011-10-21,1,427.7,427.7,0,0,49,427.7,1.0,2.5575427354210354,424.2789907588981,1085.1116506071885,296.0471945999969,3. Emerging Loyalists
12405,2011-07-14,2011-07-14,1,1710.39,1710.39,0,0,148,1710.39,1.0,1.390518391803801,424.2789907588981,589.9677399062027,160.95882318284907,3. Emerging Loyalists
12406,2011-06-09,2011-11-17,2,3415.3,1707.65,1,161,183,1707.65,0.9996927863246846,2.6451936476692146,1205.7915641858456,3189.5521859975247,870.1943032004888,1. VIP Champions
12407,2011-03-20,2011-10-21,5,1708.12,341.62399999999997,4,215,264,341.62399999999997,0.9994636279987753,5.288157314946106,353.0578886303406,1867.025656359963,509.37404229537003,3. Emerging Loyalists
12408,2011-03-24,2011-11-07,4,2888.55,722.1375,3,228,260,722.1375,0.999626583698407,4.24418608437041,669.6209853111891,2841.9960676601518,775.3717900127734,1. VIP Champions
12409,2011-06-10,2011-09-22,3,11072.67,3690.89,2,104,182,3690.89,0.9992667340801463,4.107955044077221,2896.9584169939553,11900.574941572278,3246.7919993376536,1. VIP Champions
12410,2011-02-04,2011-02-04,1,693.3299999999999,693.3299999999999,0,0,308,693.3299999999999,1.0,0.8003141710000283,424.2789907588981,339.5564887619362,92.64000239048823,3. Emerging Loyalists
12412,2011-06-23,2011-09-26,3,1226.88,408.96000000000004,2,95,169,408.96000000000004,0.9992662224249479,4.332375346475024,412.68319524691344,1787.8985009922665,487.78605883746815,3. Emerging Loyalists
12413,2011-01-06,2011-10-04,3,758.1,252.70000000000002,2,271,337,252.70000000000002,0.9995770777497164,2.540278365588606,294.4013165504779,747.8612952339818,204.03636646980226,3. Emerging Loyalists
12414,2011-02-02,2011-05-06,3,562.41,187.47,2,93,310,187.47,0.997175540904915,2.7147295332565333,245.0251041649122,665.1768866657455,181.4778701343431,3. Emerging Loyalists
12415,2011-01-06,2011-11-15,16,124914.53,7807.158125,15,313,337,7807.158125,0.9994362814768941,14.22169676708458,7504.066307950758,106720.55555177161,29116.193766398224,1. VIP Champions
12417,2010-12-17,2011-12-06,9,3649.1,405.4555555555555,8,354,357,405.4555555555555,0.9997495066351859,7.561471649608129,406.8542462664725,3076.416848666616,839.3279870861993,1. VIP Champions
12418,2011-08-19,2011-08-19,1,668.58,668.58,0,0,112,668.58,1.0,1.6671478597205698,424.2789907588981,707.3358113681004,192.97994126084953,3. Emerging Loyalists
12420,2011-10-07,2011-10-07,1,600.39,600.39,0,0,63,600.39,1.0,2.286204445354943,424.2789907588981,969.9885147437016,264.6385544044293,3. Emerging Loyalists
12421,2011-01-24,2011-11-24,4,807.04,201.76,3,304,319,201.76,0.9997064480192971,3.5990270086850034,240.99313077906115,867.3407865813982,236.63353580794788,3. Emerging Loyalists
12422,2011-01-19,2011-09-05,3,803.56,267.8533333333333,2,229,324,267.8533333333333,0.9994400827551002,2.623956972558805,305.87171675001696,802.5942238747388,218.96895885996875,3. Emerging Loyalists
12423,2010-12-21,2011-12-09,8,1859.31,232.41375,7,353,353,232.41375,0.9997614200514819,6.768436190878429,248.53598574100596,1682.19996062507,458.9486978787932,3. Emerging Loyalists
12424,2011-06-30,2011-06-30,1,1760.96,1760.96,0,0,162,1760.96,1.0,1.3062296821660044,424.2789907588981,554.2058112487085,151.20202198491504,3. Emerging Loyalists
12425,2011-09-22,2011-09-22,1,777.2,777.2,0,0,78,777.2,1.0,2.0528535961652343,424.2789907588981,870.9826519567602,237.62713312752643,3. Emerging Loyalists
12426,2011-05-29,2011-05-29,1,582.73,582.73,0,0,194,582.73,1.0,1.147272166054317,424.2789907588981,486.7634767393006,132.80196709875426,3. Emerging Loyalists
12427,2010-12-03,2011-11-18,3,825.8,275.26666666666665,2,350,371,275.26666666666665,0.9997058603269695,2.3442679384490956,311.48328077196487,730.200268476655,199.21797066478402,3. Emerging Loyalists
12428,2011-03-01,2011-11-14,7,7956.46,1136.6371428571429,6,258,283,1136.6371428571429,0.9996000439204007,7.07664094821613,1067.7665009908471,7556.200144045288,2061.5315052870014,1. VIP Champions
12429,2010-12-09,2011-11-30,4,3750.4,937.6,3,356,365,937.6,0.9997264774324145,3.2175919634901256,847.0945100257063,2725.6044877753184,743.6170846967948,1. VIP Champions
12430,2011-10-27,2011-10-27,1,256.4,256.4,0,0,43,256.4,1.0,2.694603816894278,424.2789907588981,1143.263787926979,311.91263766650934,3. Emerging Loyalists
12431,2010-12-01,2011-11-04,14,6487.45,463.3892857142857,13,338,373,463.3892857142857,0.9993106158119552,11.41102190639237,461.54828856092735,5266.737631626649,1436.905501535099,1. VIP Champions
12432,2011-06-20,2011-10-28,3,5059.320000000001,1686.4400000000003,2,130,172,1686.4400000000003,0.9995598887612558,4.279693598676179,1379.6788076693026,5904.602561411497,1610.9319465473347,1. VIP Champions
12433,2010-12-01,2011-12-09,6,13375.87,2229.311666666667,5,373,373,2229.311666666667,0.9997546811659673,4.810769540783235,2023.8718111648589,9736.380863601702,2656.342541906612,1. VIP Champions
12434,2011-03-24,2011-09-16,2,806.14,403.07,1,176,260,403.07,0.9995545598140922,2.025748953084934,411.3637130811911,833.3196111113541,227.35165817879798,3. Emerging Loyalists
12435,2011-03-17,2011-09-21,2,7829.89,3914.945,1,188,267,3914.945,0.9995758070233174,1.9835828948614573,2549.9303855720755,5057.99829590825,1379.9558828414652,1. VIP Champions
12436,2011-09-01,2011-09-01,1,509.01,509.01,0,0,99,509.01,1.0,1.7961846450158359,424.2789907588981,762.0834084039485,207.91653557765056,3. Emerging Loyalists
12437,2011-01-12,2011-12-08,15,4951.41,330.094,14,330,331,330.094,0.9997741178070026,13.527536561043242,334.2246816202377,4521.236600220802,1233.5130775429616,1. VIP Champions
12438,2011-07-22,2011-11-25,2,2906.85,1453.425,1,126,140,1453.425,0.9997048919426947,3.1895648367996725,1050.9804982128267,3352.170441261833,914.5608697513186,1. VIP Champions
12441,2010-12-08,2010-12-08,1,173.55,173.55,0,0,366,173.55,1.0,0.6935956186115332,424.2789907588981,294.2780490592949,80.28684495979309,3. Emerging Loyalists
12442,2011-12-06,2011-12-06,1,172.06,172.06,0,0,3,172.06,1.0,4.192453598833141,424.2789907588981,1778.7699817164353,485.295557034313,3. Emerging Loyalists
12444,2011-06-21,2011-11-18,5,5005.46,1001.092,4,150,171,1001.092,0.9996129031192906,7.33876215004411,921.2998949176948,6761.200797661594,1844.6346301368483,1. VIP Champions
12445,2011-11-17,2011-11-17,1,133.4,133.4,0,0,22,133.4,1.0,3.316714022998797,424.2789907588981,1407.2120783138141,383.9247212569519,3. Emerging Loyalists
12446,2011-10-13,2011-10-13,1,1002.3100000000001,1002.3100000000001,0,0,57,1002.3100000000001,1.0,2.3951065407050205,424.2789907588981,1016.1933858503618,277.2444668562282,3. Emerging Loyalists
12447,2011-04-10,2011-04-10,1,476.49,476.49,0,0,243,476.49,1.0,0.9670680674603128,424.2789907588981,410.3066636572195,111.94252373332652,3. Emerging Loyalists
12448,2011-10-26,2011-10-26,1,449.45,449.45,0,0,44,449.45,1.0,2.6707491637760614,424.2789907588981,1133.1427597770783,309.15135315853354,3. Emerging Loyalists
12449,2011-06-05,2011-11-17,4,4067.29,1016.8225,3,165,187,1016.8225,0.9996439741570707,5.454729827233122,912.3490035533309,4976.617322528772,1357.7529981435357,1. VIP Champions
12450,2011-06-19,2011-07-06,2,197.88,98.94,1,17,173,98.94,0.9982809560983572,2.7506274711807617,226.1628496949223,622.0897473313788,169.7225574749124,3. Emerging Loyalists
12451,2011-01-19,2011-11-29,5,9035.52,1807.104,4,314,324,1807.104,0.9997182093069404,4.481862658400722,1615.8140729698262,7241.856756561843,1975.77030462764,1. VIP Champions
12452,2011-11-23,2011-11-23,1,430.57,430.57,0,0,16,430.57,1.0,3.550947296457084,424.2789907588981,1506.5923351788492,411.03828715319645,3. Emerging Loyalists
12453,2011-07-28,2011-07-28,1,707.09,707.09,0,0,134,707.09,1.0,1.4864354644020528,424.2789907588981,630.6633386647369,172.0616602395608,3. Emerging Loyalists
12454,2011-10-14,2011-10-14,1,3528.34,3528.34,0,0,56,3528.34,1.0,2.4142736409162047,424.2789907588981,1024.3255837837376,279.4631458122238,3. Emerging Loyalists
12455,2011-02-16,2011-09-27,6,2466.86,411.1433333333334,5,223,296,411.1433333333334,0.9991001568137976,5.821943481677742,412.63836863070514,2402.357260539671,655.426680758368,1. VIP Champions
12456,2011-03-30,2011-10-26,3,3181.04,1060.3466666666666,2,210,254,1060.3466666666666,0.9996125078419564,3.19323893123079,905.7539663408731,2892.2888274363786,789.092986750558,1. VIP Champions
12457,2011-04-14,2011-10-04,7,2363.23,337.6042857142857,6,173,239,337.6042857142857,0.9987460300959222,8.080813622737287,345.9839786431833,2795.8320478686824,762.7770228815976,1. VIP Champions
12458,2011-02-28,2011-09-29,2,947.4000000000001,473.70000000000005,1,213,284,473.70000000000005,0.9996081814487807,1.8881063624429943,454.37406056737194,857.9065546863135,234.05962750626963,3. Emerging Loyalists
12461,2011-07-08,2011-09-06,2,826.88,413.44,1,60,154,413.44,0.9992935324796698,2.988056469386543,417.6785552648481,1248.0471091831541,340.50030261453827,3. Emerging Loyalists
12462,2011-02-09,2011-11-21,2,1189.5900000000001,594.7950000000001,1,285,303,594.7950000000001,0.9997153430085499,1.7918523307906202,528.1152191237795,946.3044863129435,258.1769242396172,3. Emerging Loyalists
12463,2011-04-12,2011-10-17,4,1344.78,336.195,3,188,241,336.195,0.999482757880175,4.50369973051348,351.72540806627404,1584.0656255228223,432.1750524343822,3. Emerging Loyalists
12464,2011-02-03,2011-11-29,7,1212.05,173.15,6,299,309,173.15,0.9997095201952011,6.59055711165669,197.42909996374703,1301.1677588140526,354.99302259386667,3. Emerging Loyalists
12465,2011-06-23,2011-11-22,2,742.19,371.095,1,152,169,371.095,0.9997023089936659,2.8008465970622094,391.8924422207829,1097.6306132084783,299.46269912926834,3. Emerging Loyalists
12468,2011-01-27,2011-06-05,2,729.5400000000001,364.77000000000004,1,129,316,364.77000000000004,0.9991244266171581,1.730318452463661,388.04081475582336,671.4341820810345,183.18502603156634,3. Emerging Loyalists
12471,2010-12-10,2011-12-07,20,19824.05,991.2025,19,362,364,991.2025,0.9997754907227049,16.710720617309665,972.6680195859489,16253.983528692677,4434.51715042543,1. VIP Champions
12472,2010-12-05,2011-11-07,7,6572.110000000001,938.8728571428572,6,337,369,938.8728571428572,0.9995940131140056,5.686999918639985,889.1220263649176,5056.436891598305,1379.5298903960456,1. VIP Champions
12473,2011-06-01,2011-11-10,4,3938.55,984.6375,3,162,191,984.6375,0.9996031004825155,5.370578150892302,885.8386577022584,4757.465740271514,1297.9626428532688,1. VIP Champions
12474,2011-01-14,2011-11-22,17,7375.79,433.87,16,312,329,433.87,0.9995574635457203,15.426121779051496,433.499916435892,6687.222502148717,1824.4513920012869,1. VIP Champions
12475,2011-10-17,2011-10-17,1,723.38,723.38,0,0,53,723.38,1.0,2.473660859963395,424.2789907588981,1049.522333145057,286.3374863073091,3. Emerging Loyalists
12476,2010-12-13,2011-11-24,10,6816.42,681.642,9,346,361,681.642,0.9996708710680481,8.339174744170807,664.5017592602525,5541.396288280167,1511.8396566788379,1. VIP Champions
12477,2011-02-11,2011-11-17,6,13219.74,2203.29,5,279,301,2203.29,0.9996493937739173,5.746417156396483,2000.8118013763574,11497.499262149653,3136.822279597032,1. VIP Champions
12478,2011-12-06,2011-12-06,1,680.99,680.99,0,0,3,680.99,1.0,4.192453598833141,424.2789907588981,1778.7699817164353,485.295557034313,3. Emerging Loyalists
12479,2011-11-28,2011-11-28,1,527.2,527.2,0,0,11,527.2,1.0,3.772994597165539,424.2789907588981,1600.80233982417,436.74127132343676,3. Emerging Loyalists
12480,2011-01-07,2011-11-11,4,3281.63,820.4075,3,308,336,820.4075,0.9996679450827319,3.4478087439517515,750.5646449906953,2587.8033458999616,706.0212838941329,1. VIP Champions
12481,2010-12-09,2011-11-17,8,5596.32,699.54,7,343,365,699.54,0.9996415570498882,6.580483878519734,676.4101049562381,4451.105790932366,1214.3795355399327,1. VIP Champions
12483,2011-01-04,2011-11-22,8,2484.98,310.6225,7,322,339,310.6225,0.9996671344950302,7.000049425702948,320.17293618250716,2241.226378049986,611.4659088895925,1. VIP Champions
12484,2011-01-07,2011-11-07,6,4541.72,756.9533333333334,5,304,336,756.9533333333334,0.99960375512557,5.249523561222002,719.0899916997475,3774.8798540667585,1029.8871919061728,1. VIP Champions
12488,2011-09-25,2011-11-30,3,1298.66,432.8866666666667,2,66,75,432.8866666666667,0.9996925619091774,7.1643095229457066,430.7946190551607,3086.345991730656,842.036920261183,1. VIP Champions
12489,2011-01-07,2011-01-07,1,334.93,334.93,0,0,336,334.93,1.0,0.7449782413345166,424.2789907588981,316.0786163707475,86.23461705276851,3. Emerging Loyalists
12490,2011-01-14,2011-12-04,10,5417.93,541.793,9,324,329,541.793,0.9997370883321256,9.01032660144722,533.9666289351507,4811.213720979485,1312.6265153636282,1. VIP Champions
12491,2011-11-01,2011-11-01,1,460.40000000000003,460.40000000000003,0,0,38,460.40000000000003,1.0,2.820567850865286,424.2789907588981,1196.7076811321176,326.4935470531423,3. Emerging Loyalists
12492,2011-08-26,2011-10-07,2,263.21000000000004,131.60500000000002,1,42,105,131.60500000000002,0.999409071776537,3.830160537878996,246.05429809696247,942.4274627465005,257.1191695379685,3. Emerging Loyalists
12493,2011-05-26,2011-06-27,2,433.74,216.87,1,32,197,216.87,0.9984766376248047,2.502903053792904,297.97667213645286,745.8067226493747,203.4758246587963,3. Emerging Loyalists
12494,2010-12-09,2011-11-24,7,1246.1000000000001,178.01428571428573,6,350,365,178.01428571428573,0.9996924597812576,5.739984842079369,201.82310752037137,1158.4615779482863,316.05899725762634,3. Emerging Loyalists
12497,2011-09-19,2011-09-19,1,1043.1,1043.1,0,0,81,1043.1,1.0,2.0117853684252966,424.2789907588981,853.5582657390029,232.87329912850208,3. Emerging Loyalists
12498,2011-10-13,2011-11-18,2,403.7,201.85,1,36,57,201.85,0.9996372401122672,5.290948981782136,288.8301986939718,1528.185845687802,416.92956866709767,3. Emerging Loyalists
12500,2011-01-10,2011-11-16,10,4257.82,425.782,9,310,333,425.782,0.9995857695206132,8.91931230312323,425.6819003768816,3796.7898112483967,1035.8648084526367,1. VIP Champions
12501,2011-01-07,2011-01-07,1,2169.39,2169.39,0,0,336,2169.39,1.0,0.7449782413345166,424.2789907588981,316.0786163707475,86.23461705276851,3. Emerging Loyalists
12502,2011-02-03,2011-09-05,5,3723.87,744.774,4,214,309,744.774,0.9989945124648206,4.6563603396497575,700.439057746578,3261.496648832812,889.8226579209199,1. VIP Champions
12504,2011-11-09,2011-11-21,2,482.04999999999995,241.02499999999998,1,12,30,241.02499999999998,0.9996248623229826,6.734445823819639,312.68593085836557,2105.7664612362764,574.5088562849063,1. VIP Champions
12506,2011-04-21,2011-04-21,1,73.5,73.5,0,0,232,73.5,1.0,1.00241421018981,424.2789907588981,425.3032894217105,116.03400038788027,3. Emerging Loyalists
12507,2011-02-14,2011-07-28,3,1304.81,434.93666666666667,2,164,298,434.93666666666667,0.9990752491091962,2.808845313355218,432.346377991086,1214.3940975663654,331.31886983440313,3. Emerging Loyalists
12508,2011-11-10,2011-11-13,2,398.27,199.135,1,3,29,199.135,0.9995433532419947,6.802638512231268,287.1768914105939,1953.5605813325628,532.9830614766905,1. VIP Champions
12509,2011-02-28,2011-02-28,1,176.5,176.5,0,0,284,176.5,1.0,0.8547327473510455,424.2789907588981,362.64514741468184,98.93919991306345,3. Emerging Loyalists
12510,2011-01-18,2011-07-20,2,982.5699999999999,491.28499999999997,1,183,325,491.28499999999997,0.9994119534665673,1.6912758970594237,465.0824983493978,786.5828196025157,214.60062375477875,3. Emerging Loyalists
12512,2011-10-04,2011-10-04,1,138.03,138.03,0,0,66,138.03,1.0,2.2353845634956913,424.2789907588981,948.4267065579718,258.75592212385556,3. Emerging Loyalists
12513,2011-08-19,2011-08-19,1,612.29,612.29,0,0,112,612.29,1.0,1.6671478597205698,424.2789907588981,707.3358113681004,192.97994126084953,3. Emerging Loyalists
12514,2011-03-17,2011-03-17,1,1017.68,1017.68,0,0,267,1017.68,1.0,0.8979833991452656,424.2789907588981,380.99549030759806,103.9456594145866,3. Emerging Loyalists
12515,2010-12-21,2010-12-21,1,383.7,383.7,0,0,353,383.7,1.0,0.7149643715417047,424.2789907588981,303.3443619862843,82.7603752236134,3. Emerging Loyalists
12516,2011-06-12,2011-09-23,2,1312.06,656.03,1,103,180,656.03,0.9994890181331448,2.6765229975775906,565.4044535612179,1513.3180228893905,412.8732328726966,3. Emerging Loyalists
12517,2011-06-02,2011-11-11,4,2502.84,625.71,3,162,190,625.71,0.9996089087865767,5.3913485634073455,590.1949677702755,3181.9467916185195,868.1193502051253,1. VIP Champions
12518,2011-08-21,2011-12-09,5,2056.89,411.378,4,110,110,411.378,0.9997511669191614,9.841611591545881,413.16262897645004,4066.186118528201,1109.3632553278105,1. VIP Champions
12519,2011-10-07,2011-10-07,1,340.84,340.84,0,0,63,340.84,1.0,2.286204445354943,424.2789907588981,969.9885147437016,264.6385544044293,3. Emerging Loyalists
12520,2011-03-11,2011-09-21,5,2634.26,526.8520000000001,4,194,273,526.8520000000001,0.999116366761655,5.147189698206372,512.662797952088,2638.772672272642,719.9270659165085,1. VIP Champions
12521,2011-07-20,2011-07-20,1,599.68,599.68,0,0,142,599.68,1.0,1.4300668363440447,424.2789907588981,606.7473140418216,165.53673536972215,3. Emerging Loyalists
12522,2011-10-19,2011-10-31,2,192.72,96.36,1,12,51,96.36,0.9994669362643998,5.5546398077497035,224.59175106099414,1247.5262809356097,340.35820687584845,3. Emerging Loyalists
12523,2011-01-12,2011-11-20,11,1789.77,162.70636363636365,10,312,331,162.70636363636365,0.9996119643467468,9.876387156442613,178.49002112745083,1762.836552216326,480.94849551191146,3. Emerging Loyalists
12524,2011-01-10,2011-11-30,8,4485.719999999999,560.7149999999999,7,324,333,560.7149999999999,0.9997151711290428,7.104879757940091,549.2504246769676,3902.3582243273854,1064.666667241011,1. VIP Champions
12526,2011-09-06,2011-12-09,3,1316.6599999999999,438.8866666666666,2,94,94,438.8866666666666,0.999743827462111,6.329321709837526,435.3363525261616,2755.383827125317,751.7416770985769,1. VIP Champions
12527,2011-01-18,2011-09-19,3,348.71000000000004,116.23666666666668,2,244,325,116.23666666666668,0.9995091134801514,2.617477269577838,191.10463512308388,500.21203854563856,136.4710909091411,3. Emerging Loyalists
12528,2011-01-31,2011-11-30,6,1933.48,322.24666666666667,5,303,312,322.24666666666667,0.9997180235580578,5.580875476821282,333.8594791092117,1863.2281796649265,508.33799008682973,3. Emerging Loyalists
12530,2011-01-07,2011-10-11,4,1662.28,415.57,3,277,336,415.57,0.9995389300659844,3.4473637770954757,417.10551376547824,1437.914439381908,392.30113842722125,3. Emerging Loyalists
12531,2011-11-25,2011-11-25,1,125.22,125.22,0,0,14,125.22,1.0,3.6365543175428487,424.2789907588981,1542.9135956869932,420.94768889241357,3. Emerging Loyalists
12532,2011-11-09,2011-11-09,1,349.83000000000004,349.83000000000004,0,0,30,349.83000000000004,1.0,3.048586372942482,424.2789907588981,1293.451149553366,352.8877272335484,3. Emerging Loyalists
12534,2011-08-01,2011-08-01,1,1089.18,1089.18,0,0,130,1089.18,1.0,1.5163196831191623,424.2789907588981,643.3425848216503,175.52089436749282,3. Emerging Loyalists
12535,2011-06-06,2011-09-09,2,716.3499999999999,358.17499999999995,1,95,186,358.17499999999995,0.9994178219050579,2.6133497522085287,384.02476999196426,1003.5910375004371,273.80621248647793,3. Emerging Loyalists
12536,2011-10-11,2011-10-27,2,12601.830000000002,6300.915000000001,1,16,59,6300.915000000001,0.9994508017787711,5.2072802088116195,4002.873876887421,20844.085917484907,5686.818638819091,1. VIP Champions
12538,2011-11-10,2011-11-10,1,363.95,363.95,0,0,29,363.95,1.0,3.079707336540863,424.2789907588981,1306.6551205803314,356.490120201982,3. Emerging Loyalists
12539,2011-01-10,2011-11-17,4,5568.35,1392.0875,3,311,333,1392.0875,0.9996868965670772,3.473607118793061,1221.4496695717485,4242.836267471857,1157.5580940719874,1. VIP Champions
12540,2010-12-13,2011-11-20,17,13400.24,788.2494117647059,16,342,361,788.2494117647059,0.9995458578554347,14.277856749233944,774.2050638502046,11053.98899618474,3015.820933844509,1. VIP Champions
12541,2011-03-04,2011-11-10,3,981.18,327.06,2,251,280,327.06,0.9996726550287566,2.955497251369635,350.68853336775,1036.4589964552335,282.77346211037656,3. Emerging Loyalists
12544,2011-11-03,2011-11-03,1,372.7,372.7,0,0,36,372.7,1.0,2.874313809370485,424.2789907588981,1219.5109621640734,332.71488600329394,3. Emerging Loyalists
12545,2011-03-25,2011-09-25,2,1000.39,500.195,1,184,259,500.195,0.999582271704016,2.0319821178868036,470.5082692130799,956.0643893588485,260.839684255779,3. Emerging Loyalists
12546,2011-09-23,2011-10-24,2,1161.5,580.75,1,31,77,580.75,0.9994809956741697,4.565245452880814,519.5624748162131,2371.9302256422193,647.1253798587358,1. VIP Champions
12547,2011-03-04,2011-05-26,2,207.8,103.9,1,83,280,103.9,0.9988140966289414,1.9082319796119571,229.18325637100128,437.33481899875045,119.31652027976095,3. Emerging Loyalists
12548,2011-06-26,2011-06-26,1,95.19999999999999,95.19999999999999,0,0,166,95.19999999999999,1.0,1.2839921297256276,424.2789907588981,544.7708849423574,148.62792422945364,3. Emerging Loyalists
12550,2011-09-21,2011-09-21,1,964.83,964.83,0,0,79,964.83,1.0,2.0389791439572167,424.2789907588981,865.0960133766099,236.02110223079572,3. Emerging Loyalists
12551,2010-12-17,2010-12-17,1,168.0,168.0,0,0,357,168.0,1.0,0.7082504488827375,424.2789907588981,300.4957856565044,81.9832081638335,3. Emerging Loyalists
12552,2011-10-31,2011-11-01,2,437.82,218.91,1,1,39,218.91,0.9994258901366359,6.171801472451639,299.21893617258206,1846.7198708553549,503.8340862646476,3. Emerging Loyalists
12553,2011-01-14,2011-12-01,10,3692.2799999999997,369.22799999999995,9,321,329,369.22799999999995,0.9997165304002762,9.010141319054103,372.89436696294365,3359.830943415342,916.6508576069504,1. VIP Champions
12556,2011-07-11,2011-10-20,2,603.71,301.855,1,101,151,301.855,0.9995836250572739,3.029689498503871,349.7285393474549,1059.568882988082,289.07845116080813,3. Emerging Loyalists
12557,2010-12-03,2011-11-23,5,11990.960000000001,2398.192,4,355,371,2398.192,0.9997024651034824,4.003010856909449,2125.1352697714597,8506.939557296344,2320.918395042655,1. VIP Champions
12558,2011-12-02,2011-12-02,1,269.96,269.96,0,0,7,269.96,1.0,3.971679781989077,424.2789907588981,1685.100289519846,459.73998440883395,3. Emerging Loyalists
12559,2011-01-24,2011-02-02,2,561.71,280.855,1,9,319,280.855,0.9951478672097724,1.7101048060570347,336.9405272108303,576.203614938632,157.20360538522155,3. Emerging Loyalists
12560,2011-07-19,2011-12-04,3,2134.01,711.3366666666667,2,138,143,711.3366666666667,0.9997259505006539,4.866044209242731,641.5688998885312,3121.9026301328167,851.7377128408922,1. VIP Champions
12561,2011-02-10,2011-02-10,1,238.85,238.85,0,0,302,238.85,1.0,0.8132586789918548,424.2789907588981,345.0485715485788,94.13838801798259,3. Emerging Loyalists
12562,2011-05-25,2011-12-01,7,3781.74,540.2485714285714,6,190,198,540.2485714285714,0.9997022726077429,9.330802187093454,529.0366558574914,4936.3363855276875,1346.763291795477,1. VIP Champions
12564,2011-03-23,2011-03-23,1,456.9,456.9,0,0,261,456.9,1.0,0.9143123862312016,424.2789907588981,387.92353646853405,105.83581387828322,3. Emerging Loyalists
12565,2011-02-24,2011-02-24,1,145.92,145.92,0,0,288,145.92,1.0,0.8451548166695868,424.2789907588981,358.58143265159384,97.83051090894703,3. Emerging Loyalists
12566,2011-09-14,2011-09-14,1,351.65,351.65,0,0,86,351.65,1.0,1.9468720018935972,424.2789907588981,826.016888100171,225.35928194802776,3. Emerging Loyalists
12567,2010-12-05,2011-11-17,9,9401.28,1044.5866666666668,8,347,369,1044.5866666666668,0.9996291363404841,7.35340330930246,998.4941986958227,7342.33054500917,2003.182214898828,1. VIP Champions
12569,2011-04-01,2011-12-07,26,4124.6900000000005,158.6419230769231,25,250,252,158.6419230769231,0.9997752062151494,29.363748387173672,165.2943372555961,4853.661328997951,1324.2073469437846,1. VIP Champions
12571,2011-08-10,2011-10-31,2,519.61,259.805,1,82,121,259.805,0.9996044367866457,3.5082371765013756,324.1220674262613,1137.0970866692955,310.23019825462774,3. Emerging Loyalists
12572,2011-10-19,2011-12-01,2,1020.4200000000001,510.21000000000004,1,43,51,510.21000000000004,0.9997050705549726,5.555963263445947,476.6069330963321,2648.0106113868615,722.447420349271,1. VIP Champions
12573,2011-04-26,2011-04-26,1,160.54000000000002,160.54000000000002,0,0,227,160.54000000000002,1.0,1.0193492138630664,424.2789907588981,432.48845568869797,117.99430402565424,3. Emerging Loyalists
12574,2011-01-28,2011-01-28,1,218.45,218.45,0,0,315,218.45,1.0,0.7857235623848103,424.2789907588981,333.36600006411345,90.95107313498913,3. Emerging Loyalists
12576,2011-02-08,2011-11-04,5,1315.83,263.166,4,269,304,263.166,0.9995996832092496,4.721643402542763,285.4531961671836,1347.8082004175276,367.7177702121301,3. Emerging Loyalists
12577,2010-12-15,2011-11-04,2,657.8,328.9,1,324,359,328.9,0.9996961577075747,1.5573521530478218,366.1976721205507,570.29873311804,155.59259724937434,3. Emerging Loyalists
12578,2011-01-13,2011-11-18,2,2794.51,1397.255,1,309,330,1397.255,0.9997130098477275,1.6705828829693417,1016.7756105121504,1698.6079307423006,463.4252266484997,3. Emerging Loyalists
12579,2011-09-22,2011-09-22,1,440.42,440.42,0,0,78,440.42,1.0,2.0528535961652343,424.2789907588981,870.9826519567602,237.62713312752643,3. Emerging Loyalists
12580,2011-04-07,2011-04-07,1,415.7,415.7,0,0,246,415.7,1.0,0.957856703872831,424.2789907588981,406.39847561080944,110.87626653623394,3. Emerging Loyalists
12581,2011-10-31,2011-10-31,1,197.71,197.71,0,0,39,197.71,1.0,2.79444162499314,424.2789907588981,1185.6228723867446,323.4693176755397,3. Emerging Loyalists
12582,2011-02-24,2011-04-15,2,511.36,255.68,1,50,288,255.68,0.9980683924671592,1.8640728604203134,321.6101364708529,599.5047270313902,163.56076583250004,3. Emerging Loyalists
12583,2010-12-01,2011-12-07,15,7281.38,485.42533333333336,14,371,373,485.42533333333336,0.9997672099431637,12.241911441050222,482.7436313829156,5909.704784120646,1612.3239680212748,1. VIP Champions
12584,2011-03-04,2011-12-06,9,2338.15,259.7944444444445,8,277,280,259.7944444444445,0.9997460203686621,9.229924567689846,272.01660286218817,2510.6927255772425,684.9834645991023,1. VIP Champions
12585,2010-12-23,2011-04-19,2,2040.1,1020.05,1,117,351,1020.05,0.9988497098296281,1.5856751446409,787.0755096552223,1248.0460726158547,340.5000198115282,3. Emerging Loyalists
12586,2011-11-22,2011-11-22,1,196.94000000000003,196.94000000000003,0,0,17,196.94000000000003,1.0,3.5096376394074467,424.2789907588981,1489.0655155772329,406.2565066143778,3. Emerging Loyalists
12587,2011-12-02,2011-12-02,1,144.0,144.0,0,0,7,144.0,1.0,3.971679781989077,424.2789907588981,1685.100289519846,459.73998440883395,3. Emerging Loyalists
12588,2011-10-31,2011-10-31,1,214.89999999999998,214.89999999999998,0,0,39,214.89999999999998,1.0,2.79444162499314,424.2789907588981,1185.6228723867446,323.4693176755397,3. Emerging Loyalists
12589,2011-07-18,2011-11-11,2,646.6800000000001,323.34000000000003,1,116,144,323.34000000000003,0.9996636639893961,3.1295263777568927,362.81189366913964,1135.4293914015016,309.7752068210717,3. Emerging Loyalists
12590,2011-05-12,2011-05-12,1,9864.26,9864.26,0,0,211,9864.26,1.0,1.0776062180448671,424.2789907588981,457.2056786275893,124.73781701371118,3. Emerging Loyalists
12591,2011-01-26,2011-01-26,1,452.84999999999997,452.84999999999997,0,0,317,452.84999999999997,1.0,0.7816520260526028,424.2789907588981,331.6385327382462,90.47977430108574,3. Emerging Loyalists
12592,2011-05-10,2011-09-08,2,437.6,218.8,1,121,213,218.8,0.9994652336397902,2.3632113594558923,299.1519513471045,706.9592896268738,192.87721615865965,3. Emerging Loyalists
12593,2011-05-05,2011-08-23,3,418.1,139.36666666666667,2,110,218,139.36666666666667,0.9990275930101199,3.5917385497232943,208.61301765379264,749.2834174812332,204.4243590800018,3. Emerging Loyalists
12594,2011-01-21,2011-11-02,9,3338.2200000000003,370.91333333333336,8,285,322,370.91333333333336,0.9994341776091243,8.235801810845068,374.87871204966495,3087.4267755458973,842.3317867076839,1. VIP Champions
12596,2011-04-11,2011-10-19,2,618.27,309.135,1,191,242,309.135,0.9996393859107437,2.1431921005751358,354.16171688815143,759.0365939608138,207.08528391073494,3. Emerging Loyalists
12597,2011-03-16,2011-11-20,4,3811.22,952.805,3,249,268,952.805,0.9996847910228842,4.143662976774191,859.618661296968,3561.9700209604393,971.7997510805127,1. VIP Champions
12598,2011-02-28,2011-11-30,7,3023.08,431.86857142857144,6,275,284,431.86857142857144,0.9997114658491968,7.057378066076704,431.1348123065775,3042.6813678945364,830.1240545365233,1. VIP Champions
12599,2011-02-08,2011-11-10,7,1032.58,147.51142857142855,6,275,304,147.51142857142855,0.9995797134195498,6.678044813110049,174.26926042814142,1163.7779306866742,317.5094390742109,3. Emerging Loyalists
12600,2010-12-03,2011-11-11,10,2599.04,259.904,9,343,371,259.904,0.9995570023858142,8.148702199499299,270.8512877299037,2207.0864840618838,602.1516417047701,1. VIP Champions
12601,2011-01-11,2011-06-03,5,577.06,115.41199999999999,4,143,332,115.41199999999999,0.9946309866138622,4.370088234979512,158.13840697804667,691.0787918331638,188.54459580752015,3. Emerging Loyalists
12602,2011-10-12,2011-10-12,1,153.12,153.12,0,0,58,153.12,1.0,2.3762413814651504,424.2789907588981,1008.1892951275638,275.06073893985916,3. Emerging Loyalists
12603,2011-11-18,2011-11-18,1,739.1999999999999,739.1999999999999,0,0,21,739.1999999999999,1.0,3.353583092953767,424.2789907588981,1422.8548501045282,388.1924836589292,3. Emerging Loyalists
12604,2011-03-23,2011-09-21,2,254.18,127.09,1,182,261,127.09,0.999571442852613,2.0196436741844854,243.30487548758816,491.3891526767513,134.06397399329336,3. Emerging Loyalists
12607,2011-10-10,2011-10-10,1,1579.51,1579.51,0,0,60,1579.51,1.0,2.339388789492559,424.2789907588981,992.5535145985832,270.7948839392279,3. Emerging Loyalists
12609,2011-01-25,2011-09-22,3,1126.85,375.6166666666666,2,240,318,375.6166666666666,0.9995160870683591,2.6648453975065856,387.44377307445626,1032.4777554700506,281.68727413697275,3. Emerging Loyalists
12610,2011-08-05,2011-11-17,5,2099.54,419.908,4,104,126,419.908,0.9995565917900578,9.032167758523492,420.51265098454013,3798.1408082738053,1036.2333962187538,1. VIP Champions
12611,2011-10-18,2011-10-18,1,1193.32,1193.32,0,0,52,1193.32,1.0,2.4941112247051773,424.2789907588981,1058.198993258352,288.7047089646286,3. Emerging Loyalists
12612,2011-09-26,2011-09-26,1,704.0400000000001,704.0400000000001,0,0,74,704.0400000000001,1.0,2.110292440898814,424.2789907588981,895.3527470306805,244.27594044125516,3. Emerging Loyalists
12613,2011-03-22,2011-10-13,3,3344.38,1114.7933333333333,2,205,262,1114.7933333333333,0.9995630011356657,3.115897123983516,946.9676744049455,2950.653853183728,805.0165114178961,1. VIP Champions
12614,2011-03-07,2011-03-07,1,315.6,315.6,0,0,277,315.6,1.0,0.8720270650055437,424.2789907588981,369.9827630549961,100.94109577709972,3. Emerging Loyalists
12615,2011-06-24,2011-12-07,4,2291.19,572.7975,3,166,168,572.7975,0.9997392304988338,5.892665498526331,546.6116626640186,3220.999685672376,878.7740139157083,1. VIP Champions
12616,2011-02-15,2011-09-05,2,713.3,356.65,1,202,297,356.65,0.9995498906146131,1.8209288170551436,383.09611672966184,697.5907586549623,190.3212328087384,3. Emerging Loyalists
12617,2011-11-10,2011-11-10,1,355.53,355.53,0,0,29,355.53,1.0,3.079707336540863,424.2789907588981,1306.6551205803314,356.490120201982,3. Emerging Loyalists
12618,2011-11-18,2011-11-18,1,177.31,177.31,0,0,21,177.31,1.0,3.353583092953767,424.2789907588981,1422.8548501045282,388.1924836589292,3. Emerging Loyalists
12619,2011-03-31,2011-11-23,9,3641.24,404.5822222222222,8,237,253,404.5822222222222,0.9996309822085946,10.002809159599115,406.04580667903,4061.598714265813,1108.1116899597525,1. VIP Champions
12620,2011-05-19,2011-11-25,3,1339.4099999999999,446.46999999999997,2,190,204,446.46999999999997,0.9997027325227761,3.7785095452065973,441.07659899645455,1666.6121394753661,454.695927466906,3. Emerging Loyalists
12621,2010-12-09,2011-12-08,17,13689.67,805.2747058823529,16,364,365,805.2747058823529,0.9997792646491861,14.149554574996278,790.5734113036858,11186.261628782482,3051.90841090828,1. VIP Champions
12622,2011-04-21,2011-04-21,1,180.1,180.1,0,0,232,180.1,1.0,1.00241421018981,424.2789907588981,425.3032894217105,116.03400038788027,3. Emerging Loyalists
12623,2011-03-08,2011-03-08,1,305.1,305.1,0,0,276,305.1,1.0,0.8745549782454213,424.2789907588981,371.0553035331374,101.23371322293673,3. Emerging Loyalists
12624,2011-06-15,2011-08-25,2,641.13,320.565,1,71,177,320.565,0.9992721692080789,2.7085811485248636,361.12204920822853,978.128374802076,266.85932379103565,3. Emerging Loyalists
12625,2011-01-24,2011-05-12,2,2683.8199999999997,1341.9099999999999,1,108,319,1341.9099999999999,0.9989102815512235,1.716570300341551,983.0731090025555,1687.5141019782188,460.3985363709219,3. Emerging Loyalists
12626,2011-01-17,2011-11-16,9,6620.48,735.6088888888888,8,303,326,735.6088888888888,0.9996003953170793,8.153748521313906,712.4752667925203,5809.344153082243,1584.9429300879165,1. VIP Champions
12627,2011-07-22,2011-11-29,7,4478.53,639.79,6,130,140,639.79,0.9996619457089501,11.920235461477496,618.9544392754142,7378.082656089712,2012.936337601777,1. VIP Champions
12628,2011-10-06,2011-12-05,3,786.46,262.15333333333336,2,60,64,262.15333333333336,0.9997207330546499,7.757246578818055,301.55706995256605,2339.25254920794,638.2100443455639,1. VIP Champions
12630,2011-10-27,2011-11-30,2,1270.88,635.44,1,34,43,635.44,0.9996970000603023,5.952914154935569,552.866112137737,3291.1645047289303,897.9168346841388,1. VIP Champions
12631,2011-10-13,2011-10-13,1,640.5,640.5,0,0,57,640.5,1.0,2.3951065407050205,424.2789907588981,1016.1933858503618,277.2444668562282,3. Emerging Loyalists
12633,2011-02-25,2011-10-12,4,2163.98,540.995,3,229,287,540.995,0.9995015262250965,3.9217680293809374,520.4163768498586,2040.952308696037,556.8258390403885,1. VIP Champions
12635,2011-07-08,2011-09-11,2,1689.1799999999998,844.5899999999999,1,65,154,844.5899999999999,0.999340920155438,2.988198166542129,680.2286234889292,2032.6579255390945,554.5629116603568,1. VIP Champions
12637,2011-01-20,2011-10-03,7,6021.900000000001,860.2714285714286,6,256,323,860.2714285714286,0.9991307798412791,6.3514765496203545,818.1197679881105,5196.268521157329,1417.679662010912,1. VIP Champions
12638,2011-11-06,2011-11-06,1,671.69,671.69,0,0,33,671.69,1.0,2.958886235150211,424.2789907588981,1255.3932656199272,342.5045286340289,3. Emerging Loyalists
12639,2011-04-15,2011-04-15,1,486.1,486.1,0,0,238,486.1,1.0,0.9828204524325214,424.2789907588981,416.99006965527377,113.76593388194082,3. Emerging Loyalists
12640,2011-09-19,2011-11-16,3,1174.5800000000002,391.5266666666667,2,58,81,391.5266666666667,0.9995899380343528,6.876953246948062,399.48693632839394,2747.2529838968826,749.5233677419651,1. VIP Champions
12641,2011-08-16,2011-08-16,1,185.9,185.9,0,0,115,185.9,1.0,1.6399600804993273,424.2789907588981,695.8006078391359,189.83283225876752,3. Emerging Loyalists
12642,2011-08-24,2011-11-14,3,1013.26,337.75333333333333,2,82,107,337.75333333333333,0.9996050110265161,5.860892824296563,358.7829116871784,2102.7881925876113,573.6963057259762,1. VIP Champions
12643,2011-01-11,2011-08-03,5,3344.6400000000003,668.9280000000001,4,204,332,668.9280000000001,0.9984101050147387,4.3866924641705705,635.0850402523697,2785.9227601825337,760.07350677952,1. VIP Champions
12644,2011-08-02,2011-08-02,1,477.91,477.91,0,0,129,477.91,1.0,1.5239794396280912,424.2789907588981,646.5924585827177,176.40754599382984,3. Emerging Loyalists
12645,2011-01-27,2011-11-06,4,1775.18,443.795,3,283,316,443.795,0.9996443133903025,3.626848910258022,440.35406158733707,1597.0976483957274,435.7305333927958,3. Emerging Loyalists
12646,2011-10-21,2011-12-05,2,1346.9699999999998,673.4849999999999,1,45,49,673.4849999999999,0.9997230867549461,5.650266485192932,576.0337274585884,3254.744064600022,887.980374117867,1. VIP Champions
12647,2010-12-05,2011-11-17,11,3722.8199999999997,338.4381818181818,10,347,369,338.4381818181818,0.9995997301539321,9.019341542407874,343.6179360683904,3099.2075254980864,845.5458872766698,1. VIP Champions
12648,2011-07-08,2011-07-08,1,318.05,318.05,0,0,154,318.05,1.0,1.3530985036087413,424.2789907588981,574.091267508492,156.62730106634012,3. Emerging Loyalists
12649,2011-05-11,2011-08-24,2,623.51,311.755,1,105,212,311.755,0.9993761153813201,2.3714111159956452,355.75717364043504,843.6465161661206,230.16911135852692,3. Emerging Loyalists
12650,2011-12-06,2011-12-06,1,314.44,314.44,0,0,3,314.44,1.0,4.192453598833141,424.2789907588981,1778.7699817164353,485.295557034313,3. Emerging Loyalists
12651,2011-01-09,2011-01-09,1,114.0,114.0,0,0,334,114.0,1.0,0.7486757776696745,424.2789907588981,317.6474033553227,86.66262368733796,3. Emerging Loyalists
12652,2011-01-12,2011-01-12,1,919.98,919.98,0,0,331,919.98,1.0,0.7542914180416213,424.2789907588981,320.03000158479716,87.31265958115603,3. Emerging Loyalists
12653,2011-02-16,2011-07-14,2,2209.85,1104.925,1,148,296,1104.925,0.999328015894267,1.825512912585659,838.7603920407468,1531.167926235793,417.743159213112,3. Emerging Loyalists
12654,2011-02-17,2011-11-29,4,601.98,150.495,3,285,295,150.495,0.9997191584902023,3.836400835098491,198.7668489690491,762.5493053747556,208.04364460933675,3. Emerging Loyalists
12656,2011-04-20,2011-11-22,5,4051.17,810.234,4,216,233,810.234,0.999670893978191,5.832263886320885,756.8437987371495,4414.11275496059,1204.2868556640387,1. VIP Champions
12657,2011-09-22,2011-11-28,3,1643.18,547.7266666666667,2,67,78,547.7266666666667,0.9996808398264222,7.01797629442604,517.7233976901194,3633.3705320589634,991.2797013620308,1. VIP Champions
12658,2011-11-21,2011-11-21,1,686.05,686.05,0,0,18,686.05,1.0,3.4692780746188276,424.2789907588981,1471.9418001612494,401.58470357254896,3. Emerging Loyalists
12659,2011-11-10,2011-11-10,1,91.68,91.68,0,0,29,91.68,1.0,3.079707336540863,424.2789907588981,1306.6551205803314,356.490120201982,3. Emerging Loyalists
12660,2011-11-28,2011-11-28,1,245.1,245.1,0,0,11,245.1,1.0,3.772994597165539,424.2789907588981,1600.80233982417,436.74127132343676,3. Emerging Loyalists
12662,2010-12-01,2011-12-09,10,3849.78,384.978,9,373,373,384.978,0.9997677986022444,8.11353754470176,387.59542526597306,3144.7700350501177,857.9765464851176,1. VIP Champions
12664,2011-01-21,2011-12-01,9,4881.88,542.4311111111111,8,314,322,542.4311111111111,0.999717549790504,8.238136929231887,533.6517214073502,4396.2959534740585,1199.4259603876117,1. VIP Champions
12665,2011-01-19,2011-01-19,1,63.0,63.0,0,0,324,63.0,1.0,0.7677280272438921,424.2789907588981,325.73087257635837,88.86800816015598,3. Emerging Loyalists
12667,2011-10-12,2011-10-12,1,620.13,620.13,0,0,58,620.13,1.0,2.3762413814651504,424.2789907588981,1008.1892951275638,275.06073893985916,3. Emerging Loyalists
12668,2010-12-19,2011-11-28,4,3807.1499999999996,951.7874999999999,3,344,355,951.7874999999999,0.9997208419736962,3.293467294381085,858.7805604144614,2828.365688775288,771.6530616884199,1. VIP Champions
12669,2011-03-28,2011-07-12,3,2744.0299999999997,914.6766666666666,2,106,256,914.6766666666666,0.9985275622909383,3.1701412636678614,795.4882472207544,2521.8101172773345,688.0165834696257,1. VIP Champions
12670,2011-04-21,2011-11-29,5,2996.0499999999997,599.2099999999999,4,222,232,599.2099999999999,0.9997070989416573,5.851854729872847,575.011319928803,3364.8827122557946,918.0291139293729,1. VIP Champions
12672,2011-01-14,2011-01-14,1,225.89999999999998,225.89999999999998,0,0,329,225.89999999999998,1.0,0.758082215269023,424.2789907588981,321.6383572066108,87.7514615878349,3. Emerging Loyalists
12673,2011-01-17,2011-12-04,2,610.52,305.26,1,321,326,305.26,0.9997338730727848,1.6875371401067794,351.8020241724647,593.6789817557772,161.97134824184536,3. Emerging Loyalists
12674,2011-05-16,2011-11-01,4,1970.6,492.65,3,169,207,492.65,0.9995550622527066,5.0589511859255545,480.59525924320627,2431.3079566986175,663.325197353206,1. VIP Champions
12676,2011-02-01,2011-11-15,6,1331.39,221.89833333333334,5,287,311,221.89833333333334,0.9996412543383872,5.5951338779792374,244.93229475285045,1370.4289801828697,373.8893179836858,3. Emerging Loyalists
12678,2010-12-21,2011-10-28,9,17628.46,1958.7177777777777,8,311,353,1958.7177777777777,0.9994064505615365,7.630532032668316,1844.7000517511337,14076.042835551925,3840.317252333192,1. VIP Champions
12679,2011-03-01,2011-10-12,4,1113.02,278.255,3,225,283,278.255,0.9994972859804923,3.9663219078676666,304.0010197297462,1205.765904568203,328.9648702896153,3. Emerging Loyalists
12680,2011-08-18,2011-12-09,4,862.81,215.7025,3,113,113,215.7025,0.9997475505243297,7.673878687947634,252.4773780069182,1937.4807702761884,528.5960631892111,3. Emerging Loyalists
12681,2010-12-07,2011-11-25,20,13787.539999999999,689.377,19,353,367,689.377,0.9996088501470087,16.592961705455412,680.7101273443534,11294.997075540532,3081.57432035482,1. VIP Champions
12682,2010-12-03,2011-12-06,27,12288.22,455.11925925925925,26,368,371,455.11925925925925,0.9997726839343384,22.250833320929758,454.3759082610632,10110.242599762989,2758.3419242714594,1. VIP Champions
12683,2010-12-09,2011-12-05,11,8476.57,770.5972727272728,10,361,365,770.5972727272728,0.999746704289128,9.103815283785467,749.6999441129273,6825.129809468378,1862.0761575486663,1. VIP Champions
12684,2011-05-10,2011-12-02,7,2283.63,326.23285714285714,6,206,213,326.23285714285714,0.9997128208948413,8.83450441398586,335.7119374829103,2965.848593520516,809.1620389743132,1. VIP Champions
12685,2011-09-07,2011-11-11,6,2863.08,477.18,5,65,93,477.18,0.999259006021708,13.12126303950705,471.1590698309866,6182.202088701846,1686.6684490819878,1. VIP Champions
12686,2010-12-03,2010-12-03,1,89.14,89.14,0,0,371,89.14,1.0,0.6857131202602135,424.2789907588981,290.9336706141383,79.3744099529297,3. Emerging Loyalists
12688,2011-08-18,2011-08-18,1,4873.8099999999995,4873.8099999999995,0,0,113,4873.8099999999995,1.0,1.6579856554109837,424.2789907588981,703.4484805705024,191.91937447358197,3. Emerging Loyalists
12689,2011-08-04,2011-11-14,2,1247.61,623.805,1,102,127,623.805,0.999666406356482,3.401030660795449,545.780944461088,1856.2177261900583,506.42535272555244,3. Emerging Loyalists
12690,2011-05-18,2011-05-18,1,389.01,389.01,0,0,205,389.01,1.0,1.1012069441294743,424.2789907588981,467.2189708719436,127.4697083135532,3. Emerging Loyalists
12691,2010-12-17,2011-11-11,6,1035.8,172.63333333333333,5,329,357,172.63333333333333,0.999635469794384,4.990877818336785,201.27439240619657,1004.5359004593004,274.0639961238542,3. Emerging Loyalists
12693,2011-01-24,2011-08-04,4,855.9100000000001,213.97750000000002,3,192,319,213.97750000000002,0.9988498215194139,3.59594308148263,251.05651901691976,902.784952620005,246.3036429483462,3. Emerging Loyalists
12694,2011-06-09,2011-09-30,2,869.6700000000001,434.83500000000004,1,113,183,434.83500000000004,0.9995289297903599,2.644760082208251,430.70710382023304,1139.1169553072773,310.78127190995195,3. Emerging Loyalists
12695,2011-05-13,2011-12-02,4,582.1,145.525,3,203,210,145.525,0.9997217747775359,5.005380607676625,194.67312770511154,974.4130982509205,265.84569795859966,3. Emerging Loyalists
12697,2011-06-23,2011-11-11,3,957.5899999999999,319.19666666666666,2,141,169,319.19666666666666,0.9996351139274409,4.333974696493127,344.73633933547706,1494.0785716416258,407.6242010662857,3. Emerging Loyalists
12700,2011-05-08,2011-12-02,4,4939.99,1234.9975,3,208,215,1234.9975,0.999722256631075,4.917247434688736,1092.0567775492223,5369.913387938361,1465.0545801941691,1. VIP Champions
12701,2011-04-11,2011-09-21,2,797.71,398.855,1,163,242,398.855,0.9995559741235327,2.143013268602361,408.79697635948287,876.0573445028975,239.0116436439335,3. Emerging Loyalists
12702,2011-11-20,2011-11-20,1,219.0,219.0,0,0,19,219.0,1.0,3.4298361975782448,424.2789907588981,1455.2074403768343,397.01912705806683,3. Emerging Loyalists
12703,2011-09-29,2011-09-29,1,283.55,283.55,0,0,71,283.55,1.0,2.1555261582051517,424.2789907588981,914.5444629576866,249.51194878801928,3. Emerging Loyalists
12704,2011-06-23,2011-12-02,7,2340.84,334.4057142857143,6,162,169,334.4057142857143,0.9997034227588041,10.467955396610778,343.09464445249847,3591.4994349447875,979.8561572239327,1. VIP Champions
12705,2010-12-17,2011-11-24,8,6868.29,858.53625,7,342,357,858.53625,0.9996841695308886,6.704358641241752,822.0460661707382,5511.291647230578,1503.6263133586517,1. VIP Champions
12707,2011-02-21,2011-02-21,1,603.42,603.42,0,0,291,603.42,1.0,0.8381110626253543,424.2789907588981,355.59291579455294,97.0151643673753,3. Emerging Loyalists
12708,2010-12-06,2011-11-10,10,2712.91,271.291,9,339,368,271.291,0.9995441354891675,8.204542548154338,281.4799195328621,2309.4139762584264,630.0692914491888,1. VIP Champions
12709,2010-12-08,2011-11-24,15,9736.52,649.1013333333334,14,351,366,649.1013333333334,0.9996338331625925,12.43726672112061,639.2412748376988,7950.414234305625,2169.083548828381,1. VIP Champions
12710,2011-05-22,2011-09-04,3,1149.02,383.00666666666666,2,105,201,383.00666666666666,0.9991134462526267,3.8182472840935042,393.0376747995725,1500.7150343498938,409.43480384227735,3. Emerging Loyalists
12712,2010-12-03,2011-11-11,13,4396.13,338.1638461538462,12,343,371,338.1638461538462,0.9994812444947679,10.635660328944843,342.53809423245997,3643.1188199805447,993.9392924646813,1. VIP Champions
12713,2011-12-09,2011-12-09,1,848.55,848.55,0,0,0,848.55,1.0,4.3748418947580205,424.2789907588981,1856.1535038376785,506.407831167064,3. Emerging Loyalists
12714,2011-02-18,2011-11-30,5,4708.86,941.7719999999999,4,285,294,941.7719999999999,0.999719116869854,4.852310517683758,870.1857911052796,4222.4116665191095,1151.9857220404992,1. VIP Champions
12715,2011-08-25,2011-08-25,1,353.86,353.86,0,0,106,353.86,1.0,1.7243205267196806,424.2789907588981,731.5929728214777,199.59793729214562,3. Emerging Loyalists
12716,2011-07-29,2011-12-06,2,1053.49,526.745,1,130,133,526.745,0.9997327893341041,3.300208702966354,486.6759702715268,1606.1322726146873,438.19541813787396,3. Emerging Loyalists
12717,2011-04-08,2011-07-11,2,1030.98,515.49,1,94,245,515.49,0.9991391823132677,2.1216509137144652,479.8222047192549,1018.0152190630963,277.7415112031002,3. Emerging Loyalists
12718,2011-09-29,2011-09-29,1,238.25,238.25,0,0,71,238.25,1.0,2.1555261582051517,424.2789907588981,914.5444629576866,249.51194878801928,3. Emerging Loyalists
12719,2011-10-05,2011-12-04,2,644.95,322.475,1,60,65,322.475,0.9997212904978848,4.97539365103375,362.2851493597025,1802.5112319880775,491.7727988326876,3. Emerging Loyalists
12720,2010-12-05,2011-12-07,21,5781.7300000000005,275.3204761904762,20,367,369,275.3204761904762,0.9997773233687922,17.353196783205515,279.9544693609683,4858.104997158762,1325.4196972968614,1. VIP Champions
12721,2010-12-20,2011-11-08,6,2656.13,442.68833333333333,5,323,354,442.68833333333333,0.9996178069407639,5.026188714076233,440.59307338103895,2214.50393292794,604.1753181869607,1. VIP Champions
12722,2011-07-12,2011-09-15,4,997.63,249.4075,3,65,150,249.4075,0.9983476091812576,6.3682074971750735,280.2397271419315,1784.624731391545,486.89288779325534,3. Emerging Loyalists
12723,2011-10-05,2011-12-06,3,725.0699999999999,241.68999999999997,2,62,65,241.68999999999997,0.9997268957108411,7.699386532337998,286.067235631191,2202.5422213619527,600.9118464974408,1. VIP Champions
12724,2011-01-11,2011-12-04,4,1031.41,257.8525,3,327,332,257.8525,0.9997351361275543,3.482438396773451,287.1957585451413,1000.141536948077,272.86509738488826,3. Emerging Loyalists
12725,2010-12-03,2010-12-03,1,427.8,427.8,0,0,371,427.8,1.0,0.6857131202602135,424.2789907588981,290.9336706141383,79.3744099529297,3. Emerging Loyalists
12726,2010-12-17,2011-11-11,7,2609.1,372.7285714285714,6,329,357,372.7285714285714,0.999615264629683,5.847336736089537,377.7124555285644,2208.6119168907603,602.5678201775446,1. VIP Champions
12727,2011-01-23,2011-11-29,6,3980.7,663.4499999999999,5,310,320,663.4499999999999,0.9997144903213732,5.4660703463149725,636.2287434351927,3477.6710679643434,948.8007642681912,1. VIP Champions
12728,2011-01-11,2011-09-29,4,836.3299999999999,209.08249999999998,3,261,332,209.08249999999998,0.9994679765375799,3.481507783473416,247.02457423080818,860.0179778937653,234.6356796727261,3. Emerging Loyalists
12729,2011-08-18,2011-08-18,1,453.01,453.01,0,0,113,453.01,1.0,1.6579856554109837,424.2789907588981,703.4484805705024,191.91937447358197,3. Emerging Loyalists
12731,2010-12-10,2011-11-16,11,18895.91,1717.81,10,341,364,1717.81,0.9995863099718593,9.123378296372495,1639.7565330582365,14960.119165038523,4081.516687442304,1. VIP Champions
12732,2011-06-13,2011-06-13,1,236.26000000000002,236.26000000000002,0,0,179,236.26000000000002,1.0,1.2166750305337293,424.2789907588981,516.2096540364022,140.83566406958954,3. Emerging Loyalists
12733,2011-04-19,2011-04-19,1,383.95,383.95,0,0,234,383.95,1.0,0.9957967248515837,424.2789907588981,422.49562942104603,115.26799638624392,3. Emerging Loyalists
12734,2010-12-22,2010-12-22,1,110.39999999999999,110.39999999999999,0,0,352,110.39999999999999,1.0,0.7166627885856736,424.2789907588981,304.0649646555871,82.95697471505652,3. Emerging Loyalists
12735,2011-01-06,2011-01-28,2,779.5699999999999,389.78499999999997,1,22,337,389.78499999999997,0.9960193963178186,1.6357110088617521,403.2737730223788,659.6393501179205,179.96708351707545,3. Emerging Loyalists
12736,2011-01-11,2011-01-11,1,234.0,234.0,0,0,332,234.0,1.0,0.752410200908424,424.2789907588981,319.2318406781259,87.09490014863384,3. Emerging Loyalists
12738,2010-12-02,2010-12-02,1,155.35,155.35,0,0,372,155.35,1.0,0.6841580715470145,424.2789907588981,290.27389611552127,79.194405997323,3. Emerging Loyalists
12739,2011-09-01,2011-09-22,2,1013.04,506.52,1,21,99,506.52,0.9991871225819604,3.9661041808838435,474.3598966780395,1881.3607694584005,513.2850407762097,3. Emerging Loyalists
12740,2011-10-07,2011-10-07,1,427.6,427.6,0,0,63,427.6,1.0,2.286204445354943,424.2789907588981,969.9885147437016,264.6385544044293,3. Emerging Loyalists
12743,2011-07-28,2011-07-28,1,546.43,546.43,0,0,134,546.43,1.0,1.4864354644020528,424.2789907588981,630.6633386647369,172.0616602395608,3. Emerging Loyalists
12744,2011-01-25,2011-10-19,6,21279.29,3546.5483333333336,5,267,318,3546.5483333333336,0.9994412474244431,5.492820033244691,3191.1871417396114,17528.616661980202,4782.270824476229,1. VIP Champions
12747,2010-12-05,2011-12-07,11,4196.01,381.4554545454546,10,367,369,381.4554545454546,0.9997592236875141,9.020780645090465,384.03948650469744,3464.3359668120556,945.1625955289348,1. VIP Champions
12748,2010-12-01,2011-12-09,113,33719.73,298.40469026548675,112,373,373,298.40469026548675,0.9999023082185482,93.17072187655826,299.12228847748304,27869.4395468152,7603.52115682481,1. VIP Champions
12749,2011-05-10,2011-12-06,4,4090.88,1022.72,3,210,213,1022.72,0.9997370056773041,4.9521996290891845,917.2066939263837,4542.1906494603545,1239.2298970881288,1. VIP Champions
12750,2011-08-03,2011-08-03,1,275.88,275.88,0,0,128,275.88,1.0,1.5317169762500076,424.2789907588981,649.8753328116243,177.30320102172362,3. Emerging Loyalists
12752,2011-09-19,2011-09-19,1,4366.78,4366.78,0,0,81,4366.78,1.0,2.0117853684252966,424.2789907588981,853.5582657390029,232.87329912850208,3. Emerging Loyalists
12753,2010-12-12,2011-11-17,6,21429.39,3571.565,5,340,362,3571.565,0.9996671239756063,4.933129735725584,3213.3565356373506,15851.90467744076,4324.819391808138,1. VIP Champions
12754,2011-02-04,2011-04-18,3,3010.74,1003.5799999999999,2,73,308,1003.5799999999999,0.995966246278046,2.72582316443747,862.7841213346805,2351.796943842901,641.6324874071211,1. VIP Champions
12755,2010-12-09,2011-03-04,2,3811.95,1905.975,1,85,365,1905.975,0.9982766667998639,1.5336391723818863,1326.562159757087,2034.4676928029867,555.0566640968498,1. VIP Champions
12756,2011-09-14,2011-09-14,1,112.07999999999998,112.07999999999998,0,0,86,112.07999999999998,1.0,1.9468720018935972,424.2789907588981,826.016888100171,225.35928194802776,3. Emerging Loyalists
12757,2011-05-12,2011-11-24,9,7857.1,873.0111111111112,8,196,211,873.0111111111112,0.9996174055533391,11.503292673611831,839.6677047852785,9658.943356724956,2635.2155393029166,1. VIP Champions
12758,2011-03-08,2011-08-15,2,2791.59,1395.795,1,160,276,1395.795,0.9994504586496097,1.931588887340574,1015.8865391921755,1962.2751499024807,535.360626564882,1. VIP Champions
12759,2011-03-09,2011-10-18,3,1531.44,510.48,2,223,275,510.48,0.9995929260434668,2.9982210066636714,489.52932557625,1467.7171073206125,400.4320954857983,3. Emerging Loyalists
12762,2011-11-14,2011-12-02,2,1898.52,949.26,1,18,25,949.26,0.9997005095349777,7.093353123150872,743.9677296956196,5277.225818959887,1439.7669567915298,1. VIP Champions
12763,2010-12-05,2011-07-24,2,494.08,247.04,1,231,369,247.04,0.9994810767962615,1.5214654517415578,316.3487829060702,481.3137438920761,131.3151356562594,3. Emerging Loyalists
12764,2011-01-27,2011-01-27,1,1693.88,1693.88,0,0,316,1693.88,1.0,0.7836825059495045,424.2789907588981,332.5000226996599,90.71481157684428,3. Emerging Loyalists
12766,2010-12-08,2011-12-06,7,6989.63,998.5185714285715,6,363,366,998.5185714285715,0.9997463970101692,5.727097220621891,943.0012050739276,5400.659580621985,1473.4429557899196,1. VIP Champions
12769,2011-04-15,2011-04-15,1,1143.6,1143.6,0,0,238,1143.6,1.0,0.9828204524325214,424.2789907588981,416.99006965527377,113.76593388194082,3. Emerging Loyalists
12770,2011-05-13,2011-05-13,1,1351.45,1351.45,0,0,210,1351.45,1.0,1.0814691700824972,424.2789907588981,458.844648019465,125.18497126758777,3. Emerging Loyalists
12772,2011-10-11,2011-10-11,1,892.47,892.47,0,0,59,892.47,1.0,2.3576710842016273,424.2789907588981,1000.3103081465034,272.91114263727815,3. Emerging Loyalists
12775,2011-02-01,2011-11-22,5,1386.04,277.20799999999997,4,294,311,277.20799999999997,0.9996896663592776,4.6350736415891705,297.55272829351424,1379.178807896212,376.27650269994876,3. Emerging Loyalists
12778,2011-01-31,2011-11-20,6,822.23,137.03833333333333,5,293,312,137.03833333333333,0.9996695142067276,5.580604675812541,169.73063854383702,947.1995950863852,258.4211336176024,3. Emerging Loyalists
12779,2010-12-03,2011-11-02,8,3981.3599999999997,497.66999999999996,7,334,371,497.66999999999996,0.9995256223463809,6.4899889248428515,491.50303016440415,3189.8492222936848,870.2753425683024,1. VIP Champions
12781,2011-02-28,2011-10-07,2,826.74,413.37,1,221,284,413.37,0.9996276940996505,1.8881432188442713,417.63592855772606,788.556446452001,215.1390814256096,3. Emerging Loyalists
12782,2010-12-17,2011-12-05,5,2330.92,466.184,4,353,357,466.184,0.9997395765922659,4.134731274472114,460.38716662889834,1903.5772162261103,519.3462757983203,3. Emerging Loyalists
12783,2011-09-25,2011-12-07,5,2225.91,445.18199999999996,4,73,75,445.18199999999996,0.9997337889860404,12.234134350961305,442.2904301442667,5411.040544529425,1476.2751576562637,1. VIP Champions
12784,2011-11-24,2011-11-30,2,574.42,287.21,1,6,15,287.21,0.999680181289918,7.938048322705142,340.81042326455645,2705.369608755642,738.0964738329325,1. VIP Champions
12785,2010-12-10,2010-12-10,1,311.95,311.95,0,0,364,311.95,1.0,0.6967995950248176,424.2789907588981,295.63742893833853,80.65771979037974,3. Emerging Loyalists
12787,2011-05-31,2011-11-30,3,463.65999999999997,154.5533333333333,2,183,192,154.5533333333333,0.9997171187673413,3.9523181224438684,220.10864970594844,869.9394051394693,237.34250776813457,3. Emerging Loyalists
12789,2011-10-05,2011-10-05,1,91.85,91.85,0,0,65,91.85,1.0,2.252071611977849,424.2789907588981,955.5066706467267,260.687523821406,3. Emerging Loyalists
12790,2011-05-31,2011-05-31,1,324.92,324.92,0,0,192,324.92,1.0,1.1560648963305065,424.2789907588981,490.4940474668974,133.8197655875493,3. Emerging Loyalists
12791,2010-12-01,2010-12-01,1,192.60000000000002,192.60000000000002,0,0,373,192.60000000000002,1.0,0.6826100599020506,424.2789907588981,289.617107297113,79.01521661434514,3. Emerging Loyalists
12792,2011-03-28,2011-03-28,1,400.53999999999996,400.53999999999996,0,0,256,400.53999999999996,1.0,0.9283804943927815,424.2789907588981,393.89233920121615,107.46426133172503,3. Emerging Loyalists
12793,2010-12-03,2011-01-09,2,545.48,272.74,1,37,371,272.74,0.9965095710943511,1.51004623140927,331.9988739494632,501.3336484395081,136.7770957910626,3. Emerging Loyalists
12794,2011-09-02,2011-10-17,2,860.41,430.205,1,45,98,430.205,0.9994778176125529,3.9910198794372373,427.8876516205868,1707.7081237834768,465.90800030469546,3. Emerging Loyalists
12795,2011-11-21,2011-11-21,1,430.48,430.48,0,0,18,430.48,1.0,3.4692780746188276,424.2789907588981,1471.9418001612494,401.58470357254896,3. Emerging Loyalists
12797,2010-12-09,2010-12-09,1,254.03,254.03,0,0,365,254.03,1.0,0.6951939152545263,424.2789907588981,294.95617274591734,80.47185505981739,3. Emerging Loyalists
12798,2011-06-22,2011-11-29,3,6977.04,2325.68,2,160,170,2325.68,0.9997109354883001,4.316165172074575,1863.5550916697468,8043.411582907203,2194.4556883158975,1. VIP Champions
12802,2011-06-06,2011-06-06,1,427.58,427.58,0,0,186,427.58,1.0,1.1832707704984653,424.2789907588981,502.0369283015926,136.9689691619478,3. Emerging Loyalists
12808,2010-12-06,2011-11-03,3,483.65000000000003,161.21666666666667,2,332,368,161.21666666666667,0.9996733769586903,2.360286116626927,225.15249704402123,531.4243128968885,144.98662592676115,3. Emerging Loyalists
12809,2011-06-15,2011-06-15,1,489.31,489.31,0,0,177,489.31,1.0,1.2265683361242166,424.2789907588981,520.4071757476034,141.98085915267464,3. Emerging Loyalists
12811,2011-02-28,2011-03-24,3,514.85,171.61666666666667,2,24,284,171.61666666666667,0.9889941618637833,2.8907905214279204,233.0248350604229,673.625984449975,183.78300776190662,3. Emerging Loyalists
12812,2011-10-26,2011-10-26,1,229.64000000000001,229.64000000000001,0,0,44,229.64000000000001,1.0,2.6707491637760614,424.2789907588981,1133.1427597770783,309.15135315853354,3. Emerging Loyalists
12814,2011-08-30,2011-08-30,1,125.92,125.92,0,0,101,125.92,1.0,1.7750479948551416,424.2789907588981,753.1155718057453,205.46987226420845,3. Emerging Loyalists
12815,2011-05-25,2011-07-15,2,1063.46,531.73,1,51,198,531.73,0.9988801219505243,2.494535088502496,489.71160077157793,1221.602771371427,333.2855869510987,3. Emerging Loyalists
12816,2011-06-16,2011-09-05,2,572.2,286.1,1,81,176,286.1,0.9993630667962436,2.7198858093586615,340.134485480192,925.1269603310839,252.39913432095776,3. Emerging Loyalists
12817,2011-03-03,2011-03-03,1,166.04,166.04,0,0,281,166.04,1.0,0.8620598810499035,424.2789907588981,365.7538963055888,99.78734893750149,3. Emerging Loyalists
12818,2011-03-23,2011-03-23,1,1542.08,1542.08,0,0,261,1542.08,1.0,0.9143123862312016,424.2789907588981,387.92353646853405,105.83581387828322,3. Emerging Loyalists
12820,2011-01-17,2011-12-06,4,942.34,235.585,3,323,326,235.585,0.9997400784362982,3.535359129810901,268.85432227859604,950.4965828567568,259.32063919336764,3. Emerging Loyalists
12821,2011-05-09,2011-05-09,1,92.72,92.72,0,0,214,92.72,1.0,1.0661811856056052,424.2789907588981,452.35827739487155,123.41531758681471,3. Emerging Loyalists
12822,2011-09-13,2011-09-30,2,948.88,474.44,1,17,87,474.44,0.9992285252680115,4.2714458107115165,454.8246857569482,1942.7589985846985,530.0361036517002,1. VIP Champions
12823,2011-02-16,2011-09-26,5,1759.5,351.9,4,222,296,351.9,0.9992575217626734,4.823491392026783,361.91238173176305,1745.6812579510704,476.26807692371875,3. Emerging Loyalists
12824,2011-10-11,2011-10-11,1,397.12,397.12,0,0,59,397.12,1.0,2.3576710842016273,424.2789907588981,1000.3103081465034,272.91114263727815,3. Emerging Loyalists
12826,2010-12-09,2011-12-07,7,1474.72,210.67428571428573,6,363,365,210.67428571428573,0.9997503496749542,5.740317231414785,231.3255453352159,1327.882013954162,362.281378852536,3. Emerging Loyalists
12827,2011-10-26,2011-12-04,3,430.15,143.38333333333333,2,39,44,143.38333333333333,0.9997088662350212,9.130597441808137,211.65345589410163,1932.5225029365356,527.243316552347,3. Emerging Loyalists
12828,2011-08-01,2011-12-07,6,1018.71,169.785,5,128,130,169.785,0.9997398104581733,10.686270933721097,198.75024222823282,2123.8989365935918,579.4558757530716,1. VIP Champions
12829,2010-12-14,2011-01-07,2,293.0,146.5,1,24,360,146.5,0.9957703645351139,1.5476201731313106,255.12465241958262,394.8360587476599,107.72173301591303,3. Emerging Loyalists
12830,2011-06-21,2011-11-02,5,6814.64,1362.928,4,134,171,1362.928,0.9994417854367067,7.337505871770559,1233.0821414967422,9047.74745360776,2468.4651110243076,1. VIP Champions
12831,2011-03-22,2011-03-22,1,215.05,215.05,0,0,262,215.05,1.0,0.9115497730828542,424.2789907588981,386.751417750096,105.5160288514267,3. Emerging Loyalists
12832,2011-09-02,2011-11-07,2,383.03000000000003,191.51500000000001,1,66,98,191.51500000000001,0.99961654202373,3.9915738205783153,282.53666986387583,1127.765974782025,307.6844238219421,3. Emerging Loyalists
12833,2011-07-17,2011-07-17,1,417.38,417.38,0,0,145,417.38,1.0,1.4100153525591947,424.2789907588981,598.239890738367,163.2156849959168,3. Emerging Loyalists
12834,2011-03-02,2011-03-02,1,312.38,312.38,0,0,282,312.38,1.0,0.8596035848513769,424.2789907588981,364.711741433473,99.5030214896707,3. Emerging Loyalists
12836,2011-02-01,2011-10-11,4,2612.86,653.215,3,252,311,653.215,0.9995185947070241,3.674113596841786,612.8504614050046,2251.6822130788896,614.3185375806356,1. VIP Champions
12837,2011-06-19,2011-06-19,1,134.1,134.1,0,0,173,134.1,1.0,1.2468456070555445,424.2789907588981,529.010395793692,144.32804541479413,3. Emerging Loyalists
12838,2010-12-01,2011-11-06,2,683.1300000000001,341.56500000000005,1,340,373,341.56500000000005,0.9997004107499652,1.5080261246638715,373.91006134485315,563.8661407827094,153.83761571008807,3. Emerging Loyalists
12839,2010-12-07,2011-12-07,14,5591.42,399.38714285714286,13,365,367,399.38714285714286,0.9997651195710623,11.573330352644565,400.55885023446336,4635.799899438924,1264.7689794758794,1. VIP Champions
12840,2011-04-27,2011-07-19,4,2726.77,681.6925,3,83,226,681.6925,0.9968152542646795,4.720101930538515,636.3069900355442,3003.433852081924,819.4162928561088,1. VIP Champions
12841,2010-12-03,2011-12-05,24,4022.35,167.59791666666666,23,367,371,167.59791666666666,0.9997568644495012,19.762219531274393,174.56982872365467,3449.8872787738337,941.2206107967899,1. VIP Champions
12842,2011-02-04,2011-09-30,2,1118.99,559.495,1,238,308,559.495,0.9996216569417615,1.7679194501531106,506.6191796750723,895.6619015681738,244.36028598622423,3. Emerging Loyalists
12843,2011-03-20,2011-10-05,8,1702.26,212.7825,7,199,264,212.7825,0.9986956687692639,8.56849519955039,230.55432916990978,1975.5036627279326,538.9697151858674,1. VIP Champions
12844,2011-08-01,2011-11-10,2,325.96000000000004,162.98000000000002,1,101,130,162.98000000000002,0.9996533287004755,3.3497045200245403,265.16019718203853,888.2083110312728,242.32674909911046,3. Emerging Loyalists
12845,2011-02-22,2011-03-17,4,354.09,88.5225,3,23,290,88.5225,0.9557578779246623,3.718788339731378,147.720945341409,549.342929069728,149.87529894590617,3. Emerging Loyalists
12847,2011-11-17,2011-11-17,1,871.54,871.54,0,0,22,871.54,1.0,3.316714022998797,424.2789907588981,1407.2120783138141,383.9247212569519,3. Emerging Loyalists
12849,2011-03-16,2011-11-08,2,1050.8899999999999,525.4449999999999,1,237,268,525.4449999999999,0.9996898866615813,1.9779218910621044,485.8843314249738,961.0412556495305,262.197505179028,3. Emerging Loyalists
12851,2011-09-04,2011-09-04,1,135.18,135.18,0,0,96,135.18,1.0,1.8288506143964183,424.2789907588981,775.942892924903,211.69776998678694,3. Emerging Loyalists
12852,2011-02-18,2011-02-18,1,311.55,311.55,0,0,294,311.55,1.0,0.8311837473378637,424.2789907588981,352.65380145570776,96.2132961410625,3. Emerging Loyalists
12853,2011-01-28,2011-07-28,3,1957.1,652.3666666666667,2,181,315,652.3666666666667,0.9991386473320605,2.6846525434153454,596.9312294243765,1602.5529433182014,437.21888231671556,3. Emerging Loyalists
12854,2011-01-25,2011-09-22,3,1324.5,441.5,2,240,318,441.5,0.9995160870683591,2.6648453975065856,437.31452977130874,1165.3756119238287,317.9453288260719,3. Emerging Loyalists
12855,2010-12-02,2010-12-02,1,38.1,38.1,0,0,372,38.1,1.0,0.6841580715470145,424.2789907588981,290.27389611552127,79.194405997323,3. Emerging Loyalists
12856,2011-10-07,2011-12-02,6,2179.93,363.32166666666666,5,56,63,363.32166666666666,0.9996630127197427,16.11080015054971,370.2595265848802,5965.177236646152,1627.4583221115365,1. VIP Champions
12857,2011-02-10,2011-05-13,2,1106.4,553.2,1,92,302,553.2,0.998806286180905,1.7950489002530703,502.7858207988794,902.5251346878657,246.23275773586732,3. Emerging Loyalists
12863,2011-10-18,2011-10-18,1,521.2,521.2,0,0,52,521.2,1.0,2.4941112247051773,424.2789907588981,1058.198993258352,288.7047089646286,3. Emerging Loyalists
12864,2011-07-24,2011-07-24,1,147.12,147.12,0,0,138,147.12,1.0,1.457706418721658,424.2789907588981,618.4742081579927,168.7361426404127,3. Emerging Loyalists
12865,2011-08-08,2011-11-13,2,1568.23,784.115,1,97,123,784.115,0.9996608422821743,3.4718811818381115,643.4021933002448,2233.815967272487,609.4441525843454,1. VIP Champions
12866,2011-03-01,2011-03-01,1,559.12,559.12,0,0,283,559.12,1.0,0.8571612464969569,424.2789907588981,363.6755085813679,99.22030972572789,3. Emerging Loyalists
12867,2010-12-14,2011-11-13,7,4036.8199999999997,576.6885714285714,6,334,360,576.6885714285714,0.9996293548365162,5.806524230746152,561.9536440379242,3262.997450662305,890.2321164047758,1. VIP Champions
12868,2010-12-01,2011-06-07,6,1607.0600000000002,267.84333333333336,5,188,373,267.84333333333336,0.9942510628604462,4.784286404662862,285.64806301260916,1366.6221443895065,372.85071236527097,3. Emerging Loyalists
12871,2011-05-16,2011-09-16,2,380.64,190.32,1,123,207,190.32,0.9994955632871565,2.414666377924215,281.808971078006,680.4746474594785,185.65150439963946,3. Emerging Loyalists
12872,2010-12-09,2011-01-17,2,599.97,299.985,1,39,365,299.985,0.9967096646478664,1.5312318078070797,348.5897973143364,533.7717855247348,145.62707862624632,3. Emerging Loyalists
12873,2011-03-02,2011-03-02,1,374.0,374.0,0,0,282,374.0,1.0,0.8596035848513769,424.2789907588981,364.711741433473,99.5030214896707,3. Emerging Loyalists
12875,2010-12-12,2011-07-19,2,343.2300000000001,171.61500000000004,1,219,362,171.61500000000004,0.9994571270141775,1.5461413139883313,270.4185059820268,418.10522416581233,114.07017756433585,3. Emerging Loyalists
12876,2011-05-27,2011-10-13,2,2218.02,1109.01,1,139,196,1109.01,0.9995953537878682,2.5151643174530918,841.2479648777997,2115.876863390674,577.2672417399075,1. VIP Champions
12877,2010-12-16,2011-12-06,12,1535.77,127.98083333333334,11,355,358,127.98083333333334,0.9997541816740022,10.107813973861832,144.324162787855,1458.8017893929905,397.9997606565089,3. Emerging Loyalists
12878,2011-03-18,2011-04-17,2,854.99,427.495,1,30,266,427.495,0.9975941528928953,1.985560574693023,426.2373891020033,846.3201552610274,230.89855090788305,3. Emerging Loyalists
12879,2011-09-09,2011-10-26,3,573.22,191.07333333333335,2,47,91,191.07333333333335,0.9993643090722498,6.445578949958149,247.75266743277444,1596.9093780006729,435.67916824318104,3. Emerging Loyalists
12881,2011-03-09,2011-03-09,1,298.0,298.0,0,0,275,298.0,1.0,0.8770975903963567,424.2789907588981,372.13408045042763,101.5280321345292,3. Emerging Loyalists
12882,2011-11-06,2011-11-30,2,1463.04,731.52,1,24,33,731.52,0.9996921985749785,6.5367350267451965,611.374312427589,3996.3918824976818,1090.3215394227943,1. VIP Champions
12883,2011-09-11,2011-11-15,2,703.47,351.735,1,65,89,351.735,0.999648702551265,4.219136337360228,380.1031129367328,1603.706855735108,437.53370018236853,3. Emerging Loyalists
12884,2011-09-12,2011-09-12,1,309.05,309.05,0,0,88,309.05,1.0,1.9220646464272801,424.2789907588981,815.4916483595247,222.4877178136208,3. Emerging Loyalists
12885,2011-08-08,2011-10-07,2,1175.22,587.61,1,60,123,587.61,0.9994624601190993,3.471192188862034,523.7398921141771,1818.0018225021759,495.9990421522852,3. Emerging Loyalists
12886,2011-05-04,2011-10-03,2,1378.4,689.2,1,152,219,689.2,0.9995783025132388,2.3142326009943894,585.603423207496,1355.2225332407018,369.74059655530243,3. Emerging Loyalists
12888,2011-03-29,2011-05-09,2,354.12,177.06,1,41,255,177.06,0.9981318833817844,2.0540866728276437,273.7342548431659,562.273884769753,153.40320610306102,3. Emerging Loyalists
12890,2011-11-15,2011-11-15,1,380.46999999999997,380.46999999999997,0,0,24,380.46999999999997,1.0,3.245355575379693,424.2789907588981,1376.9361881758593,375.66465665038,3. Emerging Loyalists
12891,2011-02-20,2011-06-07,3,331.0,110.33333333333333,2,107,292,110.33333333333333,0.9980510253259688,2.852607578888751,186.63607402467122,532.3994792568191,145.2526771344541,3. Emerging Loyalists
12893,2011-11-09,2011-11-09,1,188.14,188.14,0,0,30,188.14,1.0,3.048586372942482,424.2789907588981,1293.451149553366,352.8877272335484,3. Emerging Loyalists
12895,2011-09-14,2011-10-28,2,372.8,186.4,1,44,86,186.4,0.9995369024138002,4.300337512071367,279.4218754791694,1201.6083728164067,327.8305855264842,3. Emerging Loyalists
12897,2011-02-11,2011-05-19,2,216.5,108.25,1,97,301,108.25,0.9988766294415711,1.8000276803117907,231.8322017421592,417.30438032351395,113.85168615592414,3. Emerging Loyalists
12901,2011-03-14,2011-12-01,23,17654.54,767.5886956521739,22,262,270,767.5886956521739,0.9996588114136802,24.571812281926956,757.8519589163976,18621.796071984343,5080.5191174930005,1. VIP Champions
12902,2011-03-20,2011-03-20,1,138.68,138.68,0,0,264,138.68,1.0,0.9060743296911213,424.2789907588981,384.42830215389404,104.88222139520573,3. Emerging Loyalists
12904,2011-06-20,2011-11-21,2,509.58,254.79,1,154,172,254.79,0.9997003907018329,2.765970083480855,321.0681683374436,888.064948379364,242.28763597108875,3. Emerging Loyalists
12906,2011-09-22,2011-11-28,2,2919.8100000000004,1459.9050000000002,1,67,78,1459.9050000000002,0.9997003024358485,4.535175643553966,1054.926513386414,4784.2770292493715,1305.2774725125605,1. VIP Champions
12908,2011-01-31,2011-06-16,2,750.0,375.0,1,136,312,375.0,0.9991937467168112,1.748607779912592,394.2704035252362,689.4242949935051,188.09320525468493,3. Emerging Loyalists
12909,2011-03-31,2011-10-31,4,2178.67,544.6675,3,214,253,544.6675,0.9995863003540574,4.336287923532932,523.4413650474061,2269.79246993266,619.2594952526355,1. VIP Champions
12910,2011-04-12,2011-11-16,6,3075.04,512.5066666666667,5,218,241,512.5066666666667,0.9996156132622805,6.858541361676537,502.46503072748766,3446.1771960405463,940.2084019754128,1. VIP Champions
12912,2011-10-30,2011-12-07,5,1662.3,332.46,4,38,40,332.46,0.9997278983699356,16.163899926352308,345.16156955857775,5579.157068767542,1522.1417975902716,1. VIP Champions
12913,2010-12-06,2011-12-05,5,2483.63,496.726,4,364,368,496.726,0.9997398762613762,4.030644873517188,486.70420908740783,1961.731825277398,535.2123932186427,1. VIP Champions
12915,2010-12-02,2011-07-14,2,363.65,181.825,1,224,372,181.825,0.9994514241950095,1.5110695585055232,276.6359156922619,418.0161109918773,114.04586513055948,3. Emerging Loyalists
12916,2011-01-23,2011-07-24,4,3006.15,751.5375,3,182,320,751.5375,0.9986513745520744,3.5859854545305563,693.8373646189889,2488.090697333508,678.8170327392256,1. VIP Champions
12917,2011-08-03,2011-08-03,1,594.0,594.0,0,0,128,594.0,1.0,1.5317169762500076,424.2789907588981,649.8753328116243,177.30320102172362,3. Emerging Loyalists
12919,2011-06-23,2011-12-01,6,1335.19,222.53166666666667,5,161,169,222.53166666666667,0.9997006071540466,8.934509097203794,245.4935452312742,2193.3643131736303,598.4078700910231,1. VIP Champions
12920,2011-11-22,2011-11-22,1,164.23,164.23,0,0,17,164.23,1.0,3.5096376394074467,424.2789907588981,1489.0655155772329,406.2565066143778,3. Emerging Loyalists
12921,2010-12-01,2011-11-30,23,16587.09,721.1778260869565,22,364,373,721.1778260869565,0.9996836366426923,18.845741819480757,712.7573656235775,13432.44129247519,3664.725707295887,1. VIP Champions
12922,2011-07-01,2011-07-01,1,405.38,405.38,0,0,161,405.38,1.0,1.3119099479537135,424.2789907588981,556.61582868436,151.8595385643034,3. Emerging Loyalists
12923,2011-10-06,2011-10-06,1,176.97,176.97,0,0,64,176.97,1.0,2.269009670419825,424.2789907588981,962.6931329879034,262.6481810625419,3. Emerging Loyalists
12924,2011-01-16,2011-09-12,4,933.7,233.425,3,239,327,233.425,0.9993397757708427,3.5250185299847026,267.0751597172067,941.4448869017776,256.85109682660357,3. Emerging Loyalists
12925,2011-09-26,2011-12-05,2,694.05,347.025,1,70,74,347.025,0.9997261638217982,4.662190464251813,377.2349445003755,1758.7411610322124,479.831164341273,3. Emerging Loyalists
12928,2010-12-15,2011-11-04,5,2062.7,412.53999999999996,4,324,359,412.53999999999996,0.9996244222213754,4.114934230018328,414.1638863707526,1704.2571528644312,464.9664840481351,3. Emerging Loyalists
12929,2011-02-01,2011-02-01,1,117.85,117.85,0,0,311,117.85,1.0,0.7939952236689067,424.2789907588981,336.8754921656293,91.90855551990614,3. Emerging Loyalists
12930,2011-06-21,2011-09-22,2,415.8,207.9,1,93,171,207.9,0.9994670158570627,2.776848523628336,292.51436409523745,812.2680800779417,221.60824301871818,3. Emerging Loyalists
12931,2010-12-17,2011-11-18,12,42055.96,3504.6633333333334,11,336,357,3504.6633333333334,0.9995888522102072,10.129868051886973,3334.754291054104,33780.620953841964,9216.24798667933,1. VIP Champions
12933,2011-03-01,2011-11-15,3,607.53,202.51,2,259,283,202.51,0.9996872445199534,2.9303482038986255,256.4097160655546,751.3697509348546,204.9935660971775,3. Emerging Loyalists
12935,2011-01-24,2011-12-07,6,2160.7,360.1166666666666,5,317,319,360.1166666666666,0.9997471830357348,5.480338848545456,367.4193037690672,2013.5822841511429,549.3585715217741,1. VIP Champions
12936,2011-09-22,2011-11-22,3,1063.9,354.6333333333334,2,61,78,354.6333333333334,0.9996374279123308,7.01767153337446,371.5603218522612,2607.488293594066,711.3918589289012,1. VIP Champions
12937,2011-03-17,2011-11-24,4,1504.27,376.0675,3,252,267,376.0675,0.9996993512407467,4.156057334063549,384.56784289451366,1598.286003906742,436.0547482466557,3. Emerging Loyalists
12938,2011-11-14,2011-11-14,1,114.14,114.14,0,0,25,114.14,1.0,3.2108155440078403,424.2789907588981,1362.281578524629,371.6664910489166,3. Emerging Loyalists
12939,2011-01-09,2011-10-06,6,11581.8,1930.3,5,270,334,1930.3,0.9993282650014881,5.274124475790862,1758.8921675265037,9276.616231028374,2530.906574489371,1. VIP Champions
12940,2011-09-13,2011-10-16,2,913.54,456.77,1,33,87,456.77,0.999435059145281,4.272328690095485,444.0644869734169,1897.1894479490616,517.6035234491801,3. Emerging Loyalists
12942,2010-12-09,2011-07-31,3,683.9,227.96666666666667,2,234,365,227.96666666666667,0.9992929350323676,2.375698535523629,275.6792819089071,654.9308663051962,178.68248444121397,3. Emerging Loyalists
12944,2010-12-20,2011-11-04,2,604.51,302.255,1,319,354,302.255,0.9996955726710377,1.5757614221652114,349.97212053100964,551.4725663661185,150.4563203981771,3. Emerging Loyalists
12945,2011-02-24,2011-02-24,1,462.95,462.95,0,0,288,462.95,1.0,0.8451548166695868,424.2789907588981,358.58143265159384,97.83051090894703,3. Emerging Loyalists
12947,2010-12-01,2011-07-19,6,1603.99,267.33166666666665,5,230,373,267.33166666666665,0.9976123442492099,4.800460722650758,285.1946317050404,1369.0656278108952,373.51735935182666,3. Emerging Loyalists
12948,2011-03-20,2011-11-23,7,2064.95,294.99285714285713,6,248,264,294.99285714285713,0.9996614662905849,7.480922318120842,307.49221435566767,2300.3253690217125,627.5896787072697,1. VIP Champions
12949,2011-04-01,2011-11-09,5,4167.22,833.4440000000001,4,222,252,833.4440000000001,0.9996004798657986,5.486621690134438,776.8430966044145,4262.244183660983,1162.8530875757504,1. VIP Champions
12950,2011-11-15,2011-12-07,3,1843.0,614.3333333333334,2,22,24,614.3333333333334,0.9997275892474429,11.095235254125067,568.1416855887537,6303.665659282379,1719.8069277780228,1. VIP Champions
12951,2011-01-13,2011-12-01,6,1064.0700000000002,177.34500000000003,5,322,330,177.34500000000003,0.9997239588331022,5.329112583367497,205.44980057068085,1094.865117471558,298.7081986553905,3. Emerging Loyalists
12952,2011-09-22,2011-12-04,3,1387.79,462.59666666666664,2,73,78,462.59666666666664,0.9997175034749913,7.0182336811901695,453.2837692924005,3181.2514167847594,867.9296335353108,1. VIP Champions
12953,2011-11-30,2011-11-30,1,329.85,329.85,0,0,9,329.85,1.0,3.869788612275297,424.2789907588981,1641.8700068664398,447.9456184611968,3. Emerging Loyalists
12955,2011-03-17,2011-12-08,11,4757.16,432.4690909090909,10,266,267,432.4690909090909,0.9997633476493585,11.75961254770408,431.97488883216346,5079.857323003785,1385.919604311691,1. VIP Champions
12956,2011-02-06,2011-02-06,1,108.07,108.07,0,0,306,108.07,1.0,0.8045829770785532,424.2789907588981,341.3676534966782,93.13413609403736,3. Emerging Loyalists
12957,2011-01-04,2011-11-30,7,4017.54,573.9342857142857,6,330,339,573.9342857142857,0.999718317295566,6.105962653074063,559.465642108652,3416.076316393529,931.996084865459,1. VIP Champions
12962,2011-08-18,2011-12-02,2,266.39000000000004,133.19500000000002,1,106,113,133.19500000000002,0.9997206839639473,3.6629058573404754,247.0225333015926,904.8202841254862,246.85893528341748,3. Emerging Loyalists
12963,2010-12-09,2011-12-01,7,1856.63,265.23285714285714,6,357,365,265.23285714285714,0.9997253430437784,5.740173649573694,280.6094051281792,1610.7467131393237,439.4543597142571,3. Emerging Loyalists
12965,2011-09-11,2011-09-11,1,771.91,771.91,0,0,89,771.91,1.0,1.9098965423138645,424.2789907588981,810.3289774268355,221.07920446348734,3. Emerging Loyalists
12966,2011-11-30,2011-11-30,1,160.18,160.18,0,0,9,160.18,1.0,3.869788612275297,424.2789907588981,1641.8700068664398,447.9456184611968,3. Emerging Loyalists
12967,2010-12-03,2010-12-16,2,1660.9,830.45,1,13,371,830.45,0.9944319144934726,1.506897884808972,671.6180286502687,1012.0597867726615,276.1167115603842,3. Emerging Loyalists
12968,2011-08-19,2011-08-19,1,135.95,135.95,0,0,112,135.95,1.0,1.6671478597205698,424.2789907588981,707.3358113681004,192.97994126084953,3. Emerging Loyalists
12970,2011-01-21,2011-12-02,2,452.24,226.12,1,315,322,226.12,0.9997312719457677,1.7047983108287346,303.60948700615654,517.5929405996743,141.2130612767391,3. Emerging Loyalists
12971,2010-12-02,2011-12-06,71,11189.91,157.60436619718308,70,369,372,157.60436619718308,0.9997925881910008,58.61385981271239,160.0285355873173,9379.890150948671,2559.082434780467,1. VIP Champions
12974,2011-05-26,2011-05-26,1,144.8,144.8,0,0,197,144.8,1.0,1.134331023949116,424.2789907588981,481.27282202763837,131.30397108793335,3. Emerging Loyalists
12976,2011-05-12,2011-05-12,1,738.6,738.6,0,0,211,738.6,1.0,1.0776062180448671,424.2789907588981,457.2056786275893,124.73781701371118,3. Emerging Loyalists
12977,2011-07-06,2011-07-06,1,39.239999999999995,39.239999999999995,0,0,156,39.239999999999995,1.0,1.341068782843763,424.2789907588981,568.9873097232156,155.23480621768343,3. Emerging Loyalists
12980,2010-12-16,2011-07-05,9,7374.900000000001,819.4333333333334,8,201,358,819.4333333333334,0.9867179791934908,7.445430227524788,790.0710674996872,5882.419007854948,1604.8796856643185,1. VIP Champions
12981,2011-07-29,2011-11-10,2,372.22,186.11,1,104,133,186.11,0.9996549273512492,3.299951673491889,279.2452791210922,921.495926150358,251.4084920381115,3. Emerging Loyalists
12982,2011-04-11,2011-04-11,1,390.54,390.54,0,0,242,390.54,1.0,0.9701780185407576,424.2789907588981,411.62615056294015,112.30251470433072,3. Emerging Loyalists
12984,2011-11-21,2011-11-21,1,97.5,97.5,0,0,18,97.5,1.0,3.4692780746188276,424.2789907588981,1471.9418001612494,401.58470357254896,3. Emerging Loyalists
12985,2011-11-11,2011-12-09,2,1239.38,619.69,1,28,28,619.69,0.9997399929425519,6.874150360146718,543.2751030352686,3734.554745188637,1018.8854343002829,1. VIP Champions
12987,2011-05-26,2011-09-27,2,558.7,279.35,1,124,197,279.35,0.9995328868420733,2.5055507766257152,336.0240530077055,841.925326978377,229.69952536696357,3. Emerging Loyalists
12988,2011-02-20,2011-02-20,1,535.32,535.32,0,0,292,535.32,1.0,0.835789163259416,424.2789907588981,354.6077826749289,96.74639396369469,3. Emerging Loyalists
12989,2010-12-10,2011-12-06,13,6924.11,532.6238461538461,12,361,364,532.6238461538461,0.9997559313685269,10.810585842779831,527.1204323499862,5698.480683402745,1554.6964396333426,1. VIP Champions
12990,2011-02-02,2011-11-08,3,409.5,136.5,2,279,310,136.5,0.9996739641728961,2.7215312879666507,206.44307832875882,561.8412968558671,153.2851846642053,3. Emerging Loyalists
12991,2011-08-19,2011-11-16,2,503.76,251.88,1,89,112,251.88,0.9996667392110026,3.6829487210116953,319.29611522708274,1175.9512191995873,320.8306345579085,3. Emerging Loyalists
12993,2011-02-14,2011-11-16,4,414.76,103.69,3,275,298,103.69,0.9996766217259154,3.804875228698807,160.21420837375769,609.5950727268996,166.31367935437422,3. Emerging Loyalists
12994,2011-03-16,2011-12-05,3,974.4200000000001,324.8066666666667,2,264,268,324.8066666666667,0.9997350353036893,3.0609412285188218,348.982860130863,1068.216024620976,291.4376203949553,3. Emerging Loyalists
12995,2011-09-15,2011-09-15,1,211.32,211.32,0,0,85,211.32,1.0,1.9595173736611893,424.2789907588981,831.382053671496,226.8230411981164,3. Emerging Loyalists
12997,2011-01-26,2011-11-17,4,1226.89,306.7225,3,295,317,306.7225,0.9996840049502885,3.617595570079766,327.4493114965758,1184.579178695682,323.1845703971486,3. Emerging Loyalists
12999,2011-04-08,2011-05-27,3,455.88,151.96,2,49,245,151.96,0.9959397363662245,3.272707855230809,218.14561157237137,713.9268565770286,194.77815294025882,3. Emerging Loyalists
13000,2010-12-10,2011-08-25,3,534.85,178.28333333333333,2,258,364,178.28333333333333,0.9994336257290554,2.381520901281434,238.07120558375732,566.9715520909873,154.68485415359785,3. Emerging Loyalists
13001,2011-01-17,2011-12-05,13,9818.82,755.2938461538462,12,322,326,755.2938461538462,0.99974562268914,11.850576667229987,738.4798339165272,8751.411889031073,2387.6169213435087,1. VIP Champions
13002,2011-01-25,2011-01-25,1,120.94999999999999,120.94999999999999,0,0,318,120.94999999999999,1.0,0.7796320406968016,424.2789907588981,330.7814953901391,90.24595181615291,3. Emerging Loyalists
13003,2011-05-09,2011-08-26,3,149.05,49.68333333333334,2,109,214,49.68333333333334,0.9990504777903977,3.6425959219671613,140.7267181886363,512.6105697857486,139.85373857377644,3. Emerging Loyalists
13004,2010-12-17,2011-11-28,17,5655.91,332.7005882352941,16,346,357,332.7005882352941,0.9996702697143126,14.413727786254528,336.2342790856064,4846.389371147464,1322.223364263586,1. VIP Champions
13005,2011-04-07,2011-06-19,2,513.7,256.85,1,73,246,256.85,0.9988863175483939,2.1143793944873988,322.3226114327506,681.5122879907763,185.93460021574472,3. Emerging Loyalists
13006,2011-10-14,2011-10-14,1,81.57,81.57,0,0,56,81.57,1.0,2.4142736409162047,424.2789907588981,1024.3255837837376,279.4631458122238,3. Emerging Loyalists
13008,2011-01-20,2011-01-20,1,229.46999999999997,229.46999999999997,0,0,323,229.46999999999997,1.0,0.7696867207042927,424.2789907588981,326.56190506094316,89.09473582964984,3. Emerging Loyalists
13011,2010-12-02,2010-12-02,1,50.550000000000004,50.550000000000004,0,0,372,50.550000000000004,1.0,0.6841580715470145,424.2789907588981,290.27389611552127,79.194405997323,3. Emerging Loyalists
13012,2011-02-18,2011-11-30,8,1661.8400000000001,207.73000000000002,7,285,294,207.73000000000002,0.9997096266794087,7.868256001625924,225.92638546660697,1777.6466383732823,484.98907922152125,3. Emerging Loyalists
13013,2010-12-03,2011-12-08,12,4810.94,400.91166666666663,11,370,371,400.91166666666663,0.9997676775773127,9.809278773298137,402.2005706525212,3945.297520310174,1076.3816443188907,1. VIP Champions
13014,2011-03-03,2011-11-29,10,3466.2799999999997,346.628,9,271,281,346.628,0.9996912878473703,10.245703006480966,351.79951504875555,3604.4333490135805,983.384871502432,1. VIP Champions
13015,2011-04-04,2011-10-17,4,3346.2799999999997,836.5699999999999,3,196,249,836.5699999999999,0.999492896789746,4.390429125750256,763.8774759622024,3353.7499189690443,914.9917930981387,1. VIP Champions
13016,2011-08-08,2011-09-27,2,789.89,394.945,1,50,123,394.945,0.9993771240945677,3.4708958118057636,406.4159702902351,1410.6274891313528,384.8565357761057,3. Emerging Loyalists
13017,2011-12-02,2011-12-02,1,204.0,204.0,0,0,7,204.0,1.0,3.971679781989077,424.2789907588981,1685.100289519846,459.73998440883395,3. Emerging Loyalists
13018,2011-02-17,2011-11-23,20,7277.7,363.885,19,279,295,363.885,0.9995007154377865,19.873303373571712,365.8594660798101,7270.836161497035,1983.676653736914,1. VIP Champions
13021,2010-12-16,2011-12-05,8,2616.38,327.0475,7,354,358,327.0475,0.999743185160672,6.689050928693268,335.21776059156184,2242.288672799464,611.7557310293191,1. VIP Champions
13023,2011-08-02,2011-10-06,2,689.9000000000001,344.95000000000005,1,65,129,344.95000000000005,0.9994695384998764,3.3660067344169216,375.97136711068526,1265.5221536425033,345.26795752341854,3. Emerging Loyalists
13026,2011-03-09,2011-12-08,5,975.36,195.072,4,274,275,195.072,0.9997476463387033,5.120493910823235,226.77882352722062,1161.2195849747902,316.8114546129839,3. Emerging Loyalists
13027,2010-12-20,2011-08-18,6,6912.0,1152.0,5,241,354,1152.0,0.9985012365803673,5.0205744750091315,1069.1744085414089,5367.869744855982,1464.4970202408101,1. VIP Champions
13028,2011-10-25,2011-11-17,2,661.3199999999999,330.65999999999997,1,23,45,330.65999999999997,0.9996153369646725,5.8479619765423685,367.2694293281916,2147.777657857679,585.9706232787411,1. VIP Champions
13029,2010-12-21,2011-11-09,3,1247.5,415.8333333333333,2,323,353,415.8333333333333,0.9996844707675345,2.4442177682078596,417.8860032564712,1021.4043942448344,278.6661679460261,3. Emerging Loyalists
13030,2010-12-06,2011-11-28,2,799.48,399.74,1,357,368,399.74,0.9997276014574,1.525323523028344,409.33589972809773,624.369676675239,170.34458257782077,3. Emerging Loyalists
13032,2011-09-13,2011-10-18,2,1010.1800000000001,505.09000000000003,1,35,87,505.09000000000003,0.9994547421199013,4.2724128297665995,473.4890939468313,2022.9408797330047,551.9118442341775,1. VIP Champions
13033,2010-12-17,2010-12-17,1,190.55,190.55,0,0,357,190.55,1.0,0.7082504488827375,424.2789907588981,300.4957856565044,81.9832081638335,3. Emerging Loyalists
13034,2010-12-05,2011-10-16,2,642.77,321.385,1,315,369,321.385,0.9996693729328908,1.5217520865495886,361.62139063451576,550.2981057390382,150.13589643662377,3. Emerging Loyalists
13035,2011-03-24,2011-09-27,2,921.88,460.94,1,187,260,460.94,0.9995888886186448,2.025818525615218,446.6038208119752,904.7382938114387,246.83656615444855,3. Emerging Loyalists
13037,2011-03-28,2011-07-24,3,881.0699999999999,293.69,2,118,256,293.69,0.998779005731753,3.1709395503224393,325.42892571319953,1031.9154513629273,281.53386268541124,3. Emerging Loyalists
13038,2011-02-22,2011-09-20,3,908.46,302.82,2,210,290,302.82,0.9994776819030132,2.872601704850627,332.339930144906,954.6802499241953,260.4620543627306,3. Emerging Loyalists
13040,2011-11-06,2011-12-01,2,676.99,338.495,1,25,33,338.495,0.9996981539995745,6.536773967763853,372.0405757610704,2431.9451505868406,663.4990407203094,1. VIP Champions
13043,2011-03-11,2011-03-11,1,516.42,516.42,0,0,273,516.42,1.0,0.8822274272441206,424.2789907588981,374.3105624509547,102.1218340626468,3. Emerging Loyalists
13044,2011-02-21,2011-02-21,1,560.47,560.47,0,0,291,560.47,1.0,0.8381110626253543,424.2789907588981,355.59291579455294,97.0151643673753,3. Emerging Loyalists
13045,2011-09-01,2011-09-01,1,305.28000000000003,305.28000000000003,0,0,99,305.28000000000003,1.0,1.7961846450158359,424.2789907588981,762.0834084039485,207.91653557765056,3. Emerging Loyalists
13046,2011-03-18,2011-11-09,2,629.31,314.655,1,236,266,314.655,0.9996914001646735,1.9897348288084362,357.523137221207,711.3762382338933,194.08227670986543,3. Emerging Loyalists
13047,2010-12-01,2011-11-08,8,3237.54,404.6925,7,342,373,404.6925,0.9995785523292712,6.4609618744849,406.3383323566183,2625.336473497885,716.261315068539,1. VIP Champions
13048,2011-01-16,2011-11-25,4,1835.91,458.9775,3,313,327,458.9775,0.9997102787895918,3.5263254228335326,452.859679915251,1596.9306022614055,435.6849587835774,3. Emerging Loyalists
13049,2011-01-25,2011-10-06,2,656.6800000000001,328.34000000000003,1,254,318,328.34000000000003,0.9996382937241018,1.722260629956876,365.8566584635741,630.1005190793927,171.90810815188962,3. Emerging Loyalists
13050,2010-12-08,2011-11-25,17,5836.86,343.3447058823529,16,352,366,343.3447058823529,0.9996318464752945,14.114942250848456,346.46767739161265,4890.371258168206,1334.222787786888,1. VIP Champions
13052,2011-05-11,2011-05-11,1,348.15000000000003,348.15000000000003,0,0,212,348.15000000000003,1.0,1.0737707643151575,424.2789907588981,455.5783761900457,124.2938458139448,3. Emerging Loyalists
13055,2011-05-10,2011-09-22,2,1214.4099999999999,607.2049999999999,1,135,213,607.2049999999999,0.9995303400625987,2.36336530201715,535.6723253435656,1265.9893869678249,345.3954311480061,3. Emerging Loyalists
13058,2011-07-11,2011-11-15,3,271.4,90.46666666666665,2,127,151,90.46666666666665,0.9996449289981376,4.688684349501379,171.59788986513462,804.568340618118,219.5075501868274,3. Emerging Loyalists
13059,2011-04-04,2011-04-04,1,183.4,183.4,0,0,249,183.4,1.0,0.9488191618705273,424.2789907588981,402.56403641113087,109.830129977573,3. Emerging Loyalists
13060,2011-03-31,2011-03-31,1,307.53,307.53,0,0,253,307.53,1.0,0.9370310967592066,424.2789907588981,397.56260804269954,108.46560786905226,3. Emerging Loyalists
13061,2011-09-28,2011-09-28,1,248.61,248.61,0,0,72,248.61,1.0,2.1402343196102858,424.2789907588981,908.056457111809,247.74184897557538,3. Emerging Loyalists
13062,2011-06-01,2011-06-01,1,346.98,346.98,0,0,191,346.98,1.0,1.1605119967096795,424.2789907588981,492.3808587275765,134.3345376666724,3. Emerging Loyalists
13064,2011-01-16,2011-11-27,4,1119.49,279.8725,3,315,327,279.8725,0.9997160095064769,3.5263456370626662,305.3333324348607,1076.7108646814759,293.75523772684863,3. Emerging Loyalists
13065,2010-12-01,2010-12-01,1,205.86,205.86,0,0,373,205.86,1.0,0.6826100599020506,424.2789907588981,289.617107297113,79.01521661434514,3. Emerging Loyalists
13066,2011-11-07,2011-11-15,2,470.8,235.4,1,8,32,235.4,0.9995731901369079,6.600695422066766,309.2605704646269,2041.3348316916192,556.9302014436939,1. VIP Champions
13067,2011-09-18,2011-09-18,1,115.46000000000001,115.46000000000001,0,0,82,115.46000000000001,1.0,1.9984586904163386,424.2789907588981,847.9040362431933,231.3306755847199,3. Emerging Loyalists
13068,2011-01-24,2011-11-29,2,344.0,172.0,1,309,319,172.0,0.9997272940507437,1.717974289686326,270.65295287119824,464.9748144604034,126.85744301393329,3. Emerging Loyalists
13069,2010-12-05,2011-12-09,20,4436.12,221.80599999999998,19,369,369,221.80599999999998,0.9997951786001129,16.520266534261292,228.425467389197,3773.6496044827454,1029.551547239745,1. VIP Champions
13070,2011-05-31,2011-05-31,1,228.8,228.8,0,0,192,228.8,1.0,1.1560648963305065,424.2789907588981,490.4940474668974,133.8197655875493,3. Emerging Loyalists
13072,2011-03-18,2011-03-18,1,177.15,177.15,0,0,266,177.15,1.0,0.900664272680913,424.2789907588981,382.13292862565476,104.25598270980032,3. Emerging Loyalists
13075,2011-08-02,2011-08-02,1,919.61,919.61,0,0,129,919.61,1.0,1.5239794396280912,424.2789907588981,646.5924585827177,176.40754599382984,3. Emerging Loyalists
13077,2010-12-08,2011-12-08,3,729.2700000000001,243.09000000000003,2,365,366,243.09000000000003,0.9997421558334183,2.3713021609611458,287.1269734410913,680.8648125910934,185.75795178003642,3. Emerging Loyalists
13078,2010-12-08,2011-12-06,25,12627.94,505.11760000000004,24,363,366,505.11760000000004,0.9997703298786038,20.828628323756437,503.0109845408921,10477.028839769036,2858.410923909341,1. VIP Champions
13079,2011-07-22,2011-12-05,5,220.10000000000002,44.02,4,136,140,44.02,0.9997268432909535,8.428459539611278,96.62225560623367,814.3767720031194,222.1835500190395,3. Emerging Loyalists
13080,2011-06-13,2011-06-13,1,58.08,58.08,0,0,179,58.08,1.0,1.2166750305337293,424.2789907588981,516.2096540364022,140.83566406958954,3. Emerging Loyalists
13081,2010-12-03,2011-11-28,9,28337.38,3148.597777777778,8,360,371,3148.597777777778,0.9997057312207797,7.320536533909918,2946.1650475213837,21567.508865308737,5884.187576930358,1. VIP Champions
13082,2011-01-05,2011-08-05,7,3613.63,516.2328571428571,6,212,338,516.2328571428571,0.9969739874908778,6.104163836522477,507.3427759648595,3096.9034257656203,844.9172678516608,1. VIP Champions
13083,2011-09-25,2011-12-05,2,303.75,151.875,1,71,75,151.875,0.9997262637781751,4.629805440709893,258.39777457359963,1196.33142258818,326.39089375814297,3. Emerging Loyalists
13085,2011-02-17,2011-07-05,2,416.08000000000004,208.04000000000002,1,138,295,208.04000000000002,0.9992712314719632,1.8304246040012353,292.5996175094816,535.5815390107058,146.1208273037575,3. Emerging Loyalists
13089,2010-12-05,2011-12-07,66,58825.83,891.3004545454546,65,367,369,891.3004545454546,0.9998205241198724,54.85070451512287,886.7316853732185,48637.85765860331,13269.695614387954,1. VIP Champions
13090,2010-12-02,2011-12-01,13,8910.82,685.4476923076923,12,364,372,685.4476923076923,0.9997176732120485,10.614051132018421,672.1815392264134,7134.569227347998,1946.499425431429,1. VIP Champions
13091,2011-11-11,2011-11-11,1,345.82,345.82,0,0,28,345.82,1.0,3.1114702391469247,424.2789907588981,1320.1314528416044,360.16682052790225,3. Emerging Loyalists
13092,2010-12-15,2011-09-30,5,477.83,95.566,4,289,359,95.566,0.9994109541757367,4.114055493016223,141.0377578839605,580.2371625451998,158.30406399014183,3. Emerging Loyalists
13093,2010-12-01,2011-03-09,7,7832.47,1118.9242857142858,6,98,373,1118.9242857142858,0.8430792207485267,4.753127198841045,1051.76611928906,4999.178148412327,1363.9081889084196,1. VIP Champions
13094,2010-12-06,2011-11-18,12,1927.3200000000002,160.61,11,347,368,160.61,0.9995951445191591,9.874921198901633,175.15355713972377,1729.6275744620868,471.8882069285432,3. Emerging Loyalists
13095,2011-09-30,2011-09-30,1,74.39999999999999,74.39999999999999,0,0,70,74.39999999999999,1.0,2.17103808777161,424.2789907588981,921.1258487788666,251.30752513064752,3. Emerging Loyalists
13097,2010-12-14,2011-11-07,9,6010.42,667.8244444444445,8,328,360,667.8244444444445,0.9995335559244337,7.506967311294368,649.7276007982279,4877.483860438013,1330.7067643974208,1. VIP Champions
13098,2011-01-26,2011-12-08,26,28882.44,1110.863076923077,25,316,317,1110.863076923077,0.9997954589234829,24.41904836962034,1093.668783410086,26706.35092243472,7286.1997787653845,1. VIP Champions
13099,2011-09-01,2011-09-01,1,207.35999999999999,207.35999999999999,0,0,99,207.35999999999999,1.0,1.7961846450158359,424.2789907588981,762.0834084039485,207.91653557765056,3. Emerging Loyalists
13101,2011-04-19,2011-04-19,1,101.19,101.19,0,0,234,101.19,1.0,0.9957967248515837,424.2789907588981,422.49562942104603,115.26799638624392,3. Emerging Loyalists
13102,2010-12-09,2011-12-08,20,6424.09,321.2045,19,364,365,321.2045,0.9997855945029938,16.67238152766856,324.5743234400483,5411.4269544773815,1476.3805805231125,1. VIP Champions
13103,2011-10-31,2011-10-31,1,243.94,243.94,0,0,39,243.94,1.0,2.79444162499314,424.2789907588981,1185.6228723867446,323.4693176755397,3. Emerging Loyalists
13104,2010-12-20,2011-12-06,6,1098.48,183.08,5,351,354,183.08,0.9997442954861936,5.026824712449896,210.5320713503025,1058.3078190269653,288.73439951626915,3. Emerging Loyalists
13106,2011-07-29,2011-07-29,1,76.5,76.5,0,0,133,76.5,1.0,1.4937955404378098,424.2789907588981,633.7860642970967,172.91362248920427,3. Emerging Loyalists
13107,2011-01-10,2011-10-26,4,1531.6200000000001,382.90500000000003,3,289,333,382.90500000000003,0.9996066552142843,3.4733283045610843,390.1997984563192,1355.292004412364,369.7595501306923,3. Emerging Loyalists
13108,2010-12-02,2010-12-02,1,350.06,350.06,0,0,372,350.06,1.0,0.6841580715470145,424.2789907588981,290.27389611552127,79.194405997323,3. Emerging Loyalists
13109,2011-07-05,2011-10-11,2,786.54,393.27,1,98,157,393.27,0.9995482017130638,2.9491362442190026,405.39597408409963,1195.5679604318857,326.18260106362834,3. Emerging Loyalists
13110,2011-02-01,2011-11-08,6,1488.67,248.11166666666668,5,280,311,248.11166666666668,0.9995972600315074,5.594887635603992,268.162156659822,1500.3371346329388,409.3317027918168,3. Emerging Loyalists
13113,2010-12-08,2011-12-09,23,12245.96,532.4330434782609,22,366,366,532.4330434782609,0.9998021764998641,19.15130568186785,529.365645373205,10138.043292021503,2765.9266893474455,1. VIP Champions
13115,2011-06-08,2011-11-28,4,2294.78,573.695,3,173,184,573.695,0.9997007472223941,5.519734302728557,547.3509211820033,3021.231655278378,824.2720048958835,1. VIP Champions
13116,2011-07-24,2011-07-24,1,501.14,501.14,0,0,138,501.14,1.0,1.457706418721658,424.2789907588981,618.4742081579927,168.7361426404127,3. Emerging Loyalists
13117,2010-12-02,2011-11-18,8,984.91,123.11375,7,351,372,123.11375,0.9996505055495315,6.4760800731877,148.42035055624623,961.1820746928393,262.2359243432628,3. Emerging Loyalists
13118,2011-02-24,2011-11-20,4,1197.81,299.4525,3,269,288,299.4525,0.999688795652612,3.9115141658554258,321.46111157930693,1257.3996917140907,343.0519348074093,3. Emerging Loyalists
13120,2011-04-15,2011-04-15,1,30.599999999999998,30.599999999999998,0,0,238,30.599999999999998,1.0,0.9828204524325214,424.2789907588981,416.99006965527377,113.76593388194082,3. Emerging Loyalists
13121,2011-03-15,2011-03-15,1,283.73,283.73,0,0,269,283.73,1.0,0.8926692472826567,424.2789907588981,378.74080731859084,103.33052218586509,3. Emerging Loyalists
13122,2011-04-13,2011-09-06,2,922.39,461.195,1,146,240,461.195,0.9994957558889345,2.1567557923834952,446.75910381649135,963.550284956277,262.88203481891884,3. Emerging Loyalists
13124,2010-12-15,2011-09-11,3,3866.33,1288.7766666666666,2,270,359,1288.7766666666666,0.9995049722475241,2.409517051828862,1078.6653291376656,2599.0625037737973,709.0930803311561,1. VIP Champions
13126,2010-12-08,2011-12-05,7,2099.64,299.9485714285714,6,362,366,299.9485714285714,0.99974235363989,5.727074057973085,311.9688111879525,1786.6684854512262,487.45047802416144,3. Emerging Loyalists
13127,2011-09-23,2011-09-23,1,259.17,259.17,0,0,77,259.17,1.0,2.066918162420053,424.2789907588981,876.9499519328164,239.25517058916418,3. Emerging Loyalists
13130,2011-09-06,2011-09-06,1,64.0,64.0,0,0,94,64.0,1.0,1.851296110080502,424.2789907588981,785.4660451808294,214.29593811772355,3. Emerging Loyalists
13131,2011-06-05,2011-11-16,3,1073.3,357.76666666666665,2,164,187,357.76666666666665,0.9996657447906548,4.029317052986398,373.93211599822837,1506.6910516509495,411.0652196210303,3. Emerging Loyalists
13132,2011-03-23,2011-03-23,1,77.3,77.3,0,0,261,77.3,1.0,0.9143123862312016,424.2789907588981,387.92353646853405,105.83581387828322,3. Emerging Loyalists
13133,2011-02-08,2011-03-11,2,109.80000000000001,54.900000000000006,1,31,304,54.900000000000006,0.9971270223411227,1.7824211422248022,199.34456138554384,355.31596080112325,96.93960371074661,3. Emerging Loyalists
13134,2011-04-13,2011-09-15,4,1793.58,448.395,3,155,240,448.395,0.9991358303515901,4.516708406953406,444.14301889399957,2006.064507328193,547.3075229160221,1. VIP Champions
13135,2011-05-27,2011-05-27,1,3096.0,3096.0,0,0,196,3096.0,1.0,1.138612176645241,424.2789907588981,483.0892251728351,131.79953396858,3. Emerging Loyalists
13136,2011-05-11,2011-10-14,4,2607.61,651.9025,3,156,212,651.9025,0.9994092016048323,4.968196113503542,611.7693730430492,3039.390221512976,829.2261426463195,1. VIP Champions
13137,2011-02-04,2011-11-29,8,3650.41,456.30125,7,298,308,456.30125,0.9997055600485539,7.576003722402985,453.61045300933074,3436.5544805195937,937.5830703491071,1. VIP Champions
13138,2010-12-02,2011-11-17,6,962.39,160.39833333333334,5,350,372,160.39833333333334,0.9996694794976488,4.821268407332712,190.43191934801513,918.1233965003164,250.48837663704523,3. Emerging Loyalists
13139,2011-03-25,2011-11-23,6,5064.94,844.1566666666666,5,243,259,844.1566666666666,0.9996717090042346,6.482474990486739,796.3682746789289,5162.437423823229,1408.449642730965,1. VIP Champions
13140,2010-12-08,2011-08-23,3,423.72,141.24,2,258,366,141.24,0.9994262037033059,2.3705527497609435,210.03104777084963,497.88967782835965,135.83748940388134,3. Emerging Loyalists
13141,2011-01-28,2011-09-16,4,2388.75,597.1875,3,231,315,597.1875,0.9993509257368555,3.6352276079948176,566.7013732530402,2060.0884775380277,562.0466926713426,1. VIP Champions
13142,2011-11-20,2011-11-20,1,307.09,307.09,0,0,19,307.09,1.0,3.4298361975782448,424.2789907588981,1455.2074403768343,397.01912705806683,3. Emerging Loyalists
13144,2011-01-11,2011-01-11,1,110.95,110.95,0,0,332,110.95,1.0,0.752410200908424,424.2789907588981,319.2318406781259,87.09490014863384,3. Emerging Loyalists
13145,2010-12-02,2011-10-31,4,618.52,154.63,3,333,372,154.63,0.9996402361768484,3.166241196980552,202.17279211319033,640.1278232973681,174.64382228920556,3. Emerging Loyalists
13146,2011-11-13,2011-11-13,1,228.91,228.91,0,0,26,228.91,1.0,3.177002983208351,424.2789907588981,1347.9356193536476,367.7525334722575,3. Emerging Loyalists
13147,2011-09-01,2011-11-29,4,712.8000000000001,178.20000000000002,3,89,99,178.20000000000002,0.9996807311421174,8.312968071184201,221.5870798779808,1842.0463200125978,502.5590178281006,3. Emerging Loyalists
13148,2010-12-10,2011-11-10,7,3707.12,529.5885714285714,6,335,364,529.5885714285714,0.9996117422970499,5.752777875560171,519.4072624984515,2988.034608106366,815.2149712912967,1. VIP Champions
13149,2011-02-23,2011-11-25,4,1676.06,419.015,3,275,289,419.015,0.9997059255841452,3.9006537425210905,419.9431133136201,1638.0526765927304,446.9041496706249,3. Emerging Loyalists
13151,2011-02-17,2011-02-17,1,1257.8700000000001,1257.8700000000001,0,0,295,1257.8700000000001,1.0,0.8289000198640772,424.2789907588981,351.68486386796127,95.94894430737395,3. Emerging Loyalists
13153,2011-12-04,2011-12-04,1,486.22,486.22,0,0,5,486.22,1.0,4.079081616801313,424.2789907588981,1730.6686315996353,472.1722348853134,3. Emerging Loyalists
13155,2010-12-06,2011-11-06,4,971.76,242.94,3,335,368,242.94,0.999659094604833,3.195285790899839,274.912535537401,878.4241185429046,239.65736227980298,3. Emerging Loyalists
13157,2011-02-14,2011-10-21,4,1741.22,435.305,3,249,298,435.305,0.9995632002205705,3.8044435344221683,433.3609642974316,1648.6973186923199,449.8082899306075,3. Emerging Loyalists
13158,2011-01-25,2011-09-06,4,1201.06,300.265,3,224,318,300.265,0.9992681302882939,3.6067457408613213,322.1303567557555,1161.842292230959,316.9813456432227,3. Emerging Loyalists
13159,2011-08-16,2011-12-01,4,1437.85,359.4625,3,107,115,359.4625,0.99970074407855,7.59009311612295,370.89053070383284,2815.093663930349,768.0321018362175,1. VIP Champions
13160,2011-11-17,2011-11-17,1,91.8,91.8,0,0,22,91.8,1.0,3.316714022998797,424.2789907588981,1407.2120783138141,383.9247212569519,3. Emerging Loyalists
13161,2011-01-30,2011-01-30,1,112.75,112.75,0,0,313,112.75,1.0,0.7898377371533565,424.2789907588981,335.1115579827179,91.42730756167276,3. Emerging Loyalists
13162,2011-01-09,2011-08-09,4,1688.29,422.0725,3,212,334,422.0725,0.9989973435248795,3.4625968341514968,422.46153439299417,1462.8139715399652,399.09439019824447,3. Emerging Loyalists
13165,2010-12-23,2011-10-24,2,1021.48,510.74,1,305,351,510.74,0.9996786453121836,1.5869910807404595,476.92967816454217,756.8831453875463,206.4977661115532,3. Emerging Loyalists
13166,2011-03-01,2011-03-01,1,417.2,417.2,0,0,283,417.2,1.0,0.8571612464969569,424.2789907588981,363.6755085813679,99.22030972572789,3. Emerging Loyalists
13167,2011-07-19,2011-11-21,4,791.3299999999999,197.83249999999998,3,125,143,197.83249999999998,0.9996455034259994,6.587071274733113,237.75810255690521,1566.1295676876398,427.28162086785375,3. Emerging Loyalists
13168,2011-01-25,2011-11-03,4,1319.19,329.7975,3,282,318,329.7975,0.999633222548316,3.6080635002433565,346.45587450771455,1250.0347952561776,341.04259601387173,3. Emerging Loyalists
13169,2011-04-01,2011-10-07,2,712.88,356.44,1,189,252,356.44,0.9996125052195534,2.0763616798130684,382.96823660829557,795.1805710790492,216.946318046303,3. Emerging Loyalists
13170,2011-11-13,2011-11-13,1,116.00999999999999,116.00999999999999,0,0,26,116.00999999999999,1.0,3.177002983208351,424.2789907588981,1347.9356193536476,367.7525334722575,3. Emerging Loyalists
13171,2011-02-13,2011-11-18,3,468.40999999999997,156.13666666666666,2,278,299,156.13666666666666,0.9996975530382392,2.802956554903083,221.3071627052404,620.3143623516567,169.23818543606492,3. Emerging Loyalists
13173,2010-12-07,2011-12-05,2,353.65,176.825,1,363,367,176.825,0.9997355795372818,1.5288344988417226,273.59115089782745,418.27559007041015,114.11665789480088,3. Emerging Loyalists
13174,2010-12-05,2011-11-23,3,2817.03,939.0100000000001,2,353,369,939.0100000000001,0.999715418882145,2.3549958709260035,813.9074996309251,1916.7488009465364,522.9398329246644,3. Emerging Loyalists
13176,2011-10-24,2011-10-24,1,492.84,492.84,0,0,46,492.84,1.0,2.6242848892697914,424.2789907588981,1113.4289442832137,303.7729022235032,3. Emerging Loyalists
13177,2011-10-06,2011-10-06,1,282.45,282.45,0,0,64,282.45,1.0,2.269009670419825,424.2789907588981,962.6931329879034,262.6481810625419,3. Emerging Loyalists
13178,2010-12-14,2011-11-13,11,5725.47,520.4972727272727,10,334,360,520.4972727272727,0.9995491884358688,9.208110867618089,514.6913272670004,4739.334804076045,1293.0160433092155,1. VIP Champions
13182,2011-10-25,2011-10-25,1,121.18,121.18,0,0,45,121.18,1.0,2.6473131629798625,424.2789907588981,1123.1993570118423,306.43852955943316,3. Emerging Loyalists
13183,2011-01-09,2011-12-02,9,3957.78,439.75333333333333,8,327,334,439.75333333333333,0.9997252941027035,7.9928697155680695,438.6034996827237,3505.7006297562116,956.4479710138809,1. VIP Champions
13184,2011-02-22,2011-11-25,9,1701.29,189.03222222222223,8,276,290,189.03222222222223,0.9996656774128723,8.972073336808752,206.51242529748123,1852.8446247312404,505.5050813199092,3. Emerging Loyalists
13185,2011-03-17,2011-03-17,1,71.4,71.4,0,0,267,71.4,1.0,0.8979833991452656,424.2789907588981,380.99549030759806,103.9456594145866,3. Emerging Loyalists
13186,2011-08-03,2011-10-31,3,1575.89,525.2966666666667,2,89,128,525.2966666666667,0.9995221330752774,5.235564230103425,500.74488406436086,2621.6820034146544,715.2642788508515,1. VIP Champions
13187,2011-01-06,2011-01-06,1,236.02,236.02,0,0,337,236.02,1.0,0.7431431353866068,424.2789907588981,315.3000194712327,86.02219519949965,3. Emerging Loyalists
13188,2011-11-28,2011-11-28,1,114.60000000000001,114.60000000000001,0,0,11,114.60000000000001,1.0,3.772994597165539,424.2789907588981,1600.80233982417,436.74127132343676,3. Emerging Loyalists
13189,2011-08-16,2011-11-21,2,260.68,130.34,1,97,115,130.34,0.9996862058906754,3.6229578927548935,245.28397260397054,888.6535045118302,242.4482096703793,3. Emerging Loyalists
13192,2011-05-18,2011-09-05,2,911.94,455.97,1,110,205,455.97,0.9994342337898419,2.4321450547044523,443.5773246063074,1078.844396420262,294.3373216861392,3. Emerging Loyalists
13193,2011-10-09,2011-10-09,1,117.88,117.88,0,0,61,117.88,1.0,2.321387849041361,424.2789907588981,984.9160937512379,268.71119327516493,3. Emerging Loyalists
13194,2011-07-27,2011-07-27,1,60.7,60.7,0,0,135,60.7,1.0,1.4791475603898459,424.2789907588981,627.5712341056901,171.21805222963536,3. Emerging Loyalists
13196,2011-03-22,2011-11-28,3,1797.78,599.26,2,251,262,599.26,0.9997181522584342,3.116380770273613,556.7318418354945,1734.9884060951456,473.35078376549995,3. Emerging Loyalists
13198,2010-12-13,2011-11-29,6,3401.24,566.8733333333333,5,351,361,566.8733333333333,0.9997186393984543,4.944858025814943,550.6439533753394,2722.8561722145164,742.8672714299336,1. VIP Champions
13199,2010-12-08,2011-12-06,33,9817.119999999999,297.4884848484848,32,363,366,297.4884848484848,0.9997771117653323,27.540545810036484,299.9828099950315,8261.690320891636,2254.007908573564,1. VIP Champions
13200,2011-08-05,2011-11-20,4,870.09,217.5225,3,107,126,217.5225,0.9996262991062979,7.1613112098116485,253.97648720216296,1818.8046648294342,496.2180788003186,3. Emerging Loyalists
13203,2011-04-11,2011-11-30,4,869.46,217.365,3,233,242,217.365,0.9997175318735827,4.490270980063279,253.84675659872832,1139.8407245384565,310.978735323333,3. Emerging Loyalists
13207,2011-07-12,2011-11-24,2,250.26000000000005,125.13000000000002,1,135,150,125.13000000000002,0.9997040194562701,3.043892847684534,242.11132768816987,736.9609386934268,201.06246053840312,3. Emerging Loyalists
13208,2011-02-03,2011-10-12,6,1223.9,203.98333333333335,5,251,309,203.98333333333335,0.9993526965162556,5.623117306923474,229.05629108817362,1288.01039467761,351.40334521942805,3. Emerging Loyalists
13209,2010-12-13,2011-11-09,6,5891.61,981.935,5,331,361,981.935,0.9996261515327585,4.944400557736473,918.4653623101354,4541.260649667865,1238.9761685161511,1. VIP Champions
13210,2011-09-07,2011-09-07,1,353.48,353.48,0,0,93,353.48,1.0,1.8627267388723965,424.2789907588981,790.3158208283938,215.61908534787028,3. Emerging Loyalists
13211,2010-12-13,2011-11-29,3,1197.42,399.14000000000004,2,351,361,399.14000000000004,0.9997262131831648,2.398839800615607,405.24989146604184,972.1295688438961,265.2226906631219,3. Emerging Loyalists
13212,2011-10-09,2011-11-20,2,788.08,394.04,1,42,61,394.04,0.9996530015484616,5.128180364884518,405.86486786244257,2081.348246168627,567.8469205625574,1. VIP Champions
13213,2011-05-24,2011-10-14,4,1520.5800000000002,380.14500000000004,3,143,199,380.14500000000004,0.9993811016203556,5.2090808812428175,387.92642407232165,2020.7401189640243,551.3114184150667,1. VIP Champions
13216,2011-03-17,2011-03-17,1,333.74,333.74,0,0,267,333.74,1.0,0.8979833991452656,424.2789907588981,380.99549030759806,103.9456594145866,3. Emerging Loyalists
13217,2011-07-06,2011-08-09,3,533.98,177.99333333333334,2,34,156,177.99333333333334,0.9976715512671572,4.575422382456029,237.8516884659923,1088.2719391122598,296.90940499606944,3. Emerging Loyalists
13218,2011-08-04,2011-08-04,1,62.63999999999999,62.63999999999999,0,0,127,62.63999999999999,1.0,1.539533483744391,424.2789907588981,653.1917127226006,178.20799728699546,3. Emerging Loyalists
13220,2011-04-17,2011-09-22,4,819.29,204.8225,3,158,236,204.8225,0.9992186132976906,4.576330980024243,243.51567029029027,1114.4083060708244,304.04009805497213,3. Emerging Loyalists
13221,2010-12-15,2011-04-13,2,847.4100000000001,423.70500000000004,1,119,359,423.70500000000004,0.9988324300452501,1.5560066160822175,423.929457387822,659.6370404475956,179.9664533778453,3. Emerging Loyalists
13223,2011-04-21,2011-05-23,2,163.20000000000002,81.60000000000001,1,32,232,81.60000000000001,0.9980914342196503,2.2109751086837415,215.6036053878237,476.69420485495004,130.05480307064843,3. Emerging Loyalists
13224,2011-07-11,2011-10-10,2,2155.95,1077.975,1,91,151,1077.975,0.9995348788793473,3.0295417512022405,822.3491097987452,2491.340962199294,679.7037910692874,1. VIP Champions
13225,2010-12-13,2011-12-06,7,6463.84,923.4057142857143,6,358,361,923.4057142857143,0.9997462571793111,5.79369687496742,875.150243746541,5070.355232321311,1383.3271823357522,1. VIP Champions
13226,2011-03-11,2011-03-11,1,108.21000000000001,108.21000000000001,0,0,273,108.21000000000001,1.0,0.8822274272441206,424.2789907588981,374.3105624509547,102.1218340626468,3. Emerging Loyalists
13227,2011-05-22,2011-05-22,1,257.7,257.7,0,0,201,257.7,1.0,1.1175235834512567,424.2789907588981,474.14177813596643,129.35843346743354,3. Emerging Loyalists
13228,2011-09-19,2011-09-19,1,358.0,358.0,0,0,81,358.0,1.0,2.0117853684252966,424.2789907588981,853.5582657390029,232.87329912850208,3. Emerging Loyalists
13229,2011-04-28,2011-04-28,1,160.95,160.95,0,0,225,160.95,1.0,1.0262845234377114,424.2789907588981,435.43096183562886,118.79709762703588,3. Emerging Loyalists
13230,2010-12-09,2011-12-05,13,2806.97,215.92076923076922,12,361,365,215.92076923076922,0.9997486030293488,10.785595259612235,226.50439600587265,2442.9847398422726,666.5109330235375,1. VIP Champions
13232,2011-04-10,2011-11-27,7,1357.6,193.94285714285712,6,231,243,193.94285714285712,0.999683843406321,7.984690433627281,216.21170788934677,1726.3835556222832,471.00315267977896,3. Emerging Loyalists
13233,2011-01-07,2011-09-26,2,605.12,302.56,1,262,336,302.56,0.9996241568601244,1.6456847377110517,350.15785118347014,576.2494314823346,157.2161053516737,3. Emerging Loyalists
13235,2011-05-11,2011-05-11,1,1031.07,1031.07,0,0,212,1031.07,1.0,1.0737707643151575,424.2789907588981,455.5783761900457,124.2938458139448,3. Emerging Loyalists
13236,2011-08-25,2011-11-15,2,744.85,372.425,1,82,106,372.425,0.9996596000272514,3.809223452117678,392.70234965610246,1495.891000011742,408.11867952302896,3. Emerging Loyalists
13238,2010-12-14,2011-11-22,4,700.73,175.1825,3,343,360,175.1825,0.9997053157586393,3.2550276953543125,219.10160625344727,713.1817964515865,194.5748808070898,3. Emerging Loyalists
13239,2011-03-23,2011-03-23,1,329.56,329.56,0,0,261,329.56,1.0,0.9143123862312016,424.2789907588981,387.92353646853405,105.83581387828322,3. Emerging Loyalists
13240,2010-12-09,2011-09-04,4,663.65,165.9125,3,269,365,165.9125,0.9993430962788474,3.216358061871516,211.4660335941512,680.1504819625411,185.56306346740845,3. Emerging Loyalists
13242,2011-05-10,2011-08-19,2,270.4,135.2,1,101,213,135.2,0.9993448178862702,2.3629266393205657,248.2434839841608,586.5811413439218,160.03486940994594,3. Emerging Loyalists
13243,2011-05-20,2011-05-20,1,600.07,600.07,0,0,203,600.07,1.0,1.1093052671581816,424.2789907588981,470.6549191934031,128.40712600765818,3. Emerging Loyalists
13244,2011-09-08,2011-09-08,1,121.74000000000001,121.74000000000001,0,0,92,121.74000000000001,1.0,1.8742993989985457,424.2789907588981,795.2258573871122,216.9586733504308,3. Emerging Loyalists
13245,2011-10-20,2011-10-20,1,430.5,430.5,0,0,50,430.5,1.0,2.5360434181941702,424.2789907588981,1075.9899419921687,293.55855092547347,3. Emerging Loyalists
13246,2011-01-13,2011-11-21,6,1987.3,331.21666666666664,5,312,330,331.21666666666664,0.9996789888202813,5.328872866934694,341.80855825362426,1821.454351763805,496.94098356597084,3. Emerging Loyalists
13247,2011-09-18,2011-11-22,4,501.12,125.28,3,65,82,125.28,0.9996012887299482,9.248382744512552,177.99759712394126,1646.1899058057554,449.12420129294895,3. Emerging Loyalists
13248,2011-06-03,2011-08-07,2,465.67999999999995,232.83999999999997,1,65,189,232.83999999999997,0.9991399628150711,2.5822390482663775,307.7016508898764,794.5592181438676,216.77679651069505,3. Emerging Loyalists
13249,2011-03-23,2011-09-08,3,711.4100000000001,237.13666666666668,2,169,261,237.13666666666668,0.9993549219561765,3.1246897998931464,282.62056456375365,883.1015953324035,240.93350181858955,3. Emerging Loyalists
13253,2011-01-04,2011-07-06,2,1030.4,515.2,1,183,339,515.2,0.999373248787875,1.6331728728075083,479.6456083611777,783.3441961367297,213.7170415069288,3. Emerging Loyalists
13255,2010-12-01,2011-11-30,2,399.51,199.755,1,364,373,199.755,0.9997300388367134,1.5080708179823494,287.55444224510376,433.6524629310319,118.31187602701851,3. Emerging Loyalists
13258,2011-05-18,2011-11-28,3,698.58,232.86,2,194,205,232.86,0.9997123765858776,3.7647536313285883,279.3833178730346,1051.8093604951364,286.96144793428607,3. Emerging Loyalists
13259,2011-10-09,2011-10-09,1,292.32,292.32,0,0,61,292.32,1.0,2.321387849041361,424.2789907588981,984.9160937512379,268.71119327516493,3. Emerging Loyalists
13260,2011-10-09,2011-10-09,1,557.62,557.62,0,0,61,557.62,1.0,2.321387849041361,424.2789907588981,984.9160937512379,268.71119327516493,3. Emerging Loyalists
13261,2011-02-27,2011-03-16,2,944.1,472.05,1,17,285,472.05,0.9965620266529572,1.8770346513163274,453.3692881852085,850.9898637662544,232.17257105299777,3. Emerging Loyalists
13262,2011-03-21,2011-03-21,1,200.29,200.29,0,0,263,200.29,1.0,0.9088038042251323,424.2789907588981,385.5863608544863,105.19817047685149,3. Emerging Loyalists
13263,2011-01-18,2011-12-08,33,7454.07,225.88090909090909,32,324,325,225.88090909090909,0.9998069526664922,30.407644149518738,229.78395625187727,6987.188772975665,1906.2901344968166,1. VIP Champions
13265,2011-03-11,2011-10-17,5,2107.6600000000003,421.53200000000004,4,220,273,421.53200000000004,0.9994392430895737,5.148853073729129,421.9119986681437,2172.362891185672,592.678126005549,1. VIP Champions
13266,2011-03-28,2011-11-28,12,3834.26,319.5216666666667,11,245,256,319.5216666666667,0.9996601947542002,13.279261781991405,325.29991205059764,4319.742689778666,1178.5402027406328,1. VIP Champions
13267,2010-12-08,2011-12-07,14,4521.49,322.9635714285714,13,364,366,322.9635714285714,0.9997650851658072,11.599937802923884,327.73268398039414,3801.678750157881,1037.1986404577704,1. VIP Champions
13268,2011-03-17,2011-11-22,10,3214.69,321.469,9,250,267,321.469,0.9996132771175197,10.671826235634494,328.3160911855228,3503.732275494629,955.9109518446605,1. VIP Champions
13269,2010-12-05,2011-12-08,13,5346.23,411.2484615384615,12,368,369,411.2484615384615,0.9997701104396314,10.687317418185565,411.9103517050118,4402.216676507915,1201.04129042595,1. VIP Champions
13270,2010-12-08,2010-12-08,1,590.0,590.0,0,0,366,590.0,1.0,0.6935956186115332,424.2789907588981,294.2780490592949,80.28684495979309,3. Emerging Loyalists
13271,2011-11-02,2011-11-02,1,217.38,217.38,0,0,37,217.38,1.0,2.847187213956218,424.2789907588981,1208.001717638983,329.5748593049245,3. Emerging Loyalists
13272,2011-09-11,2011-11-08,2,276.56,138.28,1,58,89,138.28,0.99961253466794,4.21898368650359,250.11905909753244,1055.2482300161166,287.8996626089805,3. Emerging Loyalists
13273,2011-08-18,2011-08-18,1,138.98,138.98,0,0,113,138.98,1.0,1.6579856554109837,424.2789907588981,703.4484805705024,191.91937447358197,3. Emerging Loyalists
13276,2011-09-01,2011-10-07,2,590.9300000000001,295.46500000000003,1,36,99,295.46500000000003,0.9993865493266775,3.96689577159606,345.8373299401677,1371.9006417997227,374.290826245832,3. Emerging Loyalists
13277,2011-07-29,2011-11-24,4,258.4,64.6,3,118,133,64.6,0.9996608513947122,6.913335844364235,128.0163081308362,885.0197316640865,241.45682020664424,3. Emerging Loyalists
13278,2011-10-30,2011-10-30,1,542.73,542.73,0,0,40,542.73,1.0,2.7687949586802034,424.2789907588981,1174.7415306871617,320.50059949631554,3. Emerging Loyalists
13279,2011-09-22,2011-09-22,1,137.75,137.75,0,0,78,137.75,1.0,2.0528535961652343,424.2789907588981,870.9826519567602,237.62713312752643,3. Emerging Loyalists
13280,2011-01-06,2011-08-09,3,814.86,271.62,2,215,337,271.62,0.9992967795828556,2.5395660289564037,308.72291609570095,784.0222300770002,213.90202712177162,3. Emerging Loyalists
13282,2011-05-03,2011-11-21,3,1132.14,377.38000000000005,2,202,220,377.38000000000005,0.9996927704674079,3.5692536392934766,388.7785380778783,1387.6492119136647,378.58745323217477,3. Emerging Loyalists
13283,2011-06-07,2011-10-11,2,93.66,46.83,1,126,185,46.83,0.9995786545462753,2.6240623943130865,194.43031100732665,510.1972674289236,139.1953257808995,3. Emerging Loyalists
13284,2011-01-13,2011-01-13,1,201.19,201.19,0,0,330,201.19,1.0,0.7561820657976958,424.2789907588981,320.832163706625,87.53151065113451,3. Emerging Loyalists
13285,2011-02-22,2011-11-16,4,2709.12,677.28,3,267,290,677.28,0.9996747715853386,3.8896659603450576,632.6724739234467,2460.8845858673267,671.394485049289,1. VIP Champions
13291,2011-07-07,2011-07-07,1,361.11,361.11,0,0,155,361.11,1.0,1.3470567862856289,424.2789907588981,571.5278937801913,155.92794482908096,3. Emerging Loyalists
13292,2011-02-28,2011-11-01,2,578.94,289.47,1,246,284,289.47,0.9996798760645974,1.8882417825633862,342.18665695164077,646.1311430917721,176.28168691117827,3. Emerging Loyalists
13294,2011-04-04,2011-06-03,2,873.74,436.87,1,60,249,436.87,0.9986499009681717,2.093934152873671,431.9463230915679,904.4671581296392,246.76259316014165,3. Emerging Loyalists
13295,2010-12-15,2010-12-15,1,201.20000000000002,201.20000000000002,0,0,359,201.20000000000002,1.0,0.7049405522394269,424.2789907588981,299.0914660491643,81.60007258525764,3. Emerging Loyalists
13296,2011-07-25,2011-07-25,1,87.4,87.4,0,0,137,87.4,1.0,1.4647840634087945,424.2789907588981,621.4771041028011,169.55541217791958,3. Emerging Loyalists
13297,2011-10-03,2011-12-02,3,2089.85,696.6166666666667,2,60,67,696.6166666666667,0.9997025586436655,7.585941652079888,630.4265137730088,4782.378749406183,1304.7595715004136,1. VIP Champions
13298,2011-12-08,2011-12-08,1,360.0,360.0,0,0,1,360.0,1.0,4.312307753032661,424.2789907588981,1829.621581298469,499.1692200705172,3. Emerging Loyalists
13299,2011-03-16,2011-03-16,1,142.5,142.5,0,0,268,142.5,1.0,0.8953184377622309,424.2789907588981,379.8648031815926,103.63717802335194,3. Emerging Loyalists
13300,2011-06-23,2011-06-23,1,371.89,371.89,0,0,169,371.89,1.0,1.267804583635346,424.2789907588981,537.9028492243096,146.7541422037949,3. Emerging Loyalists
13301,2011-02-20,2011-08-28,4,618.09,154.5225,3,189,292,154.5225,0.9990875556215608,3.8658419745446535,202.08424582830636,781.225759917267,213.1390760050747,3. Emerging Loyalists
13302,2011-07-07,2011-07-07,1,63.75,63.75,0,0,155,63.75,1.0,1.3470567862856289,424.2789907588981,571.5278937801913,155.92794482908096,3. Emerging Loyalists
13304,2010-12-23,2010-12-23,1,300.42,300.42,0,0,351,300.42,1.0,0.7183692941145534,424.2789907588981,304.78899909910473,83.1545104853869,3. Emerging Loyalists
13305,2010-12-02,2011-12-05,10,2000.86,200.08599999999998,9,368,372,200.08599999999998,0.9997460524096661,8.1317604093176,215.01713499526176,1748.4678256793675,477.0283263948802,3. Emerging Loyalists
13307,2011-08-11,2011-08-11,1,15.0,15.0,0,0,120,15.0,1.0,1.596565537835904,424.2789907588981,677.3892150734547,184.80971673520955,3. Emerging Loyalists
13308,2011-05-20,2011-11-17,3,1385.51,461.83666666666664,2,181,203,461.83666666666664,0.9996748739920972,3.792297523518828,452.7084830527404,1716.8052591568728,468.3899397481465,3. Emerging Loyalists
13309,2011-02-04,2011-12-02,5,1456.79,291.358,4,301,308,291.358,0.9997276117474602,4.672138837986769,309.74532048747375,1447.173141734185,394.82715762118545,3. Emerging Loyalists
13310,2011-01-19,2011-11-11,3,1132.03,377.3433333333333,2,296,324,377.3433333333333,0.9996843197449855,2.624598198945083,388.7507830399999,1020.3146050052743,278.3688445812862,3. Emerging Loyalists
13311,2011-07-12,2011-12-05,2,598.57,299.285,1,146,150,299.285,0.9997310901958552,3.043975272511284,348.1635302431156,1059.8011768502784,289.14182707810437,3. Emerging Loyalists
13313,2011-01-04,2011-11-17,5,1555.3200000000002,311.064,4,317,339,311.064,0.9996748562362354,4.316884627549291,326.7253361605596,1410.435581102394,384.8041781836288,3. Emerging Loyalists
13314,2011-09-27,2011-12-08,3,775.94,258.6466666666667,2,72,73,258.6466666666667,0.9997386586561746,7.265579260688208,298.9026790572922,2171.7011059228057,592.4975734602053,1. VIP Champions
13316,2011-03-30,2011-11-02,4,5977.73,1494.4325,3,217,254,1494.4325,0.9995979154859563,4.322911421135272,1305.7498512131347,5644.640944954942,1540.0075331815958,1. VIP Champions
13317,2010-12-16,2011-10-04,4,2273.6800000000003,568.4200000000001,3,292,358,568.4200000000001,0.9995201137823301,3.269669341736135,543.0059755749066,1775.4499907167926,484.38977556842286,3. Emerging Loyalists
13318,2011-11-02,2011-12-08,3,640.76,213.58666666666667,2,36,37,213.58666666666667,0.999736870422089,9.734065957272021,264.7942606900748,2577.52479866427,703.2170240080766,1. VIP Champions
13319,2010-12-09,2011-12-04,17,10845.55,637.9735294117646,16,360,365,637.9735294117646,0.9997419622729711,14.149026646455754,629.7278031794594,8910.035467200216,2430.8936341943113,1. VIP Champions
13320,2011-05-10,2011-09-22,3,1548.7,516.2333333333333,2,135,213,516.2333333333333,0.9993604148314845,3.656648851680607,493.88434333788763,1805.9616169295175,492.714155219039,3. Emerging Loyalists
13321,2011-09-14,2011-09-28,2,567.36,283.68,1,14,86,283.68,0.999186457603347,4.298829782881316,338.66081931968574,1455.845216386453,397.19312924330296,3. Emerging Loyalists
13322,2011-11-22,2011-11-22,1,199.48000000000002,199.48000000000002,0,0,17,199.48000000000002,1.0,3.5096376394074467,424.2789907588981,1489.0655155772329,406.2565066143778,3. Emerging Loyalists
13323,2011-09-16,2011-12-06,5,787.85,157.57,4,81,84,157.57,0.9997262100603687,11.514200394181147,194.46457671041014,2239.104105813274,610.8868968206459,1. VIP Champions
13324,2010-12-14,2011-11-03,6,7121.95,1186.9916666666666,5,324,360,1186.9916666666666,0.9995912408249753,4.955753982115276,1100.1834974743226,5452.238748665886,1487.5151187702493,1. VIP Champions
13325,2011-09-19,2011-09-19,1,675.3,675.3,0,0,81,675.3,1.0,2.0117853684252966,424.2789907588981,853.5582657390029,232.87329912850208,3. Emerging Loyalists
13327,2010-12-09,2011-11-01,7,3627.77,518.2528571428571,6,327,365,518.2528571428571,0.9995478999062793,5.739154815321609,509.16748277398335,2922.1910105674892,797.2510941890205,1. VIP Champions
13328,2011-01-27,2011-01-27,1,1308.48,1308.48,0,0,316,1308.48,1.0,0.7836825059495045,424.2789907588981,332.5000226996599,90.71481157684428,3. Emerging Loyalists
13329,2010-12-08,2011-11-08,2,789.0,394.5,1,335,366,394.5,0.9997024083452137,1.5322985468455894,406.1449862235305,622.3353721989378,169.78957044350796,3. Emerging Loyalists
13330,2011-01-28,2011-09-08,3,1140.9299999999998,380.30999999999995,2,223,315,380.30999999999995,0.9994445365299106,2.685474457586321,390.99641792288367,1050.0108933396505,286.47077846661983,3. Emerging Loyalists
13332,2011-11-25,2011-11-25,1,350.9,350.9,0,0,14,350.9,1.0,3.6365543175428487,424.2789907588981,1542.9135956869932,420.94768889241357,3. Emerging Loyalists
13334,2011-02-07,2011-09-18,3,3536.82,1178.94,2,223,305,1178.94,0.9994844410639456,2.757396500541435,995.5238515804693,2745.053984553517,748.9234224864089,1. VIP Champions
13336,2011-09-23,2011-09-23,1,795.12,795.12,0,0,77,795.12,1.0,2.066918162420053,424.2789907588981,876.9499519328164,239.25517058916418,3. Emerging Loyalists
13338,2011-07-05,2011-07-05,1,487.02,487.02,0,0,157,487.02,1.0,1.3351337801384466,424.2789907588981,566.4692127652527,154.54780268240796,3. Emerging Loyalists
13339,2011-05-23,2011-05-23,1,860.12,860.12,0,0,200,860.12,1.0,1.1216785755829184,424.2789907588981,475.904654004199,129.83939268939588,3. Emerging Loyalists
13340,2011-03-08,2011-10-25,5,10736.48,2147.296,4,231,276,2147.296,0.9995115709278337,5.104444523668237,1908.946392662226,9744.110960000935,2658.4515169154975,1. VIP Champions
13341,2011-03-24,2011-03-24,1,775.85,775.85,0,0,260,775.85,1.0,0.9170917954606201,424.2789907588981,389.1027814112977,106.15754312785496,3. Emerging Loyalists
13343,2011-06-15,2011-06-15,1,353.43,353.43,0,0,177,353.43,1.0,1.2265683361242166,424.2789907588981,520.4071757476034,141.98085915267464,3. Emerging Loyalists
13344,2011-03-07,2011-10-03,2,2543.7200000000003,1271.8600000000001,1,210,277,1271.8600000000001,0.9996148028925519,1.9263223049652094,940.4159542325293,1811.5442285832628,494.23723951889673,3. Emerging Loyalists
13345,2011-02-25,2011-02-25,1,389.5,389.5,0,0,287,389.5,1.0,0.847529118805428,424.2789907588981,359.58879916554525,98.10534717139285,3. Emerging Loyalists
13347,2011-09-30,2011-09-30,1,341.36,341.36,0,0,70,341.36,1.0,2.17103808777161,424.2789907588981,921.1258487788666,251.30752513064752,3. Emerging Loyalists
13348,2011-10-06,2011-10-06,1,233.76,233.76,0,0,64,233.76,1.0,2.269009670419825,424.2789907588981,962.6931329879034,262.6481810625419,3. Emerging Loyalists
13349,2011-11-29,2011-11-29,1,247.32,247.32,0,0,10,247.32,1.0,3.8207786682348264,424.2789907588981,1621.076117271799,442.27249470856646,3. Emerging Loyalists
13350,2011-09-21,2011-11-23,2,979.1200000000001,489.56000000000006,1,63,79,489.56000000000006,0.9996795635461585,4.504430679319734,464.03205449531794,2090.2002224564767,570.261974115081,1. VIP Champions
13351,2011-10-04,2011-10-04,1,373.94,373.94,0,0,66,373.94,1.0,2.2353845634956913,424.2789907588981,948.4267065579718,258.75592212385556,3. Emerging Loyalists
13352,2011-10-10,2011-10-10,1,397.97999999999996,397.97999999999996,0,0,60,397.97999999999996,1.0,2.339388789492559,424.2789907588981,992.5535145985832,270.7948839392279,3. Emerging Loyalists
13354,2011-09-29,2011-09-29,1,743.53,743.53,0,0,71,743.53,1.0,2.1555261582051517,424.2789907588981,914.5444629576866,249.51194878801928,3. Emerging Loyalists
13355,2011-08-09,2011-08-09,1,674.7,674.7,0,0,122,674.7,1.0,1.579844006873528,424.2789907588981,670.2946207927941,182.8741235338653,3. Emerging Loyalists
13356,2011-09-20,2011-09-20,1,768.24,768.24,0,0,80,768.24,1.0,2.025290976949348,424.2789907588981,859.2884116931722,234.43663469257154,3. Emerging Loyalists
13357,2011-03-27,2011-03-27,1,609.95,609.95,0,0,257,609.95,1.0,0.9255323454801487,424.2789907588981,392.6839294550333,107.13457515142778,3. Emerging Loyalists
13358,2011-03-16,2011-03-16,1,439.03,439.03,0,0,268,439.03,1.0,0.8953184377622309,424.2789907588981,379.8648031815926,103.63717802335194,3. Emerging Loyalists
13359,2011-10-07,2011-10-07,1,439.56,439.56,0,0,63,439.56,1.0,2.286204445354943,424.2789907588981,969.9885147437016,264.6385544044293,3. Emerging Loyalists
13362,2011-02-25,2011-11-30,4,3090.7400000000002,772.6850000000001,3,278,287,772.6850000000001,0.9997215666790026,3.922631407369522,711.256272149999,2789.99619182415,761.1848468054249,1. VIP Champions
13363,2011-10-27,2011-11-22,2,992.5,496.25,1,26,43,496.25,0.9996487758768495,5.9526269935013865,468.10594979027115,2786.4601125401728,760.220110733041,1. VIP Champions
13364,2011-09-29,2011-09-29,1,134.95999999999998,134.95999999999998,0,0,71,134.95999999999998,1.0,2.1555261582051517,424.2789907588981,914.5444629576866,249.51194878801928,3. Emerging Loyalists
13365,2011-05-06,2011-11-06,2,2225.37,1112.685,1,184,217,1112.685,0.9996747431840888,2.3306431936501415,843.485867001709,1965.8645948676217,536.3399222083362,1. VIP Champions
13366,2011-10-20,2011-10-20,1,56.160000000000004,56.160000000000004,0,0,50,56.160000000000004,1.0,2.5360434181941702,424.2789907588981,1075.9899419921687,293.55855092547347,3. Emerging Loyalists
13368,2011-01-06,2011-03-28,2,623.4,311.7,1,81,337,311.7,0.9983989827657709,1.6396188802986373,355.72368122769626,583.2512639102647,159.12639066304058,3. Emerging Loyalists
13369,2010-12-09,2010-12-09,1,308.28000000000003,308.28000000000003,0,0,365,308.28000000000003,1.0,0.6951939152545263,424.2789907588981,294.95617274591734,80.47185505981739,3. Emerging Loyalists
13370,2010-12-03,2010-12-03,1,754.87,754.87,0,0,371,754.87,1.0,0.6857131202602135,424.2789907588981,290.9336706141383,79.3744099529297,3. Emerging Loyalists
13372,2011-09-11,2011-09-11,1,378.64,378.64,0,0,89,378.64,1.0,1.9098965423138645,424.2789907588981,810.3289774268355,221.07920446348734,3. Emerging Loyalists
13373,2011-03-08,2011-10-10,3,3312.25,1104.0833333333333,2,216,276,1104.0833333333333,0.9995604450922425,2.9894323421761717,938.8606801592086,2806.6604820654566,765.7313064929402,1. VIP Champions
13375,2011-09-12,2011-09-12,1,778.65,778.65,0,0,88,778.65,1.0,1.9220646464272801,424.2789907588981,815.4916483595247,222.4877178136208,3. Emerging Loyalists
13376,2011-04-19,2011-09-01,3,1019.76,339.92,2,135,234,339.92,0.9992165382942224,3.4026937065752967,360.42298210726216,1226.4090129214817,334.5968569265592,3. Emerging Loyalists
13379,2011-07-26,2011-11-13,3,572.56,190.85333333333332,2,110,136,190.85333333333332,0.9996241614021044,5.03172248166643,247.58613720550437,1245.7847327258855,339.88306640393387,3. Emerging Loyalists
13381,2011-02-14,2011-11-08,6,3639.31,606.5516666666666,5,267,298,606.5516666666666,0.9995897981568399,5.7930504273536565,585.806295848589,3393.605412512131,925.8654272041099,1. VIP Champions
13382,2011-03-04,2011-03-04,1,222.99,222.99,0,0,280,222.99,1.0,0.8645302550880144,424.2789907588981,366.80202410927546,100.07330595924213,3. Emerging Loyalists
13384,2011-06-14,2011-11-09,6,4151.93,691.9883333333333,5,148,178,691.9883333333333,0.9994784009502592,8.60699294463187,661.5189853879568,5693.689239974177,1553.389206977313,1. VIP Champions
13385,2011-01-14,2011-01-14,1,534.57,534.57,0,0,329,534.57,1.0,0.758082215269023,424.2789907588981,321.6383572066108,87.7514615878349,3. Emerging Loyalists
13388,2011-07-31,2011-07-31,1,677.1,677.1,0,0,131,677.1,1.0,1.5087365397837855,424.2789907588981,640.1252164205366,174.6431110641697,3. Emerging Loyalists
13389,2011-04-21,2011-11-28,3,797.96,265.9866666666667,2,221,232,265.9866666666667,0.9997154049270817,3.427016138789128,304.45873300348336,1043.3849915982275,284.6630570020628,3. Emerging Loyalists
13390,2011-09-26,2011-09-26,1,544.08,544.08,0,0,74,544.08,1.0,2.110292440898814,424.2789907588981,895.3527470306805,244.27594044125516,3. Emerging Loyalists
13391,2011-05-20,2011-05-20,1,59.8,59.8,0,0,203,59.8,1.0,1.1093052671581816,424.2789907588981,470.6549191934031,128.40712600765818,3. Emerging Loyalists
13394,2011-02-03,2011-12-08,8,2520.02,315.0025,7,308,309,315.0025,0.9997564227192776,7.556343653292368,324.1848893582551,2449.652431195539,668.3300558008929,1. VIP Champions
13395,2011-06-07,2011-06-07,1,307.72,307.72,0,0,185,307.72,1.0,1.187930064273342,424.2789907588981,504.0137687620464,137.50830359095482,3. Emerging Loyalists
13396,2011-01-24,2011-11-10,2,1360.99,680.495,1,290,319,680.495,0.9997003619108419,1.7179280083412103,580.3024877003857,996.9178969305732,271.9856030185267,3. Emerging Loyalists
13397,2011-01-04,2011-09-28,5,1544.13,308.826,4,267,339,308.826,0.9993650156276361,4.3155466463527965,324.79692475914044,1401.67627939001,382.4144087095335,3. Emerging Loyalists
13398,2011-05-31,2011-05-31,1,457.34,457.34,0,0,192,457.34,1.0,1.1560648963305065,424.2789907588981,490.4940474668974,133.8197655875493,3. Emerging Loyalists
13402,2010-12-02,2011-08-04,2,621.23,310.615,1,245,372,310.615,0.9995165537691287,1.5111680278402277,355.062967267304,536.559804004431,146.38772390080877,3. Emerging Loyalists
13403,2011-11-22,2011-11-22,1,75.0,75.0,0,0,17,75.0,1.0,3.5096376394074467,424.2789907588981,1489.0655155772329,406.2565066143778,3. Emerging Loyalists
13404,2011-05-11,2011-12-08,2,252.49,126.245,1,211,212,126.245,0.999738294521017,2.372270527807315,242.79031023732875,575.9642974132097,157.13831322659414,3. Emerging Loyalists
13405,2011-01-26,2011-09-26,3,572.451,190.817,2,243,317,190.817,0.9995325491530059,2.671793874762456,247.55863448615224,661.4256432646592,180.454431592759,3. Emerging Loyalists
13408,2010-12-01,2011-12-08,41,28117.04,685.7814634146341,40,372,373,685.7814634146341,0.9998199265790004,33.711258007775776,681.6496162780857,22979.2660852519,6269.3523331898605,1. VIP Champions
13410,2011-02-21,2011-11-15,5,1003.0600000000001,200.61200000000002,4,267,291,200.61200000000002,0.9996528629635464,4.892426760927452,231.5524603296613,1132.8534534754272,309.0724227379303,3. Emerging Loyalists
13411,2011-08-24,2011-08-24,1,213.55,213.55,0,0,107,213.55,1.0,1.7145209822849918,424.2789907588981,727.4352319988309,198.4635954889499,3. Emerging Loyalists
13414,2011-02-16,2011-07-29,3,1390.5,463.5,2,163,296,463.5,0.9990782819145041,2.824246538203768,453.96755249831233,1282.1162886001957,349.79527699168676,3. Emerging Loyalists
13416,2011-09-19,2011-10-27,2,712.5,356.25,1,38,81,356.25,0.9995181166311824,4.443637527206581,382.8525355461071,1701.2578943388733,464.1482068949272,3. Emerging Loyalists
13417,2011-05-18,2011-12-05,2,640.8299999999999,320.41499999999996,1,201,205,320.41499999999996,0.9997329149799483,2.4328719019094915,361.03070626439546,878.3414609971868,239.63481111236456,3. Emerging Loyalists
13418,2010-12-02,2011-11-28,13,6127.43,471.34076923076924,12,361,372,471.34076923076924,0.9996913450299425,10.613771604429209,468.950250176286,4977.330849211037,1357.9476671183259,1. VIP Champions
13419,2011-10-07,2011-10-07,1,221.06,221.06,0,0,63,221.06,1.0,2.286204445354943,424.2789907588981,969.9885147437016,264.6385544044293,3. Emerging Loyalists
13420,2011-06-22,2011-07-13,2,159.85,79.925,1,21,170,79.925,0.9984533745896961,2.785641103189134,214.58360918168816,597.7529218071838,163.08282697540486,3. Emerging Loyalists
13421,2011-02-22,2011-10-30,2,1851.08,925.54,1,250,290,925.54,0.999677390291311,1.8566752250671408,729.5233655108227,1354.4879588515448,369.5401852086791,3. Emerging Loyalists
13422,2011-10-06,2011-10-06,1,2626.3,2626.3,0,0,64,2626.3,1.0,2.269009670419825,424.2789907588981,962.6931329879034,262.6481810625419,3. Emerging Loyalists
13425,2011-02-18,2011-08-23,3,1624.21,541.4033333333333,2,186,294,541.4033333333333,0.9993051418023633,2.8404537051142684,512.9369152487367,1456.9735614081576,397.5009716464599,3. Emerging Loyalists
13426,2010-12-15,2011-12-09,10,3641.32,364.132,9,359,359,364.132,0.9997677986022444,8.378958901071712,368.13775787645244,3084.611143179484,841.5636076335443,1. VIP Champions
13427,2011-05-08,2011-11-20,3,582.6,194.20000000000002,2,196,215,194.20000000000002,0.9996884540794331,3.632085946389447,250.1194152082183,908.4552128969166,247.85064011374587,3. Emerging Loyalists
13428,2011-11-29,2011-11-29,1,218.47,218.47,0,0,10,218.47,1.0,3.8207786682348264,424.2789907588981,1621.076117271799,442.27249470856646,3. Emerging Loyalists
13429,2011-09-25,2011-11-29,4,1006.8000000000001,251.70000000000002,3,65,75,251.70000000000002,0.9996675062322534,9.698726592015937,282.12802814748017,2736.282608946987,746.5303589342452,1. VIP Champions
13430,2011-09-14,2011-11-21,2,679.45,339.725,1,68,86,339.725,0.9996742333185679,4.300928354930608,372.78958790050126,1603.3413090241622,437.43396935908396,3. Emerging Loyalists
13431,2011-09-12,2011-10-03,2,1269.1,634.55,1,21,88,634.55,0.9992816519808098,4.244457742915193,552.3241440043275,2344.3164896181743,639.5916213945547,1. VIP Champions
13434,2011-09-04,2011-09-26,2,534.24,267.12,1,22,96,267.12,0.9992291368718769,4.038402779457357,328.57655832051887,1326.9244863861156,362.02013997438587,3. Emerging Loyalists
13435,2011-06-03,2011-12-04,7,3809.89,544.27,6,184,189,544.27,0.9997235258505189,9.65655198996435,532.6692935291206,5143.748726421535,1403.350871159022,1. VIP Champions
13436,2011-12-08,2011-12-08,1,196.89,196.89,0,0,1,196.89,1.0,4.312307753032661,424.2789907588981,1829.621581298469,499.1692200705172,3. Emerging Loyalists
13437,2011-06-02,2011-11-25,7,3408.06,486.86571428571426,6,176,190,486.86571428571426,0.999646517491534,9.618521170517147,480.81484253122466,4624.727741985453,1261.748201705744,1. VIP Champions
13439,2011-03-29,2011-03-29,1,283.71,283.71,0,0,255,283.71,1.0,0.9312462266828228,424.2789907588981,395.10820920502005,107.79598286786651,3. Emerging Loyalists
13441,2011-09-09,2011-09-09,1,296.64,296.64,0,0,91,296.64,1.0,1.8860167542248305,424.2789907588981,800.1972850368838,218.3150104684114,3. Emerging Loyalists
13447,2011-11-04,2011-11-16,3,1129.14,376.38000000000005,2,12,35,376.38000000000005,0.9994807569480154,9.91879124686432,388.02158249937816,3848.7050760892735,1050.0286675398163,1. VIP Champions
13448,2010-12-01,2011-11-23,5,3539.3700000000003,707.874,4,357,373,707.874,0.9997027101632161,3.9848969925068736,668.6435346400689,2664.475610246376,726.9395080701281,1. VIP Champions
13449,2011-11-16,2011-11-16,1,291.88,291.88,0,0,23,291.88,1.0,3.280646809701304,424.2789907588981,1391.9095174564682,379.74977740718487,3. Emerging Loyalists
13450,2011-05-05,2011-11-13,6,2043.72,340.62,5,192,218,340.62,0.9995734377612058,7.407946042540128,350.14165088327417,2593.830456989218,707.6656394113909,1. VIP Champions
13451,2011-01-09,2011-11-13,5,2976.15,595.23,4,308,334,595.23,0.9996566982388356,4.370370021532637,571.5818841032229,2498.0243311358677,681.5271911065481,1. VIP Champions
13452,2011-03-14,2011-03-25,2,590.0,295.0,1,11,270,295.0,0.9963753288711541,1.9597320572313064,345.5541668142853,677.1935782158093,184.75634181951872,3. Emerging Loyalists
13453,2011-02-23,2011-06-27,2,356.98,178.49,1,124,289,178.49,0.9991965979393593,1.8609666011359083,274.60505757437414,511.03084064891345,139.4227466302965,3. Emerging Loyalists
13455,2010-12-08,2011-11-15,2,1058.3400000000001,529.1700000000001,1,342,366,529.1700000000001,0.9997115991198365,1.532312634048422,488.15268119682753,748.0025207425105,204.07489652851322,3. Emerging Loyalists
13456,2011-05-16,2011-11-22,6,1766.72,294.4533333333333,5,190,207,294.4533333333333,0.9996447170679604,7.703783177998237,309.22944495606714,2382.236596194282,649.9372306823251,1. VIP Champions
13458,2010-12-15,2011-12-02,14,9646.57,689.0407142857142,13,352,359,689.0407142857142,0.9997231475429185,11.789179927930181,676.5778683806868,7976.298225595381,2176.1453871213303,1. VIP Champions
13460,2011-10-21,2011-11-10,2,183.44,91.72,1,20,49,91.72,0.999564754381707,5.649371617290123,221.766209331759,1252.8397286728593,341.80785613119116,3. Emerging Loyalists
13461,2011-06-29,2011-11-01,3,1445.0,481.6666666666667,2,125,163,481.6666666666667,0.9995752976836,4.445813893153447,467.71891217439867,2079.3912378355585,567.3129968631025,1. VIP Champions
13462,2011-04-01,2011-04-01,1,151.5,151.5,0,0,252,151.5,1.0,0.9399505673323167,424.2789907588981,398.80127807100905,108.80354985567728,3. Emerging Loyalists
13464,2011-10-12,2011-10-12,1,674.68,674.68,0,0,58,674.68,1.0,2.3762413814651504,424.2789907588981,1008.1892951275638,275.06073893985916,3. Emerging Loyalists
13466,2011-06-08,2011-06-08,1,307.9,307.9,0,0,184,307.9,1.0,1.1926261963429565,424.2789907588981,506.00623893701305,138.05190221999266,3. Emerging Loyalists
13467,2011-11-03,2011-11-29,2,1083.71,541.855,1,26,36,541.855,0.9996878333017525,6.349870937795309,495.8772494803076,3148.7565351888793,859.0641692948926,1. VIP Champions
13468,2010-12-01,2011-12-08,36,5704.97,158.4713888888889,35,372,373,158.4713888888889,0.9998131233392202,29.582460355112207,163.260430434973,4829.6452109011425,1317.6551139235564,1. VIP Champions
13470,2011-08-16,2011-09-01,2,165.0,82.5,1,16,115,82.5,0.9989347336952241,3.6202344860442146,216.1516630508219,782.5197047923945,213.49209843371986,3. Emerging Loyalists
13471,2011-10-23,2011-12-08,4,2531.58,632.895,3,46,47,632.895,0.999739045852748,12.041482809824569,596.1131543460081,7178.086300767756,1958.3720354950228,1. VIP Champions
13473,2011-01-11,2011-10-10,2,422.64,211.32,1,272,332,211.32,0.9996504330963435,1.6621459039817508,294.5969832146306,489.66316897557886,133.5930799314966,3. Emerging Loyalists
13474,2011-04-17,2011-04-17,1,229.59,229.59,0,0,236,229.59,1.0,0.9892660378020449,424.2789907588981,419.72479611070554,114.51203968098552,3. Emerging Loyalists
13475,2011-02-14,2011-06-01,4,1431.78,357.945,3,107,298,357.945,0.9958128910340109,3.7901694599727067,369.6405866358198,1401.0004626334796,382.23002800113125,3. Emerging Loyalists
13476,2011-03-03,2011-06-14,2,1238.47,619.235,1,103,281,619.235,0.9990486525875617,1.9032260915670423,542.998029438975,1033.448017297746,281.95198725838833,3. Emerging Loyalists
13477,2011-02-21,2011-11-02,6,1454.58,242.42999999999998,5,254,291,242.42999999999998,0.9995385766559136,5.905403202062074,263.1271490783834,1553.8719087169502,423.93740688894604,3. Emerging Loyalists
13479,2011-04-19,2011-05-23,2,300.95,150.475,1,34,234,150.475,0.9981361115629638,2.1964775668201546,257.545240431158,565.6923430483416,154.33585205029328,3. Emerging Loyalists
13481,2011-03-28,2011-10-25,4,1804.56,451.14,3,211,256,451.14,0.9995535246291427,4.2961147602612355,446.4040379824319,1917.8029766165428,523.2274399644988,3. Emerging Loyalists
13482,2011-04-21,2011-04-21,1,184.64,184.64,0,0,232,184.64,1.0,1.00241421018981,424.2789907588981,425.3032894217105,116.03400038788027,3. Emerging Loyalists
13483,2011-10-05,2011-10-05,1,140.34,140.34,0,0,65,140.34,1.0,2.252071611977849,424.2789907588981,955.5066706467267,260.687523821406,3. Emerging Loyalists
13484,2011-04-12,2011-04-12,1,313.8,313.8,0,0,241,313.8,1.0,0.9733080364592908,424.2789907588981,412.95415140647265,112.6648285030391,3. Emerging Loyalists
13485,2011-04-20,2011-04-20,1,454.24,454.24,0,0,233,454.24,1.0,0.9990945099407352,424.2789907588981,423.89481035041103,115.64972999738389,3. Emerging Loyalists
13486,2011-07-07,2011-09-22,3,1122.4099999999999,374.1366666666666,2,77,155,374.1366666666666,0.9991413235546223,4.602622712535194,386.323478818276,1778.1012179946058,485.1131005805582,3. Emerging Loyalists
13487,2010-12-21,2011-10-13,3,575.4,191.79999999999998,2,296,353,191.79999999999998,0.9996139693120992,2.4440453929083543,248.30272181981786,606.8631233103306,165.56833120507383,3. Emerging Loyalists
13488,2010-12-07,2011-11-22,12,8968.31,747.3591666666666,11,350,367,747.3591666666666,0.9996380569858875,9.897997118835473,729.538584179858,7220.970804291545,1970.0720637390539,1. VIP Champions
13489,2011-02-18,2011-08-26,4,449.52,112.38,3,189,294,112.38,0.9990680761079783,3.8444652204665903,167.37204293786584,643.455997953066,175.5518364731901,3. Emerging Loyalists
13491,2010-12-02,2011-10-19,10,1215.82,121.582,9,321,372,121.582,0.999223464588209,8.127509770921305,141.74146000980045,1152.0051011743046,314.2974994109598,3. Emerging Loyalists
13492,2011-05-09,2011-07-26,3,1269.8400000000001,423.28000000000003,2,78,214,423.28000000000003,0.9983700988735402,3.640115221018578,423.5227991310358,1541.671787565277,420.60889075080314,3. Emerging Loyalists
13493,2011-02-25,2011-03-09,2,618.63,309.315,1,12,287,309.315,0.9961263545968405,1.8656723236158625,354.27132842075105,660.954212485221,180.32581279152993,3. Emerging Loyalists
13494,2011-02-01,2011-02-01,1,316.26000000000005,316.26000000000005,0,0,311,316.26000000000005,1.0,0.7939952236689067,424.2789907588981,336.8754921656293,91.90855551990614,3. Emerging Loyalists
13495,2010-12-06,2011-12-02,5,2044.87,408.974,4,361,368,408.974,0.9997310008243017,4.030609090474225,411.09118080441624,1656.9478503640632,452.0592534641861,3. Emerging Loyalists
13496,2010-12-15,2011-11-29,2,653.3299999999999,326.66499999999996,1,349,359,326.66499999999996,0.9997285212128906,1.5574025697412293,364.83666225743855,568.1975553355477,155.01934030616982,3. Emerging Loyalists
13497,2010-12-06,2011-03-02,2,348.05,174.025,1,86,368,174.025,0.9982753619870713,1.523107784439219,271.88608261294416,414.1118089084598,112.9806681270807,3. Emerging Loyalists
13499,2011-03-15,2011-11-22,5,1159.1100000000001,231.82200000000003,4,252,269,231.82200000000003,0.999680800894174,5.2110527650176355,258.4450965398009,1346.7710349289791,367.43480400026715,3. Emerging Loyalists
13500,2011-08-09,2011-11-16,3,1166.77,388.92333333333335,2,99,122,388.92333333333335,0.9996318490315933,5.400660066749587,397.5163286390318,2146.8505619617245,585.71768696664,1. VIP Champions
13501,2011-02-24,2011-02-24,1,1340.32,1340.32,0,0,288,1340.32,1.0,0.8451548166695868,424.2789907588981,358.58143265159384,97.83051090894703,3. Emerging Loyalists
13502,2011-01-20,2011-11-23,3,292.0,97.33333333333333,2,307,323,97.33333333333333,0.9997118096874833,2.631366655505703,176.7956515041691,465.21418220647723,126.92274887408436,3. Emerging Loyalists
13503,2011-09-29,2011-09-29,1,216.85,216.85,0,0,71,216.85,1.0,2.1555261582051517,424.2789907588981,914.5444629576866,249.51194878801928,3. Emerging Loyalists
13504,2011-10-06,2011-10-06,1,295.93,295.93,0,0,64,295.93,1.0,2.269009670419825,424.2789907588981,962.6931329879034,262.6481810625419,3. Emerging Loyalists
13505,2011-04-21,2011-09-28,4,4393.63,1098.4075,3,160,232,1098.4075,0.9992815917478246,4.637446512423925,979.5494561324751,4542.608209088299,1239.3438184125953,1. VIP Champions
13506,2010-12-05,2011-01-27,2,458.52,229.26,1,53,369,229.26,0.9973204584904903,1.5181764388898404,305.52159929706136,463.8356936247414,126.54666068335978,3. Emerging Loyalists
13507,2011-07-17,2011-12-06,4,2479.16,619.79,3,142,145,619.79,0.9997335384202928,6.526072813176562,585.318744453875,3819.832745223073,1042.151531072137,1. VIP Champions
13508,2011-04-10,2011-04-10,1,110.97,110.97,0,0,243,110.97,1.0,0.9670680674603128,424.2789907588981,410.3066636572195,111.94252373332652,3. Emerging Loyalists
13509,2011-02-28,2011-12-01,7,979.72,139.96,6,276,284,139.96,0.9997171261677797,7.057418024614321,167.44790244155809,1181.7498448749125,322.41265320341375,3. Emerging Loyalists
13510,2011-06-09,2011-12-08,4,1791.56,447.89,3,182,183,447.89,0.9997436805280443,5.541879544696851,443.7270572766377,2459.0819021499265,670.902665191868,1. VIP Champions
13512,2011-03-24,2011-03-24,1,251.21,251.21,0,0,260,251.21,1.0,0.9170917954606201,424.2789907588981,389.1027814112977,106.15754312785496,3. Emerging Loyalists
13513,2011-08-05,2011-08-05,1,205.1,205.1,0,0,126,205.1,1.0,1.5474301773016603,424.2789907588981,656.5421138954111,179.12207545345885,3. Emerging Loyalists
13514,2011-09-27,2011-09-27,1,152.20000000000002,152.20000000000002,0,0,73,152.20000000000002,1.0,2.1251579208431304,424.2789907588981,901.6598578586016,245.99668730227404,3. Emerging Loyalists
13515,2011-04-06,2011-09-28,4,891.12,222.78,3,175,247,222.78,0.9993211684711822,4.4174611168631115,258.30701829776694,1141.0612095432336,311.3117159539561,3. Emerging Loyalists
13516,2011-04-15,2011-11-18,3,1389.41,463.1366666666667,2,217,238,463.1366666666667,0.99968703266447,3.359934375211768,453.69252530479065,1524.377111548201,415.89044512955644,3. Emerging Loyalists
13517,2011-06-13,2011-10-11,3,2128.42,709.4733333333334,2,120,179,709.4733333333334,0.9994479610846212,4.158410246984181,640.1584393272592,2662.0414137918756,726.2753948140804,1. VIP Champions
13518,2011-09-15,2011-09-15,1,659.4399999999999,659.4399999999999,0,0,85,659.4399999999999,1.0,1.9595173736611893,424.2789907588981,831.382053671496,226.8230411981164,3. Emerging Loyalists
13519,2011-09-22,2011-09-22,1,122.75,122.75,0,0,78,122.75,1.0,2.0528535961652343,424.2789907588981,870.9826519567602,237.62713312752643,3. Emerging Loyalists
13520,2010-12-03,2011-10-12,6,3624.35,604.0583333333333,5,313,371,604.0583333333333,0.9994411216058697,4.831123008358216,583.5967413335312,2819.427644659301,769.2145265531016,1. VIP Champions
13521,2011-11-29,2011-12-08,3,1093.65,364.55,2,9,10,364.55,0.999734432825935,13.062583556219009,379.0667980057212,4951.591722338126,1350.9253516746435,1. VIP Champions
13522,2011-11-09,2011-11-09,1,125.80000000000001,125.80000000000001,0,0,30,125.80000000000001,1.0,3.048586372942482,424.2789907588981,1293.451149553366,352.8877272335484,3. Emerging Loyalists
13523,2010-12-08,2011-11-06,4,3964.88,991.22,3,333,366,991.22,0.999658604326119,3.2099765619548815,891.2605732394552,2860.925550693123,780.5362542814996,1. VIP Champions
13524,2011-05-04,2011-10-30,5,680.1800000000001,136.036,4,179,219,136.036,0.9994879872306158,6.1146978386855215,175.90943322597744,1075.6330311512793,293.46117619623845,3. Emerging Loyalists
13525,2011-04-05,2011-11-25,2,628.78,314.39,1,234,248,314.39,0.9997176351495313,2.1027863235255997,357.361764687102,751.4554313350117,205.01694197935933,3. Emerging Loyalists
13527,2011-01-17,2011-11-06,6,2287.51,381.2516666666667,5,293,326,381.2516666666667,0.9995922039834965,5.382374404572559,386.14882302404607,2078.3975414004444,567.0418901601795,1. VIP Champions
13529,2011-05-19,2011-09-22,2,307.76,153.88,1,126,204,153.88,0.9995193324199271,2.4412631888975067,259.61872525616786,633.797637116378,172.91677986077977,3. Emerging Loyalists
13531,2010-12-08,2011-05-18,2,483.79999999999995,241.89999999999998,1,161,366,241.89999999999998,0.9991676279159062,1.5314788596388076,313.2187646973916,479.6879165762373,130.87156690875884,3. Emerging Loyalists
13532,2011-11-06,2011-11-06,1,210.31,210.31,0,0,33,210.31,1.0,2.958886235150211,424.2789907588981,1255.3932656199272,342.5045286340289,3. Emerging Loyalists
13533,2011-03-17,2011-06-10,2,270.78999999999996,135.39499999999998,1,85,267,135.39499999999998,0.9989195448097946,1.9822805919324136,248.36222981114375,492.32362792368815,134.31892358776506,3. Emerging Loyalists
13534,2010-12-16,2011-12-07,18,5870.08,326.11555555555555,17,356,358,326.11555555555555,0.9997719222935532,15.236118538760824,329.68863915486406,5023.175187046252,1370.4552165459036,1. VIP Champions
13536,2011-09-25,2011-12-08,7,3448.29,492.61285714285714,6,74,75,492.61285714285714,0.999746311225923,17.303880462929737,486.00635278094563,8409.795832745942,2294.41501439049,1. VIP Champions
13538,2011-01-28,2011-10-27,7,1280.8500000000001,182.97857142857146,6,272,315,182.97857142857146,0.9994559486176379,6.485923187678213,206.30744709724934,1338.0942549187457,365.06754863188775,3. Emerging Loyalists
13539,2011-02-03,2011-09-15,3,631.34,210.4466666666667,2,224,309,210.4466666666667,0.9994738168496271,2.7281855558659633,262.4174201735843,715.9234153251821,195.3228670403371,3. Emerging Loyalists
13544,2011-04-13,2011-10-31,2,291.40999999999997,145.70499999999998,1,201,240,145.70499999999998,0.9996673449847184,2.157126054862412,254.64053481726756,549.291732278427,149.86133110542752,3. Emerging Loyalists
13546,2011-05-23,2011-11-27,3,626.99,208.99666666666667,2,188,200,208.99666666666667,0.9997085624516137,3.8347264353854142,261.319834584759,1002.090077772719,273.39671092380473,3. Emerging Loyalists
13548,2011-04-10,2011-09-04,2,682.41,341.205,1,147,243,341.205,0.9994911116833012,2.136005122148438,373.69083827965386,798.2055446652843,217.771610949059,3. Emerging Loyalists
13549,2011-04-11,2011-11-14,7,918.2,131.17142857142858,6,217,242,131.17142857142858,0.9995714114614492,8.009467137501662,159.5090083186938,1277.5821602640572,348.55824670718187,3. Emerging Loyalists
13551,2011-01-24,2011-01-24,1,91.80000000000001,91.80000000000001,0,0,319,91.80000000000001,1.0,0.7776224687302201,424.2789907588981,329.92887622430055,90.01333472834683,3. Emerging Loyalists
13552,2011-01-28,2011-10-04,8,3740.0699999999997,467.50874999999996,7,249,315,467.50874999999996,0.9989567591458236,7.43231369687259,463.8761984927085,3447.6734237105456,940.6166125074243,1. VIP Champions
13555,2011-05-22,2011-09-27,2,4149.28,2074.64,1,128,201,2074.64,0.9995376296879325,2.4684376161180763,1429.271210567744,3528.066819800039,962.5500599672716,1. VIP Champions
13557,2011-03-04,2011-11-11,2,584.06,292.03,1,252,280,292.03,0.9996970889580351,1.909918934377429,343.74557652639123,656.5261852162402,179.11772968795202,3. Emerging Loyalists
13558,2011-10-02,2011-12-04,4,605.06,151.265,3,63,68,151.265,0.9997089536708935,10.194852069399417,199.40108747472956,2032.8645892822408,554.6192950024302,1. VIP Champions
13560,2011-12-02,2011-12-02,1,174.37,174.37,0,0,7,174.37,1.0,3.971679781989077,424.2789907588981,1685.100289519846,459.73998440883395,3. Emerging Loyalists
13561,2011-05-08,2011-05-08,1,141.85999999999999,141.85999999999999,0,0,215,141.85999999999999,1.0,1.0624264878059033,424.2789907588981,450.7652380018094,122.9806942529491,3. Emerging Loyalists
13562,2011-04-08,2011-09-19,3,1799.33,599.7766666666666,2,164,245,599.7766666666666,0.9994047690371244,3.2840941261331635,557.1229355510529,1829.644160177278,499.1753801865982,3. Emerging Loyalists
13563,2011-07-22,2011-09-16,2,777.53,388.765,1,56,140,388.765,0.9993352437419626,3.1883854718565336,402.6526410043142,1283.8118307828197,350.25786580106035,3. Emerging Loyalists
13564,2010-12-06,2011-07-18,3,1749.02,583.0066666666667,2,224,368,583.0066666666667,0.9992073499114968,2.359185800068723,544.4287904996052,1284.4086716952581,350.4206998077278,3. Emerging Loyalists
13565,2011-01-09,2011-11-20,2,240.21999999999997,120.10999999999999,1,315,334,120.10999999999999,0.9997160197465348,1.6540047182757882,239.05438383455768,395.3970787868697,107.87479413974256,3. Emerging Loyalists
13566,2011-09-18,2011-10-30,2,874.71,437.355,1,42,82,437.355,0.9995438570765534,4.414315199331397,432.241665276628,1908.050952814933,520.5668296148417,3. Emerging Loyalists
13568,2011-06-19,2011-06-19,1,192.85,192.85,0,0,173,192.85,1.0,1.2468456070555445,424.2789907588981,529.010395793692,144.32804541479413,3. Emerging Loyalists
13569,2010-12-07,2011-11-22,2,373.75,186.875,1,350,367,186.875,0.9997204056274295,1.5288112943091048,279.71112813464066,427.62553183617985,116.66756961700071,3. Emerging Loyalists
13570,2011-04-10,2011-04-10,1,239.49,239.49,0,0,243,239.49,1.0,0.9670680674603128,424.2789907588981,410.3066636572195,111.94252373332652,3. Emerging Loyalists
13571,2011-03-31,2011-11-27,12,2092.32,174.36,11,241,253,174.36,0.9996456399765118,13.402802125897294,188.14512927114595,2521.671938572536,687.9788846596588,1. VIP Champions
13572,2011-05-18,2011-05-18,1,1384.25,1384.25,0,0,205,1384.25,1.0,1.1012069441294743,424.2789907588981,467.2189708719436,127.4697083135532,3. Emerging Loyalists
13573,2011-03-31,2011-10-20,2,294.4,147.2,1,203,253,147.2,0.999646145971186,2.06998219594116,255.55091949080344,528.9858535023559,144.3213496277799,3. Emerging Loyalists
13575,2011-06-16,2011-11-16,5,732.0699999999999,146.414,4,153,176,146.414,0.9995995784672098,7.188870753719497,184.8518163912715,1328.8758166271382,362.55251453996135,3. Emerging Loyalists
13576,2010-12-01,2011-11-29,18,6717.34,373.18555555555554,17,363,373,373.18555555555554,0.999684586664762,14.717722235055753,375.04532253476646,5519.812882623589,1505.9511320362647,1. VIP Champions
13577,2011-04-12,2011-11-14,4,1687.6,421.9,3,216,241,421.9,0.999651754896446,4.50446123621294,422.3194484939943,1902.3215850400245,519.0037063586825,3. Emerging Loyalists
13579,2010-12-05,2011-11-25,2,467.03999999999996,233.51999999999998,1,355,369,233.51999999999998,0.9997241011370112,1.5218353968530431,308.1157389019195,468.90143778847124,127.92872984407181,3. Emerging Loyalists
13581,2011-02-03,2011-02-03,1,118.0,118.0,0,0,309,118.0,1.0,0.7981967094936234,424.2789907588981,338.65809433102794,92.39489659813422,3. Emerging Loyalists
13583,2011-07-07,2011-07-07,1,781.03,781.03,0,0,155,781.03,1.0,1.3470567862856289,424.2789907588981,571.5278937801913,155.92794482908096,3. Emerging Loyalists
13584,2011-02-06,2011-02-06,1,142.4,142.4,0,0,306,142.4,1.0,0.8045829770785532,424.2789907588981,341.3676534966782,93.13413609403736,3. Emerging Loyalists
13587,2011-10-07,2011-10-07,1,712.4,712.4,0,0,63,712.4,1.0,2.286204445354943,424.2789907588981,969.9885147437016,264.6385544044293,3. Emerging Loyalists
13588,2011-03-29,2011-11-24,9,2478.95,275.43888888888887,8,240,255,275.43888888888887,0.9996424081728608,9.9411692860188,286.4985740977983,2848.1308253092143,777.0455143622811,1. VIP Champions
13589,2011-06-13,2011-11-25,2,379.65,189.825,1,165,179,189.825,0.9997108824583151,2.6879137271276887,281.50753936335695,756.6679793447054,206.4390631169622,3. Emerging Loyalists
13590,2011-02-09,2011-11-28,6,1981.92,330.32,5,292,303,330.32,0.9997078054047948,5.715853026031369,341.01394573417167,1949.1855936435622,531.7894489751444,1. VIP Champions
13591,2011-03-18,2011-10-06,3,1117.1299999999999,372.3766666666666,2,202,266,372.3766666666666,0.9995336292276186,3.0785973899590333,384.99123700011575,1185.233017385656,323.3629549069633,3. Emerging Loyalists
13592,2011-03-20,2011-11-04,4,247.95999999999998,61.989999999999995,3,229,264,61.989999999999995,0.9996139119244432,4.19314547616219,125.86648670249072,527.7764893169774,143.99140305119428,3. Emerging Loyalists
13593,2011-01-07,2011-08-23,5,2037.0800000000002,407.41600000000005,4,228,336,407.41600000000005,0.9988889395612269,4.345445811176629,409.74870316214145,1780.5407857909834,485.7786792809158,3. Emerging Loyalists
13594,2011-10-18,2011-10-18,1,396.97,396.97,0,0,52,396.97,1.0,2.4941112247051773,424.2789907588981,1058.198993258352,288.7047089646286,3. Emerging Loyalists
13596,2011-11-27,2011-12-04,2,697.04,348.52,1,7,12,348.52,0.9997078940995151,8.232426291555516,378.1453291739114,3113.0535499202233,849.3234494143935,1. VIP Champions
13598,2011-10-23,2011-10-23,1,180.17000000000002,180.17000000000002,0,0,47,180.17000000000002,1.0,2.6016537942746067,424.2789907588981,1103.8270461388881,301.15325012883454,3. Emerging Loyalists
13599,2010-12-08,2011-12-08,15,5153.67,343.57800000000003,14,365,366,343.57800000000003,0.9997747920584554,12.439020506683285,347.1173123317916,4317.799366319942,1178.010012637307,1. VIP Champions
13600,2011-01-31,2011-01-31,1,219.52,219.52,0,0,312,219.52,1.0,0.7919110238085244,424.2789907588981,335.99120995232647,91.66729991423968,3. Emerging Loyalists
13601,2011-05-12,2011-10-25,2,693.3199999999999,346.65999999999997,1,166,211,346.65999999999997,0.9996419479832229,2.380514719147133,377.0126766703818,897.4842261189028,244.85746438311284,3. Emerging Loyalists
13602,2011-10-06,2011-10-06,1,428.89,428.89,0,0,64,428.89,1.0,2.269009670419825,424.2789907588981,962.6931329879034,262.6481810625419,3. Emerging Loyalists
13603,2011-11-13,2011-11-13,1,164.34,164.34,0,0,26,164.34,1.0,3.177002983208351,424.2789907588981,1347.9356193536476,367.7525334722575,3. Emerging Loyalists
13606,2011-02-01,2011-11-10,3,280.53999999999996,93.51333333333332,2,282,311,93.51333333333332,0.9996793992833832,2.71438335319729,173.90408119429844,472.04234304687355,128.78565197713903,3. Emerging Loyalists
13607,2011-10-30,2011-10-30,1,678.01,678.01,0,0,40,678.01,1.0,2.7687949586802034,424.2789907588981,1174.7415306871617,320.50059949631554,3. Emerging Loyalists
13610,2011-02-27,2011-11-27,7,1131.88,161.69714285714286,6,273,285,161.69714285714286,0.9996938977748364,7.037316004946815,187.0835027298388,1316.5657280222058,359.1939963683719,3. Emerging Loyalists
13611,2010-12-15,2011-09-11,3,1171.8000000000002,390.6000000000001,2,270,359,390.6000000000001,0.9995049722475241,2.409517051828862,398.78549082565047,960.8804401663471,262.15363045644244,3. Emerging Loyalists
13614,2011-01-13,2011-11-15,4,1610.46,402.615,3,306,330,402.615,0.9996799269693204,3.4997027336150563,406.4346568289971,1422.4004795403384,388.0685193362146,3. Emerging Loyalists
13615,2011-01-25,2011-01-25,1,417.69,417.69,0,0,318,417.69,1.0,0.7796320406968016,424.2789907588981,330.7814953901391,90.24595181615291,3. Emerging Loyalists
13617,2011-06-12,2011-10-30,3,544.1800000000001,181.39333333333335,2,140,180,181.39333333333335,0.9995797898746169,4.142253368740359,240.42533743289283,995.9026639119379,271.70862056527955,3. Emerging Loyalists
13618,2011-06-19,2011-06-19,1,177.34,177.34,0,0,173,177.34,1.0,1.2468456070555445,424.2789907588981,529.010395793692,144.32804541479413,3. Emerging Loyalists
13621,2011-08-15,2011-08-15,1,213.85,213.85,0,0,116,213.85,1.0,1.6310934785508786,424.2789907588981,692.0386949129871,188.8064827881922,3. Emerging Loyalists
13623,2011-02-15,2011-11-09,5,747.7800000000001,149.556,4,267,297,149.556,0.9996240414026508,4.812075369912307,187.55917502543554,902.5488865409699,246.23923787039922,3. Emerging Loyalists
13626,2011-04-01,2011-04-01,1,257.23,257.23,0,0,252,257.23,1.0,0.9399505673323167,424.2789907588981,398.80127807100905,108.80354985567728,3. Emerging Loyalists
13627,2010-12-17,2011-10-11,5,1638.47,327.694,4,298,357,327.694,0.9994891263047639,4.1336954600853675,341.0548632408102,1409.816939818573,384.63539645832293,3. Emerging Loyalists
13629,2011-01-05,2011-11-16,11,7792.36,708.3963636363636,10,315,338,708.3963636363636,0.9995699178211389,9.70609771321113,691.2523247126321,6709.362608145157,1830.4917992393118,1. VIP Champions
13630,2011-02-27,2011-12-04,7,2031.78,290.2542857142857,6,280,285,290.2542857142857,0.9997334321985488,7.037594306368237,303.21176705307647,2133.881405436583,582.1793576127454,1. VIP Champions
13631,2011-03-17,2011-09-01,7,3070.42,438.63142857142856,6,168,267,438.63142857142856,0.9973842327298934,7.397230866750383,437.2438377905891,3234.3936132009435,882.4282320482749,1. VIP Champions
13632,2011-04-10,2011-11-15,5,2121.27,424.254,4,219,243,424.254,0.9996338487328197,5.645098735013286,424.25745703930676,2394.975234052544,653.4126684392171,1. VIP Champions
13634,2011-01-16,2011-11-06,5,1575.1599999999999,315.032,4,294,327,315.032,0.9996213314897412,4.447474634579713,330.1444319786254,1468.308986972664,400.59357592924624,3. Emerging Loyalists
13635,2011-10-03,2011-10-03,1,1071.03,1071.03,0,0,67,1071.03,1.0,2.2189429863295427,424.2789907588981,941.4508907914337,256.8527348466989,3. Emerging Loyalists
13636,2011-02-27,2011-11-03,5,949.12,189.824,4,249,285,189.824,0.9995824931493774,4.975008557401506,222.25679357429487,1105.729449972737,301.6722762748464,3. Emerging Loyalists
13637,2011-04-27,2011-10-18,3,810.5,270.1666666666667,2,174,226,270.1666666666667,0.9995568747369811,3.496173295975561,307.62280732161406,1075.5026441908624,293.4256031804827,3. Emerging Loyalists
13638,2011-11-24,2011-11-24,1,122.64,122.64,0,0,15,122.64,1.0,3.593240994101636,424.2789907588981,1524.5366625309418,415.93397486293435,3. Emerging Loyalists
13639,2011-09-26,2011-09-26,1,1033.34,1033.34,0,0,74,1033.34,1.0,2.110292440898814,424.2789907588981,895.3527470306805,244.27594044125516,3. Emerging Loyalists
13642,2011-05-08,2011-05-08,1,354.8,354.8,0,0,215,354.8,1.0,1.0624264878059033,424.2789907588981,450.7652380018094,122.9806942529491,3. Emerging Loyalists
13643,2011-06-07,2011-11-08,3,519.44,173.14666666666668,2,154,185,173.14666666666668,0.999629923646312,4.060903529232038,234.18297709552814,950.9944781732959,259.4564782211611,3. Emerging Loyalists
13644,2011-08-26,2011-11-23,4,2624.26,656.065,3,89,105,656.065,0.9996348537724702,8.02587851661135,615.1979675623932,4937.504151321978,1347.08188922935,1. VIP Champions
13645,2011-08-11,2011-08-11,1,252.1,252.1,0,0,120,252.1,1.0,1.596565537835904,424.2789907588981,677.3892150734547,184.80971673520955,3. Emerging Loyalists
13647,2011-04-19,2011-11-30,4,1678.1200000000001,419.53000000000003,3,225,234,419.53000000000003,0.9997166797991435,4.608838006172138,420.3673117946921,1937.4048431517901,528.5753482589461,3. Emerging Loyalists
13649,2010-12-08,2011-03-28,2,346.6,173.3,1,110,366,173.3,0.9986847405775078,1.5307387118100724,271.4445917177512,415.5107446538415,113.36233484553698,3. Emerging Loyalists
13650,2011-03-17,2011-11-23,5,1836.34,367.268,4,251,267,367.268,0.9996851069638041,5.242097278162082,375.15448468842516,1966.596303075492,536.5395515848014,1. VIP Champions
13651,2011-10-31,2011-11-04,2,94.2,47.1,1,4,39,47.1,0.9994682516762405,6.1720630696496785,194.5947283062261,1201.050936127371,327.6785020354777,3. Emerging Loyalists
13652,2010-12-06,2011-10-25,3,1095.08,365.02666666666664,2,323,368,365.02666666666664,0.9996517387593761,2.3602350275986432,379.4276134981395,895.5383438164687,244.32657615945854,3. Emerging Loyalists
13654,2011-03-11,2011-10-27,5,2707.33,541.466,4,230,273,541.466,0.9995241199074092,5.149290337192038,525.255203769934,2704.6915453323563,737.9114801743424,1. VIP Champions
13655,2011-04-12,2011-08-17,2,932.97,466.485,1,127,241,466.485,0.9993994191091544,2.149590391992622,449.98046496900304,967.2736840817414,263.8978767047312,3. Emerging Loyalists
13656,2011-01-06,2011-06-28,2,379.65,189.825,1,173,337,189.825,0.9993311885286236,1.641149793486131,281.50753936335695,461.99604009096214,126.04475448098276,3. Emerging Loyalists
13657,2011-05-22,2011-11-29,2,382.14,191.07,1,191,201,191.07,0.9997214396012826,2.4688915493076355,282.26568579717116,696.8833663241602,190.12823744747914,3. Emerging Loyalists
13658,2011-05-19,2011-11-30,3,2639.17,879.7233333333334,2,195,204,879.7233333333334,0.9997183702606428,3.7785686501183604,769.030126566912,2905.833127242289,792.7882304225961,1. VIP Champions
13659,2011-01-23,2011-05-18,2,1573.2,786.6,1,115,320,786.6,0.9989799710226842,1.7122765104380309,644.9154414030787,1104.273561533266,301.27507135320104,3. Emerging Loyalists
13662,2011-03-25,2011-09-15,3,897.76,299.25333333333333,2,174,259,299.25333333333333,0.9994020794463099,3.1438935004763233,329.64012191492213,1036.3534367845466,282.7446626367443,3. Emerging Loyalists
13663,2011-06-13,2011-06-13,1,189.47,189.47,0,0,179,189.47,1.0,1.2166750305337293,424.2789907588981,516.2096540364022,140.83566406958954,3. Emerging Loyalists
13666,2011-02-25,2011-10-10,2,84.65,42.325,1,227,287,42.325,0.9996357745353968,1.8722452123072373,191.68697792754122,358.88502668648215,97.91333940155025,3. Emerging Loyalists
13667,2011-07-13,2011-07-13,1,305.02,305.02,0,0,149,305.02,1.0,1.3841386746443196,424.2789907588981,587.2609599484507,160.22034192846056,3. Emerging Loyalists
13668,2010-12-12,2011-12-07,21,6363.59,303.02809523809526,20,360,362,303.02809523809526,0.9997769775934826,17.635055794061547,306.8001241374651,5410.437306789206,1476.1105784255744,1. VIP Champions
13669,2011-07-13,2011-10-20,2,218.54999999999998,109.27499999999999,1,99,149,109.27499999999999,0.999581565041821,3.0574837100691235,232.4563785250183,710.7315906419054,193.9063997749833,3. Emerging Loyalists
13670,2011-09-25,2011-09-25,1,349.7,349.7,0,0,75,349.7,1.0,2.095633484391479,424.2789907588981,889.1332597581696,242.5790996066305,3. Emerging Loyalists
13672,2011-01-11,2011-02-11,2,186.39000000000001,93.19500000000001,1,31,332,93.19500000000001,0.9967222176156206,1.6572770806349897,222.66441494611715,369.016631563199,100.67750952069817,3. Emerging Loyalists
13673,2011-11-07,2011-11-21,2,396.91999999999996,198.45999999999998,1,14,32,198.45999999999998,0.9996278604545996,6.601056438267753,286.76584816334525,1892.9575482939629,516.4489491525909,3. Emerging Loyalists
13675,2011-02-28,2011-07-11,2,486.82000000000005,243.41000000000003,1,133,284,243.41000000000003,0.9992794757970135,1.8874854879403735,314.13828366531084,592.9314516247707,161.76740222574685,3. Emerging Loyalists
13678,2011-07-11,2011-07-11,1,232.6,232.6,0,0,151,232.6,1.0,1.371553264842572,424.2789907588981,581.9212349794781,158.76352354842075,3. Emerging Loyalists
13680,2011-01-04,2011-12-08,4,3722.42,930.605,3,338,339,930.605,0.9997451691560959,3.4227190606898916,841.3328238604661,2879.6458926112687,785.6436593155516,1. VIP Champions
13681,2011-07-07,2011-11-22,4,827.83,206.9575,3,138,155,206.9575,0.999658551343857,6.2342096264686475,245.2742406924043,1529.091032449375,417.176527587134,3. Emerging Loyalists
13682,2011-06-05,2011-06-05,1,59.5,59.5,0,0,187,59.5,1.0,1.1786478832508382,424.2789907588981,500.0755343657772,136.43384895392248,3. Emerging Loyalists
13684,2011-02-27,2011-02-27,1,67.23,67.23,0,0,285,67.23,1.0,0.8523179701187132,424.2789907588981,361.62060816764034,98.6596784742562,3. Emerging Loyalists
13685,2011-10-10,2011-12-07,6,3119.44,519.9066666666666,5,58,60,519.9066666666666,0.9997312972325239,16.486714392554855,509.02279947538653,8392.113514249419,2289.590809635163,1. VIP Champions
13686,2011-06-10,2011-06-10,1,72.0,72.0,0,0,182,72.0,1.0,1.202130736845724,424.2789907588981,510.0388157891542,139.1520959773975,3. Emerging Loyalists
13689,2011-10-07,2011-10-07,1,910.0,910.0,0,0,63,910.0,1.0,2.286204445354943,424.2789907588981,969.9885147437016,264.6385544044293,3. Emerging Loyalists
13690,2011-10-11,2011-10-11,1,172.25,172.25,0,0,59,172.25,1.0,2.3576710842016273,424.2789907588981,1000.3103081465034,272.91114263727815,3. Emerging Loyalists
13692,2011-04-17,2011-11-15,3,1488.3200000000002,496.10666666666674,2,212,236,496.10666666666674,0.9996770584269776,3.3819359324243448,478.64935072794106,1618.7614382584065,441.6409889755565,3. Emerging Loyalists
13694,2010-12-01,2011-12-06,35,65039.62,1858.2748571428572,34,370,373,1858.2748571428572,0.9997793807318867,28.755776193017464,1831.6928262705746,52671.74896659226,14370.247990157948,1. VIP Champions
13695,2011-03-25,2011-11-08,14,2504.13,178.86642857142857,13,228,259,178.86642857142857,0.9991306345696981,15.374770979834944,190.4184720653071,2927.6403983341943,798.737831484411,1. VIP Champions
13697,2011-11-01,2011-11-01,1,151.29999999999998,151.29999999999998,0,0,38,151.29999999999998,1.0,2.820567850865286,424.2789907588981,1196.7076811321176,326.4935470531423,3. Emerging Loyalists
13699,2011-07-07,2011-07-07,1,308.58000000000004,308.58000000000004,0,0,155,308.58000000000004,1.0,1.3470567862856289,424.2789907588981,571.5278937801913,155.92794482908096,3. Emerging Loyalists
13700,2011-01-16,2011-11-13,8,2265.12,283.14,7,301,327,283.14,0.9995941014619524,7.211667060256198,294.99976194677834,2127.440066015001,580.4219896366864,1. VIP Champions
13703,2011-01-25,2011-01-25,1,99.5,99.5,0,0,318,99.5,1.0,0.7796320406968016,424.2789907588981,330.7814953901391,90.24595181615291,3. Emerging Loyalists
13704,2011-09-12,2011-12-04,9,2308.06,256.4511111111111,8,83,88,256.4511111111111,0.9996868338490099,20.5191910062774,268.9216986400325,5518.055700127396,1505.471726116969,1. VIP Champions
13705,2010-12-01,2011-12-02,3,711.86,237.28666666666666,2,366,373,237.28666666666666,0.9997320056307512,2.333720445446358,282.73410790052867,659.8223682325005,180.01701570548397,3. Emerging Loyalists
13706,2011-02-10,2011-02-10,1,330.79,330.79,0,0,302,330.79,1.0,0.8132586789918548,424.2789907588981,345.0485715485788,94.13838801798259,3. Emerging Loyalists
13707,2011-01-28,2011-03-17,2,806.41,403.205,1,48,315,403.205,0.9977245922398064,1.7323943724914401,411.4459217306408,712.7865993907157,194.4670605831345,3. Emerging Loyalists
13708,2011-03-13,2011-03-13,1,296.88,296.88,0,0,271,296.88,1.0,0.8874176223470553,424.2789907588981,376.5126531910696,102.72262273310376,3. Emerging Loyalists
13709,2011-01-28,2011-12-06,8,6328.05,791.00625,7,312,315,791.00625,0.9997463181767983,7.438188075664941,760.1905415227343,5654.440221187677,1542.6810352458194,1. VIP Champions
13710,2011-11-08,2011-11-08,1,180.48,180.48,0,0,31,180.48,1.0,3.0180880823313876,424.2789907588981,1280.5113655930193,349.3574114931846,3. Emerging Loyalists
13711,2011-05-05,2011-05-05,1,252.06,252.06,0,0,218,252.06,1.0,1.051319407547142,424.2789907588981,446.05273719934405,121.6949992359069,3. Emerging Loyalists
13712,2011-04-07,2011-04-07,1,228.84,228.84,0,0,246,228.84,1.0,0.957856703872831,424.2789907588981,406.39847561080944,110.87626653623394,3. Emerging Loyalists
13715,2010-12-02,2011-03-03,4,1079.3400000000001,269.83500000000004,3,91,372,269.83500000000004,0.9879171442360591,3.1291097017529523,297.0655804858118,929.5507899550262,253.60607219580564,3. Emerging Loyalists
13716,2011-03-15,2011-03-15,1,138.28,138.28,0,0,269,138.28,1.0,0.8926692472826567,424.2789907588981,378.74080731859084,103.33052218586509,3. Emerging Loyalists
13717,2011-02-14,2011-11-07,6,1445.01,240.835,5,266,298,240.835,0.9995826141890546,5.793008793187596,261.7136840577214,1516.1096730439006,413.6348689643236,3. Emerging Loyalists
13718,2011-02-17,2011-04-07,2,306.55,153.275,1,49,295,153.275,0.997967751550988,1.8280369422303064,259.2503087160413,473.91914161753505,129.29769232926566,3. Emerging Loyalists
13719,2011-04-19,2011-11-24,5,1041.68,208.336,4,219,234,208.336,0.999682079453101,5.813077944581439,238.2079784997067,1384.7215460399746,377.7887084503387,3. Emerging Loyalists
13720,2011-03-30,2011-08-15,4,799.9,199.975,3,138,254,199.975,0.9986157643705063,4.318663961023077,239.52285060680185,1034.4187027571097,282.21681595774186,3. Emerging Loyalists
13721,2011-11-03,2011-11-03,1,524.14,524.14,0,0,36,524.14,1.0,2.874313809370485,424.2789907588981,1219.5109621640734,332.71488600329394,3. Emerging Loyalists
13722,2011-03-02,2011-07-31,2,2375.41,1187.705,1,151,282,1187.705,0.999389812000382,1.8984512354377654,889.1695179774032,1688.0449699178034,460.543371203475,3. Emerging Loyalists
13723,2011-05-06,2011-05-06,1,199.85000000000002,199.85000000000002,0,0,217,199.85000000000002,1.0,1.0549958733142821,424.2789907588981,447.61258438458594,122.12056685647126,3. Emerging Loyalists
13725,2011-02-04,2011-10-21,8,1980.56,247.57,7,259,308,247.57,0.9992908542325429,7.572860984249514,262.4186718871086,1987.2601218724594,542.1771885792451,1. VIP Champions
13726,2011-08-31,2011-11-01,2,1079.66,539.83,1,62,100,539.83,0.9995859843027565,3.9442042929625427,494.6441197385617,1950.977460561513,532.2783177232211,1. VIP Champions
13727,2011-11-06,2011-11-11,2,333.48,166.74,1,5,33,166.74,0.9995327206236982,6.535692240664027,267.4498603074532,1747.9699767781,476.89250003040206,3. Emerging Loyalists
13728,2011-02-02,2011-11-03,6,1016.14,169.35666666666665,5,274,310,169.35666666666665,0.9995612398679038,5.609449317389116,198.37065966782512,1112.7501614637101,303.5877122945735,3. Emerging Loyalists
13730,2011-07-01,2011-07-27,2,752.5999999999999,376.29999999999995,1,26,161,376.29999999999995,0.9986934447287856,2.895359763637689,395.0620423717891,1143.846741623806,312.0716828729919,3. Emerging Loyalists
13731,2011-04-07,2011-05-04,2,610.59,305.295,1,27,246,305.295,0.9977253849656534,2.1119220058054116,351.82333752602574,743.0234486771186,202.71647381150927,3. Emerging Loyalists
13732,2011-11-11,2011-11-11,1,491.86,491.86,0,0,28,491.86,1.0,3.1114702391469247,424.2789907588981,1320.1314528416044,360.16682052790225,3. Emerging Loyalists
13735,2011-04-19,2011-11-15,4,2885.24,721.31,3,210,234,721.31,0.999653829521688,4.608548257333004,668.9393848391753,3082.839436261993,841.0802390674772,1. VIP Champions
13736,2011-03-24,2011-12-04,2,731.9,365.95,1,255,260,365.95,0.9997326183872686,2.026109815795887,388.7593792473099,787.6691942756903,214.89701553538296,3. Emerging Loyalists
13737,2011-05-23,2011-05-23,1,339.59999999999997,339.59999999999997,0,0,200,339.59999999999997,1.0,1.1216785755829184,424.2789907588981,475.904654004199,129.83939268939588,3. Emerging Loyalists
13739,2011-11-21,2011-11-21,1,216.9,216.9,0,0,18,216.9,1.0,3.4692780746188276,424.2789907588981,1471.9418001612494,401.58470357254896,3. Emerging Loyalists
13740,2011-04-13,2011-04-13,1,350.75,350.75,0,0,240,350.75,1.0,0.976458316065277,424.2789907588981,414.29074885830886,113.0294876841512,3. Emerging Loyalists
13741,2011-05-06,2011-09-29,3,668.4300000000001,222.81000000000003,2,146,217,222.81000000000003,0.9994262295756031,3.605737069417836,271.775914309108,979.9524887992759,267.35699039631027,3. Emerging Loyalists
13742,2011-01-23,2011-11-23,11,3131.02,284.6381818181818,10,304,320,284.6381818181818,0.9996389677964035,10.155971629099168,293.0643031763038,2976.3527485602585,812.0278506439411,1. VIP Champions
13743,2011-03-25,2011-12-07,7,1341.6,191.65714285714284,6,257,259,191.65714285714284,0.9997477849355355,7.595630746361898,214.1469759978346,1626.581355129576,443.77446938784357,3. Emerging Loyalists
13744,2011-02-20,2011-09-05,2,1156.36,578.18,1,197,292,578.18,0.999545872061454,1.8461448625670278,517.9974657118737,956.2983601467158,260.9035176828072,3. Emerging Loyalists
13745,2011-06-30,2011-06-30,1,300.04,300.04,0,0,162,300.04,1.0,1.3062296821660044,424.2789907588981,554.2058112487085,151.20202198491504,3. Emerging Loyalists
13747,2010-12-01,2010-12-01,1,79.6,79.6,0,0,373,79.6,1.0,0.6826100599020506,424.2789907588981,289.617107297113,79.01521661434514,3. Emerging Loyalists
13748,2010-12-01,2011-09-05,4,948.25,237.0625,3,278,373,237.0625,0.9993629247674765,3.15820073152403,270.07131889176867,852.9394368876434,232.70446622980452,3. Emerging Loyalists
13750,2011-01-07,2011-10-17,5,1647.26,329.452,4,283,336,329.452,0.9995104117288063,4.348149388641964,342.56967434165693,1489.5441200559524,406.38708259074735,3. Emerging Loyalists
13751,2011-02-24,2011-02-24,1,296.25,296.25,0,0,288,296.25,1.0,0.8451548166695868,424.2789907588981,358.58143265159384,97.83051090894703,3. Emerging Loyalists
13752,2011-04-07,2011-08-07,6,1186.2800000000002,197.71333333333337,5,122,246,197.71333333333337,0.9954912010328322,6.721812450429096,223.49991135177822,1502.3244867941821,409.87390509117375,3. Emerging Loyalists
13753,2011-02-25,2011-02-25,1,741.26,741.26,0,0,287,741.26,1.0,0.847529118805428,424.2789907588981,359.58879916554525,98.10534717139285,3. Emerging Loyalists
13754,2011-01-26,2011-07-11,2,282.6,141.3,1,166,317,141.3,0.9993565327131613,1.7262362168626704,251.95809703337085,434.9391922308037,118.66292985562126,3. Emerging Loyalists
13755,2011-10-07,2011-12-06,8,2161.35,270.16875,7,60,63,270.16875,0.9997143858062166,21.64205873835203,283.1184725333262,6127.266612478752,1671.6805963474226,1. VIP Champions
13756,2010-12-07,2011-12-07,12,5189.52,432.46000000000004,11,365,367,432.46000000000004,0.9997612091216836,9.899216519674376,432.0087486980595,4276.548141755687,1166.7555861465132,1. VIP Champions
13758,2010-12-01,2011-11-28,7,3190.55,455.79285714285714,6,362,373,455.79285714285714,0.9997126944683167,5.636198215020859,452.7461029235489,2551.7667771553565,696.1895536073181,1. VIP Champions
13759,2011-09-29,2011-11-06,2,659.4100000000001,329.70500000000004,1,38,71,329.70500000000004,0.9995751629288383,4.761404348689641,366.6878792524547,1745.94926288442,476.3411957669389,3. Emerging Loyalists
13760,2011-03-28,2011-10-16,2,286.79,143.395,1,202,256,143.395,0.9996376736348043,2.0508548902836923,253.23385348223886,519.3458867994336,141.6913114221809,3. Emerging Loyalists
13761,2011-06-13,2011-10-20,2,1070.65,535.325,1,129,179,535.325,0.9996077425534755,2.687636415786083,491.9007866587763,1322.0504671779481,360.69037845888,3. Emerging Loyalists
13762,2011-05-05,2011-05-05,1,306.72,306.72,0,0,218,306.72,1.0,1.051319407547142,424.2789907588981,446.05273719934405,121.6949992359069,3. Emerging Loyalists
13763,2011-10-07,2011-10-07,1,1714.96,1714.96,0,0,63,1714.96,1.0,2.286204445354943,424.2789907588981,969.9885147437016,264.6385544044293,3. Emerging Loyalists
13764,2011-01-06,2011-09-30,3,1521.76,507.25333333333333,2,267,337,507.25333333333333,0.9995626960335624,2.5402418165688063,487.08688224295616,1237.3184665756833,337.57324479147417,3. Emerging Loyalists
13767,2010-12-01,2011-12-07,31,17220.36,555.4954838709677,30,371,373,555.4954838709677,0.9997914936537358,25.453341426940426,552.7456005449728,14069.222492910421,3838.4564822418397,1. VIP Champions
13769,2010-12-07,2011-12-07,9,2796.51,310.72333333333336,8,365,367,310.72333333333336,0.9997549067166757,7.388067097545467,319.1611791090227,2357.9842061891864,643.3205364284794,1. VIP Champions
13771,2011-04-06,2011-10-06,3,2634.45,878.15,2,183,247,878.15,0.9995143944985942,3.2636639942782892,767.8391831234051,2505.969095355911,683.6947331818601,1. VIP Champions
13772,2011-04-14,2011-11-06,3,1132.13,377.3766666666667,2,206,239,377.3766666666667,0.9996471203712802,3.3488903449375798,388.7760148926166,1301.9682426171926,355.2114157740613,3. Emerging Loyalists
13774,2011-09-19,2011-09-19,1,345.0,345.0,0,0,81,345.0,1.0,2.0117853684252966,424.2789907588981,853.5582657390029,232.87329912850208,3. Emerging Loyalists
13777,2010-12-01,2011-12-09,24,25977.16,1082.3816666666667,23,373,373,1082.3816666666667,0.999804404067762,19.673724943599343,1064.5064337647923,20942.806778580376,5713.752304087044,1. VIP Champions
13778,2011-08-28,2011-08-28,1,178.7,178.7,0,0,103,178.7,1.0,1.7544030111721378,424.2789907588981,744.3563389644864,203.08012157997993,3. Emerging Loyalists
13780,2011-06-22,2011-12-02,2,360.01000000000005,180.00500000000002,1,163,170,180.00500000000002,0.9997254867262281,2.7891902402300555,275.52762130708777,768.4989522635319,209.66686584126919,3. Emerging Loyalists
13781,2011-04-03,2011-04-03,1,127.84,127.84,0,0,250,127.84,1.0,0.945844427165572,424.2789907588981,401.301918972737,109.48579091653428,3. Emerging Loyalists
13782,2011-01-16,2011-11-27,6,912.0,152.0,5,315,327,152.0,0.9997065164821722,5.369395120509194,182.9894426091272,982.5426202501446,268.0636468488936,3. Emerging Loyalists
13784,2011-01-11,2011-11-30,11,2462.79,223.89,10,323,332,223.89,0.9997070373172168,9.852692258382714,235.98175145700833,2325.0555757000598,634.3367340032903,1. VIP Champions
13786,2010-12-07,2010-12-07,1,230.39999999999998,230.39999999999998,0,0,367,230.39999999999998,1.0,0.6920046542897554,424.2789907588981,293.6030363225176,80.1026836092718,3. Emerging Loyalists
13787,2010-12-10,2011-09-25,2,309.04,154.52,1,289,364,154.52,0.9996320111349956,1.539268404272578,260.0084551498555,400.2227998558962,109.19137864384219,3. Emerging Loyalists
13790,2011-12-05,2011-12-05,1,348.8,348.8,0,0,4,348.8,1.0,4.134990653722567,424.2789907588981,1754.389661358887,478.64395999242095,3. Emerging Loyalists
13791,2011-06-24,2011-08-04,2,1516.0,758.0,1,41,168,758.0,0.9989439536392142,2.8105329114342044,627.4993867789137,1763.6076784469183,481.1588791688573,3. Emerging Loyalists
13792,2011-02-25,2011-10-04,2,195.55,97.775,1,221,287,97.775,0.9996218960382762,1.8722192188899849,225.45341949781908,422.0982249482829,115.15957392186692,3. Emerging Loyalists
13798,2010-12-02,2011-12-08,53,37153.85,701.0160377358491,52,371,372,701.0160377358491,0.9998337679035942,43.71941495661961,697.640221200794,30500.42232110541,8321.32293227685,1. VIP Champions
13799,2011-02-18,2011-08-15,2,688.8599999999999,344.42999999999995,1,178,294,344.42999999999995,0.9994747980684561,1.8358415744988594,375.654711572064,689.6425371603729,188.15274749737347,3. Emerging Loyalists
13800,2011-02-03,2011-02-03,1,558.32,558.32,0,0,309,558.32,1.0,0.7981967094936234,424.2789907588981,338.65809433102794,92.39489659813422,3. Emerging Loyalists
13801,2011-10-04,2011-10-04,1,324.8,324.8,0,0,66,324.8,1.0,2.2353845634956913,424.2789907588981,948.4267065579718,258.75592212385556,3. Emerging Loyalists
13802,2011-02-01,2011-07-24,3,4599.42,1533.14,2,173,311,1533.14,0.9990832900044514,2.712764765173391,1263.6375174852274,3427.951333385099,935.2359039792013,1. VIP Champions
13803,2011-03-29,2011-03-29,1,277.07,277.07,0,0,255,277.07,1.0,0.9312462266828228,424.2789907588981,395.10820920502005,107.79598286786651,3. Emerging Loyalists
13804,2011-02-23,2011-11-09,6,2635.79,439.29833333333335,5,259,289,439.29833333333335,0.9995915412013855,5.938712706494885,437.5889063465285,2598.714798341329,708.9982170811192,1. VIP Champions
13805,2011-08-02,2011-10-18,2,924.6,462.3,1,77,129,462.3,0.9995464423298094,3.3662657306138897,447.4319968360614,1506.1749977293757,410.92442644490063,3. Emerging Loyalists
13806,2011-10-07,2011-10-07,1,256.38,256.38,0,0,63,256.38,1.0,2.286204445354943,424.2789907588981,969.9885147437016,264.6385544044293,3. Emerging Loyalists
13807,2010-12-07,2010-12-07,1,112.6,112.6,0,0,367,112.6,1.0,0.6920046542897554,424.2789907588981,293.6030363225176,80.1026836092718,3. Emerging Loyalists
13808,2011-09-04,2011-12-04,5,1747.66,349.53200000000004,4,91,96,349.53200000000004,0.999711325356756,10.676438197257095,359.8719535822722,3842.1506713473036,1048.2404523501193,1. VIP Champions
13809,2011-02-07,2011-02-07,1,155.05,155.05,0,0,305,155.05,1.0,0.8067345028632806,424.2789907588981,342.28050068521407,93.38318498141527,3. Emerging Loyalists
13810,2011-10-14,2011-11-11,2,1499.01,749.505,1,28,56,749.505,0.9995867956936796,5.3330212432667885,622.3263313931695,3318.8795455640607,905.4782317835742,1. VIP Champions
13811,2011-04-14,2011-06-09,3,814.5,271.5,2,56,239,271.5,0.9967307641051433,3.339120339959786,308.63208142628093,1030.5596606546196,281.16396707565104,3. Emerging Loyalists
13812,2011-08-26,2011-10-28,3,539.0,179.66666666666666,2,63,105,179.66666666666666,0.9994407487067731,5.927301010612147,239.11832746734922,1417.3263040531053,386.68414988716955,3. Emerging Loyalists
13813,2011-07-28,2011-10-31,4,1366.8600000000001,341.71500000000003,3,95,134,341.71500000000003,0.999428978589871,6.877677508176637,356.2721568342691,2450.3249998486317,668.5135503406598,1. VIP Champions
13814,2011-07-25,2011-09-08,2,1579.12,789.56,1,45,137,789.56,0.9992339747682861,3.234499650502801,646.7179421613838,2091.8089578948866,570.7008797457858,1. VIP Champions
13815,2011-01-25,2011-11-17,4,4027.36,1006.84,3,296,318,1006.84,0.9996841937015868,3.608247474878786,904.1265543546876,3262.312356721159,890.0452046347289,1. VIP Champions
13816,2011-10-06,2011-11-16,2,571.6700000000001,285.83500000000004,1,41,64,285.83500000000004,0.9996322070190743,5.012367406644775,339.973112946087,1704.0701504665292,464.9154648417232,3. Emerging Loyalists
13817,2010-12-23,2011-11-10,2,382.98,191.49,1,322,351,191.49,0.9997037009933559,1.5870308566651816,282.52144603990365,448.37025253499417,122.32727879274123,3. Emerging Loyalists
13819,2011-01-24,2011-02-11,3,1140.35,380.1166666666666,2,18,319,380.1166666666666,0.9827480735537495,2.6133859537995394,390.850073177707,1021.4420912841415,278.6764526966556,3. Emerging Loyalists
13821,2011-03-23,2011-07-18,2,385.64,192.82,1,117,261,192.82,0.999259267310051,2.0190129205107197,283.3313534752232,572.0496634522653,156.0702974133136,3. Emerging Loyalists
13822,2011-10-30,2011-12-04,2,632.0,316.0,1,35,40,316.0,0.9997167055078496,6.116937669940774,358.3421789509099,2191.9567731534785,598.0238558985483,1. VIP Champions
13823,2011-09-09,2011-11-21,2,957.66,478.83,1,73,91,478.83,0.9996766628401516,4.166500233202382,457.4979892464616,1906.165478885003,520.0524223949627,3. Emerging Loyalists
13824,2011-02-02,2011-11-07,5,1698.94,339.788,4,278,310,339.788,0.9996191316565647,4.646976804289041,351.4758674806509,1633.3002034499536,445.60754914058396,3. Emerging Loyalists
13826,2011-06-16,2011-06-16,1,189.5,189.5,0,0,176,189.5,1.0,1.2315755702535105,424.2789907588981,522.5316399904739,142.5604692589507,3. Emerging Loyalists
13827,2011-07-19,2011-10-13,3,412.05,137.35,2,86,143,137.35,0.9993793000569147,4.864356930460437,207.086490570484,1007.3426056112636,274.82973961747825,3. Emerging Loyalists
13828,2011-11-17,2011-11-17,1,209.49,209.49,0,0,22,209.49,1.0,3.316714022998797,424.2789907588981,1407.2120783138141,383.9247212569519,3. Emerging Loyalists
13831,2010-12-05,2011-11-23,6,2202.99,367.16499999999996,5,353,369,367.16499999999996,0.9996952943416672,4.854419220239802,373.66543080394655,1813.928649233864,494.8877726174602,3. Emerging Loyalists
13832,2011-11-20,2011-11-20,1,52.199999999999996,52.199999999999996,0,0,19,52.199999999999996,1.0,3.4298361975782448,424.2789907588981,1455.2074403768343,397.01912705806683,3. Emerging Loyalists
13833,2011-07-03,2011-07-03,1,384.8,384.8,0,0,159,384.8,1.0,1.323419986926405,424.2789907588981,561.4992964032892,153.1918778837639,3. Emerging Loyalists
13835,2011-05-08,2011-11-14,4,834.5699999999999,208.64249999999998,3,190,215,208.64249999999998,0.9996408435442852,4.916846995177151,246.66215222756222,1212.8000620040182,330.88397471917557,3. Emerging Loyalists
13837,2011-01-26,2011-05-12,2,271.24,135.62,1,106,317,135.62,0.9988978888152316,1.7254439793765153,248.49924422689332,428.77152483090737,116.98022685455823,3. Emerging Loyalists
13838,2010-12-05,2011-12-04,3,691.73,230.57666666666668,2,364,369,230.57666666666668,0.9997353792255834,2.355042890833361,277.6549359687926,653.889283058097,178.3983129478257,3. Emerging Loyalists
13841,2011-04-01,2011-04-01,1,85.0,85.0,0,0,252,85.0,1.0,0.9399505673323167,424.2789907588981,398.80127807100905,108.80354985567728,3. Emerging Loyalists
13842,2010-12-08,2011-10-12,9,3385.62,376.18,8,308,366,376.18,0.9991681283399074,7.400706560818387,379.7540347525621,2810.4481764905404,766.7646898391799,1. VIP Champions
13844,2011-11-28,2011-11-28,1,361.62,361.62,0,0,11,361.62,1.0,3.772994597165539,424.2789907588981,1600.80233982417,436.74127132343676,3. Emerging Loyalists
13845,2011-10-06,2011-10-06,1,312.98,312.98,0,0,64,312.98,1.0,2.269009670419825,424.2789907588981,962.6931329879034,262.6481810625419,3. Emerging Loyalists
13846,2010-12-14,2011-11-15,3,865.06,288.3533333333333,2,336,360,288.3533333333333,0.9996985677983147,2.4043655432764655,321.3893061092703,772.737373586662,210.82321942160658,3. Emerging Loyalists
13848,2010-12-08,2011-09-08,3,1255.0,418.3333333333333,2,274,366,418.3333333333333,0.9994986491918887,2.3707245842110827,419.7783922027216,995.178954315594,271.51117342186086,3. Emerging Loyalists
13849,2011-06-22,2011-10-19,2,1537.9499999999998,768.9749999999999,1,119,170,768.9749999999999,0.9995969509056156,2.7888316309306704,634.1826455026973,1768.6286215652144,482.5287254179378,3. Emerging Loyalists
13850,2011-08-02,2011-08-02,1,1595.48,1595.48,0,0,129,1595.48,1.0,1.5239794396280912,424.2789907588981,646.5924585827177,176.40754599382984,3. Emerging Loyalists
13851,2011-02-24,2011-09-05,3,2651.46,883.82,2,193,288,883.82,0.9993859257333841,2.888431354337538,772.1311212535011,2230.247740288412,608.470645768028,1. VIP Champions
13853,2011-10-13,2011-10-13,1,1090.14,1090.14,0,0,57,1090.14,1.0,2.3951065407050205,424.2789907588981,1016.1933858503618,277.2444668562282,3. Emerging Loyalists
13854,2010-12-09,2011-12-01,25,8109.52,324.3808,24,357,365,324.3808,0.9996930496227314,20.87501133954827,326.9840990295652,6825.796775094147,1862.258123434198,1. VIP Champions
13856,2011-05-20,2011-06-24,3,388.5,129.5,2,35,203,129.5,0.9961324353776237,3.7788591731767434,201.1443892792577,760.0963205609568,207.37440539131234,3. Emerging Loyalists
13858,2011-10-13,2011-10-13,1,216.17,216.17,0,0,57,216.17,1.0,2.3951065407050205,424.2789907588981,1016.1933858503618,277.2444668562282,3. Emerging Loyalists
13859,2011-01-17,2011-01-17,1,201.16,201.16,0,0,326,201.16,1.0,0.7638403956982291,424.2789907588981,324.08143218772204,88.41799714106641,3. Emerging Loyalists
13860,2011-09-14,2011-12-08,4,1245.9,311.475,3,85,86,311.475,0.9997412199050205,9.010913279631284,331.3638809748179,2985.8911954661467,814.6301915604257,1. VIP Champions
13862,2011-01-11,2011-11-21,8,2209.36,276.17,7,314,332,276.17,0.9996582485933792,7.122193911161957,288.61544376527996,2055.5751562523833,560.8153391012323,1. VIP Champions
13863,2011-04-06,2011-04-06,1,305.78,305.78,0,0,247,305.78,1.0,0.9548251208689297,424.2789907588981,405.1122386335124,110.5253470262402,3. Emerging Loyalists
13865,2011-02-23,2011-10-12,4,501.56,125.39,3,231,289,125.39,0.9995035942753645,3.8998642859852963,178.08820262475274,694.5198211715862,189.48339973760991,3. Emerging Loyalists
13866,2011-09-26,2011-09-26,1,145.67000000000002,145.67000000000002,0,0,74,145.67000000000002,1.0,2.110292440898814,424.2789907588981,895.3527470306805,244.27594044125516,3. Emerging Loyalists
13867,2011-05-05,2011-11-08,3,1015.2900000000001,338.43,2,187,218,338.43,0.999646144480329,3.593962387359094,359.2951182952969,1291.2931411150334,352.29896538242093,3. Emerging Loyalists
13868,2011-11-01,2011-12-02,2,3192.54,1596.27,1,31,38,1596.27,0.9997057869219582,6.231248453105095,1137.966383625024,7090.951267649029,1934.5992909191607,1. VIP Champions
13869,2010-12-17,2011-08-08,4,3104.95,776.2375,3,234,357,776.2375,0.9990707214627842,3.275871835124539,714.1824179830246,2339.5700682117313,638.2966719384498,1. VIP Champions
13870,2011-02-25,2011-12-07,6,2770.94,461.8233333333333,5,285,287,461.8233333333333,0.9997464959109068,5.973005860182252,457.55022270415316,2732.9501615396016,745.6211790304479,1. VIP Champions
13871,2011-02-04,2011-11-17,12,6403.25,533.6041666666666,11,286,308,533.6041666666666,0.9995395683197498,11.446060150671894,527.5739659287929,6038.643347949487,1647.5018228308898,1. VIP Champions
13873,2011-02-03,2011-08-12,3,389.6,129.86666666666667,2,190,309,129.86666666666667,0.9992544521486808,2.727586773188019,201.42193965804108,549.3958184411482,149.88972856706482,3. Emerging Loyalists
13874,2010-12-16,2010-12-16,1,540.45,540.45,0,0,358,540.45,1.0,0.706591624434012,424.2789907588981,299.79198129355296,81.79119169522181,3. Emerging Loyalists
13875,2011-02-11,2011-10-17,5,1786.79,357.358,4,248,301,357.358,0.9994753225295684,4.759339028791482,366.61536181618925,1744.8468000463,476.04041470888507,3. Emerging Loyalists
13876,2011-10-07,2011-10-07,1,122.7,122.7,0,0,63,122.7,1.0,2.286204445354943,424.2789907588981,969.9885147437016,264.6385544044293,3. Emerging Loyalists
13877,2011-09-14,2011-09-14,1,117.24,117.24,0,0,86,117.24,1.0,1.9468720018935972,424.2789907588981,826.016888100171,225.35928194802776,3. Emerging Loyalists
13878,2011-10-16,2011-10-16,1,1281.53,1281.53,0,0,54,1281.53,1.0,2.4535431316699117,424.2789907588981,1040.9868036883363,284.00876783057555,3. Emerging Loyalists
13880,2010-12-07,2011-11-18,10,3219.77,321.977,9,346,367,321.977,0.9996228733690312,8.2240098504574,328.79025865332846,2703.9743258994095,737.7158037193733,1. VIP Champions
13881,2011-02-01,2011-12-06,16,17159.52,1072.47,15,308,311,1072.47,0.9997563141642034,15.199730175870803,1045.8595967665585,15896.783672696729,4337.0635702155505,1. VIP Champions
13882,2011-10-06,2011-12-07,5,1191.13,238.22600000000003,4,62,64,238.22600000000003,0.9997322866681032,13.24627022988428,263.96321388327203,3496.528061846563,953.9454515769088,1. VIP Champions
13883,2011-03-31,2011-11-29,3,2674.48,891.4933333333333,2,243,253,891.4933333333333,0.9997199379044247,3.2035013261309553,777.9394937258589,2492.1301998004333,679.9191159877502,1. VIP Champions
13884,2011-03-01,2011-12-02,4,787.6,196.9,3,276,283,196.9,0.9997273844217174,3.9672350113860038,236.99001501593506,940.1950849201123,256.5101177483028,3. Emerging Loyalists
13885,2011-05-23,2011-06-03,2,506.79999999999995,253.39999999999998,1,11,200,253.39999999999998,0.9976214311863241,2.4728655553146908,320.2217237245908,791.8652706620377,216.04181629557232,3. Emerging Loyalists
13886,2011-09-29,2011-09-29,1,243.56,243.56,0,0,71,243.56,1.0,2.1555261582051517,424.2789907588981,914.5444629576866,249.51194878801928,3. Emerging Loyalists
13887,2011-05-19,2011-05-19,1,349.55,349.55,0,0,204,349.55,1.0,1.1052412713362991,424.2789907588981,468.9306511476464,127.93670002209343,3. Emerging Loyalists
13888,2011-05-05,2011-08-12,2,605.63,302.815,1,99,218,302.815,0.9993086787687908,2.321670863541503,350.3131341879863,813.3117967601526,221.8929965697033,3. Emerging Loyalists
13889,2011-09-08,2011-09-08,1,416.90000000000003,416.90000000000003,0,0,92,416.90000000000003,1.0,1.8742993989985457,424.2789907588981,795.2258573871122,216.9586733504308,3. Emerging Loyalists
13890,2010-12-16,2011-12-08,9,1883.81,209.3122222222222,8,357,358,209.3122222222222,0.9997597319131822,7.543838751506952,225.28550335091572,1699.5175103313873,463.6733840482141,3. Emerging Loyalists
13892,2011-04-07,2011-11-13,4,632.9699999999999,158.24249999999998,3,220,246,158.24249999999998,0.9996489959676087,4.432940367201791,205.14835912847693,909.4104424458354,248.11125203142112,3. Emerging Loyalists
13893,2011-02-15,2011-02-15,1,821.1,821.1,0,0,297,821.1,1.0,0.8243700072402026,424.2789907588981,349.76287468377865,95.42457475912477,3. Emerging Loyalists
13894,2011-02-02,2011-11-16,2,564.62,282.31,1,287,310,282.31,0.9997084996674805,1.7587418352772834,337.82655376601065,594.1496931758335,162.0997707827847,3. Emerging Loyalists
13895,2011-06-28,2011-11-11,4,2593.07,648.2675,3,136,164,648.2675,0.999587989609637,5.992938080969754,608.7752730844147,3648.3525168203505,995.3671835632096,1. VIP Champions
13897,2011-10-20,2011-10-20,1,311.16,311.16,0,0,50,311.16,1.0,2.5360434181941702,424.2789907588981,1075.9899419921687,293.55855092547347,3. Emerging Loyalists
13898,2011-01-18,2011-01-18,1,155.93,155.93,0,0,325,155.93,1.0,0.7657792774182269,424.2789907588981,324.9040589670836,88.64243151157247,3. Emerging Loyalists
13899,2011-03-10,2011-11-23,2,388.52,194.26,1,258,274,194.26,0.9997162907804807,1.9433698911914885,284.20824573602033,552.3217475917337,150.6879995248455,3. Emerging Loyalists
13900,2011-03-22,2011-06-09,3,740.95,246.98333333333335,2,79,262,246.98333333333335,0.9975122266772366,3.109504328102018,290.07405382671857,901.9865258442791,246.0858109797051,3. Emerging Loyalists
13901,2011-01-25,2011-09-28,5,2867.2000000000003,573.44,4,246,318,573.44,0.9993281549502722,4.549580441232092,552.8061537918182,2515.036065083996,686.168442638413,1. VIP Champions
13904,2011-02-18,2011-11-02,2,332.64,166.32,1,257,294,166.32,0.9996835901822715,1.8362250851623705,267.1941000647207,490.62850914622476,133.85645029453207,3. Emerging Loyalists
13908,2011-03-08,2011-09-21,4,2369.55,592.3875,3,197,276,592.3875,0.9993173388998009,4.046078932821773,562.747678672175,2276.921527169844,621.2044908611797,1. VIP Champions
13911,2011-02-04,2011-10-13,9,2580.91,286.7677777777778,8,251,308,286.7677777777778,0.9990004041219801,8.537966414294257,296.98566065449455,2535.653596195066,691.7934511263367,1. VIP Champions
13914,2011-11-03,2011-11-28,2,626.45,313.225,1,25,36,313.225,0.999681740150361,6.349832234988642,356.6523344899988,2264.6824902285457,617.8653574650452,1. VIP Champions
13917,2011-06-01,2011-10-21,2,272.03999999999996,136.01999999999998,1,142,191,136.01999999999998,0.9996192746496199,2.563601790252401,248.74282541044806,637.6775525346651,173.97532353619457,3. Emerging Loyalists
13918,2011-03-31,2011-10-21,2,1212.84,606.42,1,204,253,606.42,0.9996485094071211,2.0699870899432296,535.1942972708395,1107.8452859618767,302.24953236500824,3. Emerging Loyalists
13919,2011-08-10,2011-10-11,2,384.81,192.405,1,62,121,192.405,0.9994872504406201,3.5078258963183595,283.07863799728517,992.9905770614073,270.91412615353056,3. Emerging Loyalists
13922,2010-12-23,2010-12-23,1,172.25,172.25,0,0,351,172.25,1.0,0.7183692941145534,424.2789907588981,304.78899909910473,83.1545104853869,3. Emerging Loyalists
13923,2011-10-17,2011-10-17,1,351.13,351.13,0,0,53,351.13,1.0,2.473660859963395,424.2789907588981,1049.522333145057,286.3374863073091,3. Emerging Loyalists
13924,2011-09-28,2011-12-08,6,1838.85,306.47499999999997,5,71,72,306.47499999999997,0.9997442934357126,15.083380248269876,319.8828652215164,4824.914891042195,1316.3645573960155,1. VIP Champions
13925,2011-07-28,2011-09-08,3,678.25,226.08333333333334,2,42,134,226.08333333333334,0.9985898121295685,5.076048233276432,274.2536822360652,1392.1249191839347,379.8085447027832,3. Emerging Loyalists
13926,2011-11-16,2011-11-16,1,223.85000000000002,223.85000000000002,0,0,23,223.85000000000002,1.0,3.280646809701304,424.2789907588981,1391.9095174564682,379.74977740718487,3. Emerging Loyalists
13927,2011-09-26,2011-09-26,1,348.99,348.99,0,0,74,348.99,1.0,2.110292440898814,424.2789907588981,895.3527470306805,244.27594044125516,3. Emerging Loyalists
13928,2011-07-29,2011-11-29,4,464.57000000000005,116.14250000000001,3,123,133,116.14250000000001,0.9996934198096098,6.913561077141724,170.47116290880453,1178.562796661397,321.54314205021745,3. Emerging Loyalists
13929,2011-01-17,2011-06-23,2,842.65,421.325,1,157,326,421.325,0.9992792900053779,1.6867698100900868,422.4801493456712,712.6267612786293,194.42345251326736,3. Emerging Loyalists
13930,2011-07-26,2011-10-13,2,337.34,168.67,1,79,136,168.67,0.9995285945445387,3.2512391653920365,268.6251395181049,873.3645744101627,238.27698465173594,3. Emerging Loyalists
13931,2011-03-04,2011-09-05,2,1237.5300000000002,618.7650000000001,1,185,280,618.7650000000001,0.9995355084253251,1.909610235150175,542.7118215482981,1036.3680491656253,282.74864928127283,3. Emerging Loyalists
13932,2011-02-18,2011-02-18,1,307.4,307.4,0,0,294,307.4,1.0,0.8311837473378637,424.2789907588981,352.65380145570776,96.2132961410625,3. Emerging Loyalists
13933,2011-07-14,2011-08-22,2,608.79,304.395,1,39,148,304.395,0.9990702830110864,3.0700050438013187,351.27527986302755,1078.4168809422144,294.2206841421102,3. Emerging Loyalists
13934,2011-03-21,2011-03-21,1,922.1,922.1,0,0,263,922.1,1.0,0.9088038042251323,424.2789907588981,385.5863608544863,105.19817047685149,3. Emerging Loyalists
13936,2011-06-13,2011-06-13,1,376.58,376.58,0,0,179,376.58,1.0,1.2166750305337293,424.2789907588981,516.2096540364022,140.83566406958954,3. Emerging Loyalists
13937,2011-06-23,2011-06-23,1,158.85,158.85,0,0,169,158.85,1.0,1.267804583635346,424.2789907588981,537.9028492243096,146.7541422037949,3. Emerging Loyalists
13938,2011-11-04,2011-11-04,1,71.66,71.66,0,0,35,71.66,1.0,2.9019622745445246,424.2789907588981,1231.2416250641472,335.9153214980395,3. Emerging Loyalists
13939,2011-02-01,2011-11-16,3,568.55,189.51666666666665,2,288,311,189.51666666666665,0.9996943937790437,2.7144240670595936,246.57433991557582,669.3073225861721,182.60476243711497,3. Emerging Loyalists
13940,2011-07-18,2011-11-22,4,839.14,209.785,3,127,144,209.785,0.9996529524592859,6.556188994687406,247.60321390644526,1623.333466062668,442.88835923863263,3. Emerging Loyalists
13941,2010-12-02,2011-11-18,5,5112.96,1022.592,4,351,372,1022.592,0.9996851091577381,3.9938635569140484,939.8257417141704,3753.5357796819403,1024.0639631725921,1. VIP Champions
13946,2011-03-17,2011-09-21,3,561.57,187.19000000000003,2,188,267,187.19000000000003,0.9994536404911154,3.069188151784947,244.81315660293217,751.3776396467921,204.99571834670576,3. Emerging Loyalists
13947,2011-10-05,2011-10-05,1,90.6,90.6,0,0,65,90.6,1.0,2.252071611977849,424.2789907588981,955.5066706467267,260.687523821406,3. Emerging Loyalists
13948,2010-12-14,2010-12-14,1,102.0,102.0,0,0,360,102.0,1.0,0.703297178082265,424.2789907588981,298.3942169203244,81.40984455810961,3. Emerging Loyalists
13949,2011-09-06,2011-12-07,6,2427.32,404.55333333333334,5,92,94,404.55333333333334,0.9997363843983936,13.046974351239683,406.7984097052114,5307.488417548985,1448.023395111582,1. VIP Champions
13950,2011-04-07,2011-11-28,4,745.06,186.265,3,235,246,186.265,0.9997107746157471,4.433214324425045,228.23011046020545,1011.792994957293,276.0439236878755,3. Emerging Loyalists
13951,2011-02-18,2011-06-16,3,674.45,224.8166666666667,2,118,294,224.8166666666667,0.9983316978722855,2.837686760061906,273.2948718366316,775.525239403625,211.58382304573257,3. Emerging Loyalists
13952,2011-04-15,2011-05-06,2,3251.071,1625.5355,1,21,238,1625.5355,0.9975585706298598,2.1666008046426977,1155.787696443328,2504.1305531102444,683.1931301683097,1. VIP Champions
13953,2010-12-22,2011-12-02,7,3515.68,502.23999999999995,6,345,352,502.23999999999995,0.9997287675954256,5.917461094071319,494.7027454165084,2927.3842491324567,798.6679471987424,1. VIP Champions
13954,2011-09-30,2011-12-08,2,439.91999999999996,219.95999999999998,1,69,70,219.95999999999998,0.9997365411339618,4.7964433459290285,299.8583367794133,1438.2535241669627,392.3936497363485,3. Emerging Loyalists
13955,2011-02-07,2011-07-08,2,322.96,161.48,1,151,305,161.48,0.9993148521641995,1.7815552029776573,264.2467677437082,470.7702039438319,128.4385787405871,3. Emerging Loyalists
13956,2011-03-13,2011-12-04,5,1026.42,205.28400000000002,4,266,271,205.28400000000002,0.9997327250099125,5.180664912843558,235.57816992190007,1220.4515591462855,332.9715057692667,3. Emerging Loyalists
13959,2010-12-12,2011-09-21,3,598.2,199.4,2,283,362,199.4,0.9995460342732856,2.392842185281318,254.0555842164191,607.9149193193383,165.85528901036878,3. Emerging Loyalists
13960,2011-09-29,2011-11-18,2,230.22,115.11,1,50,71,115.11,0.9996501307587555,4.76176145255198,236.00961904012325,1123.8215063767368,306.60826838215814,3. Emerging Loyalists
13962,2011-04-08,2011-11-18,2,169.55,84.775,1,224,245,84.775,0.9997049560686637,2.122852322313328,217.53703103228958,461.7989915160424,125.9909944114339,3. Emerging Loyalists
13963,2010-12-07,2011-02-04,4,664.54,166.135,3,59,367,166.135,0.9732299658081865,3.117943920819388,211.64930381170174,659.9106601653513,180.04110408294414,3. Emerging Loyalists
13967,2011-07-17,2011-07-17,1,80.7,80.7,0,0,145,80.7,1.0,1.4100153525591947,424.2789907588981,598.239890738367,163.2156849959168,3. Emerging Loyalists
13969,2010-12-09,2011-12-02,17,9053.94,532.584705882353,16,358,365,532.584705882353,0.9997208578925845,14.148727962943694,528.4055664343697,7476.266613585068,2039.7235213491454,1. VIP Champions
13971,2011-02-27,2011-11-21,8,2758.26,344.7825,7,267,285,344.7825,0.9996410920054387,8.067766315923196,351.4625070691622,2835.517375842505,773.6042313138882,1. VIP Champions
13972,2011-05-22,2011-09-30,2,190.25,95.125,1,131,201,95.125,0.9995502160196491,2.468468699064566,223.83969415676884,552.5412786341695,150.7478934069215,3. Emerging Loyalists
13973,2011-02-25,2011-02-25,1,264.7,264.7,0,0,287,264.7,1.0,0.847529118805428,424.2789907588981,359.58879916554525,98.10534717139285,3. Emerging Loyalists
13974,2011-10-21,2011-10-21,1,413.59000000000003,413.59000000000003,0,0,49,413.59000000000003,1.0,2.5575427354210354,424.2789907588981,1085.1116506071885,296.0471945999969,3. Emerging Loyalists
13975,2011-03-08,2011-11-08,5,2526.2799999999997,505.256,4,245,276,505.256,0.9996080552985449,5.104937263454369,494.05423109549787,2522.1158544867035,688.0999966769836,1. VIP Champions
13976,2011-05-17,2011-05-17,1,357.98,357.98,0,0,206,357.98,1.0,1.0972019618321258,424.2789907588981,465.51974102481734,127.00611341164533,3. Emerging Loyalists
13978,2011-10-25,2011-11-25,2,196.79000000000002,98.39500000000001,1,31,45,98.39500000000001,0.999669681353803,5.8482799027581045,225.83097033232895,1320.7227252149212,360.3281352896293,3. Emerging Loyalists
13979,2011-09-27,2011-09-27,1,869.87,869.87,0,0,73,869.87,1.0,2.1251579208431304,424.2789907588981,901.6598578586016,245.99668730227404,3. Emerging Loyalists
13980,2011-10-10,2011-10-10,1,200.14,200.14,0,0,60,200.14,1.0,2.339388789492559,424.2789907588981,992.5535145985832,270.7948839392279,3. Emerging Loyalists
13982,2010-12-09,2011-10-31,4,1871.81,467.9525,3,326,365,467.9525,0.9996380742550107,3.2173074403134545,460.252265095098,1480.773036911579,403.99409883000527,3. Emerging Loyalists
13983,2010-12-08,2011-11-10,10,2603.43,260.34299999999996,9,337,366,260.34299999999996,0.9995426693710217,8.24225602693707,271.2610505613341,2235.8030288624377,609.9862756081587,1. VIP Champions
13984,2010-12-08,2011-11-13,5,920.51,184.102,4,340,366,184.102,0.9996649805753139,4.048874965204915,217.32633332455381,879.9271502775646,240.06742914084154,3. Emerging Loyalists
13985,2011-03-20,2011-12-05,15,7060.13,470.67533333333336,14,260,264,470.67533333333336,0.999739641517912,16.24906589019825,468.6405237742372,7614.970749624599,2077.5656828732085,1. VIP Champions
13986,2011-11-22,2011-11-22,1,320.46,320.46,0,0,17,320.46,1.0,3.5096376394074467,424.2789907588981,1489.0655155772329,406.2565066143778,3. Emerging Loyalists
13988,2011-03-30,2011-11-20,6,4147.96,691.3266666666667,5,235,254,691.3266666666667,0.9996507694509679,6.582697674048515,660.9326263354983,4350.719662081461,1186.9915411280815,1. VIP Champions
13989,2011-04-14,2011-10-05,2,1266.08,633.04,1,174,239,633.04,0.9995991482274189,2.163983001736349,551.4046250364083,1193.2302356575929,325.5448078367387,3. Emerging Loyalists
13990,2011-05-10,2011-05-10,1,311.3,311.3,0,0,213,311.3,1.0,1.0699625163159032,424.2789907588981,453.96261657236244,123.85302380111743,3. Emerging Loyalists
13991,2011-07-19,2011-11-27,5,855.97,171.19400000000002,4,131,143,171.19400000000002,0.9996703623010362,8.308696519509741,206.20393190832564,1713.285891355929,467.42976301089374,3. Emerging Loyalists
13992,2011-11-09,2011-11-09,1,76.8,76.8,0,0,30,76.8,1.0,3.048586372942482,424.2789907588981,1293.451149553366,352.8877272335484,3. Emerging Loyalists
13993,2011-01-13,2011-10-28,9,3466.36,385.1511111111111,8,288,330,385.1511111111111,0.9993720168308736,8.070154125401055,388.05854013298233,3131.6922285512983,854.4085745410963,1. VIP Champions
13994,2011-07-14,2011-12-06,6,2313.14,385.5233333333333,5,145,148,385.5233333333333,0.9997339547190013,9.799628272861938,389.93430980352,3821.211286909481,1042.5276337512225,1. VIP Champions
13995,2011-04-08,2011-11-24,5,1393.69,278.738,4,230,245,278.738,0.9996848642354941,5.6094242834892345,298.87107925158904,1676.4946895864991,457.39214885044544,3. Emerging Loyalists
13999,2010-12-13,2011-11-29,12,3901.81,325.1508333333333,11,351,361,325.1508333333333,0.9997012941966221,10.036756681169752,330.618582944401,3318.3382712860925,905.3305578263257,1. VIP Champions
14000,2011-05-12,2011-05-12,1,635.66,635.66,0,0,211,635.66,1.0,1.0776062180448671,424.2789907588981,457.2056786275893,124.73781701371118,3. Emerging Loyalists
14001,2010-12-01,2011-10-25,3,2043.08,681.0266666666666,2,328,373,681.0266666666666,0.999653013700291,2.33353605094653,618.6255763041912,1443.5850843434037,393.84824054476275,3. Emerging Loyalists
14002,2011-07-06,2011-07-28,2,529.73,264.865,1,22,156,264.865,0.9986422923890486,2.959561151361513,327.2033693982289,968.3783806655888,264.19926718777435,3. Emerging Loyalists
14004,2011-02-24,2011-10-27,7,4582.64,654.6628571428572,6,245,288,654.6628571428572,0.9994191810687011,6.976254537832755,632.3893916019975,4411.709362840731,1203.6311466462525,1. VIP Champions
14005,2011-05-08,2011-11-30,5,2874.7200000000003,574.9440000000001,4,206,215,574.9440000000001,0.999709328790478,6.202205906511236,554.1021014002787,3436.655326115096,937.6105836981892,1. VIP Champions
14006,2011-01-31,2011-08-16,3,962.19,320.73,2,197,312,320.73,0.9992929410551536,2.7062116476912252,345.897004555844,936.0705026305297,255.38482247104307,3. Emerging Loyalists
14009,2011-05-18,2011-05-25,2,695.61,347.805,1,7,205,347.805,0.9972991735240984,2.4269493388771757,377.7099278083073,916.6828595817173,250.0953600168381,3. Emerging Loyalists
14012,2011-03-07,2011-03-07,1,328.8,328.8,0,0,277,328.8,1.0,0.8720270650055437,424.2789907588981,369.9827630549961,100.94109577709972,3. Emerging Loyalists
14013,2011-03-09,2011-08-21,3,473.02,157.67333333333332,2,165,275,157.67333333333332,0.9992390055167708,2.997159442570746,222.47035111086893,666.7791135239701,181.91500005201078,3. Emerging Loyalists
14014,2011-09-23,2011-09-23,1,505.18,505.18,0,0,77,505.18,1.0,2.066918162420053,424.2789907588981,876.9499519328164,239.25517058916418,3. Emerging Loyalists
14015,2011-10-18,2011-10-18,1,917.34,917.34,0,0,52,917.34,1.0,2.4941112247051773,424.2789907588981,1058.198993258352,288.7047089646286,3. Emerging Loyalists
14016,2010-12-17,2011-07-01,4,4341.21,1085.3025,3,196,357,1085.3025,0.9984490434266549,3.2738334032845087,968.7550462403419,3171.54262998206,865.2808193839743,1. VIP Champions
14019,2011-07-24,2011-10-24,3,1421.61,473.86999999999995,2,92,138,473.86999999999995,0.9994788205082061,4.982372713947026,461.817181847359,2300.945325668193,627.758819298343,1. VIP Champions
14020,2011-09-12,2011-11-23,2,642.8,321.4,1,72,88,321.4,0.9996835918121212,4.246164985939033,361.63052492889904,1535.5428727998437,418.93676049468274,3. Emerging Loyalists
14021,2011-03-28,2011-07-07,3,631.9,210.63333333333333,2,101,256,210.63333333333333,0.9984020088979405,3.1697426547491223,262.5587185482376,832.2435695586183,227.05808554709486,3. Emerging Loyalists
14022,2011-04-28,2011-04-28,1,440.0,440.0,0,0,225,440.0,1.0,1.0262845234377114,424.2789907588981,435.43096183562886,118.79709762703588,3. Emerging Loyalists
14023,2011-04-03,2011-12-02,2,584.0699999999999,292.03499999999997,1,243,250,292.03499999999997,0.9997292406844271,2.0896252838291822,343.7486212911856,718.3058103314838,195.97284748949178,3. Emerging Loyalists
14024,2011-08-07,2011-08-10,2,327.7,163.85,1,3,124,163.85,0.9984265099823122,3.449623669158441,265.6899862562701,916.5304652480103,250.05378280684167,3. Emerging Loyalists
14027,2011-10-10,2011-10-10,1,104.82,104.82,0,0,60,104.82,1.0,2.339388789492559,424.2789907588981,992.5535145985832,270.7948839392279,3. Emerging Loyalists
14029,2011-07-18,2011-10-07,2,467.65999999999997,233.82999999999998,1,81,144,233.82999999999998,0.9995067038179132,3.1290350014924475,308.3045143191744,964.6956164228262,263.1945115740705,3. Emerging Loyalists
14030,2010-12-08,2011-11-21,7,2360.09,337.1557142857143,6,348,366,337.1557142857143,0.9996772204912107,5.726700939474347,345.5787750094741,1979.0262955091493,539.9307826962031,1. VIP Champions
14031,2010-12-02,2011-12-02,17,17286.86,1016.8741176470588,16,365,372,1016.8741176470588,0.9997220771729004,13.924141209312618,994.0079404685542,13840.706926262159,3776.111384029327,1. VIP Champions
14032,2010-12-08,2011-12-07,11,2975.59,270.5081818181818,10,364,366,270.5081818181818,0.9997591412097794,9.082998004004283,279.7869271026015,2541.3041004194215,693.3350583174122,1. VIP Champions
14034,2011-07-05,2011-11-17,2,651.8199999999999,325.90999999999997,1,135,157,325.90999999999997,0.9996865137343841,2.9495443295863595,364.37690277347895,1074.745827407755,293.2191235197586,3. Emerging Loyalists
14035,2011-02-15,2011-11-11,5,1428.02,285.604,4,269,297,285.604,0.9996346550557855,4.812126462819959,304.78728688436115,1466.674968747333,400.14777248472166,3. Emerging Loyalists
14036,2011-02-28,2011-02-28,1,626.65,626.65,0,0,284,626.65,1.0,0.8547327473510455,424.2789907588981,362.64514741468184,98.93919991306345,3. Emerging Loyalists
14037,2010-12-10,2011-06-16,2,147.2,73.6,1,188,364,73.6,0.9993259890569012,1.5387971807517489,210.7319817167286,324.27377935993104,88.47047454345154,3. Emerging Loyalists
14038,2011-05-16,2011-09-22,3,1560.38,520.1266666666667,2,129,207,520.1266666666667,0.9993451506783824,3.7360958895832725,496.83142372351494,1856.2098399892293,506.42320116112114,3. Emerging Loyalists
14039,2011-11-06,2011-11-06,1,152.2,152.2,0,0,33,152.2,1.0,2.958886235150211,424.2789907588981,1255.3932656199272,342.5045286340289,3. Emerging Loyalists
14040,2011-01-12,2011-10-30,11,3614.92,328.6290909090909,10,291,331,328.6290909090909,0.9992833051607921,9.873139931040372,334.4007393988126,3301.5852931278423,900.759901726403,1. VIP Champions
14041,2011-03-18,2011-03-18,1,141.41,141.41,0,0,266,141.41,1.0,0.900664272680913,424.2789907588981,382.13292862565476,104.25598270980032,3. Emerging Loyalists
14044,2011-02-03,2011-11-13,4,652.82,163.205,3,283,309,163.205,0.999668425339732,3.694109121329872,209.23590274463191,772.9402568386348,210.87857134557154,3. Emerging Loyalists
14045,2010-12-01,2011-08-22,3,1659.75,553.25,2,264,373,553.25,0.9994297896641288,2.3330149688023427,521.904315668702,1217.6105807376248,332.19641162357897,3. Emerging Loyalists
14046,2011-02-28,2011-02-28,1,154.99,154.99,0,0,284,154.99,1.0,0.8547327473510455,424.2789907588981,362.64514741468184,98.93919991306345,3. Emerging Loyalists
14047,2010-12-02,2011-12-01,5,1308.6100000000001,261.72200000000004,4,364,372,261.72200000000004,0.9997281833712585,3.994035643634202,284.20894859629476,1135.140670933402,309.69643623137557,3. Emerging Loyalists
14048,2011-02-07,2011-02-07,1,409.93,409.93,0,0,305,409.93,1.0,0.8067345028632806,424.2789907588981,342.28050068521407,93.38318498141527,3. Emerging Loyalists
14049,2011-01-26,2011-11-23,4,5681.719999999999,1420.4299999999998,3,301,317,1420.4299999999998,0.9997031644764143,3.617664903405591,1244.795000542201,4503.251185396264,1228.6061800826476,1. VIP Champions
14050,2011-08-25,2011-11-08,2,746.36,373.18,1,75,106,373.18,0.9996287729727877,3.809105984993049,393.16210914006206,1497.5961429979006,408.5838876858587,3. Emerging Loyalists
14051,2010-12-08,2011-12-09,22,15610.390000000001,709.5631818181819,21,366,366,709.5631818181819,0.9997998976096236,18.31227088400703,701.0982726554247,12838.701485175556,3502.7377642348733,1. VIP Champions
14052,2011-11-20,2011-11-20,1,225.36,225.36,0,0,19,225.36,1.0,3.4298361975782448,424.2789907588981,1455.2074403768343,397.01912705806683,3. Emerging Loyalists
14053,2011-07-03,2011-08-07,2,260.25,130.125,1,35,159,130.125,0.9989099095814198,2.9213952654994624,245.15304771780987,716.1889529255735,195.39531272978545,3. Emerging Loyalists
14054,2011-10-05,2011-10-05,1,92.46,92.46,0,0,65,92.46,1.0,2.252071611977849,424.2789907588981,955.5066706467267,260.687523821406,3. Emerging Loyalists
14055,2011-08-25,2011-08-25,1,725.6400000000001,725.6400000000001,0,0,106,725.6400000000001,1.0,1.7243205267196806,424.2789907588981,731.5929728214777,199.59793729214562,3. Emerging Loyalists
14056,2011-02-28,2011-12-08,23,8214.65,357.1586956521739,22,283,284,357.1586956521739,0.9997889435473857,23.600252114118824,359.06231979610203,8473.961271868366,2311.9210454351673,1. VIP Champions
14057,2010-12-14,2011-11-16,14,6217.96,444.14,13,337,360,444.14,0.9995278808252919,11.759399407773632,443.20510391911984,5211.825836548749,1421.9241096440749,1. VIP Champions
14059,2011-03-18,2011-03-18,1,183.6,183.6,0,0,266,183.6,1.0,0.900664272680913,424.2789907588981,382.13292862565476,104.25598270980032,3. Emerging Loyalists
14060,2010-12-02,2011-12-05,19,6140.42,323.18,18,368,372,323.18,0.9997539540137562,15.579659621980827,326.6625373185115,5089.291142675019,1388.4934001477864,1. VIP Champions
14062,2010-12-10,2011-11-30,11,10464.85,951.35,10,355,364,951.35,0.9997123649330348,9.124528819429349,919.5457994807508,8390.422148147312,2289.1293601711473,1. VIP Champions
14064,2011-03-10,2011-11-10,5,1353.7399999999998,270.74799999999993,4,245,274,270.74799999999993,0.9996188980415127,5.134762894105801,291.98635758164295,1499.2807144953283,409.04348340178115,3. Emerging Loyalists
14066,2011-03-18,2011-03-18,1,152.55,152.55,0,0,266,152.55,1.0,0.900664272680913,424.2789907588981,382.13292862565476,104.25598270980032,3. Emerging Loyalists
14067,2011-09-04,2011-10-07,2,374.7,187.35,1,33,96,187.35,0.9993741344500775,4.038988789813954,280.00038079011193,1130.9183991549003,308.5444886744908,3. Emerging Loyalists
14068,2011-01-23,2011-01-23,1,265.85,265.85,0,0,320,265.85,1.0,0.7756232298355311,424.2789907588981,329.080641163776,89.78191374057185,3. Emerging Loyalists
14071,2011-03-20,2011-12-06,7,1438.82,205.54571428571427,6,261,264,205.54571428571427,0.9997426837615249,7.481530105468323,226.69280315363545,1696.009031486928,462.71617810665555,3. Emerging Loyalists
14073,2011-11-07,2011-11-07,1,151.04,151.04,0,0,32,151.04,1.0,2.988193962005838,424.2789907588981,1267.82791839167,345.89703120907694,3. Emerging Loyalists
14075,2011-03-23,2011-12-05,3,942.26,314.08666666666664,2,257,261,314.08666666666664,0.9997348443861276,3.125877705926866,340.8682963293412,1065.5126081531603,290.70005678969454,3. Emerging Loyalists
14076,2011-08-02,2011-08-02,1,122.47,122.47,0,0,129,122.47,1.0,1.5239794396280912,424.2789907588981,646.5924585827177,176.40754599382984,3. Emerging Loyalists
14077,2011-03-10,2011-10-30,5,499.41999999999996,99.88399999999999,4,234,274,99.88399999999999,0.9995473436327419,5.134395339106805,144.75843725452705,743.2470455360286,202.7774769559918,3. Emerging Loyalists
14078,2010-12-01,2011-08-30,6,1049.37,174.89499999999998,5,272,373,174.89499999999998,0.9988885570859715,4.806601795014119,203.27864740414674,977.079511500814,266.57316610607876,3. Emerging Loyalists
14079,2011-08-07,2011-08-07,1,375.1,375.1,0,0,124,375.1,1.0,1.5634691093195927,424.2789907588981,663.3470957848301,180.97865472485364,3. Emerging Loyalists
14080,2011-11-07,2011-11-07,1,45.599999999999994,45.599999999999994,0,0,32,45.599999999999994,1.0,2.988193962005838,424.2789907588981,1267.82791839167,345.89703120907694,3. Emerging Loyalists
14081,2010-12-05,2011-02-10,2,934.52,467.26,1,67,369,467.26,0.9978017936840724,1.5189091539804451,450.45240351214034,684.1962791270831,186.66686407614128,3. Emerging Loyalists
14082,2010-12-10,2010-12-10,1,182.25,182.25,0,0,364,182.25,1.0,0.6967995950248176,424.2789907588981,295.63742893833853,80.65771979037974,3. Emerging Loyalists
14083,2010-12-03,2011-12-05,8,1018.4300000000001,127.30375000000001,7,367,371,127.30375000000001,0.9997437459959796,6.491405216770235,152.2582692335028,988.370123198767,269.6535439792926,3. Emerging Loyalists
14085,2010-12-06,2011-12-07,16,4448.54,278.03375,15,366,368,278.03375,0.9997688556473066,13.217137601850027,284.0376049934786,3754.164109298731,1024.235388131702,1. VIP Champions
14087,2011-12-07,2011-12-07,1,194.42,194.42,0,0,2,194.42,1.0,4.251536147927672,424.2789907588981,1803.8374660177258,492.13463059777894,3. Emerging Loyalists
14088,2011-01-21,2011-11-29,12,50491.81,4207.650833333333,11,312,322,4207.650833333333,0.9996927763122675,11.037875692137186,3998.9661320532414,44140.09106267034,12042.58577555575,1. VIP Champions
14089,2011-10-14,2011-10-14,1,161.0,161.0,0,0,56,161.0,1.0,2.4142736409162047,424.2789907588981,1024.3255837837376,279.4631458122238,3. Emerging Loyalists
14090,2011-01-19,2011-01-19,1,76.32000000000001,76.32000000000001,0,0,324,76.32000000000001,1.0,0.7677280272438921,424.2789907588981,325.73087257635837,88.86800816015598,3. Emerging Loyalists
14092,2010-12-16,2011-12-02,12,4076.91,339.7425,11,351,358,339.7425,0.9997250263912958,10.107519205228348,344.4053967638678,3481.0841621750833,949.7319467556613,1. VIP Champions
14093,2011-11-27,2011-11-27,1,442.85,442.85,0,0,12,442.85,1.0,3.726390973513975,424.2789907588981,1581.029401415577,431.3466900915543,3. Emerging Loyalists
14096,2011-08-30,2011-12-05,17,65164.79,3833.2229411764706,16,97,101,3833.2229411764706,0.9996830332215864,36.124770988189304,3701.6836948597675,133722.4757475235,36483.03267029561,1. VIP Champions
14098,2011-11-03,2011-11-03,1,147.35,147.35,0,0,36,147.35,1.0,2.874313809370485,424.2789907588981,1219.5109621640734,332.71488600329394,3. Emerging Loyalists
14099,2010-12-20,2011-11-23,11,3104.17,282.1972727272727,10,338,354,282.1972727272727,0.9996521718497814,9.339697120425932,290.7706819475905,2715.7101008901955,740.9176339278453,1. VIP Champions
14100,2011-07-25,2011-07-25,1,194.9,194.9,0,0,137,194.9,1.0,1.4647840634087945,424.2789907588981,621.4771041028011,169.55541217791958,3. Emerging Loyalists
14101,2011-01-17,2011-09-27,6,5976.79,996.1316666666667,5,253,326,996.1316666666667,0.9991935077183002,5.380227596539804,931.0462348764875,5009.240646536958,1366.6535048754886,1. VIP Champions
14102,2011-10-26,2011-12-04,5,1360.28,272.056,4,39,44,272.056,0.9996904143658403,15.590935494107665,293.113418400703,4569.912398742751,1246.7931244296337,1. VIP Champions
14104,2011-06-27,2011-07-08,2,216.20999999999998,108.10499999999999,1,11,165,108.10499999999999,0.9981551628080508,2.8443239367189284,231.74390356312063,659.154732093267,179.8348668861223,3. Emerging Loyalists
14105,2011-04-14,2011-04-14,1,1266.23,1266.23,0,0,239,1266.23,1.0,0.9796290547389268,424.2789907588981,415.6360266627252,113.39651509532337,3. Emerging Loyalists
14107,2010-12-10,2011-10-19,7,2703.23,386.17571428571426,6,313,364,386.17571428571426,0.999431059923801,5.7517380462791134,389.859531337817,2242.369899100266,611.7778917152418,1. VIP Champions
14108,2011-08-30,2011-11-09,2,597.91,298.955,1,71,101,298.955,0.999629325261769,3.921167539145945,347.9625757666829,1364.4195569339283,372.24978817768147,3. Emerging Loyalists
14109,2011-09-28,2011-09-28,1,144.2,144.2,0,0,72,144.2,1.0,2.1402343196102858,424.2789907588981,908.056457111809,247.74184897557538,3. Emerging Loyalists
14110,2011-03-18,2011-12-06,12,5683.150000000001,473.59583333333336,11,263,266,473.59583333333336,0.9997484618380671,12.883955203562214,470.87559567523476,6066.740081130399,1655.1673557103672,1. VIP Champions
14111,2011-04-12,2011-11-25,4,692.85,173.2125,3,227,241,173.2125,0.9996987256781206,4.5046728879849205,217.47894410255049,979.6715032063472,267.28033008539853,3. Emerging Loyalists
14112,2011-03-09,2011-11-17,5,2915.15,583.03,4,253,275,583.03,0.9996576908714557,5.120033178133368,561.0695431303391,2872.694676067467,783.747183357803,1. VIP Champions
14113,2010-12-20,2011-12-06,4,1840.42,460.105,3,351,354,460.105,0.9997405816407601,3.301319202992955,453.7883862985688,1498.1003137826503,408.7214388275692,3. Emerging Loyalists
14114,2011-01-13,2011-03-11,2,386.53,193.265,1,57,330,193.265,0.9978683526760891,1.6675003456155912,283.60233754192785,472.90699586855425,129.0215521649384,3. Emerging Loyalists
14116,2011-08-10,2011-11-20,5,1382.74,276.548,4,102,121,276.548,0.9995862513125706,9.270182430821755,296.9840278802271,2753.0961174899594,751.1175293261075,1. VIP Champions
14117,2011-07-19,2011-07-19,1,90.0,90.0,0,0,143,90.0,1.0,1.423319941313881,424.2789907588981,603.8847482276675,164.75575160813048,3. Emerging Loyalists
14121,2011-10-11,2011-12-06,4,2780.15,695.0375,3,56,59,695.0375,0.9997235669821108,10.912065370304077,647.2990846567207,7063.369925912129,1927.0743704743893,1. VIP Champions
14124,2011-09-16,2011-09-16,1,419.58000000000004,419.58000000000004,0,0,84,419.58000000000004,1.0,1.9723280884394196,424.2789907588981,836.8173708085037,228.30593965310214,3. Emerging Loyalists
14125,2011-09-22,2011-11-29,3,2740.43,913.4766666666666,2,68,78,913.4766666666666,0.9996873807088086,7.0180222128389005,794.5799005265542,5576.379391770682,1521.3839737460935,1. VIP Champions
14126,2011-11-29,2011-12-02,2,706.1300000000001,353.06500000000005,1,3,10,353.06500000000005,0.9996919624791301,8.440815180721394,380.91302037205236,3215.216404890857,877.1961817636025,1. VIP Champions
14127,2011-02-02,2011-08-09,3,709.71,236.57000000000002,2,188,310,236.57000000000002,0.9992322375813772,2.72032872314789,282.19162306927024,767.6539776670585,209.43633439443212,3. Emerging Loyalists
14128,2011-03-29,2011-10-10,2,637.5,318.75,1,195,255,318.75,0.9996220705632023,2.0571533754150795,360.0167995878488,740.6097744782774,202.05795957028303,3. Emerging Loyalists
14129,2011-03-24,2011-12-08,4,1123.8600000000001,280.96500000000003,3,259,260,280.96500000000003,0.9997445930536474,4.244687125130534,306.2332097951931,1299.864162905054,354.63736710759935,3. Emerging Loyalists
14130,2011-01-24,2011-01-24,1,483.86,483.86,0,0,319,483.86,1.0,0.7776224687302201,424.2789907588981,329.92887622430055,90.01333472834683,3. Emerging Loyalists
14132,2011-06-09,2011-12-07,11,3586.0299999999997,326.00272727272727,10,181,183,326.00272727272727,0.9997502183979441,15.679911390744847,331.93285421082277,5204.677741702729,1419.9739200716795,1. VIP Champions
14133,2011-01-28,2011-08-02,2,605.64,302.82,1,186,315,302.82,0.999450909460572,1.7353918552253034,350.3161789527807,607.9358437083055,165.86099773780617,3. Emerging Loyalists
14135,2010-12-02,2011-12-08,14,4690.31,335.0221428571429,13,371,372,335.0221428571429,0.9997725571822548,11.442186452222181,339.22363515197736,3881.4600824095155,1058.9651006937565,1. VIP Champions
14138,2011-10-07,2011-12-08,2,982.3800000000001,491.19000000000005,1,62,63,491.19000000000005,0.9997363560494524,5.050877794826985,465.02464781830355,2348.7826677127086,640.8101130536674,1. VIP Champions
14139,2011-10-24,2011-10-24,1,415.82,415.82,0,0,46,415.82,1.0,2.6242848892697914,424.2789907588981,1113.4289442832137,303.7729022235032,3. Emerging Loyalists
14140,2011-11-08,2011-12-06,2,935.05,467.525,1,28,31,467.525,0.9997251152894229,6.667742558887902,450.61377604624533,3004.576652164732,819.7280789827388,1. VIP Champions
14141,2011-08-26,2011-12-07,4,915.1300000000001,228.78250000000003,3,103,105,228.78250000000003,0.9997361322469472,8.026691662260916,263.2511957397761,2113.0361779246773,576.4922275167363,1. VIP Champions
14142,2010-12-01,2010-12-01,1,311.81,311.81,0,0,373,311.81,1.0,0.6826100599020506,424.2789907588981,289.617107297113,79.01521661434514,3. Emerging Loyalists
14143,2011-07-29,2011-07-29,1,115.8,115.8,0,0,133,115.8,1.0,1.4937955404378098,424.2789907588981,633.7860642970967,172.91362248920427,3. Emerging Loyalists
14145,2011-05-06,2011-10-24,4,3742.2,935.55,3,171,217,935.55,0.9995062306735794,4.881801072567107,845.4059529651283,4127.103687939781,1125.9831815041236,1. VIP Champions
14146,2010-12-17,2011-12-01,4,4191.0,1047.75,3,349,357,1047.75,0.9997285596821505,3.278028833271512,937.823563792854,3074.2126826344206,838.7266322211043,1. VIP Champions
14147,2011-02-27,2011-09-22,2,483.40000000000003,241.70000000000002,1,207,285,241.70000000000002,0.999590377397419,1.8827385805567234,313.0969741056142,589.4797526042092,160.82568732381117,3. Emerging Loyalists
14148,2011-04-20,2011-04-20,1,157.2,157.2,0,0,233,157.2,1.0,0.9990945099407352,424.2789907588981,423.89481035041103,115.64972999738389,3. Emerging Loyalists
14149,2011-05-03,2011-05-03,1,446.62,446.62,0,0,220,446.62,1.0,1.0440428147848846,424.2789907588981,442.96543176601,120.85270055456803,3. Emerging Loyalists
14150,2010-12-15,2011-11-04,2,658.6400000000001,329.32000000000005,1,324,359,329.32000000000005,0.9996961577075747,1.5573521530478218,366.45343236328324,570.6970418827235,155.70126642853498,3. Emerging Loyalists
14152,2011-04-19,2011-09-25,2,621.29,310.645,1,159,234,310.645,0.999562946312287,2.199617429692705,355.08123585607063,781.0428753458392,213.0891802507746,3. Emerging Loyalists
14154,2011-04-14,2011-04-14,1,1345.62,1345.62,0,0,239,1345.62,1.0,0.9796290547389268,424.2789907588981,415.6360266627252,113.39651509532337,3. Emerging Loyalists
14155,2011-03-18,2011-03-18,1,118.75,118.75,0,0,266,118.75,1.0,0.900664272680913,424.2789907588981,382.13292862565476,104.25598270980032,3. Emerging Loyalists
14156,2010-12-03,2011-11-30,43,117379.63,2729.7588372093023,42,362,371,2729.7588372093023,0.9996096250366312,35.515978985557176,2695.0398247574913,95716.97778132676,26114.126349943643,1. VIP Champions
14157,2011-02-27,2011-11-20,2,432.88,216.44,1,266,285,216.44,0.9997124328083694,1.8829684731570908,297.71482236413146,560.5876245032231,152.94314964620494,3. Emerging Loyalists
14158,2011-10-30,2011-10-30,1,507.66,507.66,0,0,40,507.66,1.0,2.7687949586802034,424.2789907588981,1174.7415306871617,320.50059949631554,3. Emerging Loyalists
14159,2010-12-12,2011-11-20,11,4693.01,426.6372727272728,10,343,362,426.6372727272728,0.9996267156300144,9.166088661437277,426.4949707009919,3909.2907151023855,1066.558034313128,1. VIP Champions
14161,2010-12-05,2011-05-08,3,1110.52,370.17333333333335,2,154,369,370.17333333333335,0.9982755207916573,2.3516039515921547,383.32341154215374,901.4248493203145,245.93257074944918,3. Emerging Loyalists
14162,2011-02-20,2011-06-19,2,289.36,144.68,1,119,292,144.68,0.9991442308956127,1.8454030379088118,254.01635803440848,468.76255879522984,127.89083997687246,3. Emerging Loyalists
14163,2011-04-14,2011-09-13,4,2445.91,611.4775,3,152,239,611.4775,0.9991013144415485,4.531218445111525,578.4718514948245,2621.1823234711637,715.1279529295646,1. VIP Champions
14164,2011-09-20,2011-09-30,2,1631.77,815.885,1,10,80,815.885,0.9991715823630702,4.471917798028594,662.7486288040811,2963.7573887680164,808.5915029378001,1. VIP Champions
14165,2011-03-09,2011-03-09,1,122.53999999999999,122.53999999999999,0,0,275,122.53999999999999,1.0,0.8770975903963567,424.2789907588981,372.13408045042763,101.5280321345292,3. Emerging Loyalists
14167,2011-01-12,2011-10-31,4,574.84,143.71,3,292,331,143.71,0.9996262140893439,3.4907650162906667,193.17813694172185,674.3394823483703,183.9776688836951,3. Emerging Loyalists
14171,2011-09-02,2011-09-02,1,363.79,363.79,0,0,98,363.79,1.0,1.8069428665799745,424.2789907588981,766.6478957915418,209.16184861537155,3. Emerging Loyalists
14173,2011-05-04,2011-11-29,3,450.84000000000003,150.28,2,209,219,150.28,0.9997169208114516,3.581735159366698,216.8739262004911,776.7849666221975,211.92750999150536,3. Emerging Loyalists
14174,2011-11-06,2011-11-06,1,134.46,134.46,0,0,33,134.46,1.0,2.958886235150211,424.2789907588981,1255.3932656199272,342.5045286340289,3. Emerging Loyalists
14175,2011-01-14,2011-10-11,3,3222.3,1074.1000000000001,2,270,329,1074.1000000000001,0.9995968624982907,2.591395756057913,916.1646287305123,2374.145130742623,647.729664626034,1. VIP Champions
14176,2010-12-07,2011-02-15,3,576.9000000000001,192.30000000000004,2,70,367,192.30000000000004,0.9935527383333931,2.3512157963950218,248.68119960906802,584.7031647873042,159.52250767205464,3. Emerging Loyalists
14177,2011-06-13,2011-09-14,3,559.41,186.47,2,93,179,186.47,0.9991466829513131,4.157156716910057,244.268148586412,1015.4609746231865,277.044645677479,3. Emerging Loyalists
14178,2011-06-10,2011-12-01,7,1620.93,231.5614285714286,6,174,182,231.5614285714286,0.9996982397091363,9.925650888592779,250.19332345134058,2483.3315832347794,677.5186203805328,1. VIP Champions
14179,2011-10-18,2011-10-30,2,719.7800000000001,359.89000000000004,1,12,52,359.89000000000004,0.9994587961309165,5.508673364151425,385.0691243164554,2121.2200284791716,578.7249986756563,1. VIP Champions
14180,2010-12-02,2011-11-29,24,4748.52,197.85500000000002,23,362,372,197.85500000000002,0.9996621966396673,19.715536043962327,204.00507614700848,4022.069431927625,1097.3270549093193,1. VIP Champions
14184,2011-10-04,2011-10-04,1,452.89,452.89,0,0,66,452.89,1.0,2.2353845634956913,424.2789907588981,948.4267065579718,258.75592212385556,3. Emerging Loyalists
14185,2011-01-12,2011-01-12,1,197.65,197.65,0,0,331,197.65,1.0,0.7542914180416213,424.2789907588981,320.03000158479716,87.31265958115603,3. Emerging Loyalists
14188,2011-02-02,2011-11-09,6,2054.36,342.3933333333334,5,280,310,342.3933333333334,0.9996033943741929,5.609685884751971,351.7131522228608,1973.0003055062036,538.2867330409796,1. VIP Champions
14189,2010-12-06,2011-12-07,14,4654.08,332.4342857142857,13,366,368,332.4342857142857,0.9997651538134765,11.546844685067603,336.75759344515075,3888.4876280282956,1060.8824012445332,1. VIP Champions
14191,2011-05-03,2011-12-08,13,4684.76,360.36615384615385,12,219,220,360.36615384615385,0.9997666030399514,16.198107792930877,363.6126281492083,5889.836545631769,1606.9033864037203,1. VIP Champions
14193,2011-03-15,2011-10-03,2,853.39,426.695,1,202,269,426.695,0.9996107719848304,1.9719132775913133,425.7502267348938,839.5425250360491,229.0494338948843,3. Emerging Loyalists
14194,2011-02-04,2011-12-05,15,11349.52,756.6346666666667,14,304,308,756.6346666666667,0.9997450579159103,14.35249595581482,742.0585068051488,10650.391717898883,2905.7089081208305,1. VIP Champions
14195,2011-04-01,2011-05-22,2,1012.0,506.0,1,51,252,506.0,0.9984328587605528,2.0739113576228134,474.04324113941834,983.1236618033698,268.2221703719634,3. Emerging Loyalists
14196,2011-08-25,2011-08-25,1,335.52,335.52,0,0,106,335.52,1.0,1.7243205267196806,424.2789907588981,731.5929728214777,199.59793729214562,3. Emerging Loyalists
14198,2011-04-14,2011-11-21,4,701.4000000000001,175.35000000000002,3,221,239,175.35000000000002,0.9996821413468667,4.533852666034623,219.23957372059206,993.9999258134005,271.1895032230085,3. Emerging Loyalists
14199,2011-05-05,2011-05-05,1,185.39999999999998,185.39999999999998,0,0,218,185.39999999999998,1.0,1.051319407547142,424.2789907588981,446.05273719934405,121.6949992359069,3. Emerging Loyalists
14201,2010-12-15,2011-10-10,7,747.44,106.77714285714286,6,299,359,106.77714285714286,0.9993219059244525,5.818302123353953,137.47315720653015,799.8603624789262,218.223089072097,3. Emerging Loyalists
14204,2011-12-07,2011-12-07,1,161.03,161.03,0,0,2,161.03,1.0,4.251536147927672,424.2789907588981,1803.8374660177258,492.13463059777894,3. Emerging Loyalists
14205,2011-03-20,2011-11-23,2,466.70000000000005,233.35000000000002,1,248,264,233.35000000000002,0.9997155277948812,2.001734961439528,308.0122168989087,616.5588231170406,168.2135748773301,3. Emerging Loyalists
14206,2011-04-14,2011-04-14,1,328.15999999999997,328.15999999999997,0,0,239,328.15999999999997,1.0,0.9796290547389268,424.2789907588981,415.6360266627252,113.39651509532337,3. Emerging Loyalists
14208,2011-09-06,2011-09-06,1,151.74,151.74,0,0,94,151.74,1.0,1.851296110080502,424.2789907588981,785.4660451808294,214.29593811772355,3. Emerging Loyalists
14209,2011-01-11,2011-11-29,6,2073.4300000000003,345.5716666666667,5,322,332,345.5716666666667,0.9997158001862383,5.302487493802559,354.5297434395822,1879.8895307694145,512.8836478999858,3. Emerging Loyalists
14210,2010-12-03,2011-08-26,6,1905.8400000000001,317.64000000000004,5,266,371,317.64000000000004,0.998799679920165,4.8280223918042875,329.77712036615037,1592.1713214325118,434.3865009364801,3. Emerging Loyalists
14211,2011-02-17,2011-10-17,9,2241.1,249.0111111111111,8,242,295,249.0111111111111,0.9990566143586752,8.843425484054011,262.0345339103701,2317.282874885182,632.2161353815521,1. VIP Champions
14212,2011-09-11,2011-09-11,1,1070.48,1070.48,0,0,89,1070.48,1.0,1.9098965423138645,424.2789907588981,810.3289774268355,221.07920446348734,3. Emerging Loyalists
14214,2011-03-07,2011-11-09,5,1004.38,200.876,4,247,277,200.876,0.9996145352021999,5.090214368626663,231.77994049497613,1179.8095834669605,321.88329850862874,3. Emerging Loyalists
14215,2010-12-06,2011-11-28,6,1789.72,298.2866666666667,5,357,368,298.2866666666667,0.9997154029528591,4.865626635749872,312.6264873254743,1521.1237637717475,415.00284569982205,3. Emerging Loyalists
14216,2011-11-02,2011-12-06,4,1839.3,459.825,3,34,37,459.825,0.999718231747503,13.177634235652882,453.557754114685,5976.818188467505,1630.6342820482464,1. VIP Champions
14217,2010-12-08,2011-12-08,16,2004.98,125.31125,15,365,366,125.31125,0.9997770666005188,13.278020792785453,137.58487308633792,1826.8548056131426,498.41437039281817,3. Emerging Loyalists
14218,2011-10-28,2011-10-28,1,169.48000000000002,169.48000000000002,0,0,42,169.48000000000002,1.0,2.7188884414171723,424.2789907588981,1153.5672439105113,314.7236933186189,3. Emerging Loyalists
14219,2011-12-05,2011-12-05,1,89.94,89.94,0,0,4,89.94,1.0,4.134990653722567,424.2789907588981,1754.389661358887,478.64395999242095,3. Emerging Loyalists
14220,2010-12-16,2011-04-06,2,632.4000000000001,316.20000000000005,1,111,358,316.20000000000005,0.998741393427211,1.5595088561182853,358.4639695426873,559.0277351011362,152.51757050776723,3. Emerging Loyalists
14221,2011-01-04,2011-10-28,7,3432.8,490.40000000000003,6,297,339,490.40000000000003,0.9994922750710457,6.1045820588035955,484.0074342184754,2954.6630992576665,806.1103399211531,1. VIP Champions
14222,2011-06-15,2011-06-15,1,683.17,683.17,0,0,177,683.17,1.0,1.2265683361242166,424.2789907588981,520.4071757476034,141.98085915267464,3. Emerging Loyalists
14223,2011-03-20,2011-09-08,3,991.13,330.37666666666667,2,172,264,330.37666666666667,0.9993612274165158,3.0965555341009035,353.1991027031089,1093.7006361147853,298.39049730305163,3. Emerging Loyalists
14224,2011-01-23,2011-08-21,4,1050.12,262.53,3,210,320,262.53,0.9990998713095864,3.587595929306665,291.0485515455574,1044.1645987554427,284.8757544803863,3. Emerging Loyalists
14226,2011-03-15,2011-11-11,5,2232.19,446.438,4,241,269,446.438,0.9996223099235088,5.210747868160417,443.37268426409804,2310.3032693297105,630.3119141496119,1. VIP Champions
14227,2011-02-28,2011-11-13,6,3350.96,558.4933333333333,5,258,284,558.4933333333333,0.9996169174908073,6.022993060682706,543.2177233608269,3271.796578242118,892.6327514301887,1. VIP Champions
14229,2011-01-10,2011-10-19,3,1547.1999999999998,515.7333333333332,2,282,333,515.7333333333332,0.99962413215117,2.565678101318323,493.5058655486375,1266.1771921102838,345.4466693643917,3. Emerging Loyalists
14231,2011-02-24,2011-06-09,3,925.71,308.57,2,105,288,308.57,0.9980494416890611,2.884568639925824,336.69242472128195,971.2124096515962,264.97246534692516,3. Emerging Loyalists
14232,2011-03-20,2011-10-28,5,2048.07,409.61400000000003,4,222,264,409.61400000000003,0.9995230797450135,5.288471873853452,411.64264787184624,2176.9605653488193,593.9324932745051,1. VIP Champions
14233,2011-01-26,2011-10-21,4,1462.72,365.68,3,268,317,365.68,0.9995756463328193,3.6172034485167566,376.0118007156099,1360.1111822314997,371.07434946294103,3. Emerging Loyalists
14234,2011-10-13,2011-11-17,4,775.4599999999999,193.86499999999998,3,35,57,193.86499999999998,0.9994739074267888,11.082560463928676,234.4901268799088,2598.751009340896,709.0080964007537,1. VIP Champions
14235,2011-03-24,2011-09-25,4,3144.86,786.215,3,185,260,786.215,0.9993207841422124,4.2428877293224625,722.4007487498129,3065.0652725239406,836.2309764979832,1. VIP Champions
14236,2010-12-02,2011-09-20,2,490.86,245.43,1,292,372,245.43,0.9996252558262894,1.5113323743662779,315.36836864226234,476.62642538012994,130.03631103495724,3. Emerging Loyalists
14237,2010-12-01,2010-12-01,1,161.0,161.0,0,0,373,161.0,1.0,0.6826100599020506,424.2789907588981,289.617107297113,79.01521661434514,3. Emerging Loyalists
14238,2011-01-17,2011-01-17,1,146.85,146.85,0,0,326,146.85,1.0,0.7638403956982291,424.2789907588981,324.08143218772204,88.41799714106641,3. Emerging Loyalists
14239,2011-01-27,2011-10-27,11,2380.85,216.4409090909091,10,273,316,216.4409090909091,0.9991744184318991,10.256730691225764,228.98214909273398,2348.6082363422784,640.7625235564601,1. VIP Champions
14240,2011-04-28,2011-11-09,2,890.34,445.17,1,195,225,445.17,0.9996835160935432,2.267235437197023,437.000632650329,990.7833204223443,270.31192808903535,3. Emerging Loyalists
14241,2011-06-09,2011-06-09,1,213.70000000000002,213.70000000000002,0,0,183,213.70000000000002,1.0,1.1973596053293583,424.2789907588981,508.01452492461266,138.59981582155675,3. Emerging Loyalists
14242,2011-01-18,2011-04-19,2,280.54999999999995,140.27499999999998,1,91,325,140.27499999999998,0.9986526032208356,1.6899908706360578,251.33392025051177,424.7520307045359,115.88360241120478,3. Emerging Loyalists
14243,2010-12-09,2011-12-01,10,2588.77,258.877,9,357,365,258.877,0.9997212262866961,8.262724961538838,269.8926853884935,2230.0490284962534,608.4164319287705,1. VIP Champions
14245,2011-03-21,2011-05-04,2,1693.45,846.725,1,44,263,846.725,0.9981404558872087,2.004601749528832,681.5287380561527,1366.1937006615408,372.73382157008206,3. Emerging Loyalists
14246,2011-04-08,2011-08-21,3,1474.06,491.3533333333333,2,135,245,491.3533333333333,0.9991335129094099,3.283202764911661,475.0512885448035,1559.689704025146,425.52465551795547,3. Emerging Loyalists
14247,2011-03-06,2011-03-06,1,136.76999999999998,136.76999999999998,0,0,278,136.76999999999998,1.0,0.8695137235818774,424.2789907588981,368.9164050923304,100.65016508521202,3. Emerging Loyalists
14248,2011-01-25,2011-01-25,1,302.58,302.58,0,0,318,302.58,1.0,0.7796320406968016,424.2789907588981,330.7814953901391,90.24595181615291,3. Emerging Loyalists
14250,2011-09-11,2011-12-02,2,1904.05,952.025,1,82,89,952.025,0.9997175566398308,4.2194269442367265,745.6514846269419,3146.221965245036,858.3726714928254,1. VIP Champions
14251,2011-10-13,2011-12-08,5,2879.7,575.9399999999999,4,56,57,575.9399999999999,0.9997414100230531,13.982539787424361,554.9603220239665,7759.754783141947,2117.0666014392364,1. VIP Champions
14256,2010-12-10,2011-03-24,2,969.06,484.53,1,104,364,484.53,0.9986120444283679,1.5376978237915275,460.9690211121169,708.8310605994128,193.3878848488758,3. Emerging Loyalists
14257,2011-01-25,2011-10-06,5,3099.7200000000003,619.9440000000001,4,254,318,619.9440000000001,0.9994047146541821,4.549928989934307,592.8771295789484,2697.548839340296,735.9627608240168,1. VIP Champions
14258,2011-01-06,2011-11-30,8,12669.98,1583.7475,7,328,337,1583.7475,0.9997156735528774,7.0348774523004005,1486.318572455126,10456.069012299886,2852.6925279101183,1. VIP Champions
14259,2011-07-21,2011-07-21,1,120.0,120.0,0,0,141,120.0,1.0,1.4368779999873487,424.2789907588981,609.6371476782963,166.32515851535913,3. Emerging Loyalists
14261,2011-09-22,2011-10-20,2,1163.45,581.725,1,28,78,581.725,0.9994444243114983,4.534014843427725,520.1562039511277,2358.395949615432,643.4328709390957,1. VIP Champions
14262,2011-04-13,2011-12-01,8,2618.23,327.27875,7,232,240,327.27875,0.9997070577474133,9.243448620628685,335.4295788956467,3100.5260783610265,845.9056234160677,1. VIP Champions
14264,2011-04-08,2011-07-08,2,333.97,166.985,1,91,245,166.985,0.9991094920503923,2.1215878670694406,267.5990537823805,567.7349057439612,154.8931172455333,3. Emerging Loyalists
14265,2011-07-14,2011-08-22,2,530.1800000000001,265.09000000000003,1,39,148,265.09000000000003,0.9990702830110864,3.0700050438013187,327.3403838139785,1004.9366293487736,274.17332557714815,3. Emerging Loyalists
14267,2011-03-24,2011-06-30,2,1516.24,758.12,1,98,260,758.12,0.9991032297694266,2.0248342642803054,627.5724611339801,1270.7302226228032,346.68885666318755,3. Emerging Loyalists
14270,2011-01-12,2011-01-12,1,492.65000000000003,492.65000000000003,0,0,331,492.65000000000003,1.0,0.7542914180416213,424.2789907588981,320.03000158479716,87.31265958115603,3. Emerging Loyalists
14271,2011-04-28,2011-04-28,1,112.32,112.32,0,0,225,112.32,1.0,1.0262845234377114,424.2789907588981,435.43096183562886,118.79709762703588,3. Emerging Loyalists
14272,2011-03-30,2011-09-27,2,437.96000000000004,218.98000000000002,1,181,254,218.98000000000002,0.9995848815661994,2.063446305479172,299.2615628797042,617.5101662960485,168.47312649037337,3. Emerging Loyalists
14273,2011-04-11,2011-10-19,4,559.97,139.9925,3,191,242,139.9925,0.9994990848192595,4.4892898164471235,190.1160828574788,853.4861947148971,232.85363624451543,3. Emerging Loyalists
14276,2011-02-23,2011-09-02,3,1119.74,373.24666666666667,2,191,289,373.24666666666667,0.9993675080324627,2.880309109684706,385.64978835341094,1110.7905985423085,303.05309163576993,3. Emerging Loyalists
14277,2011-05-11,2011-11-24,3,4216.2,1405.3999999999999,2,197,212,1405.3999999999999,0.999700866340177,3.670913866251676,1166.9440118876164,4283.750954377611,1168.7207041772313,1. VIP Champions
14280,2011-05-27,2011-05-27,1,134.04,134.04,0,0,196,134.04,1.0,1.138612176645241,424.2789907588981,483.0892251728351,131.79953396858,3. Emerging Loyalists
14282,2010-12-07,2011-12-06,15,3729.34,248.62266666666667,14,364,367,248.62266666666667,0.99975888802002,12.410290555304144,256.32644561871155,3181.0856671365773,867.8844126418454,1. VIP Champions
14284,2011-09-14,2011-11-09,2,595.25,297.625,1,56,86,297.625,0.9996148597070548,4.300672910065891,347.1526683313633,1492.9900763497833,407.32723072474994,3. Emerging Loyalists
14285,2011-06-16,2011-11-18,4,1910.0100000000002,477.50250000000005,3,155,176,477.50250000000005,0.9996443056740488,5.699678691926044,468.1184699382779,2668.124868404225,727.9351223365474,1. VIP Champions
14286,2011-04-11,2011-11-16,3,4628.75,1542.9166666666667,2,219,242,1542.9166666666667,0.9996817019193222,3.316696436514101,1271.0380198576975,4215.647271135965,1150.1402158428423,1. VIP Champions
14287,2011-05-25,2011-12-01,2,176.63,88.315,1,190,198,88.315,0.9997251386307818,2.4966453755258837,219.69272450674913,548.4948246764573,149.6439136076184,3. Emerging Loyalists
14288,2011-05-10,2011-05-10,1,426.6,426.6,0,0,213,426.6,1.0,1.0699625163159032,424.2789907588981,453.96261657236244,123.85302380111743,3. Emerging Loyalists
14289,2011-02-23,2011-12-01,6,911.26,151.87666666666667,5,281,289,151.87666666666667,0.999720159974224,5.939476848555983,182.88014646332886,1086.212395979469,296.34750708788715,3. Emerging Loyalists
14290,2010-12-13,2011-11-28,5,2314.65,462.93,4,350,361,462.93,0.9997180196389244,4.096176686963974,457.58330125793407,1874.3420509567627,511.3701484967523,3. Emerging Loyalists
14291,2011-03-09,2011-12-08,7,3883.25,554.75,6,274,275,554.75,0.99975324261596,7.242343280595372,542.136089251704,3926.335663160331,1071.208347533739,1. VIP Champions
14292,2011-03-02,2011-12-02,6,4871.93,811.9883333333333,5,275,282,811.9883333333333,0.9997241340696317,6.057965787477111,767.8611812998306,4651.676765846133,1269.100609088614,1. VIP Champions
14293,2010-12-06,2011-12-06,4,1046.56,261.64,3,365,368,261.64,0.9997408086561748,3.195546979687675,290.3154706753553,927.7167254732375,253.1056908348229,3. Emerging Loyalists
14295,2011-10-30,2011-10-30,1,166.20000000000002,166.20000000000002,0,0,40,166.20000000000002,1.0,2.7687949586802034,424.2789907588981,1174.7415306871617,320.50059949631554,3. Emerging Loyalists
14297,2011-03-10,2011-11-22,4,1305.33,326.3325,3,257,274,326.3325,0.9996933536249935,4.071205335473649,343.6018012321524,1398.873486454695,381.64973257221584,3. Emerging Loyalists
14298,2010-12-14,2011-12-01,25,51527.3,2061.092,24,352,360,2061.092,0.9996913771674022,21.118297620234056,2018.4374365271815,42625.962512403305,11629.491409349757,1. VIP Champions
14299,2010-12-09,2011-12-01,9,3965.62,440.6244444444444,8,357,365,440.6244444444444,0.9997226567493047,7.421877264749429,439.40988217197923,3261.246214398438,889.7543327751287,1. VIP Champions
14300,2011-11-21,2011-11-21,1,43.2,43.2,0,0,18,43.2,1.0,3.4692780746188276,424.2789907588981,1471.9418001612494,401.58470357254896,3. Emerging Loyalists
14301,2011-08-14,2011-08-14,1,640.14,640.14,0,0,117,640.14,1.0,1.6223222372985533,424.2789907588981,688.3172415267478,187.79117175156819,3. Emerging Loyalists
14304,2011-05-01,2011-05-01,1,383.45,383.45,0,0,222,383.45,1.0,1.0368662579234091,424.2789907588981,439.92056946369934,120.02198148336649,3. Emerging Loyalists
14305,2011-07-27,2011-09-29,3,1858.96,619.6533333333333,2,64,135,619.6533333333333,0.9991419516771547,5.0539535570141485,572.1686892663745,2891.7139823299162,788.9361537822617,1. VIP Champions
14306,2011-09-15,2011-10-19,2,2093.32,1046.66,1,34,85,1046.66,0.9994579587413104,4.327927324167991,803.2797478912024,3476.53636984911,948.4911885728748,1. VIP Champions
14307,2010-12-01,2011-09-12,5,2995.7200000000003,599.144,4,285,373,599.144,0.9992736958027716,3.9831869060808818,574.9544498874743,2290.151036384724,624.8138513235879,1. VIP Champions
14309,2010-12-16,2011-12-01,9,2352.53,261.39222222222224,8,350,358,261.39222222222224,0.9997219020430703,7.543553300482065,273.49565645855233,2063.1290619454217,562.8762446195221,1. VIP Champions
14311,2011-04-11,2011-04-11,1,310.26,310.26,0,0,242,310.26,1.0,0.9701780185407576,424.2789907588981,411.62615056294015,112.30251470433072,3. Emerging Loyalists
14312,2011-01-06,2011-10-24,6,1611.5900000000001,268.59833333333336,5,291,337,268.59833333333336,0.9995057604202355,5.236079040716346,286.317132661888,1499.1791373289134,409.01577046078035,3. Emerging Loyalists
14314,2011-08-25,2011-08-25,1,120.0,120.0,0,0,106,120.0,1.0,1.7243205267196806,424.2789907588981,731.5929728214777,199.59793729214562,3. Emerging Loyalists
14315,2011-03-18,2011-10-26,6,2481.13,413.5216666666667,5,222,266,413.5216666666667,0.9994428844629001,6.345550984603695,414.7460118746808,2631.791964011836,718.0225438373508,1. VIP Champions
14317,2011-10-06,2011-10-06,1,508.58000000000004,508.58000000000004,0,0,64,508.58000000000004,1.0,2.269009670419825,424.2789907588981,962.6931329879034,262.6481810625419,3. Emerging Loyalists
14320,2011-01-11,2011-05-17,2,477.78999999999996,238.89499999999998,1,126,332,238.89499999999998,0.9990302310361473,1.6611146771849963,311.3888610559365,517.2526074119356,141.12020937029894,3. Emerging Loyalists
14321,2011-01-10,2011-11-29,5,1530.75,306.15,4,323,333,306.15,0.9997190029198515,4.381515756461164,322.4911030834489,1412.9998494786728,385.50377850454885,3. Emerging Loyalists
14323,2011-04-15,2011-08-17,2,605.06,302.53,1,124,238,302.53,0.9993931353885245,2.170585301993848,350.1395825947035,760.0078316263244,207.35026326654906,3. Emerging Loyalists
14326,2011-04-11,2011-04-11,1,183.85,183.85,0,0,242,183.85,1.0,0.9701780185407576,424.2789907588981,411.62615056294015,112.30251470433072,3. Emerging Loyalists
14327,2011-06-29,2011-06-29,1,311.65,311.65,0,0,163,311.65,1.0,1.3005983927885365,424.2789907588981,551.8165734749651,150.55017464758964,3. Emerging Loyalists
14329,2011-01-14,2011-11-22,6,5014.84,835.8066666666667,5,312,329,835.8066666666667,0.9996836472347477,5.342288260092263,788.9686302133944,4214.89785077009,1149.935754120614,1. VIP Champions
14331,2011-07-27,2011-08-07,2,462.66,231.33,1,11,135,231.33,0.9985635849186908,3.2640254492710796,306.7821319219572,1001.344685974906,273.19334830162956,3. Emerging Loyalists
14332,2011-07-15,2011-11-17,3,866.3100000000001,288.77000000000004,2,125,147,288.77000000000004,0.9996529572295303,4.77556657231328,321.70470426697875,1536.322231853313,419.149390283734,3. Emerging Loyalists
14333,2011-10-03,2011-10-03,1,415.2,415.2,0,0,67,415.2,1.0,2.2189429863295427,424.2789907588981,941.4508907914337,256.8527348466989,3. Emerging Loyalists
14334,2010-12-16,2011-11-23,8,2552.21,319.02625,7,342,358,319.02625,0.9996783216592002,6.6886169419742805,327.8705278493317,2193.00036734709,598.3085760313996,1. VIP Champions
14335,2011-09-04,2011-11-23,2,468.26,234.13,1,80,96,234.13,0.9996867476272346,4.040252221670514,308.4872002068405,1246.366095992604,340.04167769896435,3. Emerging Loyalists
14336,2011-03-08,2011-11-23,4,1614.91,403.7275,3,260,276,403.7275,0.9996972545762784,4.047617151718822,407.3510079167498,1648.800926413786,449.83655686080016,3. Emerging Loyalists
14338,2011-05-27,2011-07-01,2,588.22,294.11,1,35,196,294.11,0.9985657474230751,2.512573639955505,345.01219868087594,866.8685558686605,236.5046987637306,3. Emerging Loyalists
14339,2011-04-11,2011-04-11,1,309.52,309.52,0,0,242,309.52,1.0,0.9701780185407576,424.2789907588981,411.62615056294015,112.30251470433072,3. Emerging Loyalists
14340,2011-05-05,2011-05-05,1,134.7,134.7,0,0,218,134.7,1.0,1.051319407547142,424.2789907588981,446.05273719934405,121.6949992359069,3. Emerging Loyalists
14341,2011-01-25,2011-10-25,5,2182.2799999999997,436.45599999999996,4,273,318,436.45599999999996,0.9995481847278103,4.550582157402519,434.77152134677624,1978.4635275873884,539.7772447037255,1. VIP Champions
14342,2011-05-13,2011-11-18,4,668.56,167.14,3,189,210,167.14,0.9996594358949091,5.005068491003691,212.4771086145704,1063.4624813863552,290.1407279155207,3. Emerging Loyalists
14344,2010-12-06,2011-08-04,8,889.9300000000001,111.24125000000001,7,241,368,111.24125000000001,0.9965050734730049,6.514799493575601,137.54548432814872,896.081251644634,244.47469579246106,3. Emerging Loyalists
14345,2011-11-01,2011-11-01,1,108.97999999999999,108.97999999999999,0,0,38,108.97999999999999,1.0,2.820567850865286,424.2789907588981,1196.7076811321176,326.4935470531423,3. Emerging Loyalists
14346,2011-02-15,2011-08-11,2,1021.5799999999999,510.78999999999996,1,177,297,510.78999999999996,0.999462882431695,1.8207703100020363,476.96012581248647,868.4348361342112,236.93202149896635,3. Emerging Loyalists
14348,2011-03-24,2011-03-24,1,409.57,409.57,0,0,260,409.57,1.0,0.9170917954606201,424.2789907588981,389.1027814112977,106.15754312785496,3. Emerging Loyalists
14349,2011-11-29,2011-11-29,1,133.5,133.5,0,0,10,133.5,1.0,3.8207786682348264,424.2789907588981,1621.076117271799,442.27249470856646,3. Emerging Loyalists
14350,2011-03-10,2011-03-10,1,282.93,282.93,0,0,274,282.93,1.0,0.8796550300355284,424.2789907588981,373.21914835946217,101.8240673952698,3. Emerging Loyalists
14351,2011-06-28,2011-06-28,1,51.0,51.0,0,0,164,51.0,1.0,1.2950154491134576,424.2789907588981,549.4478477670389,149.903923545027,3. Emerging Loyalists
14352,2011-03-11,2011-07-05,3,1078.96,359.65333333333336,2,116,273,359.65333333333336,0.998546517110211,3.0125995523131675,375.36023885633205,1130.8100875347495,308.5149383961667,3. Emerging Loyalists
14353,2011-05-08,2011-05-08,1,90.6,90.6,0,0,215,90.6,1.0,1.0624264878059033,424.2789907588981,450.7652380018094,122.9806942529491,3. Emerging Loyalists
14354,2011-11-09,2011-12-04,2,163.62,81.81,1,25,30,81.81,0.9997141739719002,6.735047513997366,215.73148550918995,1452.9618051696286,396.40645830382743,3. Emerging Loyalists
14355,2010-12-09,2010-12-09,1,174.4,174.4,0,0,365,174.4,1.0,0.6951939152545263,424.2789907588981,294.95617274591734,80.47185505981739,3. Emerging Loyalists
14356,2011-09-19,2011-09-21,2,701.23,350.615,1,2,81,350.615,0.9989809058802084,4.441249206461488,379.4210856227795,1685.1035954369258,459.7408863505618,3. Emerging Loyalists
14357,2011-10-27,2011-10-27,1,225.77,225.77,0,0,43,225.77,1.0,2.694603816894278,424.2789907588981,1143.263787926979,311.91263766650934,3. Emerging Loyalists
14359,2011-09-13,2011-11-20,3,912.1800000000001,304.06,2,68,87,304.06,0.9996302095038917,6.6126523416689675,333.27855506224626,2203.8552175604127,601.270066631615,1. VIP Champions
14360,2011-09-06,2011-11-08,3,2128.23,709.41,2,63,94,709.41,0.999534988899993,6.327999564695184,640.1104988072875,4050.6189578093326,1105.1161216285923,1. VIP Champions
14362,2011-11-17,2011-11-17,1,161.2,161.2,0,0,22,161.2,1.0,3.316714022998797,424.2789907588981,1407.2120783138141,383.9247212569519,3. Emerging Loyalists
14364,2011-05-12,2011-08-23,7,3717.3500000000004,531.0500000000001,6,103,211,531.0500000000001,0.9933043040274931,8.840580291519414,520.7274004515872,4603.53239368644,1255.965549386988,1. VIP Champions
14367,2011-03-08,2011-12-01,13,9261.52,712.4246153846154,12,268,276,712.4246153846154,0.9996983786837643,13.56761323074855,697.7881603143242,9467.319876140315,2582.9355791579615,1. VIP Champions
14368,2011-01-24,2011-01-24,1,155.0,155.0,0,0,319,155.0,1.0,0.7776224687302201,424.2789907588981,329.92887622430055,90.01333472834683,3. Emerging Loyalists
14371,2011-02-17,2011-02-17,1,100.5,100.5,0,0,295,100.5,1.0,0.8289000198640772,424.2789907588981,351.68486386796127,95.94894430737395,3. Emerging Loyalists
14373,2010-12-16,2010-12-16,1,76.55,76.55,0,0,358,76.55,1.0,0.706591624434012,424.2789907588981,299.79198129355296,81.79119169522181,3. Emerging Loyalists
14375,2011-06-07,2011-06-07,1,257.68,257.68,0,0,185,257.68,1.0,1.187930064273342,424.2789907588981,504.0137687620464,137.50830359095482,3. Emerging Loyalists
14377,2011-03-22,2011-06-01,2,617.05,308.525,1,71,262,308.525,0.9987489798836808,2.01188450729698,353.7902555832304,711.7851340405402,194.1938343144435,3. Emerging Loyalists
14379,2011-02-17,2011-10-26,2,348.1,174.05,1,251,295,174.05,0.9996710236550063,1.8311569271436232,271.90130643691634,497.89396078136036,135.83865790688262,3. Emerging Loyalists
14381,2011-10-18,2011-10-18,1,202.68,202.68,0,0,52,202.68,1.0,2.4941112247051773,424.2789907588981,1058.198993258352,288.7047089646286,3. Emerging Loyalists
14382,2011-11-13,2011-11-13,1,626.0699999999999,626.0699999999999,0,0,26,626.0699999999999,1.0,3.177002983208351,424.2789907588981,1347.9356193536476,367.7525334722575,3. Emerging Loyalists
14383,2011-06-29,2011-11-01,3,1247.69,415.8966666666667,2,125,163,415.8966666666667,0.9995752976836,4.445813893153447,417.9339437764429,1858.0565336617217,506.92702809977857,3. Emerging Loyalists
14385,2011-11-16,2011-11-30,3,202.10999999999999,67.36999999999999,2,14,23,67.36999999999999,0.9996572893066505,11.215100382871132,154.11473918704252,1728.4122704626852,471.5566398133917,3. Emerging Loyalists
14386,2011-02-16,2011-02-16,1,142.4,142.4,0,0,296,142.4,1.0,0.8266288073625774,424.2789907588981,350.72123612002594,95.68604113860295,3. Emerging Loyalists
14387,2011-08-22,2011-11-07,3,1770.56,590.1866666666666,2,77,109,590.1866666666666,0.9995514792458421,5.794714677478922,549.8637315532363,3186.303435844868,869.307958124282,1. VIP Champions
14388,2010-12-02,2011-11-29,8,3212.84,401.605,7,362,372,401.605,0.999714514877187,6.47649474764545,403.51027175613393,2613.33215564959,712.9862192568906,1. VIP Champions
14389,2011-06-02,2011-10-05,2,1043.46,521.73,1,125,190,521.73,0.9995592673904057,2.573346936499278,483.6220711827091,1244.52737530146,339.54002600076217,3. Emerging Loyalists
14390,2010-12-02,2011-11-29,8,4652.82,581.6025,7,362,372,581.6025,0.999714514877187,6.47649474764545,568.3827698729572,3681.12802373438,1004.3092098220388,1. VIP Champions
14393,2011-05-05,2011-05-05,1,67.95,67.95,0,0,218,67.95,1.0,1.051319407547142,424.2789907588981,446.05273719934405,121.6949992359069,3. Emerging Loyalists
14395,2010-12-02,2011-12-07,9,3507.71,389.74555555555554,8,370,372,389.74555555555554,0.9997550197109427,7.3042952498433396,392.3115906343494,2865.559687928963,781.8005696423144,1. VIP Champions
14396,2010-12-03,2011-10-05,2,487.99,243.995,1,306,371,243.995,0.9996518548736213,1.5148078452628073,314.4945211462597,476.398767924524,129.9742000521619,3. Emerging Loyalists
14397,2011-05-10,2011-12-07,19,2612.96,137.52421052631578,18,211,213,137.52421052631578,0.9997630173542914,24.365426099117176,147.40199680218709,3591.512459945996,979.859710789195,1. VIP Champions
14400,2011-07-13,2011-07-13,1,574.7,574.7,0,0,149,574.7,1.0,1.3841386746443196,424.2789907588981,587.2609599484507,160.22034192846056,3. Emerging Loyalists
14401,2010-12-15,2011-12-05,13,4051.48,311.6523076923077,12,355,359,311.6523076923077,0.9997481821735972,10.936804984982842,317.3732183900065,3471.0489969878718,946.9940879377606,1. VIP Champions
14403,2011-04-06,2011-08-01,4,1475.81,368.9525,3,117,247,368.9525,0.9980841089522485,4.411992742434003,378.7073143647519,1670.8539224839576,455.85319820406266,3. Emerging Loyalists
14404,2010-12-05,2011-11-06,6,1474.32,245.72,5,336,369,245.72,0.9996128298163289,4.854018780846864,266.04269761630064,1291.3762507366864,352.32163988814654,3. Emerging Loyalists
14406,2011-08-12,2011-08-12,1,156.75,156.75,0,0,119,156.75,1.0,1.6050597487098084,424.2789907588981,680.993130290328,185.79296024654275,3. Emerging Loyalists
14407,2011-03-08,2011-08-24,6,2157.73,359.62166666666667,5,169,276,359.62166666666667,0.9978692687291596,6.151898849201786,366.98064221093074,2257.6277904967574,615.940648553135,1. VIP Champions
14408,2011-03-20,2011-11-29,7,2606.53,372.3614285714286,6,254,264,372.3614285714286,0.9997021331006826,7.481226646393488,377.3808079684903,2823.2713564113733,770.2631929096145,1. VIP Champions
14409,2010-12-06,2011-09-29,5,2059.4500000000003,411.89000000000004,4,297,368,411.89000000000004,0.9994146106476192,4.029333502219762,413.6038026303941,1666.5476585841373,454.6783353721728,3. Emerging Loyalists
14410,2011-02-07,2011-09-08,7,1105.07,157.86714285714285,6,213,305,157.86714285714285,0.9983395875422375,6.651924189560648,183.62378635412375,1221.4515062277123,333.24431781403575,3. Emerging Loyalists
14411,2011-02-02,2011-02-02,1,1063.0,1063.0,0,0,310,1063.0,1.0,0.7960904231280017,424.2789907588981,337.7644412775727,92.15108437911223,3. Emerging Loyalists
14412,2011-09-28,2011-10-28,2,770.03,385.015,1,30,72,385.015,0.9995039716299886,4.727289053326088,400.3690674084884,1892.6603096505219,516.3678545790801,3. Emerging Loyalists
14413,2010-12-12,2010-12-12,1,122.7,122.7,0,0,362,122.7,1.0,0.7000333095294387,424.2789907588981,297.00942606476156,81.03203694018596,3. Emerging Loyalists
14414,2010-12-16,2011-09-09,7,1496.98,213.8542857142857,6,267,358,213.8542857142857,0.9987587844061273,5.828643110636233,234.1981035792822,1365.057162951454,372.4237439845728,3. Emerging Loyalists
14415,2010-12-14,2011-12-08,13,5900.280000000001,453.8676923076924,12,359,360,453.8676923076924,0.999769968841201,10.911546626397786,452.36472414229996,4935.998779616279,1346.6711839622442,1. VIP Champions
14416,2011-10-28,2011-11-17,2,490.22,245.11,1,20,42,245.11,0.9996107522806373,6.006045496198199,315.1735036954185,1892.9464023908747,516.4459082550586,3. Emerging Loyalists
14418,2011-08-23,2011-12-06,3,1937.25,645.75,2,105,108,645.75,0.9997311461910976,5.828508188638553,591.9227066799672,3450.026342925285,941.2585511800522,1. VIP Champions
14419,2010-12-10,2011-11-29,6,1058.06,176.34333333333333,5,354,364,176.34333333333333,0.9997189096537378,4.910596142744592,204.56213862980536,1004.5220489071068,274.0602170535941,3. Emerging Loyalists
14420,2011-09-01,2011-09-01,1,387.52,387.52,0,0,99,387.52,1.0,1.7961846450158359,424.2789907588981,762.0834084039485,207.91653557765056,3. Emerging Loyalists
14421,2011-05-12,2011-10-13,2,813.11,406.555,1,154,211,406.555,0.999605982645227,2.3804290724646875,413.4859141429119,984.2738910804252,268.5359833795267,3. Emerging Loyalists
14422,2011-03-17,2011-12-09,6,4263.64,710.6066666666667,5,267,267,710.6066666666667,0.9997546811659673,6.3286368579990215,678.0182724786727,4290.931429605352,1170.6797279752689,1. VIP Champions
14423,2011-05-05,2011-05-05,1,265.2,265.2,0,0,218,265.2,1.0,1.051319407547142,424.2789907588981,446.05273719934405,121.6949992359069,3. Emerging Loyalists
14424,2011-11-22,2011-11-22,1,322.08,322.08,0,0,17,322.08,1.0,3.5096376394074467,424.2789907588981,1489.0655155772329,406.2565066143778,3. Emerging Loyalists
14426,2011-01-31,2011-11-16,7,4481.67,640.2385714285714,6,289,312,640.2385714285714,0.9996299947618734,6.538137270087976,619.3596429091235,4049.4583648925204,1104.7994811456495,1. VIP Champions
14427,2011-10-07,2011-10-20,2,363.34000000000003,181.67000000000002,1,13,63,181.67000000000002,0.9993796557242893,5.049075669955891,276.5415279836344,1396.2791006745947,380.9419154259535,3. Emerging Loyalists
14428,2011-01-18,2011-12-02,5,1244.83,248.96599999999998,4,318,325,248.96599999999998,0.9997286823186672,4.470533028601481,273.21752060858114,1221.4279498732678,333.2378910167155,3. Emerging Loyalists
14431,2011-02-10,2011-02-10,1,470.36,470.36,0,0,302,470.36,1.0,0.8132586789918548,424.2789907588981,345.0485715485788,94.13838801798259,3. Emerging Loyalists
14432,2011-09-11,2011-11-30,6,2255.51,375.91833333333335,5,80,89,375.91833333333335,0.9996547501000559,13.458860705903797,381.4225032057405,5133.512340743206,1400.5581140623515,1. VIP Champions
14434,2011-09-28,2011-11-18,6,1372.8,228.79999999999998,5,51,72,228.79999999999998,0.9993722728142492,15.07776748455562,251.04844799272638,3785.2501261928824,1032.7164767714303,1. VIP Champions
14436,2011-09-02,2011-09-02,1,89.06,89.06,0,0,98,89.06,1.0,1.8069428665799745,424.2789907588981,766.6478957915418,209.16184861537155,3. Emerging Loyalists
14437,2010-12-09,2010-12-09,1,63.0,63.0,0,0,365,63.0,1.0,0.6951939152545263,424.2789907588981,294.95617274591734,80.47185505981739,3. Emerging Loyalists
14438,2011-02-06,2011-02-06,1,131.9,131.9,0,0,306,131.9,1.0,0.8045829770785532,424.2789907588981,341.3676534966782,93.13413609403736,3. Emerging Loyalists
14439,2011-01-24,2011-01-24,1,2661.24,2661.24,0,0,319,2661.24,1.0,0.7776224687302201,424.2789907588981,329.92887622430055,90.01333472834683,3. Emerging Loyalists
14440,2010-12-09,2011-12-01,5,2357.6800000000003,471.53600000000006,4,357,365,471.53600000000006,0.9997277921138051,4.058460033678213,464.99880998028146,1887.1790860129022,514.8724316150152,3. Emerging Loyalists
14441,2011-03-29,2011-12-09,4,1712.89,428.2225,3,255,255,428.2225,0.9997475505243297,4.310212545476781,427.5272055747278,1842.7331250008226,502.7463964171033,3. Emerging Loyalists
14442,2011-01-27,2011-05-19,2,1589.8200000000002,794.9100000000001,1,112,316,794.9100000000001,0.9989685442533373,1.7300484899611466,649.9758404914287,1124.4897213534232,306.7905751237059,3. Emerging Loyalists
14443,2010-12-06,2011-10-17,4,1420.2,355.05,3,315,368,355.05,0.9995860131721157,3.195052195202265,367.2560145917354,1173.4021356225592,320.1351770523534,3. Emerging Loyalists
14446,2011-04-07,2011-12-09,4,1039.58,259.895,3,246,246,259.895,0.9997475505243297,4.43337740707741,288.8781379579366,1280.7058102213073,349.41046113713367,3. Emerging Loyalists
14447,2011-03-04,2011-11-21,4,1163.23,290.8075,3,262,280,290.8075,0.9996908559341843,4.001195097220247,314.34034290189436,1257.737038877591,343.14397204736025,3. Emerging Loyalists
14448,2010-12-10,2011-11-30,2,375.35,187.675,1,355,364,187.675,0.9997298256949527,1.5394190225600506,280.1982905017502,431.34257848720137,117.68167837955659,3. Emerging Loyalists
14449,2010-12-02,2011-11-21,4,907.1,226.775,3,354,372,226.775,0.9997039155769615,3.1664428938838385,261.59764534996623,828.3340051751451,225.99145284880277,3. Emerging Loyalists
14450,2011-01-23,2011-06-12,3,483.25,161.08333333333334,2,140,320,161.08333333333334,0.9985184387510909,2.6484967687821546,225.05156963355452,596.0483549838212,162.617776005044,3. Emerging Loyalists
14451,2011-05-29,2011-10-10,2,662.5899999999999,331.29499999999996,1,134,194,331.29499999999996,0.9995827801748447,2.534262127900386,367.65611445708475,931.7369669595994,254.2025191777736,3. Emerging Loyalists
14452,2011-09-07,2011-11-29,2,264.44,132.22,1,83,93,132.22,0.9997079029323857,4.115177613825499,246.42880416667788,1014.0982983085006,276.6728714919518,3. Emerging Loyalists
14453,2011-06-02,2011-06-02,1,119.93,119.93,0,0,190,119.93,1.0,1.1649934430356625,424.2789907588981,494.28224225190473,134.85328544522685,3. Emerging Loyalists
14456,2011-07-20,2011-12-04,8,3062.3999999999996,382.79999999999995,7,137,142,382.79999999999995,0.9997121649382604,13.537512701551506,386.2854362607138,5229.343999803778,1426.7035285023042,1. VIP Champions
14457,2011-02-02,2011-02-02,1,113.64,113.64,0,0,310,113.64,1.0,0.7960904231280017,424.2789907588981,337.7644412775727,92.15108437911223,3. Emerging Loyalists
14459,2011-07-07,2011-07-07,1,1837.92,1837.92,0,0,155,1837.92,1.0,1.3470567862856289,424.2789907588981,571.5278937801913,155.92794482908096,3. Emerging Loyalists
14460,2011-02-02,2011-08-21,3,434.34,144.78,2,200,310,144.78,0.9993251007347635,2.7205815355512306,212.7106705187402,578.6967226280061,157.88379118625122,3. Emerging Loyalists
14461,2011-03-23,2011-07-14,3,2103.06,701.02,2,113,261,701.02,0.9986238481394204,3.122403946441086,633.7596415036711,1978.8536057261506,539.8836683501685,1. VIP Champions
14462,2011-01-04,2011-10-04,9,2004.02,222.6688888888889,8,273,339,222.6688888888889,0.9988836154398526,7.888261295977738,237.64969200313666,1874.6428674293732,511.4522191968098,3. Emerging Loyalists
14463,2011-05-18,2011-09-02,3,529.62,176.54,2,107,205,176.54,0.9991052037454256,3.7624671175177435,236.75157969190536,890.7700336111756,243.0256548593604,3. Emerging Loyalists
14465,2011-02-10,2011-04-07,2,1058.62,529.31,1,56,302,529.31,0.9981058310148497,1.7937900462661658,488.23793461107164,875.7963473148914,238.94043669922465,3. Emerging Loyalists
14466,2010-12-02,2011-11-10,7,2272.4,324.62857142857143,6,343,372,324.62857142857143,0.999615175461913,5.648428849578024,334.2627537865552,1888.0593818273744,515.1125996255114,3. Emerging Loyalists
14467,2011-01-31,2011-11-22,4,598.76,149.69,3,295,312,149.69,0.9996993802235875,3.6651320246852213,198.10378144038316,726.07651356839,198.09290111905878,3. Emerging Loyalists
14470,2011-02-25,2011-11-28,2,461.19,230.595,1,276,287,230.595,0.9997246540390795,1.872411677163219,306.3345514971753,573.5843913418686,156.48901182480955,3. Emerging Loyalists
14472,2010-12-19,2011-08-28,8,1936.84,242.105,7,252,355,242.105,0.997896949314045,6.7239435200568645,257.4128901278706,1730.829734554405,472.2161880377606,3. Emerging Loyalists
14473,2011-03-02,2011-09-26,2,234.34000000000003,117.17000000000002,1,208,282,117.17000000000002,0.9995993487103904,1.8988492735418248,237.26406213543027,450.52869202344414,122.91615824575597,3. Emerging Loyalists
14474,2011-10-24,2011-10-24,1,547.66,547.66,0,0,46,547.66,1.0,2.6242848892697914,424.2789907588981,1113.4289442832137,303.7729022235032,3. Emerging Loyalists
14475,2011-02-08,2011-09-29,3,925.85,308.6166666666667,2,233,304,308.6166666666667,0.9995347653939076,2.7649290000567714,336.72774931494536,931.0283192047391,254.00918130358474,3. Emerging Loyalists
14476,2011-03-27,2011-03-27,1,215.7,215.7,0,0,257,215.7,1.0,0.9255323454801487,424.2789907588981,392.6839294550333,107.13457515142778,3. Emerging Loyalists
14477,2011-02-15,2011-11-20,4,1309.6,327.4,3,278,297,327.4,0.999690436123372,3.815324942872629,344.48108643320944,1314.307281416486,358.5778323253418,3. Emerging Loyalists
14479,2010-12-09,2011-03-31,2,316.25,158.125,1,112,365,158.125,0.998716536932094,1.5343149390185156,262.20373056664266,402.3031008747856,109.75893985306993,3. Emerging Loyalists
14480,2011-11-28,2011-11-28,1,279.05,279.05,0,0,11,279.05,1.0,3.772994597165539,424.2789907588981,1600.80233982417,436.74127132343676,3. Emerging Loyalists
14481,2011-02-25,2011-06-28,2,636.51,318.255,1,123,287,318.255,0.9991971944557776,1.8714237836677292,359.71536787319985,673.1798947886928,183.66130268880306,3. Emerging Loyalists
14482,2011-04-14,2011-11-21,6,2068.15,344.69166666666666,5,221,239,344.69166666666666,0.9996515931707529,6.903331704921231,353.7499006695618,2442.0529049049223,666.2567037754427,1. VIP Champions
14483,2011-03-03,2011-03-03,1,137.1,137.1,0,0,281,137.1,1.0,0.8620598810499035,424.2789907588981,365.7538963055888,99.78734893750149,3. Emerging Loyalists
14484,2011-10-20,2011-10-20,1,321.92,321.92,0,0,50,321.92,1.0,2.5360434181941702,424.2789907588981,1075.9899419921687,293.55855092547347,3. Emerging Loyalists
14485,2011-11-01,2011-11-01,1,165.75,165.75,0,0,38,165.75,1.0,2.820567850865286,424.2789907588981,1196.7076811321176,326.4935470531423,3. Emerging Loyalists
14487,2010-12-06,2011-11-13,5,1196.33,239.266,4,342,368,239.266,0.9996654505500906,4.030344811852375,264.85934786784566,1067.4744985497753,291.2353124453734,3. Emerging Loyalists
14488,2011-10-03,2011-10-03,1,1064.28,1064.28,0,0,67,1064.28,1.0,2.2189429863295427,424.2789907588981,941.4508907914337,256.8527348466989,3. Emerging Loyalists
14489,2011-05-16,2011-05-16,1,463.38,463.38,0,0,207,463.38,1.0,1.09322600543075,424.2789907588981,463.8328262555403,126.54587838910703,3. Emerging Loyalists
14491,2010-12-02,2011-06-17,2,340.93,170.465,1,197,372,170.465,0.9993455284636934,1.5109094548605697,269.71821007930686,407.51979375689416,111.18219182163355,3. Emerging Loyalists
14493,2011-07-07,2011-12-02,5,2383.24,476.64799999999997,4,148,155,476.64799999999997,0.999709963818782,7.863818305762763,469.4036531813783,3691.305040679638,1007.0857695561035,1. VIP Champions
14494,2011-11-14,2011-11-14,1,139.56,139.56,0,0,25,139.56,1.0,3.2108155440078403,424.2789907588981,1362.281578524629,371.6664910489166,3. Emerging Loyalists
14495,2011-08-10,2011-10-20,2,123.8,61.9,1,71,121,61.9,0.9995458419691671,3.5080315306384087,203.60723209775205,714.2605900649269,194.8692042738069,3. Emerging Loyalists
14496,2010-12-01,2011-02-01,2,538.8100000000001,269.40500000000003,1,62,373,269.40500000000003,0.9976071344108043,1.5048684632568632,329.9680158315754,496.55846090837923,135.47429817434866,3. Emerging Loyalists
14497,2011-02-03,2011-02-03,1,475.37,475.37,0,0,309,475.37,1.0,0.7981967094936234,424.2789907588981,338.65809433102794,92.39489659813422,3. Emerging Loyalists
14498,2010-12-13,2011-10-28,5,1957.32,391.464,4,319,361,391.464,0.9995913975017571,4.095657874022596,396.00338650644943,1621.894388084753,442.49574065608033,3. Emerging Loyalists
14499,2011-03-06,2011-11-13,3,815.32,271.77333333333337,2,252,278,271.77333333333337,0.9996807559072413,2.9725579061835856,308.83898261773766,918.0417595180511,250.4661039063435,3. Emerging Loyalists
14500,2011-06-03,2011-09-12,3,356.85,118.95,2,101,189,118.95,0.9991673388841222,3.996083771795618,193.15850792608097,771.8775789076675,210.58864466378705,3. Emerging Loyalists
14501,2011-01-24,2011-06-09,2,251.21,125.605,1,136,319,125.605,0.9991665047030629,1.7170106052025884,242.40058034364114,416.2043671572939,113.5515734332377,3. Emerging Loyalists
14502,2011-01-30,2011-11-20,9,2470.67,274.5188888888889,8,294,313,274.5188888888889,0.9996308184078299,8.431518318354664,285.6469354484315,2408.4373688153228,657.0854953115651,1. VIP Champions
14503,2011-06-14,2011-12-06,6,3543.26,590.5433333333334,5,175,178,590.5433333333334,0.9997365790387012,8.60921624128697,571.6199515189566,4921.199770460672,1342.6336223519477,1. VIP Champions
14504,2011-03-06,2011-10-23,4,673.26,168.315,3,231,278,168.315,0.9995594533592697,4.023730487163275,213.4449401005114,858.8449128131666,234.3156364532103,3. Emerging Loyalists
14505,2010-12-12,2011-11-22,8,5905.64,738.205,7,345,362,738.205,0.9996731168006424,6.626501240373838,711.8261253992275,4716.916702888485,1286.8997916210853,1. VIP Champions
14506,2010-12-05,2011-11-22,5,2012.17,402.434,4,352,369,402.434,0.9996987887943262,4.021276357962082,405.4558767091163,1630.450131207158,444.82997395611807,3. Emerging Loyalists
14507,2011-03-08,2011-11-16,5,1383.18,276.636,4,253,276,276.636,0.9996528623746777,5.1051660904545155,297.0598546019987,1516.5398965494726,413.7522453299762,3. Emerging Loyalists
14508,2011-09-11,2011-11-17,2,276.42,138.21,1,67,89,138.21,0.9996580808816892,4.219175919720087,250.07643239041033,1055.1164616311275,287.86371270401804,3. Emerging Loyalists
14511,2011-07-29,2011-11-28,5,1314.81,262.962,4,122,133,262.962,0.999673960169731,8.720132499434675,285.27741603944025,2487.65686696027,678.6986723245553,1. VIP Champions
14512,2011-04-21,2011-06-05,2,275.28,137.64,1,45,232,137.64,0.9984696543804953,2.2118129431070823,249.72932920384483,552.3545626065135,150.6969523298964,3. Emerging Loyalists
14513,2011-02-24,2011-08-31,3,455.59000000000003,151.86333333333334,2,188,288,151.86333333333334,0.999351570722169,2.8883320612726493,218.07243919978302,629.8656178206638,171.84402086776933,3. Emerging Loyalists
14514,2011-01-12,2011-10-09,3,1055.35,351.7833333333333,2,270,331,351.7833333333333,0.9995911118994989,2.5784226237361176,369.4029984535357,952.4770484885545,259.8609626651204,3. Emerging Loyalists
14515,2011-05-05,2011-11-22,5,2102.09,420.418,4,201,218,420.418,0.9996658968661883,6.1370986452011405,420.9521013038984,2583.424570606728,704.8266380338473,1. VIP Champions
14517,2011-07-21,2011-11-06,2,330.45,165.225,1,108,141,165.225,0.9996447079198073,3.1741823822847315,266.5272965747396,846.006249185516,230.81290901751075,3. Emerging Loyalists
14518,2011-10-06,2011-10-06,1,174.37,174.37,0,0,64,174.37,1.0,2.269009670419825,424.2789907588981,962.6931329879034,262.6481810625419,3. Emerging Loyalists
14520,2011-02-22,2011-12-08,2,270.6,135.3,1,289,290,135.3,0.9997386650362833,1.8567890290823335,248.3043792800495,461.04884732029456,125.78633520924734,3. Emerging Loyalists
14522,2011-05-25,2011-11-15,4,974.54,243.635,3,174,198,243.635,0.9996380268354685,5.229937714670136,275.4849975652555,1440.7693785923404,393.08004144934716,3. Emerging Loyalists
14523,2011-08-23,2011-08-23,1,241.09,241.09,0,0,108,241.09,1.0,1.7048321926621814,424.2789907588981,723.3244821159897,197.34207405856395,3. Emerging Loyalists
14524,2010-12-14,2011-11-08,6,1867.68,311.28000000000003,5,329,360,311.28000000000003,0.9996202602147869,4.955897853880797,324.14098398282107,1606.4096068752729,438.2710822686267,3. Emerging Loyalists
14525,2010-12-13,2011-11-20,9,4332.2,481.35555555555555,8,342,361,481.35555555555555,0.9996493196678019,7.490375011359915,477.1144348392378,3573.766040278935,975.0180175369958,1. VIP Champions
14527,2010-12-05,2011-12-07,54,8508.82,157.57074074074075,53,367,369,157.57074074074075,0.999812955938006,44.85122957100834,160.76356803674247,7210.443696670355,1967.1999899973687,1. VIP Champions
14528,2011-11-02,2011-11-02,1,364.21999999999997,364.21999999999997,0,0,37,364.21999999999997,1.0,2.847187213956218,424.2789907588981,1208.001717638983,329.5748593049245,3. Emerging Loyalists
14529,2011-08-21,2011-10-10,3,620.04,206.67999999999998,2,50,110,206.67999999999998,0.9991879289477105,5.760238760547598,259.5662208279003,1495.1634061417285,407.9201726468885,3. Emerging Loyalists
14530,2011-02-16,2011-11-14,6,2925.91,487.65166666666664,5,271,296,487.65166666666664,0.9996291180421261,5.8250258376901245,480.43890339924076,2798.569025732087,763.5237429243599,1. VIP Champions
14532,2010-12-22,2011-04-17,4,932.8500000000001,233.21250000000003,3,116,352,233.21250000000003,0.9941596171045587,3.2984870626281415,266.9001263633663,880.36661382338,240.18732643417064,3. Emerging Loyalists
14533,2010-12-22,2011-11-15,7,1949.72,278.5314285714286,6,328,352,278.5314285714286,0.9996389019616543,5.916929173405662,292.6222733644835,1731.425266058599,472.3786648031827,3. Emerging Loyalists
14534,2011-01-25,2011-12-07,18,4447.05,247.05833333333334,17,316,318,247.05833333333334,0.9997699356587718,16.81104357050805,253.50904711687994,4261.751636599847,1162.7187076936652,1. VIP Champions
14535,2011-04-05,2011-10-10,3,2864.19,954.73,2,188,248,954.73,0.999536498974535,3.253439149663955,825.8068413249476,2686.7123076269145,733.0062679957025,1. VIP Champions
14536,2011-03-25,2011-03-25,1,171.8,171.8,0,0,259,171.8,1.0,0.9198881544128893,424.2789907588981,390.28921776536606,106.48123438487616,3. Emerging Loyalists
14537,2011-10-13,2011-10-13,1,355.56,355.56,0,0,57,355.56,1.0,2.3951065407050205,424.2789907588981,1016.1933858503618,277.2444668562282,3. Emerging Loyalists
14538,2011-03-28,2011-10-06,2,388.25,194.125,1,192,256,194.125,0.9996119225218126,2.0508020593456413,284.1260370865706,582.6862619708551,158.97224317138645,3. Emerging Loyalists
14539,2011-10-26,2011-11-24,2,537.48,268.74,1,29,44,268.74,0.9996627352278095,5.900012264828572,329.56306211391563,1944.4261085065627,530.4909353873852,1. VIP Champions
14540,2011-02-03,2011-11-30,3,996.26,332.08666666666664,2,300,309,332.08666666666664,0.9997257738373446,2.728873303161593,354.4934967423441,967.367839404584,263.92356477025754,3. Emerging Loyalists
14541,2011-01-24,2011-10-12,7,1461.65,208.80714285714288,6,261,319,208.80714285714288,0.9992696858068935,6.417854696217089,229.63891747133687,1473.7892049276277,402.08872451644993,3. Emerging Loyalists
14542,2011-06-07,2011-06-07,1,103.25,103.25,0,0,185,103.25,1.0,1.187930064273342,424.2789907588981,504.0137687620464,137.50830359095482,3. Emerging Loyalists
14543,2010-12-10,2011-11-11,15,3630.33,242.022,14,336,364,242.022,0.99941372043674,12.491967832857977,250.01526512454092,3123.182649659224,852.0869360656304,1. VIP Champions
14544,2010-12-13,2011-11-15,2,2024.45,1012.225,1,337,361,1012.225,0.9997112411291764,1.5501313562517023,782.3104527519324,1212.6839631342364,330.8522998729274,3. Emerging Loyalists
14546,2011-04-05,2011-12-04,5,2578.09,515.618,4,243,248,515.618,0.9997313236447316,5.556589650127298,502.9828275841063,2794.8691739456085,762.5143253762119,1. VIP Champions
14547,2011-10-16,2011-12-06,8,4007.54,500.9425,7,51,54,500.9425,0.9997105518844759,23.226059700048403,494.5005454081565,11485.299189356338,3133.4937766523294,1. VIP Champions
14548,2011-01-26,2011-07-12,2,652.8,326.4,1,167,317,326.4,0.9993615018269462,1.7262448002499804,364.6752897233335,629.5188226645596,171.7494059652309,3. Emerging Loyalists
14549,2011-02-01,2011-02-01,1,289.24,289.24,0,0,311,289.24,1.0,0.7939952236689067,424.2789907588981,336.8754921656293,91.90855551990614,3. Emerging Loyalists
14550,2011-10-26,2011-11-29,2,765.6200000000001,382.81000000000006,1,34,44,382.81000000000006,0.9996920401199599,5.90018522238417,399.0263261341428,2354.3292327989157,642.3233628953027,1. VIP Champions
14551,2011-05-19,2011-11-21,2,186.23000000000002,93.11500000000001,1,186,204,93.11500000000001,0.9997055001837818,2.441717891967389,222.6156987094062,543.5647345715787,148.29885446660023,3. Emerging Loyalists
14552,2011-07-11,2011-07-11,1,165.07,165.07,0,0,151,165.07,1.0,1.371553264842572,424.2789907588981,581.9212349794781,158.76352354842075,3. Emerging Loyalists
14553,2011-01-04,2011-11-20,4,859.27,214.8175,3,320,339,214.8175,0.9996970225185773,3.422554226271054,251.74841556857118,861.622603661255,235.07346407637004,3. Emerging Loyalists
14554,2011-10-18,2011-11-29,4,2381.04,595.26,3,42,52,595.26,0.9996488172105534,11.54269141355673,565.1137177729115,6522.933257820507,1779.6289353820955,1. VIP Champions
14555,2011-02-10,2011-10-13,2,324.14,162.07,1,245,302,162.07,0.9996473995858159,1.7965605444160708,264.60604998945144,475.3807892248349,129.69646850441114,3. Emerging Loyalists
14557,2011-09-15,2011-09-15,1,788.38,788.38,0,0,85,788.38,1.0,1.9595173736611893,424.2789907588981,831.382053671496,226.8230411981164,3. Emerging Loyalists
14560,2010-12-17,2011-12-02,20,2237.77,111.8885,19,350,357,111.8885,0.9997155421982374,16.984317715229928,122.101509935418,2073.810838252443,565.7905160746935,1. VIP Champions
14561,2011-06-08,2011-09-25,3,1080.76,360.25333333333333,2,109,184,360.25333333333333,0.9993081050509801,4.075644590438855,375.81441220343214,1531.685976105876,417.8844969368523,3. Emerging Loyalists
14562,2011-02-08,2011-12-06,17,5074.77,298.5158823529412,16,301,304,298.5158823529412,0.9997567672213019,16.463439129543843,303.36864166337637,4994.491165837395,1362.6294559396313,1. VIP Champions
14565,2010-12-13,2011-09-05,4,3099.12,774.78,3,266,361,774.78,0.9993439592308223,3.246283310381252,712.9818950972724,2314.541226658272,631.4681411399433,1. VIP Champions
14566,2011-08-21,2011-08-21,1,1432.0,1432.0,0,0,110,1432.0,1.0,1.6857794512580733,424.2789907588981,715.2408042218643,195.13663265420092,3. Emerging Loyalists
14567,2011-08-01,2011-10-14,2,1530.3600000000001,765.1800000000001,1,74,130,765.1800000000001,0.9995245615768347,3.349273038626233,631.8716690237216,2116.310744932909,577.3856161148352,1. VIP Champions
14569,2011-12-08,2011-12-08,1,227.39,227.39,0,0,1,227.39,1.0,4.312307753032661,424.2789907588981,1829.621581298469,499.1692200705172,3. Emerging Loyalists
14570,2011-03-04,2011-03-04,1,218.06,218.06,0,0,280,218.06,1.0,0.8645302550880144,424.2789907588981,366.80202410927546,100.07330595924213,3. Emerging Loyalists
14572,2011-01-19,2011-12-06,7,2832.84,404.6914285714286,6,321,324,404.6914285714286,0.9997451085031442,6.339208706379429,406.5851501164978,2577.42812350309,703.1906484639205,1. VIP Champions
14573,2010-12-02,2011-06-13,8,1653.42,206.6775,7,193,372,206.6775,0.9861400212419236,6.388554505283829,224.96232594206936,1437.1840809163364,392.10187729619946,3. Emerging Loyalists
14576,2010-12-02,2010-12-02,1,35.400000000000006,35.400000000000006,0,0,372,35.400000000000006,1.0,0.6841580715470145,424.2789907588981,290.27389611552127,79.194405997323,3. Emerging Loyalists
14577,2010-12-12,2011-11-27,4,859.71,214.9275,3,350,362,214.9275,0.9997187501981434,3.239965269750239,251.83902106938268,815.9496818326985,222.61268147490867,3. Emerging Loyalists
14578,2011-12-06,2011-12-06,1,168.63,168.63,0,0,3,168.63,1.0,4.192453598833141,424.2789907588981,1778.7699817164353,485.295557034313,3. Emerging Loyalists
14581,2011-11-23,2011-11-23,1,138.6,138.6,0,0,16,138.6,1.0,3.550947296457084,424.2789907588981,1506.5923351788492,411.03828715319645,3. Emerging Loyalists
14582,2011-10-30,2011-10-30,1,114.11,114.11,0,0,40,114.11,1.0,2.7687949586802034,424.2789907588981,1174.7415306871617,320.50059949631554,3. Emerging Loyalists
14583,2011-05-18,2011-12-04,5,1052.55,210.51,4,200,205,210.51,0.999728038224146,6.42871776307048,240.0812431943829,1543.414552703773,421.08436323311383,3. Emerging Loyalists
14584,2011-05-25,2011-06-23,4,1042.26,260.565,3,29,198,260.565,0.9884308210747791,5.171303502574935,289.4300078265157,1496.7304132235515,408.3476936768511,3. Emerging Loyalists
14585,2011-10-20,2011-10-20,1,157.05,157.05,0,0,50,157.05,1.0,2.5360434181941702,424.2789907588981,1075.9899419921687,293.55855092547347,3. Emerging Loyalists
14586,2011-03-08,2011-03-08,1,237.36,237.36,0,0,276,237.36,1.0,0.8745549782454213,424.2789907588981,371.0553035331374,101.23371322293673,3. Emerging Loyalists
14587,2011-01-12,2011-11-21,9,1601.1399999999999,177.90444444444444,8,313,331,177.90444444444444,0.9996466723386103,8.052189044462885,196.21150612669737,1579.9321400309548,431.04732812776143,3. Emerging Loyalists
14589,2010-12-03,2010-12-03,1,39.75,39.75,0,0,371,39.75,1.0,0.6857131202602135,424.2789907588981,290.9336706141383,79.3744099529297,3. Emerging Loyalists
14591,2011-05-10,2011-11-24,2,1447.14,723.57,1,198,213,723.57,0.9997126985856524,2.3637964843321213,606.5331364044382,1433.720895463746,391.15702859141857,3. Emerging Loyalists
14592,2011-10-06,2011-11-04,3,570.46,190.15333333333334,2,29,64,190.15333333333334,0.9993927250194312,7.754701428832768,247.05626830055428,1915.8475967924,522.6939605654056,3. Emerging Loyalists
14593,2011-05-25,2011-11-18,2,617.99,308.995,1,177,198,308.995,0.9996980337611995,2.496577685673261,354.07646347390727,883.9793977310604,241.17298955921981,3. Emerging Loyalists
14594,2010-12-01,2011-12-02,2,379.83,189.915,1,366,373,189.915,0.9997323012321665,1.5080742307562274,281.5623451296568,424.6169170413266,115.84673982575299,3. Emerging Loyalists
14595,2011-01-30,2011-11-20,6,1740.6,290.09999999999997,5,294,313,290.09999999999997,0.9996697786259466,5.565995676860225,305.37158640437525,1699.6969297627013,463.722334420526,3. Emerging Loyalists
14597,2011-06-01,2011-11-28,2,883.15,441.575,1,180,191,441.575,0.9997186332666174,2.5638566031945595,434.8114467631307,1114.7941989282324,304.1453798458255,3. Emerging Loyalists
14598,2011-10-26,2011-10-26,1,221.97,221.97,0,0,44,221.97,1.0,2.6707491637760614,424.2789907588981,1133.1427597770783,309.15135315853354,3. Emerging Loyalists
14600,2011-02-07,2011-02-07,1,393.33000000000004,393.33000000000004,0,0,305,393.33000000000004,1.0,0.8067345028632806,424.2789907588981,342.28050068521407,93.38318498141527,3. Emerging Loyalists
14601,2011-11-29,2011-11-29,1,213.96,213.96,0,0,10,213.96,1.0,3.8207786682348264,424.2789907588981,1621.076117271799,442.27249470856646,3. Emerging Loyalists
14603,2011-03-10,2011-03-10,1,660.0,660.0,0,0,274,660.0,1.0,0.8796550300355284,424.2789907588981,373.21914835946217,101.8240673952698,3. Emerging Loyalists
14606,2010-12-01,2011-12-08,89,12156.65,136.59157303370787,88,372,373,136.59157303370787,0.9998618964592574,73.34886191729294,138.67570772329904,10171.705337079135,2775.110586689469,1. VIP Champions
14607,2011-03-23,2011-11-24,7,16569.5,2367.0714285714284,6,246,261,2367.0714285714284,0.9996676944362058,7.548986132895142,2179.2426491702213,16451.072538799675,4488.288251764189,1. VIP Champions
14608,2010-12-12,2011-12-05,4,1785.15,446.2875,3,358,362,446.2875,0.9997383823016222,3.240028894978265,442.40709986708845,1433.4117869129016,391.0726955928251,3. Emerging Loyalists
14609,2011-02-16,2011-09-28,4,601.56,150.39,3,224,296,150.39,0.9994149085877759,3.8247246210593357,198.68036190009266,759.8976718802636,207.32020877053392,3. Emerging Loyalists
14616,2011-01-26,2011-04-11,3,406.08000000000004,135.36,2,75,317,135.36,0.9958557004668472,2.6619654986816252,205.58014896926866,547.2472637700221,149.3035459539893,3. Emerging Loyalists
14618,2011-01-06,2011-11-30,3,553.44,184.48000000000002,2,328,337,184.48000000000002,0.9997270733729576,2.540659557439774,242.7618069851967,616.7751050982897,168.27258232947156,3. Emerging Loyalists
14619,2011-04-08,2011-04-08,1,394.44,394.44,0,0,245,394.44,1.0,0.9609075988286291,424.2789907588981,407.6929062435669,111.22942149242458,3. Emerging Loyalists
14620,2011-03-01,2011-05-18,2,412.78,206.39,1,78,283,206.39,0.9987196206914993,1.891787798518026,291.59484512731825,551.6355701226141,150.50079213967282,3. Emerging Loyalists
14621,2010-12-16,2011-12-08,5,1788.3600000000001,357.672,4,357,358,357.672,0.9997483354164253,4.1250832789292815,366.88592534614713,1513.4349959198883,412.905146213138,3. Emerging Loyalists
14622,2011-06-08,2011-06-08,1,320.58000000000004,320.58000000000004,0,0,184,320.58000000000004,1.0,1.1926261963429565,424.2789907588981,506.00623893701305,138.05190221999266,3. Emerging Loyalists
14623,2011-04-18,2011-11-07,5,889.25,177.85,4,203,235,177.85,0.9995743930832964,5.7933292860991905,211.93918940959728,1227.8335128787432,334.9854982390169,3. Emerging Loyalists
14624,2011-10-11,2011-10-13,2,225.85,112.925,1,2,59,112.925,0.9992370880535425,5.206166730039324,234.6790568249554,1221.7782978790908,333.3334752307451,3. Emerging Loyalists
14625,2010-12-13,2011-05-27,2,899.63,449.815,1,165,361,449.815,0.9992102585235438,1.5493545430940845,439.8292191443586,681.4513988668357,185.9179880502462,3. Emerging Loyalists
14626,2011-04-20,2011-11-16,4,2791.27,697.8175,3,210,233,697.8175,0.9996581799960095,4.623830532820403,649.5889327681384,3003.5891411155385,819.4586598168985,1. VIP Champions
14628,2011-04-11,2011-09-09,2,671.96,335.98,1,151,242,335.98,0.9995107556106159,2.142916321682253,370.5090590694699,793.969910011101,216.61601764580783,3. Emerging Loyalists
14629,2011-10-23,2011-12-05,2,959.01,479.505,1,43,47,479.505,0.9997227803763952,5.747717342608251,457.90903249371024,2631.9316874010633,718.0606640781367,1. VIP Champions
14631,2011-02-14,2011-10-20,3,1006.98,335.66,2,248,298,335.66,0.9996124890655981,2.8103557340517895,357.1983513428514,1003.8544348902283,273.87807426979674,3. Emerging Loyalists
14632,2011-03-22,2011-03-22,1,114.56,114.56,0,0,262,114.56,1.0,0.9115497730828542,424.2789907588981,386.751417750096,105.5160288514267,3. Emerging Loyalists
14633,2011-03-18,2011-03-18,1,344.90000000000003,344.90000000000003,0,0,266,344.90000000000003,1.0,0.900664272680913,424.2789907588981,382.13292862565476,104.25598270980032,3. Emerging Loyalists
14636,2011-03-16,2011-11-03,2,609.85,304.925,1,232,268,304.925,0.9996804146749803,1.9779031504007252,351.59802493123766,695.4268411861677,189.7308588176158,3. Emerging Loyalists
14638,2011-10-20,2011-10-20,1,443.6,443.6,0,0,50,443.6,1.0,2.5360434181941702,424.2789907588981,1075.9899419921687,293.55855092547347,3. Emerging Loyalists
14639,2010-12-13,2011-10-18,4,2984.49,746.1225,3,309,361,746.1225,0.9995866452309428,3.247071655079368,689.3771029199502,2238.4568505521024,610.7103084445532,1. VIP Champions
14640,2011-04-26,2011-11-15,6,2125.08,354.18,5,203,227,354.18,0.9995985230952495,7.182853686435263,362.15831902131595,2601.3302168554574,709.7117725142208,1. VIP Champions
14641,2011-11-18,2011-11-18,1,110.46,110.46,0,0,21,110.46,1.0,3.353583092953767,424.2789907588981,1422.8548501045282,388.1924836589292,3. Emerging Loyalists
14642,2011-10-12,2011-10-12,1,96.12,96.12,0,0,58,96.12,1.0,2.3762413814651504,424.2789907588981,1008.1892951275638,275.06073893985916,3. Emerging Loyalists
14643,2010-12-16,2011-06-22,2,693.81,346.905,1,188,358,346.905,0.9993429409288672,1.5604481569847382,377.1618701453091,588.5415451531647,160.56971948522138,3. Emerging Loyalists
14644,2011-02-14,2011-10-03,2,830.76,415.38,1,231,298,415.38,0.9996242851738477,1.8161017660955756,418.85992400508866,760.6922477323001,207.53699010521103,3. Emerging Loyalists
14645,2011-03-09,2011-07-06,2,597.09,298.545,1,119,275,298.545,0.9992163541242538,1.936750878759828,347.7129050535393,673.4332744185749,183.7304313619248,3. Emerging Loyalists
14646,2010-12-20,2011-12-08,45,280206.02,6226.800444444445,44,353,354,6226.800444444445,0.9998241057564679,38.67703037062914,6143.333063689133,237605.87948119477,64825.17628624813,1. VIP Champions
14647,2011-05-22,2011-05-22,1,243.22,243.22,0,0,201,243.22,1.0,1.1175235834512567,424.2789907588981,474.14177813596643,129.35843346743354,3. Emerging Loyalists
14649,2011-05-11,2011-12-05,3,1417.29,472.43,2,208,212,472.43,0.9997332342233646,3.671032721516501,460.7271658143188,1691.344501395923,461.44357077007726,3. Emerging Loyalists
14651,2011-05-12,2011-10-03,2,654.6,327.3,1,144,211,327.3,0.9995715487531478,2.3803470727175804,365.22334738633174,869.3583258391707,237.18397394666354,3. Emerging Loyalists
14652,2011-09-23,2011-09-23,1,114.18,114.18,0,0,77,114.18,1.0,2.066918162420053,424.2789907588981,876.9499519328164,239.25517058916418,3. Emerging Loyalists
14653,2011-01-05,2011-12-08,6,1947.55,324.59166666666664,5,337,338,324.59166666666664,0.9997511401085215,5.224494997622375,335.9375828543229,1755.1042211357621,478.8389108227798,3. Emerging Loyalists
14655,2011-05-01,2011-12-01,4,1932.23,483.0575,3,214,222,483.0575,0.9997191367754081,4.798931591331091,472.6940477292584,2268.4263986821047,618.8867948386973,1. VIP Champions
14656,2011-03-01,2011-06-23,2,291.05,145.525,1,114,283,145.525,0.9991415528915953,1.8925870280228902,254.53092328466792,481.72192363925194,131.42649790085085,3. Emerging Loyalists
14657,2011-01-17,2011-11-22,4,848.22,212.055,3,309,326,212.055,0.9997012766343719,3.535221915841338,249.47298196864614,881.9423532658487,240.6172298833709,3. Emerging Loyalists
14658,2011-08-14,2011-12-04,2,247.15,123.575,1,112,117,123.575,0.999726724887409,3.584138085752641,241.16440583710076,864.3665318886593,235.82208036249347,3. Emerging Loyalists
14659,2011-01-28,2011-12-01,9,2529.93,281.1033333333333,8,307,315,281.1033333333333,0.9997165988081544,8.388319257594219,291.74211737614644,2447.226021437642,667.6680669618885,1. VIP Champions
14660,2011-08-31,2011-09-14,2,285.74,142.87,1,14,100,142.87,0.9990473517055244,3.9420789360290778,252.91415317882326,997.0075558698708,272.01006435154716,3. Emerging Loyalists
14661,2011-11-13,2011-11-13,1,107.95,107.95,0,0,26,107.95,1.0,3.177002983208351,424.2789907588981,1347.9356193536476,367.7525334722575,3. Emerging Loyalists
14662,2011-01-27,2011-11-11,4,771.1700000000001,192.79250000000002,3,288,316,192.79250000000002,0.9996629973719885,3.6269166983479555,233.60672324699672,847.2721253908819,231.15827356972042,3. Emerging Loyalists
14664,2011-11-06,2011-11-20,2,637.89,318.945,1,14,33,318.945,0.9996211027908718,6.536270149353048,360.13554541483177,2353.943215215944,642.2180470760123,1. VIP Champions
14665,2011-02-02,2011-10-10,4,1835.7,458.925,3,250,310,458.925,0.999511891556278,3.6837841652841856,452.81643638077276,1668.0780181199045,455.09585798105803,3. Emerging Loyalists
14666,2011-11-15,2011-11-15,1,195.25,195.25,0,0,24,195.25,1.0,3.245355575379693,424.2789907588981,1376.9361881758593,375.66465665038,3. Emerging Loyalists
14667,2010-12-06,2011-11-29,23,9241.2,401.7913043478261,22,358,368,401.7913043478261,0.9996644728175056,19.06102285838651,402.4290861502587,7670.710009989675,2092.7728292078054,1. VIP Champions
14669,2011-01-11,2011-04-12,2,1269.99,634.995,1,91,332,634.995,0.9986086146264912,1.6604136441386836,552.5951280710323,917.5364903337053,250.328253092135,3. Emerging Loyalists
14670,2011-03-04,2011-03-04,1,411.53,411.53,0,0,280,411.53,1.0,0.8645302550880144,424.2789907588981,366.80202410927546,100.07330595924213,3. Emerging Loyalists
14672,2011-01-07,2011-04-19,2,765.55,382.775,1,102,336,382.775,0.9987450546203616,1.644237468626029,399.00501278058175,656.0589921834401,178.9902670562314,3. Emerging Loyalists
14673,2010-12-07,2011-12-06,5,1736.4,347.28000000000003,4,364,367,347.28000000000003,0.999742736229806,4.039901892845982,357.931478838753,1446.0080588698395,394.5092921616514,3. Emerging Loyalists
14675,2011-11-23,2011-11-23,1,604.75,604.75,0,0,16,604.75,1.0,3.550947296457084,424.2789907588981,1506.5923351788492,411.03828715319645,3. Emerging Loyalists
14676,2011-03-01,2011-11-08,6,2548.2400000000002,424.7066666666667,5,252,283,424.7066666666667,0.9995802756799022,6.039884412098097,424.65799071863336,2564.885178614372,699.7686009315312,1. VIP Champions
14680,2010-12-03,2011-11-14,16,28754.11,1797.131875,15,346,371,1797.131875,0.9994575987790212,13.122925591112779,1740.771684394124,22844.017285420145,6232.452878888726,1. VIP Champions
14681,2011-05-12,2011-09-29,2,498.95,249.475,1,140,211,249.475,0.999556456505954,2.380311132532535,317.83158336095977,756.538056144535,206.4036166272831,3. Emerging Loyalists
14682,2011-05-22,2011-06-05,2,52.0,26.0,1,14,201,26.0,0.9977607490044044,2.4640494680501104,181.7458208737128,447.8306932442027,122.18007272941144,3. Emerging Loyalists
14684,2010-12-12,2011-11-14,5,1236.28,247.256,4,337,362,247.256,0.999667999466296,4.086467424477715,271.7440695377917,1110.4732879611927,302.96652090610934,3. Emerging Loyalists
14687,2011-08-25,2011-08-25,1,628.38,628.38,0,0,106,628.38,1.0,1.7243205267196806,424.2789907588981,731.5929728214777,199.59793729214562,3. Emerging Loyalists
14688,2010-12-01,2011-12-02,20,5630.87,281.5435,19,366,373,281.5435,0.9997189312215293,16.369499593910632,286.2099640198074,4685.113889795413,1278.2231419958384,1. VIP Champions
14689,2011-05-15,2011-05-15,1,112.8,112.8,0,0,208,112.8,1.0,1.0892787605192142,424.2789907588981,462.15809316819565,126.08896685199954,3. Emerging Loyalists
14690,2011-07-11,2011-10-26,2,371.70000000000005,185.85000000000002,1,107,151,185.85000000000002,0.9996091818511949,3.029766959907016,279.08695135178164,845.5684241468048,230.69345875231124,3. Emerging Loyalists
14691,2011-05-11,2011-11-09,4,2114.33,528.5825,3,182,212,528.5825,0.9996111616817133,4.969200083916694,510.1923697696524,2535.2479666730137,691.682784650695,1. VIP Champions
14692,2011-01-21,2011-07-25,4,591.5500000000001,147.88750000000002,3,185,322,147.88750000000002,0.9986857397201356,3.5677636743944383,196.61908675663116,701.4904354229172,191.3851679036697,3. Emerging Loyalists
14693,2011-03-20,2011-03-20,1,172.9,172.9,0,0,264,172.9,1.0,0.9060743296911213,424.2789907588981,384.42830215389404,104.88222139520573,3. Emerging Loyalists
14696,2010-12-01,2011-12-05,7,2078.9500000000003,296.9928571428572,6,369,373,296.9928571428572,0.999742611986292,5.636366884541956,309.2988547607409,1743.3218224001919,475.624360422024,3. Emerging Loyalists
14697,2011-05-05,2011-05-05,1,188.60999999999999,188.60999999999999,0,0,218,188.60999999999999,1.0,1.051319407547142,424.2789907588981,446.05273719934405,121.6949992359069,3. Emerging Loyalists
14698,2011-10-19,2011-12-08,5,1250.76,250.152,4,50,51,250.152,0.9997409099995599,14.68189690372252,274.2394580179123,4026.3554495517287,1098.4963940210246,1. VIP Champions
14699,2011-05-09,2011-05-09,1,109.13000000000001,109.13000000000001,0,0,214,109.13000000000001,1.0,1.0661811856056052,424.2789907588981,452.35827739487155,123.41531758681471,3. Emerging Loyalists
14700,2011-04-15,2011-11-07,3,2235.2999999999997,745.0999999999999,2,206,238,745.0999999999999,0.9996503484742095,3.3598110801525585,667.1262434039583,2241.4181444491715,611.5182278417166,1. VIP Champions
14701,2011-01-27,2011-11-29,7,2549.37,364.19571428571425,6,306,316,364.19571428571425,0.9997104979607015,6.470722445944038,370.004553286063,2394.1967680496246,653.200282298006,1. VIP Champions
14702,2010-12-09,2011-12-08,17,3292.14,193.65529411764706,16,364,365,193.65529411764706,0.9997792646491861,14.149554574996278,202.55425745649,2866.052520278452,781.9350273586174,1. VIP Champions
14703,2011-11-25,2011-11-25,1,318.17,318.17,0,0,14,318.17,1.0,3.6365543175428487,424.2789907588981,1542.9135956869932,420.94768889241357,3. Emerging Loyalists
14704,2011-06-12,2011-11-28,9,1546.91,171.8788888888889,8,169,180,171.8788888888889,0.9996493400517368,12.936077156607448,190.63368439298188,2466.0520499559666,672.8043060992998,1. VIP Champions
14705,2011-05-25,2011-05-25,1,179.0,179.0,0,0,198,179.0,1.0,1.1300819447071566,424.2789907588981,479.47002697520526,130.81212085536703,3. Emerging Loyalists
14708,2010-12-06,2011-12-07,3,1126.37,375.45666666666665,2,366,368,375.45666666666665,0.9997404849106684,2.360444562346319,387.32266018189625,914.2536670998682,249.4326119770466,3. Emerging Loyalists
14709,2010-12-16,2011-11-24,12,4921.04,410.08666666666664,11,343,358,410.08666666666664,0.9996548194611731,10.106809392153929,410.86949242021564,4152.579644942153,1132.9336972377646,1. VIP Champions
14710,2011-10-11,2011-11-25,4,606.13,151.5325,3,45,59,151.5325,0.9996067464388244,10.910790264417773,199.6214235789757,2178.0274849547045,594.2235771975368,1. VIP Champions
14711,2011-03-22,2011-11-29,11,2868.8,260.8,10,252,262,260.8,0.9996806123566964,11.93628420192091,270.6645505285124,3230.7289984935064,881.4284281084502,1. VIP Champions
14712,2011-08-19,2011-11-10,3,917.07,305.69,2,83,112,305.69,0.9995803718100038,5.698812779041227,334.5123926552015,1906.323498011119,520.095534197286,3. Emerging Loyalists
14713,2010-12-09,2011-11-30,11,2666.36,242.39636363636365,10,356,365,242.39636363636365,0.9997125171805893,9.103503971810255,253.37141527559922,2306.567685304603,629.2927479004919,1. VIP Champions
14714,2011-11-15,2011-11-15,1,160.19,160.19,0,0,24,160.19,1.0,3.245355575379693,424.2789907588981,1376.9361881758593,375.66465665038,3. Emerging Loyalists
14715,2011-01-12,2011-11-15,4,867.38,216.845,3,307,331,216.845,0.9996801228356168,3.4909532694225964,253.41843968580125,884.6719305531209,241.36193085297953,3. Emerging Loyalists
14716,2011-07-14,2011-10-27,2,329.68,164.84,1,105,148,164.84,0.9996108206021785,3.0716660411898267,266.2928496855681,817.9627033908266,223.161887065522,3. Emerging Loyalists
14719,2011-04-04,2011-12-08,5,1602.13,320.42600000000004,4,248,249,320.42600000000004,0.9997473558049811,5.539202686377239,334.7922653563087,1854.4822156399866,505.9518594870826,3. Emerging Loyalists
14720,2011-08-05,2011-12-04,3,663.8100000000001,221.27,2,121,126,221.27,0.9997243125268468,5.290343441274984,270.6102027182177,1431.6209110924167,390.5840972423836,3. Emerging Loyalists
14722,2011-07-15,2011-07-15,1,187.92000000000002,187.92000000000002,0,0,147,187.92000000000002,1.0,1.3969571915637824,424.2789907588981,592.6995873700663,161.70414351675146,3. Emerging Loyalists
14723,2010-12-03,2011-11-29,5,1158.3,231.66,4,361,371,231.66,0.9997219716031336,4.003088964879179,258.30550643835767,1034.0199223909174,282.10801811320044,3. Emerging Loyalists
14725,2011-11-15,2011-11-15,1,718.08,718.08,0,0,24,718.08,1.0,3.245355575379693,424.2789907588981,1376.9361881758593,375.66465665038,3. Emerging Loyalists
14727,2011-03-10,2011-03-10,1,268.58,268.58,0,0,274,268.58,1.0,0.8796550300355284,424.2789907588981,373.21914835946217,101.8240673952698,3. Emerging Loyalists
14729,2010-12-01,2010-12-01,1,313.49,313.49,0,0,373,313.49,1.0,0.6826100599020506,424.2789907588981,289.617107297113,79.01521661434514,3. Emerging Loyalists
14730,2011-03-08,2011-12-08,7,2005.06,286.4371428571429,6,275,276,286.4371428571429,0.9997532568503452,7.221348604463865,299.7636647942512,2164.69792243094,590.5869195428173,1. VIP Champions
14731,2011-05-11,2011-10-23,3,380.02,126.67333333333333,2,165,212,126.67333333333333,0.9995702898301061,3.670434387702077,199.0047281773639,730.4337976175009,199.2816835988089,3. Emerging Loyalists
14732,2011-01-04,2011-12-01,8,2702.49,337.81125,7,331,339,337.81125,0.9997214309153282,7.00042962988553,345.0770439238579,2415.6875628778853,659.0635402540612,1. VIP Champions
14733,2010-12-07,2011-11-23,12,9585.91,798.8258333333333,11,351,367,798.8258333333333,0.9996481158126787,9.898096717122975,778.1664323517753,7702.366609436404,2101.4095878782477,1. VIP Champions
14735,2010-12-16,2011-12-06,20,6065.6900000000005,303.28450000000004,19,355,358,303.28450000000004,0.9997644533034725,16.945367011472456,307.2401835845047,5206.2976715116065,1420.4158798231012,1. VIP Champions
14737,2010-12-21,2011-12-06,3,1164.55,388.18333333333334,2,350,353,388.18333333333334,0.999738609997472,2.444350138042182,396.9561815109417,970.2998970729678,264.72350774999126,3. Emerging Loyalists
14738,2011-01-27,2011-10-28,7,1314.45,187.77857142857144,6,274,316,187.77857142857144,0.9994678711281868,6.469152020411502,210.64338406942488,1362.684073639036,371.7763023751462,3. Emerging Loyalists
14739,2010-12-07,2011-12-05,7,3902.2799999999997,557.4685714285714,6,363,367,557.4685714285714,0.9997423910728556,5.713937553273823,544.5918297451713,3111.763707187038,848.9715461587045,1. VIP Champions
14740,2011-03-01,2011-05-26,3,1448.21,482.7366666666667,2,86,283,482.7366666666667,0.997402603350028,2.923651315261161,468.52885464339386,1369.8150021159638,373.7218085074474,3. Emerging Loyalists
14741,2010-12-02,2011-11-28,6,1400.3400000000001,233.39000000000001,5,361,372,233.39000000000001,0.9997157909749017,4.821491761217926,255.1160369863556,1230.0398704842812,335.58745102335797,3. Emerging Loyalists
14744,2010-12-08,2011-11-23,6,1099.98,183.33,5,350,366,183.33,0.9996948297532695,4.887898838154645,210.75361759178554,1030.142362563777,281.0501171054321,3. Emerging Loyalists
14745,2011-02-27,2011-08-19,4,1220.26,305.065,3,173,285,305.065,0.998918565384079,3.9416271595909023,326.08405133662075,1285.3017530578584,350.6643560543448,3. Emerging Loyalists
14747,2011-04-04,2011-04-04,1,328.2,328.2,0,0,249,328.2,1.0,0.9488191618705273,424.2789907588981,402.56403641113087,109.830129977573,3. Emerging Loyalists
14748,2010-12-06,2011-11-10,4,1415.75,353.9375,3,339,368,353.9375,0.9996717046490998,3.195326097335789,366.33966350398276,1170.5746872834873,319.36377426795764,3. Emerging Loyalists
14752,2011-10-27,2011-10-27,1,389.64,389.64,0,0,43,389.64,1.0,2.694603816894278,424.2789907588981,1143.263787926979,311.91263766650934,3. Emerging Loyalists
14753,2011-09-13,2011-09-13,1,563.15,563.15,0,0,87,563.15,1.0,1.9343887926326349,424.2789907588981,820.7205246734977,223.91429374504304,3. Emerging Loyalists
14754,2011-02-17,2011-10-26,2,638.05,319.025,1,251,295,319.025,0.9996710236550063,1.8311569271436232,360.18426165154267,659.5539057713337,179.94377203655887,3. Emerging Loyalists
14755,2011-01-09,2011-11-30,11,5010.28,455.47999999999996,10,325,334,455.47999999999996,0.9997073984380768,9.80379411969323,453.5972875439664,4446.974420332336,1213.2523882318123,1. VIP Champions
14756,2011-11-24,2011-11-24,1,738.96,738.96,0,0,15,738.96,1.0,3.593240994101636,424.2789907588981,1524.5366625309418,415.93397486293435,3. Emerging Loyalists
14757,2011-09-25,2011-09-25,1,420.5,420.5,0,0,75,420.5,1.0,2.095633484391479,424.2789907588981,889.1332597581696,242.5790996066305,3. Emerging Loyalists
14758,2011-03-25,2011-07-18,4,1484.06,371.015,3,115,259,371.015,0.9976979231406105,4.2489136631442035,380.40616750496747,1616.3129626561788,440.9729799898633,3. Emerging Loyalists
14759,2011-04-21,2011-12-05,3,1625.97,541.99,2,228,232,541.99,0.999733956391913,3.427079733057118,513.3809958547902,1759.3976062306317,480.01025997561794,3. Emerging Loyalists
14760,2011-02-15,2011-02-15,1,89.2,89.2,0,0,297,89.2,1.0,0.8243700072402026,424.2789907588981,349.76287468377865,95.42457475912477,3. Emerging Loyalists
14761,2011-01-09,2011-10-12,2,255.9,127.95,1,276,334,127.95,0.9996546757223324,1.6539032261485593,243.8285750322309,403.26886687301277,110.02242639314645,3. Emerging Loyalists
14762,2011-03-21,2011-03-21,1,300.52,300.52,0,0,263,300.52,1.0,0.9088038042251323,424.2789907588981,385.5863608544863,105.19817047685149,3. Emerging Loyalists
14764,2011-10-24,2011-10-24,1,278.3,278.3,0,0,46,278.3,1.0,2.6242848892697914,424.2789907588981,1113.4289442832137,303.7729022235032,3. Emerging Loyalists
14765,2011-06-16,2011-11-10,3,254.11,84.70333333333333,2,147,176,84.70333333333333,0.9996342715045436,4.210122702680372,167.23530254771202,704.0811439457431,192.0919817967651,3. Emerging Loyalists
14766,2010-12-08,2011-12-01,6,2473.37,412.2283333333333,5,358,366,412.2283333333333,0.999726666350843,4.888054499726215,413.5998793187416,2021.6987511901946,551.5729586732069,1. VIP Champions
14768,2011-08-04,2011-11-22,2,192.60000000000002,96.30000000000001,1,110,127,96.30000000000001,0.9996931320466633,3.4011215860192636,224.55521388346094,763.7395851922116,208.3683844649541,3. Emerging Loyalists
14769,2010-12-17,2011-12-07,8,10674.75,1334.34375,7,355,357,1334.34375,0.9997524704730104,6.7048166999221595,1257.8719590176968,8433.800917185656,2300.964237136865,1. VIP Champions
14770,2011-01-20,2011-04-21,2,876.42,438.21,1,91,323,438.21,0.9986650543868272,1.698635347642347,432.76232005647626,735.1053739756412,200.5562133436635,3. Emerging Loyalists
14772,2011-08-19,2011-08-19,1,139.26,139.26,0,0,112,139.26,1.0,1.6671478597205698,424.2789907588981,707.3358113681004,192.97994126084953,3. Emerging Loyalists
14775,2010-12-02,2011-10-12,3,1011.9,337.3,2,314,372,337.3,0.9996184145203599,2.3387470552449234,358.4397584915917,838.2999296549116,228.7104209680552,3. Emerging Loyalists
14776,2011-01-31,2011-10-19,9,2538.3,282.03333333333336,8,261,312,282.03333333333336,0.9991636558545546,8.449699967098006,292.6030129673543,2472.407669043031,674.5382872980259,1. VIP Champions
14778,2011-02-04,2011-08-04,2,730.86,365.43,1,181,308,365.43,0.9994494978100646,1.7676149714782692,388.44272370868873,686.617173989275,187.32734830554975,3. Emerging Loyalists
14779,2011-01-20,2011-03-04,3,386.15,128.71666666666667,2,43,323,128.71666666666667,0.9912306815132433,2.609043264241833,200.5514407427659,523.2473856039085,142.75574361692665,3. Emerging Loyalists
14780,2011-09-21,2011-10-16,2,447.68,223.84,1,25,79,223.84,0.9994042871309292,4.503190318332806,302.2210742598944,1360.9590156032966,371.3056608593934,3. Emerging Loyalists
14782,2011-01-24,2011-01-24,1,200.10000000000002,200.10000000000002,0,0,319,200.10000000000002,1.0,0.7776224687302201,424.2789907588981,329.92887622430055,90.01333472834683,3. Emerging Loyalists
14784,2011-01-20,2011-11-13,2,289.99,144.995,1,297,323,144.995,0.9997052757980719,1.700404666445236,254.20817821645787,432.2567724878071,117.93109471293391,3. Emerging Loyalists
14785,2011-11-24,2011-11-29,2,77.4,38.7,1,5,15,38.7,0.9996722413822835,7.93798527517088,189.47952345157626,1504.0856671050078,410.35440172017314,3. Emerging Loyalists
14788,2011-11-13,2011-12-02,2,679.44,339.72,1,19,26,339.72,0.9997009725620342,7.0186574600892015,372.7865431357069,2616.4610520002943,713.8398650419138,1. VIP Champions
14789,2011-11-11,2011-11-11,1,197.64,197.64,0,0,28,197.64,1.0,3.1114702391469247,424.2789907588981,1320.1314528416044,360.16682052790225,3. Emerging Loyalists
14790,2011-03-31,2011-11-23,4,745.06,186.265,3,237,253,186.265,0.9996931966333156,4.336751648420573,228.23011046020545,989.7773077575055,270.0374611924806,3. Emerging Loyalists
14792,2011-10-07,2011-10-07,1,6.2,6.2,0,0,63,6.2,1.0,2.286204445354943,424.2789907588981,969.9885147437016,264.6385544044293,3. Emerging Loyalists
14793,2011-11-18,2011-11-18,1,228.99,228.99,0,0,21,228.99,1.0,3.353583092953767,424.2789907588981,1422.8548501045282,388.1924836589292,3. Emerging Loyalists
14794,2011-01-09,2011-12-07,7,1319.9099999999999,188.5585714285714,6,332,334,188.5585714285714,0.9997497419358263,6.181920987085434,211.3479738274034,1306.536474981608,356.4577505406352,3. Emerging Loyalists
14795,2011-06-26,2011-06-26,1,131.45000000000002,131.45000000000002,0,0,166,131.45000000000002,1.0,1.2839921297256276,424.2789907588981,544.7708849423574,148.62792422945364,3. Emerging Loyalists
14796,2010-12-08,2011-12-08,17,8022.49,471.9111764705882,16,365,366,471.9111764705882,0.999779284366811,14.117024094610917,470.07321670941667,6636.034926518094,1810.4860658015898,1. VIP Champions
14798,2011-02-02,2011-10-18,3,173.74,57.913333333333334,2,258,310,57.913333333333334,0.9996112657417501,2.7213605965730703,146.95646259969266,399.9215267305677,109.10918335683003,3. Emerging Loyalists
14799,2011-10-19,2011-10-19,1,157.7,157.7,0,0,51,157.7,1.0,2.514902544631104,424.2789907588981,1067.0203134930694,291.1113987340131,3. Emerging Loyalists
14800,2010-12-05,2011-10-23,12,4339.74,361.645,11,322,369,361.645,0.9991346279078824,9.847834599802576,365.0997901172114,3595.4423454969333,980.9318876401238,1. VIP Champions
14801,2011-10-09,2011-10-09,1,193.14,193.14,0,0,61,193.14,1.0,2.321387849041361,424.2789907588981,984.9160937512379,268.71119327516493,3. Emerging Loyalists
14803,2011-02-20,2011-06-30,3,845.55,281.84999999999997,2,130,292,281.84999999999997,0.9986219876563687,2.854239490914919,316.4665716637576,903.2713863971532,246.4363549646653,3. Emerging Loyalists
14804,2011-12-01,2011-12-01,1,353.27,353.27,0,0,8,353.27,1.0,3.920072215858805,424.2789907588981,1663.204283446571,453.76617409419003,3. Emerging Loyalists
14805,2011-01-30,2011-11-24,4,554.6500000000001,138.66250000000002,3,298,313,138.66250000000002,0.999705737477544,3.655559660875806,189.02057998403075,690.9760072649716,188.51655345533968,3. Emerging Loyalists
14806,2011-09-25,2011-09-25,1,193.39000000000001,193.39000000000001,0,0,75,193.39000000000001,1.0,2.095633484391479,424.2789907588981,889.1332597581696,242.5790996066305,3. Emerging Loyalists
14808,2011-06-20,2011-10-31,6,2741.17,456.8616666666667,5,133,172,456.8616666666667,0.9993140106367361,8.81986026679999,453.1532682981858,3996.7485058337247,1090.4188357130934,1. VIP Champions
14810,2010-12-05,2011-10-30,11,2087.88,189.80727272727273,10,329,369,189.80727272727273,0.9993539777353548,9.017124129846469,203.95562352937705,1839.0931743446279,501.7533214836198,3. Emerging Loyalists
14813,2010-12-05,2010-12-05,1,155.43,155.43,0,0,369,155.43,1.0,0.6888445217056436,424.2789907588981,292.26225845906635,79.73688390116398,3. Emerging Loyalists
14815,2011-10-03,2011-11-03,2,778.5,389.25,1,31,67,389.25,0.9995440688133805,4.901335150388552,402.9479831893743,1974.9831137842557,538.8276956486693,1. VIP Champions
14816,2011-05-26,2011-05-26,1,271.85,271.85,0,0,197,271.85,1.0,1.134331023949116,424.2789907588981,481.27282202763837,131.30397108793335,3. Emerging Loyalists
14817,2011-03-07,2011-05-23,2,1110.3400000000001,555.1700000000001,1,77,277,555.1700000000001,0.9987436062507198,1.9246434527530214,503.9854581278866,969.992312268569,264.6395904697806,3. Emerging Loyalists
14818,2011-03-31,2011-09-27,3,657.8,219.26666666666665,2,180,253,219.26666666666665,0.9994702627551059,3.2027012673928836,269.0937683759557,861.8269530252003,235.12921599450715,3. Emerging Loyalists
14819,2011-05-31,2011-10-06,2,272.07,136.035,1,128,192,136.035,0.99956538440555,2.553640351390876,248.75195970483136,635.2230417898146,173.305668003769,3. Emerging Loyalists
14820,2011-06-19,2011-11-18,4,507.29,126.8225,3,152,173,126.8225,0.9996427194065198,5.770338607952878,179.26813335122972,1034.4378310522459,282.22203466321736,3. Emerging Loyalists
14821,2010-12-08,2010-12-08,1,48.800000000000004,48.800000000000004,0,0,366,48.800000000000004,1.0,0.6935956186115332,424.2789907588981,294.2780490592949,80.28684495979309,3. Emerging Loyalists
14823,2011-05-29,2011-06-12,2,321.43,160.715,1,14,194,160.715,0.9978654418074601,2.5299081257391123,263.7809187301597,667.3414897103595,182.06843116870488,3. Emerging Loyalists
14824,2011-09-09,2011-11-29,4,1127.71,281.9275,3,81,91,281.9275,0.9996768345610486,8.728688329141702,307.0260079272937,2679.934332137936,731.157056785541,1. VIP Champions
14825,2010-12-06,2011-12-06,12,2226.9100000000003,185.57583333333335,11,365,368,185.57583333333335,0.9997546518608966,9.876496959287167,198.74231529034662,1962.8778726467997,535.5250652910512,1. VIP Champions
14828,2011-01-07,2011-05-27,3,2139.76,713.2533333333334,2,140,336,713.2533333333334,0.9983399286402654,2.5433994923301,643.0197314139899,1635.4560584365793,446.1957234730573,3. Emerging Loyalists
14829,2010-12-02,2011-11-10,4,697.55,174.3875,3,343,372,174.3875,0.9996725131780677,3.166343430531461,218.44677558849145,691.6775128054003,188.7079427442889,3. Emerging Loyalists
14830,2011-10-17,2011-10-17,1,197.13,197.13,0,0,53,197.13,1.0,2.473660859963395,424.2789907588981,1049.522333145057,286.3374863073091,3. Emerging Loyalists
14834,2011-04-13,2011-11-22,6,1720.3,286.71666666666664,5,223,240,286.71666666666664,0.9996588860351205,6.881038078859096,302.3733272696377,2080.6423789737005,567.6543412987543,1. VIP Champions
14836,2011-11-09,2011-11-29,3,102.44999999999999,34.15,2,20,30,34.15,0.9996538502775453,10.421751124164837,128.9686748692671,1344.0794323008336,366.70046352332673,3. Emerging Loyalists
14837,2011-05-22,2011-09-11,4,1649.5,412.375,3,112,201,412.375,0.9988344961324442,5.167661304975607,414.47383581008984,2141.8604032406142,584.3562395163553,1. VIP Champions
14840,2011-03-17,2011-03-17,1,62.85,62.85,0,0,267,62.85,1.0,0.8979833991452656,424.2789907588981,380.99549030759806,103.9456594145866,3. Emerging Loyalists
14841,2010-12-16,2011-10-17,6,3295.76,549.2933333333334,5,305,358,549.2933333333334,0.9994691219431548,4.978359885094307,535.0648216742499,2663.7452441482246,726.7402448567365,1. VIP Champions
14842,2011-02-04,2011-10-27,4,2824.69,706.1725,3,265,308,706.1725,0.9995987738709066,3.703650810159454,656.4708323979571,2431.338730256745,663.3335931948194,1. VIP Champions
14844,2011-04-12,2011-10-07,4,3189.81,797.4525,3,178,241,797.4525,0.999397963891353,4.503317646218783,731.6569243440781,3294.8835383768483,898.9314855520686,1. VIP Champions
14847,2011-07-14,2011-07-14,1,309.4,309.4,0,0,148,309.4,1.0,1.390518391803801,424.2789907588981,589.9677399062027,160.95882318284907,3. Emerging Loyalists
14849,2010-12-01,2011-11-18,13,7930.54,610.0415384615385,12,352,373,610.0415384615385,0.9995832408505341,10.588611182256898,600.605666628589,6359.5798777903365,1735.0618073273017,1. VIP Champions
14850,2011-02-01,2011-02-01,1,325.75,325.75,0,0,311,325.75,1.0,0.7939952236689067,424.2789907588981,336.8754921656293,91.90855551990614,3. Emerging Loyalists
14851,2011-03-28,2011-11-16,2,511.35,255.675,1,233,256,255.675,0.999702696548392,2.0509882911786654,321.60709170605844,659.6123794491491,179.95972520438772,3. Emerging Loyalists
14852,2011-04-01,2011-10-12,5,2836.69,567.338,4,194,252,567.338,0.9993490833483437,5.48524182126355,547.5482599707906,3003.4346147518672,819.4165009326666,1. VIP Champions
14853,2011-05-12,2011-11-15,2,475.8,237.9,1,187,211,237.9,0.99969376054364,2.380638103887998,310.782952861844,739.8617396217335,201.85387585169158,3. Emerging Loyalists
14854,2011-03-10,2011-09-22,7,2759.83,394.26142857142855,6,196,274,394.26142857142855,0.9985935016520263,7.255034680819605,397.16352040404126,2881.435114487724,786.1318064262616,1. VIP Champions
14855,2011-07-28,2011-08-12,2,645.6500000000001,322.82500000000005,1,15,134,322.82500000000005,0.9986976816804539,3.280548104912911,362.4982828953129,1189.193054986403,324.44335803557743,3. Emerging Loyalists
14856,2011-10-14,2011-11-03,2,1311.38,655.69,1,20,56,655.69,0.9995164478374887,5.332645921570763,565.1974095551964,3013.997660946878,822.2983796690282,1. VIP Champions
14857,2011-07-14,2011-10-11,2,1173.12,586.56,1,89,148,586.56,0.999535855028943,3.0714356823333397,523.1004915073459,1606.6695150617702,438.3419921048846,3. Emerging Loyalists
14859,2011-05-19,2011-11-27,3,1353.74,451.24666666666667,2,192,204,451.24666666666667,0.9997091252910603,3.778533707525251,444.69232347642367,1680.2849337333894,458.4262278283165,3. Emerging Loyalists
14860,2011-11-20,2011-11-20,1,170.32,170.32,0,0,19,170.32,1.0,3.4298361975782448,424.2789907588981,1455.2074403768343,397.01912705806683,3. Emerging Loyalists
14861,2011-10-18,2011-10-18,1,125.79,125.79,0,0,52,125.79,1.0,2.4941112247051773,424.2789907588981,1058.198993258352,288.7047089646286,3. Emerging Loyalists
14862,2011-07-14,2011-11-14,2,841.2,420.6,1,123,148,420.6,0.999674858660659,3.07186282130217,422.03865845047824,1296.444864046269,353.7044918278289,3. Emerging Loyalists
14863,2011-11-10,2011-11-10,1,266.76,266.76,0,0,29,266.76,1.0,3.079707336540863,424.2789907588981,1306.6551205803314,356.490120201982,3. Emerging Loyalists
14865,2010-12-02,2011-12-02,2,52.2,26.1,1,365,372,26.1,0.9997322833906463,1.511494189228417,181.8067161696015,274.7997950530527,74.97266143680959,3. Emerging Loyalists
14866,2010-12-08,2011-11-29,11,14389.9,1308.1727272727273,10,356,366,1308.1727272727273,0.9997052653606042,9.082508531880096,1254.8373452446656,11397.070894306446,3109.4227612694926,1. VIP Champions
14867,2011-01-07,2011-06-07,3,710.28,236.76,2,151,336,236.76,0.9985636936651083,2.543969562537912,282.33544462918525,718.2527775622552,195.95837874561346,3. Emerging Loyalists
14868,2011-04-20,2011-12-06,7,2953.59,421.9414285714286,6,230,233,421.9414285714286,0.9997410385670883,8.249591792636148,422.1674236102537,3482.708912933497,950.1752217897864,1. VIP Champions
14869,2011-08-28,2011-12-01,2,725.7,362.85,1,95,103,362.85,0.9997163614771887,3.8758992032313957,386.8716250747606,1499.4754233800998,409.09660514189704,3. Emerging Loyalists
14870,2011-03-23,2011-03-23,1,327.25,327.25,0,0,261,327.25,1.0,0.9143123862312016,424.2789907588981,387.92353646853405,105.83581387828322,3. Emerging Loyalists
14871,2010-12-14,2011-12-06,4,522.38,130.595,3,357,360,130.595,0.9997406807783897,3.2551428434053626,182.37549018587853,593.6582716911074,161.96569798775212,3. Emerging Loyalists
14873,2011-05-13,2011-05-13,1,519.68,519.68,0,0,210,519.68,1.0,1.0814691700824972,424.2789907588981,458.844648019465,125.18497126758777,3. Emerging Loyalists
14875,2011-03-22,2011-08-24,2,1465.32,732.66,1,155,262,732.66,0.9994695330847182,2.0133359929565895,612.06851880072,1232.2995790571165,336.2039593644371,3. Emerging Loyalists
14878,2010-12-16,2011-11-27,9,1485.54,165.06,8,346,358,165.06,0.9996973355453895,7.543367930246321,184.32147860655147,1390.4047305762435,379.3392316959559,3. Emerging Loyalists
14880,2011-02-24,2011-09-23,3,706.19,235.39666666666668,2,211,288,235.39666666666668,0.9994910329504412,2.8887351358632705,281.30346185716337,812.6111941067611,221.7018536122484,3. Emerging Loyalists
14881,2011-11-20,2011-11-20,1,255.4,255.4,0,0,19,255.4,1.0,3.4298361975782448,424.2789907588981,1455.2074403768343,397.01912705806683,3. Emerging Loyalists
14882,2011-11-06,2011-11-13,2,589.7,294.85,1,7,33,294.85,0.9995549384734763,6.535837517577331,345.46282387045227,2257.8888851807114,616.0118820973204,1. VIP Champions
14883,2011-05-12,2011-11-21,5,761.59,152.318,4,193,211,152.318,0.9996571009185622,6.290493091824151,189.93910008831298,1194.8105969728288,325.97597225522793,3. Emerging Loyalists
14885,2011-07-31,2011-07-31,1,765.3199999999999,765.3199999999999,0,0,131,765.3199999999999,1.0,1.5087365397837855,424.2789907588981,640.1252164205366,174.6431110641697,3. Emerging Loyalists
14886,2011-04-01,2011-04-01,1,364.8,364.8,0,0,252,364.8,1.0,0.9399505673323167,424.2789907588981,398.80127807100905,108.80354985567728,3. Emerging Loyalists
14887,2011-09-21,2011-09-21,1,1862.0,1862.0,0,0,79,1862.0,1.0,2.0389791439572167,424.2789907588981,865.0960133766099,236.02110223079572,3. Emerging Loyalists
14888,2011-05-16,2011-05-16,1,369.2,369.2,0,0,207,369.2,1.0,1.09322600543075,424.2789907588981,463.8328262555403,126.54587838910703,3. Emerging Loyalists
14889,2011-01-07,2011-01-07,1,135.9,135.9,0,0,336,135.9,1.0,0.7449782413345166,424.2789907588981,316.0786163707475,86.23461705276851,3. Emerging Loyalists
14890,2011-03-31,2011-03-31,1,125.65,125.65,0,0,253,125.65,1.0,0.9370310967592066,424.2789907588981,397.56260804269954,108.46560786905226,3. Emerging Loyalists
14891,2011-06-05,2011-07-14,2,554.38,277.19,1,39,187,277.19,0.9987429852377251,2.601382012219636,334.70871461650984,870.7052295365443,237.5514449444919,3. Emerging Loyalists
14893,2011-11-28,2011-11-30,2,1237.85,618.925,1,2,11,618.925,0.9996766437653475,8.33512349972007,542.8092540217199,4524.382169061958,1234.3712720249066,1. VIP Champions
14894,2011-09-15,2011-09-15,1,655.75,655.75,0,0,85,655.75,1.0,1.9595173736611893,424.2789907588981,831.382053671496,226.8230411981164,3. Emerging Loyalists
14895,2011-02-22,2011-12-02,11,11138.71,1012.6099999999999,10,283,290,1012.6099999999999,0.999716423046211,11.005609086336937,977.1092855582457,10753.682831484022,2933.889459299024,1. VIP Champions
14896,2010-12-09,2011-05-19,2,468.77000000000004,234.38500000000002,1,161,365,234.38500000000002,0.9991711171031586,1.5350133044922551,308.64248321135665,473.77031806095994,129.25708932183338,3. Emerging Loyalists
14897,2011-02-16,2011-12-02,4,1366.38,341.595,3,289,296,341.595,0.9997281369286403,3.82592333456363,356.1733144697475,1362.6917949786766,371.7784089610795,3. Emerging Loyalists
14898,2010-12-03,2011-11-16,6,1303.52,217.25333333333333,5,348,371,217.25333333333333,0.9996646024910343,4.832203275742564,240.815965586095,1163.6716977562367,317.4804559174891,3. Emerging Loyalists
14901,2010-12-02,2011-11-28,9,1421.29,157.92111111111112,8,361,372,157.92111111111112,0.9997058821804229,7.3039362468639215,177.71305068121086,1298.0047924112612,354.13008159637906,3. Emerging Loyalists
14902,2011-11-14,2011-11-14,1,332.66,332.66,0,0,25,332.66,1.0,3.2108155440078403,424.2789907588981,1362.281578524629,371.6664910489166,3. Emerging Loyalists
14903,2011-03-06,2011-11-18,5,2810.63,562.126,4,257,278,562.126,0.9996636879525608,5.075793013354342,543.0572500404078,2756.4461956065234,752.0315193542716,1. VIP Champions
14904,2011-11-14,2011-12-07,2,1025.44,512.72,1,23,25,512.72,0.9997295742842862,7.0935593514445605,478.1354050231382,3391.681873558615,925.3406348377451,1. VIP Champions
14905,2011-04-20,2011-07-05,2,616.1500000000001,308.07500000000005,1,76,233,308.07500000000005,0.9990073678561381,2.205675270678628,353.5162267517313,779.7419991299122,212.7342667688011,3. Emerging Loyalists
14907,2010-12-07,2011-12-06,6,3501.1,583.5166666666667,5,364,367,583.5166666666667,0.9997446125405941,4.876929862390296,565.393025158339,2757.382128381891,752.286866601098,1. VIP Champions
14908,2011-09-26,2011-09-26,1,277.8,277.8,0,0,74,277.8,1.0,2.110292440898814,424.2789907588981,895.3527470306805,244.27594044125516,3. Emerging Loyalists
14910,2011-10-16,2011-12-07,4,434.35,108.5875,3,52,54,108.5875,0.9997312054711984,11.355879021703759,164.2482123757968,1865.1828292706546,508.87127026300146,3. Emerging Loyalists
14911,2010-12-01,2011-12-08,132,143825.06,1089.583787878788,131,372,373,1089.583787878788,0.999881029285039,108.85836406407823,1086.3383679060548,118257.01755029388,32263.646112302806,1. VIP Champions
14912,2011-04-07,2011-11-23,2,867.8499999999999,433.92499999999995,1,230,246,433.92499999999995,0.9997140230867407,2.1161314292327327,430.15295662764595,910.2601908971461,248.34308591228069,3. Emerging Loyalists
14913,2010-12-15,2011-11-04,4,1227.43,306.8575,3,324,359,306.8575,0.9996501160040686,3.26245347468177,327.56050915666265,1068.6509212666838,291.5562717169927,3. Emerging Loyalists
14915,2011-03-07,2011-09-09,2,307.48,153.74,1,186,277,153.74,0.9995460417512706,1.926189797803669,259.5334718419237,499.91072565047926,136.38888477186595,3. Emerging Loyalists
14916,2011-01-19,2011-09-30,4,1268.98,317.245,3,254,324,317.245,0.9994653470539078,3.552376173600169,336.1165513355664,1194.0124285171241,325.75821076312957,3. Emerging Loyalists
14918,2011-07-08,2011-08-16,2,1610.15,805.075,1,39,154,805.075,0.9990228309373776,2.9872470260463944,656.1658473185139,1960.129475995443,534.7752299005392,1. VIP Champions
14920,2011-05-11,2011-05-11,1,977.77,977.77,0,0,212,977.77,1.0,1.0737707643151575,424.2789907588981,455.5783761900457,124.2938458139448,3. Emerging Loyalists
14921,2011-05-22,2011-11-09,2,1316.07,658.035,1,171,201,658.035,0.9996775926415161,2.468783265755696,566.6254042437861,1398.8753159491155,381.65023170674306,3. Emerging Loyalists
14923,2011-10-20,2011-10-20,1,749.1,749.1,0,0,50,749.1,1.0,2.5360434181941702,424.2789907588981,1075.9899419921687,293.55855092547347,3. Emerging Loyalists
14924,2011-04-08,2011-04-08,1,310.05,310.05,0,0,245,310.05,1.0,0.9609075988286291,424.2789907588981,407.6929062435669,111.22942149242458,3. Emerging Loyalists
14929,2011-11-07,2011-11-07,1,223.88,223.88,0,0,32,223.88,1.0,2.988193962005838,424.2789907588981,1267.82791839167,345.89703120907694,3. Emerging Loyalists
14930,2011-03-10,2011-08-23,2,2372.86,1186.43,1,166,274,1186.43,0.9994813416978041,1.9429131686418535,888.3931029548226,1726.0706586615227,470.91778610263447,3. Emerging Loyalists
14931,2011-04-13,2011-12-05,5,1257.68,251.536,4,236,240,251.536,0.9997350180083572,5.700489614139414,275.4320055512296,1570.0972870463738,428.3641197834778,3. Emerging Loyalists
14932,2010-12-09,2010-12-09,1,363.53,363.53,0,0,365,363.53,1.0,0.6951939152545263,424.2789907588981,294.95617274591734,80.47185505981739,3. Emerging Loyalists
14934,2011-03-02,2011-09-19,2,1890.94,945.47,1,201,282,945.47,0.9995801781572732,1.8988128569606146,741.6597979814384,1408.2731598979674,384.2142124130504,3. Emerging Loyalists
14935,2011-02-15,2011-02-15,1,1784.71,1784.71,0,0,297,1784.71,1.0,0.8243700072402026,424.2789907588981,349.76287468377865,95.42457475912477,3. Emerging Loyalists
14936,2011-03-09,2011-11-06,5,8137.02,1627.404,4,242,275,1627.404,0.9995951821956754,5.1197130220471,1460.9724604430053,7479.7597305822455,2040.6765361719479,1. VIP Champions
14937,2011-08-01,2011-10-14,2,1621.8799999999999,810.9399999999999,1,74,130,810.9399999999999,0.9995245615768347,3.349273038626233,659.7373564223855,2209.640540440041,602.8484559221648,1. VIP Champions
14944,2011-02-16,2011-11-10,7,5900.25,842.8928571428571,6,267,296,842.8928571428571,0.9995743746111048,6.8243928103432765,802.421353325457,5476.03851450017,1494.0083251637425,1. VIP Champions
14946,2011-11-25,2011-11-25,1,100.9,100.9,0,0,14,100.9,1.0,3.6365543175428487,424.2789907588981,1542.9135956869932,420.94768889241357,3. Emerging Loyalists
14947,2011-08-01,2011-09-28,2,290.82,145.41,1,58,130,145.41,0.999409529186776,3.348887580482028,254.4608936943959,852.16092661152,232.49206800969083,3. Emerging Loyalists
14948,2011-05-04,2011-11-16,6,1101.9699999999998,183.66166666666663,5,196,219,183.66166666666663,0.9996016131118116,7.382428453417589,211.04753560548642,1558.0433318776045,425.07548159629084,3. Emerging Loyalists
14950,2011-11-20,2011-11-20,1,371.2,371.2,0,0,19,371.2,1.0,3.4298361975782448,424.2789907588981,1455.2074403768343,397.01912705806683,3. Emerging Loyalists
14951,2011-09-21,2011-09-21,1,311.69,311.69,0,0,79,311.69,1.0,2.0389791439572167,424.2789907588981,865.0960133766099,236.02110223079572,3. Emerging Loyalists
14952,2010-12-10,2011-10-11,8,8099.490000000001,1012.4362500000001,7,305,364,1012.4362500000001,0.9992494887354557,6.593095845652344,963.0140099487303,6349.243668297979,1732.2418156505944,1. VIP Champions
14953,2011-11-14,2011-11-14,1,289.82,289.82,0,0,25,289.82,1.0,3.2108155440078403,424.2789907588981,1362.281578524629,371.6664910489166,3. Emerging Loyalists
14954,2011-11-27,2011-11-27,1,336.17,336.17,0,0,12,336.17,1.0,3.726390973513975,424.2789907588981,1581.029401415577,431.3466900915543,3. Emerging Loyalists
14957,2011-03-31,2011-03-31,1,58.49,58.49,0,0,253,58.49,1.0,0.9370310967592066,424.2789907588981,397.56260804269954,108.46560786905226,3. Emerging Loyalists
14958,2011-04-08,2011-07-15,3,499.67999999999995,166.55999999999997,2,98,245,166.55999999999997,0.9984752629544927,3.281039722591427,229.19716301847373,752.0049961688751,205.1668778198095,3. Emerging Loyalists
14959,2011-02-16,2011-10-06,4,695.42,173.855,3,232,296,173.855,0.9994721915987985,3.8249438410657053,218.0081625959267,833.8689788233407,227.50154023917992,3. Emerging Loyalists
14960,2011-06-21,2011-12-01,2,221.26999999999998,110.63499999999999,1,163,171,110.63499999999999,0.9997233853782829,2.777560802588231,233.28455454910443,647.9620345648484,176.7812025913555,3. Emerging Loyalists
14961,2010-12-14,2011-11-29,8,7044.68,880.585,7,350,360,880.585,0.9997130607497322,6.657662964184414,842.2420827423757,5607.36392115146,1529.8373739045455,1. VIP Champions
14962,2011-03-14,2011-03-14,1,126.7,126.7,0,0,270,126.7,1.0,0.8900356881242493,424.2789907588981,377.62344349675783,103.02567574484118,3. Emerging Loyalists
14963,2011-06-09,2011-11-30,5,1487.8,297.56,4,174,183,297.56,0.9997034270478591,6.9898737097998795,315.0893810377873,2202.434980753146,600.8825884193742,1. VIP Champions
14964,2011-04-06,2011-04-06,1,206.21,206.21,0,0,247,206.21,1.0,0.9548251208689297,424.2789907588981,405.1122386335124,110.5253470262402,3. Emerging Loyalists
14965,2011-09-04,2011-09-04,1,599.0,599.0,0,0,96,599.0,1.0,1.8288506143964183,424.2789907588981,775.942892924903,211.69776998678694,3. Emerging Loyalists
14966,2011-11-25,2011-11-25,1,191.32,191.32,0,0,14,191.32,1.0,3.6365543175428487,424.2789907588981,1542.9135956869932,420.94768889241357,3. Emerging Loyalists
14967,2011-10-21,2011-10-21,1,463.8,463.8,0,0,49,463.8,1.0,2.5575427354210354,424.2789907588981,1085.1116506071885,296.0471945999969,3. Emerging Loyalists
14968,2011-11-09,2011-11-09,1,147.59,147.59,0,0,30,147.59,1.0,3.048586372942482,424.2789907588981,1293.451149553366,352.8877272335484,3. Emerging Loyalists
14970,2011-01-27,2011-10-02,4,1592.06,398.015,3,248,316,398.015,0.9994690464815701,3.6262130174825367,402.64569952233455,1460.0790770412516,398.3482385525423,3. Emerging Loyalists
14971,2011-10-27,2011-11-04,2,1116.57,558.285,1,8,43,558.285,0.9994844951912047,5.9516487482741836,505.8823465948192,3010.8340348850625,821.4352586990896,1. VIP Champions
14972,2011-08-03,2011-08-03,1,114.77,114.77,0,0,128,114.77,1.0,1.5317169762500076,424.2789907588981,649.8753328116243,177.30320102172362,3. Emerging Loyalists
14973,2011-04-28,2011-08-24,3,1314.45,438.15000000000003,2,118,225,438.15000000000003,0.9990800333382239,3.5063931572017313,434.77872858333325,1524.5051588014685,415.925379811241,3. Emerging Loyalists
14974,2011-11-02,2011-11-02,1,114.39,114.39,0,0,37,114.39,1.0,2.847187213956218,424.2789907588981,1208.001717638983,329.5748593049245,3. Emerging Loyalists
14975,2011-10-13,2011-10-13,1,279.94,279.94,0,0,57,279.94,1.0,2.3951065407050205,424.2789907588981,1016.1933858503618,277.2444668562282,3. Emerging Loyalists
14976,2011-01-17,2011-10-13,5,790.86,158.172,4,269,326,158.172,0.9994721806881383,4.458069949766651,194.98330042071146,869.249192311897,237.1541994303102,3. Emerging Loyalists
14978,2011-01-13,2011-09-28,5,1931.42,386.284,4,258,330,386.284,0.9993499974505956,4.412833429736489,391.53994992943814,1727.8005801259758,471.38975449053544,3. Emerging Loyalists
14981,2011-04-07,2011-04-07,1,102.12,102.12,0,0,246,102.12,1.0,0.957856703872831,424.2789907588981,406.39847561080944,110.87626653623394,3. Emerging Loyalists
14984,2011-06-12,2011-11-20,2,213.26999999999998,106.63499999999999,1,161,180,106.63499999999999,0.9996994327100748,2.6770864649533808,230.84874271355687,618.0020445699685,168.6073239095949,3. Emerging Loyalists
14985,2010-12-16,2011-05-25,2,296.75,148.375,1,160,358,148.375,0.9991889305716412,1.5602076737949868,256.26643921749553,399.8288650032531,109.08390278371766,3. Emerging Loyalists
14987,2010-12-09,2011-11-24,2,326.4,163.2,1,350,365,163.2,0.9997227433667106,1.5358607605877783,265.2941668329936,407.4549008516225,111.16448731855834,3. Emerging Loyalists
14988,2011-05-12,2011-05-12,1,334.54,334.54,0,0,211,334.54,1.0,1.0776062180448671,424.2789907588981,457.2056786275893,124.73781701371118,3. Emerging Loyalists
14995,2011-03-04,2011-11-01,2,233.23000000000002,116.61500000000001,1,242,280,116.61500000000001,0.9996790660905457,1.9098845017315307,236.92609324324803,452.50147354107895,123.45438528767161,3. Emerging Loyalists
14997,2011-06-14,2011-10-24,3,546.1999999999999,182.06666666666663,2,132,178,182.06666666666663,0.9995413636061439,4.175638887899588,240.9350208557496,1006.0576425421663,274.4791676633775,3. Emerging Loyalists
14998,2011-04-12,2011-06-22,2,429.87,214.935,1,71,241,214.935,0.9988899967358348,2.1484946844924813,296.79834816100674,637.6696733900718,173.9731738968912,3. Emerging Loyalists
15000,2011-10-23,2011-10-23,1,490.52,490.52,0,0,47,490.52,1.0,2.6016537942746067,424.2789907588981,1103.8270461388881,301.15325012883454,3. Emerging Loyalists
15002,2010-12-07,2011-08-16,4,1641.76,410.44,3,252,367,410.44,0.999185587682929,3.201098135422959,412.8800026821785,1321.6694067393478,360.5864150798512,3. Emerging Loyalists
15004,2011-07-15,2011-07-15,1,1246.32,1246.32,0,0,147,1246.32,1.0,1.3969571915637824,424.2789907588981,592.6995873700663,161.70414351675146,3. Emerging Loyalists
15005,2010-12-08,2011-11-24,28,6316.57,225.5917857142857,27,351,366,225.5917857142857,0.9995031701752325,23.33928890724034,230.20754483459447,5372.880397521084,1465.8640589817437,1. VIP Champions
15006,2011-10-19,2011-10-19,1,502.09,502.09,0,0,51,502.09,1.0,2.514902544631104,424.2789907588981,1067.0203134930694,291.1113987340131,3. Emerging Loyalists
15007,2011-07-03,2011-07-03,1,156.91,156.91,0,0,159,156.91,1.0,1.323419986926405,424.2789907588981,561.4992964032892,153.1918778837639,3. Emerging Loyalists
15009,2011-11-14,2011-11-27,3,1261.7800000000002,420.5933333333334,2,13,25,420.5933333333334,0.9996231129414815,10.976002485443471,421.48911181013204,4626.265538815371,1262.1677534054304,1. VIP Champions
15010,2011-11-04,2011-11-04,1,308.94,308.94,0,0,35,308.94,1.0,2.9019622745445246,424.2789907588981,1231.2416250641472,335.9153214980395,3. Emerging Loyalists
15012,2010-12-01,2011-10-17,2,423.03999999999996,211.51999999999998,1,320,373,211.51999999999998,0.9996716868474369,1.5079827952874412,294.71877380640797,444.43084034827416,121.25250282328324,3. Emerging Loyalists
15014,2011-06-16,2011-10-27,2,260.16999999999996,130.08499999999998,1,133,176,130.08499999999998,0.9996301240166267,2.720612637443609,245.1286895994544,666.9002107242674,181.94803857519116,3. Emerging Loyalists
15016,2011-06-20,2011-06-20,1,170.04,170.04,0,0,172,170.04,1.0,1.2520201151401065,424.2789907588981,531.2058308614837,144.92701824158343,3. Emerging Loyalists
15017,2011-11-06,2011-11-06,1,125.58,125.58,0,0,33,125.58,1.0,2.958886235150211,424.2789907588981,1255.3932656199272,342.5045286340289,3. Emerging Loyalists
15018,2010-12-07,2011-11-01,3,496.21000000000004,165.40333333333334,2,329,367,165.40333333333334,0.9996685245894555,2.365688639856508,228.32161773267524,540.13785730385,147.36391159617588,3. Emerging Loyalists
15019,2011-03-18,2011-03-18,1,266.0,266.0,0,0,266,266.0,1.0,0.900664272680913,424.2789907588981,382.13292862565476,104.25598270980032,3. Emerging Loyalists
15021,2010-12-08,2011-12-01,8,1914.82,239.3525,7,358,366,239.3525,0.9997241224223784,6.565897177598649,254.89167982735776,1673.592561171827,456.6003713637215,3. Emerging Loyalists
15022,2011-10-23,2011-11-28,3,905.04,301.68,2,36,47,301.68,0.9996604981909856,8.89394799778363,331.47700078541584,2948.139207446772,804.3304494671078,1. VIP Champions
15023,2010-12-05,2011-12-06,11,6802.76,618.4327272727273,10,366,369,618.4327272727273,0.999753163881315,9.02072596774298,606.7172197616202,5473.029779380471,1493.1874625446903,1. VIP Champions
15024,2010-12-07,2011-11-30,7,1661.33,237.33285714285714,6,358,367,237.33285714285714,0.9997210868296257,5.713815790791285,255.40677147740877,1459.3472439426394,398.1485751025753,3. Emerging Loyalists
15025,2011-11-06,2011-11-06,1,377.01,377.01,0,0,33,377.01,1.0,2.958886235150211,424.2789907588981,1255.3932656199272,342.5045286340289,3. Emerging Loyalists
15026,2011-03-07,2011-09-20,3,469.0,156.33333333333334,2,197,277,156.33333333333334,0.9994614473251441,2.980496125261517,221.45603063567876,660.0488412254364,180.07880353549555,3. Emerging Loyalists
15027,2011-04-15,2011-11-09,4,1066.15,266.5375,3,208,238,266.5375,0.999625860736207,4.5483667954466025,294.3494746773944,1338.8093768798115,365.2626528409817,3. Emerging Loyalists
15028,2010-12-06,2011-12-01,3,627.13,209.04333333333332,2,360,368,209.04333333333332,0.9997300960262013,2.3604200335948886,261.35515917842235,616.9079536081291,168.30882692109745,3. Emerging Loyalists
15030,2011-03-16,2011-09-29,2,518.28,259.14,1,197,268,259.14,0.9995994809713035,1.9777430201979864,323.7171137086015,640.2292621558246,174.6714974961326,3. Emerging Loyalists
15031,2011-03-02,2011-12-05,4,668.14,167.035,3,278,282,167.035,0.9997362339420226,3.9785742052310367,212.39062154561398,845.0118483143671,230.5416101257822,3. Emerging Loyalists
15032,2010-12-08,2011-03-28,2,4959.1,2479.55,1,110,366,2479.55,0.9986847405775078,1.5307387118100724,1675.8423531506332,2565.276764858561,699.8754360290727,1. VIP Champions
15033,2011-01-14,2011-12-05,10,2586.67,258.66700000000003,9,325,329,258.66700000000003,0.9997435715036905,9.010385032302587,269.69667127778644,2430.0708501431977,662.9876819233898,1. VIP Champions
15034,2010-12-21,2011-11-24,7,4308.61,615.5157142857142,6,338,353,615.5157142857142,0.9996903142729919,5.903210251986333,597.0269865875549,3524.375827936161,961.5430596406405,1. VIP Champions
15035,2011-09-11,2011-09-11,1,252.73000000000002,252.73000000000002,0,0,89,252.73000000000002,1.0,1.9098965423138645,424.2789907588981,810.3289774268355,221.07920446348734,3. Emerging Loyalists
15036,2011-06-13,2011-09-28,3,465.54999999999995,155.1833333333333,2,107,179,155.1833333333333,0.9993248277232821,4.157897925131042,220.58553172040354,917.1721246541936,250.2288444855021,3. Emerging Loyalists
15038,2010-12-05,2011-10-12,6,705.49,117.58166666666666,5,311,369,117.58166666666666,0.9994388594639859,4.853173998414711,152.48843305668123,740.0528983696876,201.9060290204677,3. Emerging Loyalists
15039,2010-12-06,2011-11-30,42,19914.440000000002,474.15333333333336,41,359,368,474.15333333333336,0.999611707328472,34.92489918986592,473.38422208391546,16532.896234353848,4510.611922795702,1. VIP Champions
15041,2011-06-22,2011-06-22,1,180.35,180.35,0,0,170,180.35,1.0,1.2624990574284662,424.2789907588981,535.6518259198098,146.14000343392408,3. Emerging Loyalists
15042,2011-05-24,2011-05-24,1,135.93,135.93,0,0,199,135.93,1.0,1.1258645798335654,424.2789907588981,477.68068766297597,130.32394170506802,3. Emerging Loyalists
15043,2011-11-08,2011-11-08,1,537.0,537.0,0,0,31,537.0,1.0,3.0180880823313876,424.2789907588981,1280.5113655930193,349.3574114931846,3. Emerging Loyalists
15044,2010-12-12,2011-11-20,15,7700.2300000000005,513.3486666666666,14,343,362,513.3486666666666,0.9995753720183637,12.551970589520693,509.442327979051,6394.5051178500025,1744.590337718262,1. VIP Champions
15045,2011-03-27,2011-07-11,2,735.66,367.83,1,106,257,367.83,0.9991902990204343,2.0436481207874353,389.9042108100172,796.8270077089998,217.39550956047648,3. Emerging Loyalists
15046,2011-01-05,2011-11-30,15,5213.77,347.5846666666667,14,329,338,347.5846666666667,0.9996968001553861,13.29382477326781,350.94825817261227,4665.44464863026,1272.8568521181141,1. VIP Champions
15047,2011-03-15,2011-03-15,1,343.62,343.62,0,0,269,343.62,1.0,0.8926692472826567,424.2789907588981,378.74080731859084,103.33052218586509,3. Emerging Loyalists
15048,2010-12-06,2011-10-05,4,384.05,96.0125,3,303,368,96.0125,0.9995325551713821,3.1948813233609785,153.89035626030082,491.6614250614023,134.13825711024074,3. Emerging Loyalists
15049,2011-03-11,2011-03-11,1,121.17000000000002,121.17000000000002,0,0,273,121.17000000000002,1.0,0.8822274272441206,424.2789907588981,374.3105624509547,102.1218340626468,3. Emerging Loyalists
15050,2011-09-29,2011-11-14,2,1782.0900000000001,891.0450000000001,1,46,71,891.0450000000001,0.9996275843863911,4.761654054529896,708.5175331940196,3373.7153846388237,920.4389008654484,1. VIP Champions
15051,2011-07-12,2011-11-16,3,1391.61,463.86999999999995,2,127,150,463.86999999999995,0.9996494712440182,4.71011925320091,454.24762606235737,2139.5604892371166,583.728762069057,1. VIP Champions
15052,2011-01-24,2011-01-24,1,215.78,215.78,0,0,319,215.78,1.0,0.7776224687302201,424.2789907588981,329.92887622430055,90.01333472834683,3. Emerging Loyalists
15053,2011-03-03,2011-12-05,3,697.79,232.59666666666666,2,277,281,232.59666666666666,0.9997353691539651,2.9472368726394182,279.1839862373629,822.8213384892118,224.48745138847175,3. Emerging Loyalists
15054,2011-10-30,2011-11-27,2,302.1,151.05,1,28,40,151.05,0.9996782505676588,6.116702376811277,257.895388382518,1577.4693350880152,430.37540971844726,3. Emerging Loyalists
15057,2011-01-28,2011-03-09,2,1489.5,744.75,1,40,315,744.75,0.9974110354039287,1.731849929563847,619.4307600736624,1072.7611182032524,292.67764228899216,3. Emerging Loyalists
15058,2011-01-31,2011-11-14,8,2124.99,265.62375,7,287,312,265.62375,0.9995942357042178,7.495622334477405,278.9553841352042,2090.9442076465607,570.4649529774174,1. VIP Champions
15059,2011-01-09,2011-10-30,7,1337.72,191.10285714285715,6,294,334,191.10285714285715,0.9995062831935372,6.180415567633629,213.64627851414292,1320.4227856957991,360.24630384570736,3. Emerging Loyalists
15060,2011-11-30,2011-12-01,2,303.09000000000003,151.54500000000002,1,1,9,151.54500000000002,0.9996831536072325,8.549011988860636,258.196820097167,2207.3277104963736,602.2174546643434,1. VIP Champions
15061,2010-12-02,2011-12-06,29,54534.14,1880.4875862068966,28,369,372,1880.4875862068966,0.9997745668126009,23.85552362017942,1847.8391008739286,44081.1693171891,12026.510363001757,1. VIP Champions
15062,2010-12-15,2011-09-29,4,987.86,246.965,3,288,359,246.965,0.9994947182338091,3.261946319240657,278.2278731807308,907.5643868320411,247.6075991720738,3. Emerging Loyalists
15063,2011-05-10,2011-05-10,1,370.79999999999995,370.79999999999995,0,0,213,370.79999999999995,1.0,1.0699625163159032,424.2789907588981,453.96261657236244,123.85302380111743,3. Emerging Loyalists
15065,2011-02-21,2011-11-02,4,3158.13,789.5325,3,254,291,789.5325,0.9996177307082026,3.878638784066184,725.1333282856506,2812.530250707721,767.3327348238599,1. VIP Champions
15066,2011-10-17,2011-10-17,1,893.59,893.59,0,0,53,893.59,1.0,2.473660859963395,424.2789907588981,1049.522333145057,286.3374863073091,3. Emerging Loyalists
15067,2011-03-02,2011-09-22,2,1744.76,872.38,1,204,282,872.38,0.9995885642516079,1.8988287872722498,697.1514262163957,1323.771197187598,361.1598391744993,3. Emerging Loyalists
15068,2011-03-28,2011-10-24,2,553.3599999999999,276.67999999999995,1,210,256,276.67999999999995,0.9996564210623012,2.0508933524729196,334.3981486074775,685.814940058327,187.1084776441416,3. Emerging Loyalists
15069,2011-06-13,2011-06-13,1,1109.53,1109.53,0,0,179,1109.53,1.0,1.2166750305337293,424.2789907588981,516.2096540364022,140.83566406958954,3. Emerging Loyalists
15070,2010-12-02,2010-12-02,1,106.2,106.2,0,0,372,106.2,1.0,0.6841580715470145,424.2789907588981,290.27389611552127,79.194405997323,3. Emerging Loyalists
15071,2011-03-09,2011-09-07,2,982.0700000000002,491.0350000000001,1,182,275,491.0350000000001,0.9995376647611106,1.9373736654623461,464.9302601096761,900.7436422130452,245.74671941061618,3. Emerging Loyalists
15073,2011-06-06,2011-11-30,3,1043.41,347.80333333333334,2,177,186,347.80333333333334,0.9997164457486855,4.045325981674359,366.3903152511051,1482.1682617191545,404.3747531063536,3. Emerging Loyalists
15074,2011-08-26,2011-08-26,1,748.87,748.87,0,0,105,748.87,1.0,1.7342327359792438,424.2789907588981,735.7985149623161,200.7453205608356,3. Emerging Loyalists
15075,2011-09-23,2011-09-23,1,773.03,773.03,0,0,77,773.03,1.0,2.066918162420053,424.2789907588981,876.9499519328164,239.25517058916418,3. Emerging Loyalists
15076,2011-06-20,2011-06-20,1,880.85,880.85,0,0,172,880.85,1.0,1.2520201151401065,424.2789907588981,531.2058308614837,144.92701824158343,3. Emerging Loyalists
15078,2010-12-06,2011-12-02,20,9743.11,487.1555,19,361,368,487.1555,0.999717903326908,16.55679408121012,485.09987272393926,8031.698701511501,2191.2601040864406,1. VIP Champions
15079,2010-12-09,2011-05-11,3,895.61,298.5366666666667,2,153,365,298.5366666666667,0.998298143849983,2.373333539362552,329.0976370836637,781.0584598156242,213.09343210684548,3. Emerging Loyalists
15081,2010-12-07,2011-11-17,5,504.8,100.96000000000001,4,345,367,100.96000000000001,0.9996805388426013,4.039650556844036,145.6855912616437,588.5188798642516,160.5635357941756,3. Emerging Loyalists
15083,2011-03-28,2011-03-28,1,88.2,88.2,0,0,256,88.2,1.0,0.9283804943927815,424.2789907588981,393.89233920121615,107.46426133172503,3. Emerging Loyalists
15087,2011-03-03,2011-03-03,1,306.94,306.94,0,0,281,306.94,1.0,0.8620598810499035,424.2789907588981,365.7538963055888,99.78734893750149,3. Emerging Loyalists
15088,2011-10-03,2011-11-18,2,1160.0700000000002,580.0350000000001,1,46,67,580.0350000000001,0.9996467884223235,4.90183884326779,519.127073450609,2544.6772532321265,694.2553437337559,1. VIP Champions
15089,2011-08-03,2011-11-29,6,2420.84,403.47333333333336,5,118,128,403.47333333333336,0.999667689344094,10.794004703533746,405.84132994200456,4380.653224282388,1195.1582096077814,1. VIP Champions
15090,2011-02-04,2011-02-04,1,381.32,381.32,0,0,308,381.32,1.0,0.8003141710000283,424.2789907588981,339.5564887619362,92.64000239048823,3. Emerging Loyalists
15091,2011-10-03,2011-10-03,1,480.71,480.71,0,0,67,480.71,1.0,2.2189429863295427,424.2789907588981,941.4508907914337,256.8527348466989,3. Emerging Loyalists
15092,2011-03-01,2011-05-08,2,457.81000000000006,228.90500000000003,1,68,283,228.90500000000003,0.9985439897415851,1.8914551160702138,305.3054209966565,577.4715005080964,157.54951814517,3. Emerging Loyalists
15093,2010-12-02,2011-11-21,6,4597.02,766.1700000000001,5,354,372,766.1700000000001,0.9996872757843894,4.821354236376001,727.2576631357567,3506.3668150964913,956.6297240168674,1. VIP Champions
15095,2011-05-20,2011-08-28,3,1370.6,456.8666666666666,2,100,203,456.8666666666666,0.9990170676464772,3.7898021148211103,448.94641382759454,1701.418068565171,464.19190666565237,3. Emerging Loyalists
15096,2011-10-28,2011-10-28,1,219.39000000000001,219.39000000000001,0,0,42,219.39000000000001,1.0,2.7188884414171723,424.2789907588981,1153.5672439105113,314.7236933186189,3. Emerging Loyalists
15097,2011-12-05,2011-12-05,1,248.08,248.08,0,0,4,248.08,1.0,4.134990653722567,424.2789907588981,1754.389661358887,478.64395999242095,3. Emerging Loyalists
15098,2011-06-10,2011-06-10,1,39916.5,39916.5,0,0,182,39916.5,1.0,1.202130736845724,424.2789907588981,510.0388157891542,139.1520959773975,3. Emerging Loyalists
15099,2011-09-16,2011-09-16,1,410.48,410.48,0,0,84,410.48,1.0,1.9723280884394196,424.2789907588981,836.8173708085037,228.30593965310214,3. Emerging Loyalists
15100,2010-12-01,2011-01-10,3,876.0,292.0,2,40,373,292.0,0.9867649493210898,2.3034508489378234,324.1496707855343,746.6628343538549,203.7093946036345,3. Emerging Loyalists
15101,2010-12-15,2011-12-01,2,317.53,158.765,1,351,359,158.765,0.9997308774249779,1.55740624030847,262.5934604603303,408.96469398511385,111.57639886825588,3. Emerging Loyalists
15103,2011-09-14,2011-11-08,2,703.36,351.68,1,55,86,351.68,0.9996091679885649,4.300648422415189,380.069620523994,1634.5458139144541,445.94738466200096,3. Emerging Loyalists
15104,2011-03-02,2011-05-27,2,1027.44,513.72,1,86,282,513.72,0.9988436544868574,1.8974137489696785,478.7443579820251,908.3761270767561,247.8290634076272,3. Emerging Loyalists
15105,2011-07-28,2011-11-21,5,2298.9300000000003,459.78600000000006,4,116,134,459.78600000000006,0.999610493507195,8.676616667303415,454.8742192891844,3946.769232611166,1076.7831664090122,1. VIP Champions
15106,2011-03-15,2011-11-22,5,1422.52,284.504,4,252,269,284.504,0.999680800894174,5.2110527650176355,303.8394528622159,1583.3234209590958,431.97255937407124,3. Emerging Loyalists
15107,2010-12-02,2011-02-01,6,319.5,53.25,5,61,372,53.25,0.7674991031669355,3.7015426144793477,95.47867722331435,353.4183925162167,96.42189683054295,3. Emerging Loyalists
15108,2011-04-26,2011-07-21,4,1300.25,325.0625,3,86,227,325.0625,0.9970057113465784,4.705052246621949,342.55571954096513,1611.742557819416,439.7260525153009,3. Emerging Loyalists
15109,2011-04-08,2011-04-08,1,484.95,484.95,0,0,245,484.95,1.0,0.9609075988286291,424.2789907588981,407.6929062435669,111.22942149242458,3. Emerging Loyalists
15110,2011-01-25,2011-11-16,4,996.1,249.025,3,295,318,249.025,0.9996808615773053,3.608235447951582,279.9246671050188,1010.034106604375,275.5640523656898,3. Emerging Loyalists
15111,2010-12-02,2011-11-10,3,1567.48,522.4933333333333,2,343,372,522.4933333333333,0.9996895320748999,2.338913444707983,498.62288525929864,1166.2357701720596,318.18000277520724,3. Emerging Loyalists
15113,2011-10-16,2011-11-30,3,3609.33,1203.11,2,45,54,1203.11,0.9996824482853138,8.387804796369167,1013.8194679128183,8503.719795611574,2320.0399587881707,1. VIP Champions
15114,2011-02-11,2011-11-09,10,2760.56,276.056,9,271,301,276.056,0.9994671147839324,9.689646910184013,285.9275730448579,2770.5372246905213,755.875925252052,1. VIP Champions
15115,2011-11-21,2011-11-21,1,340.11,340.11,0,0,18,340.11,1.0,3.4692780746188276,424.2789907588981,1471.9418001612494,401.58470357254896,3. Emerging Loyalists
15116,2011-05-19,2011-11-22,4,1352.75,338.1875,3,187,204,338.1875,0.9996771449954612,5.115177031281528,353.3666031605186,1807.5327321086593,493.1427970467423,3. Emerging Loyalists
15117,2011-05-08,2011-11-25,5,1551.78,310.356,4,201,215,310.356,0.9996824161504018,6.202038940243709,326.1152757172152,2022.579639006482,551.813288197476,1. VIP Champions
15118,2011-07-28,2011-07-28,1,244.8,244.8,0,0,134,244.8,1.0,1.4864354644020528,424.2789907588981,630.6633386647369,172.0616602395608,3. Emerging Loyalists
15119,2011-04-08,2011-04-08,1,266.4,266.4,0,0,245,266.4,1.0,0.9609075988286291,424.2789907588981,407.6929062435669,111.22942149242458,3. Emerging Loyalists
15120,2011-07-29,2011-07-29,1,358.82,358.82,0,0,133,358.82,1.0,1.4937955404378098,424.2789907588981,633.7860642970967,172.91362248920427,3. Emerging Loyalists
15121,2011-02-24,2011-10-20,2,457.71999999999997,228.85999999999999,1,238,288,228.85999999999999,0.999657503060036,1.86704081126491,305.2780181135066,569.9665185999853,155.50196033102546,3. Emerging Loyalists
15122,2011-02-15,2011-08-17,3,1633.78,544.5933333333334,2,183,297,544.5933333333334,0.9992646183971855,2.8170544647659006,515.3516035441522,1451.7735356883204,396.08226692114965,3. Emerging Loyalists
15123,2011-05-17,2011-12-02,2,2199.31,1099.655,1,199,206,1099.655,0.9997274563086737,2.4240105485028742,835.5512099474129,2025.3849467268685,552.5786504347586,1. VIP Champions
15124,2011-06-01,2011-11-17,2,184.19,92.095,1,169,191,92.095,0.9996944310321509,2.5637945346718936,221.99456669134156,569.1484568101167,155.27877141054478,3. Emerging Loyalists
15125,2011-03-14,2011-11-14,10,11528.48,1152.848,9,245,270,1152.848,0.9995071420179148,10.576250877836149,1104.3256880689664,11679.625527856415,3186.5111480146643,1. VIP Champions
15127,2011-10-05,2011-10-05,1,406.53,406.53,0,0,65,406.53,1.0,2.252071611977849,424.2789907588981,955.5066706467267,260.687523821406,3. Emerging Loyalists
15128,2011-05-04,2011-10-10,4,1471.0,367.75,3,159,219,367.75,0.999382965683306,4.847297008265801,377.7168315036081,1830.905667319077,499.51955274256386,3. Emerging Loyalists
15129,2011-02-21,2011-10-20,10,3447.3999999999996,344.73999999999995,9,241,291,344.73999999999995,0.9989913313265338,9.954093461563716,350.0372548534463,3484.303549840402,950.6102809677342,1. VIP Champions
15130,2011-06-23,2011-06-23,1,330.11,330.11,0,0,169,330.11,1.0,1.267804583635346,424.2789907588981,537.9028492243096,146.7541422037949,3. Emerging Loyalists
15132,2011-03-22,2011-11-21,5,977.9300000000001,195.586,4,244,262,195.586,0.999674091694328,5.321234152694473,227.22172051575032,1209.099979442409,329.87449420946047,3. Emerging Loyalists
15133,2011-02-11,2011-08-04,3,982.4200000000001,327.47333333333336,2,174,301,327.47333333333336,0.9991596463380246,2.7863037376866666,351.00140834019675,977.9965359915741,266.8233546721283,3. Emerging Loyalists
15134,2011-04-13,2011-11-25,8,1387.99,173.49875,7,226,240,173.49875,0.9996570674978746,9.242986402922446,194.5715516430177,1798.422206231935,490.6572043193712,3. Emerging Loyalists
15135,2011-04-14,2011-04-14,1,139.05,139.05,0,0,239,139.05,1.0,0.9796290547389268,424.2789907588981,415.6360266627252,113.39651509532337,3. Emerging Loyalists
15136,2011-09-04,2011-12-07,3,1286.7,428.90000000000003,2,94,96,428.90000000000003,0.9997348432505465,6.252527519706213,427.7768894822067,2674.6867737818206,729.7253838982778,1. VIP Champions
15139,2011-01-07,2011-04-14,2,178.96,89.48,1,97,336,89.48,0.9986752296531064,1.6441225155387769,220.40215470385237,362.36814502186445,98.86362632462654,3. Emerging Loyalists
15140,2011-03-20,2011-10-18,6,2354.25,392.375,5,212,264,392.375,0.999340454341227,6.383012821560228,396.0061537950994,2527.712357090871,689.6268707959816,1. VIP Champions
15142,2011-10-24,2011-10-24,1,498.74,498.74,0,0,46,498.74,1.0,2.6242848892697914,424.2789907588981,1113.4289442832137,303.7729022235032,3. Emerging Loyalists
15143,2011-04-28,2011-04-28,1,259.45,259.45,0,0,225,259.45,1.0,1.0262845234377114,424.2789907588981,435.43096183562886,118.79709762703588,3. Emerging Loyalists
15144,2011-01-31,2011-12-01,14,6580.4400000000005,470.0314285714286,13,304,312,470.0314285714286,0.9997044365435579,13.243395890635338,467.87777291968536,6196.290575204174,1690.5121612961552,1. VIP Champions
15145,2011-04-05,2011-12-05,4,1194.73,298.6825,3,244,248,298.6825,0.9997349823466065,4.405347594089674,320.8268730736265,1413.3538934142136,385.6003710660823,3. Emerging Loyalists
15146,2011-02-21,2011-06-28,2,1327.16,663.58,1,127,291,663.58,0.999210920377877,1.8506532542895706,570.0020484008139,1054.8761458246877,287.79814818789225,3. Emerging Loyalists
15147,2011-04-13,2011-04-13,1,623.5,623.5,0,0,240,623.5,1.0,0.976458316065277,424.2789907588981,414.29074885830886,113.0294876841512,3. Emerging Loyalists
15148,2011-11-29,2011-11-29,1,301.29,301.29,0,0,10,301.29,1.0,3.8207786682348264,424.2789907588981,1621.076117271799,442.27249470856646,3. Emerging Loyalists
15149,2011-07-29,2011-07-29,1,520.8000000000001,520.8000000000001,0,0,133,520.8000000000001,1.0,1.4937955404378098,424.2789907588981,633.7860642970967,172.91362248920427,3. Emerging Loyalists
15150,2011-03-15,2011-11-22,10,5314.469999999999,531.4469999999999,9,252,269,531.4469999999999,0.999614473227226,10.60868441555134,524.3096670809829,5562.235794084934,1517.5252257416155,1. VIP Champions
15152,2011-06-05,2011-11-30,13,4745.6900000000005,365.05307692307696,12,178,187,365.05307692307696,0.9996467133574621,18.28428464851847,368.06147737329275,6729.740820447524,1836.0515152184953,1. VIP Champions
15153,2011-11-08,2011-11-08,1,329.25,329.25,0,0,31,329.25,1.0,3.0180880823313876,424.2789907588981,1280.5113655930193,349.3574114931846,3. Emerging Loyalists
15154,2011-09-25,2011-09-25,1,296.42,296.42,0,0,75,296.42,1.0,2.095633484391479,424.2789907588981,889.1332597581696,242.5790996066305,3. Emerging Loyalists
15156,2011-11-06,2011-12-08,3,961.49,320.49666666666667,2,32,33,320.49666666666667,0.9997365923015112,10.115943770504675,345.72038158752724,3497.2879404568453,954.1527665851705,1. VIP Champions
15157,2010-12-16,2011-12-06,3,1936.0700000000002,645.3566666666667,2,355,358,645.3566666666667,0.9997386719263819,2.415725189199748,591.6249708190904,1429.2033445672425,389.92452107145584,3. Emerging Loyalists
15158,2011-10-25,2011-10-25,1,401.40000000000003,401.40000000000003,0,0,45,401.40000000000003,1.0,2.6473131629798625,424.2789907588981,1123.1993570118423,306.43852955943316,3. Emerging Loyalists
15159,2010-12-13,2011-12-08,19,18641.010000000002,981.1057894736844,18,360,361,981.1057894736844,0.9997834484900611,15.978718209704109,961.9248847789958,15370.326672785666,4193.432158817479,1. VIP Champions
15160,2010-12-17,2010-12-17,1,158.16,158.16,0,0,357,158.16,1.0,0.7082504488827375,424.2789907588981,300.4957856565044,81.9832081638335,3. Emerging Loyalists
15163,2011-05-31,2011-11-21,2,304.47,152.235,1,174,192,152.235,0.9997037463385615,2.553993831634137,258.6169976387989,660.5062167252325,180.20358768422133,3. Emerging Loyalists
15164,2011-01-04,2011-10-02,3,843.05,281.01666666666665,2,271,339,281.01666666666665,0.9995711644663849,2.5278098228753056,315.8357753483408,798.3727753409742,217.81723590604972,3. Emerging Loyalists
15165,2010-12-01,2010-12-01,1,487.75,487.75,0,0,373,487.75,1.0,0.6826100599020506,424.2789907588981,289.617107297113,79.01521661434514,3. Emerging Loyalists
15167,2011-01-23,2011-01-23,1,163.0,163.0,0,0,320,163.0,1.0,0.7756232298355311,424.2789907588981,329.080641163776,89.78191374057185,3. Emerging Loyalists
15168,2011-11-14,2011-11-14,1,106.56,106.56,0,0,25,106.56,1.0,3.2108155440078403,424.2789907588981,1362.281578524629,371.6664910489166,3. Emerging Loyalists
15171,2011-01-12,2011-01-12,1,1289.5,1289.5,0,0,331,1289.5,1.0,0.7542914180416213,424.2789907588981,320.03000158479716,87.31265958115603,3. Emerging Loyalists
15172,2011-04-17,2011-12-01,5,1624.05,324.81,4,228,236,324.81,0.9997171113910026,5.7751566797738505,338.5698147682039,1955.293727328388,533.455909602143,1. VIP Champions
15174,2011-01-21,2011-01-21,1,135.75,135.75,0,0,322,135.75,1.0,0.7716554341012527,424.2789907588981,327.3971887940989,89.32262335233692,3. Emerging Loyalists
15175,2011-09-29,2011-09-29,1,224.14,224.14,0,0,71,224.14,1.0,2.1555261582051517,424.2789907588981,914.5444629576866,249.51194878801928,3. Emerging Loyalists
15178,2011-03-24,2011-03-24,1,40.5,40.5,0,0,260,40.5,1.0,0.9170917954606201,424.2789907588981,389.1027814112977,106.15754312785496,3. Emerging Loyalists
15179,2011-01-24,2011-11-21,5,2206.95,441.39,4,301,319,441.39,0.9996870590236849,4.539483235968925,439.0229877697442,1992.9374931857442,543.7261258236844,1. VIP Champions
15180,2010-12-07,2010-12-07,1,87.5,87.5,0,0,367,87.5,1.0,0.6920046542897554,424.2789907588981,293.6030363225176,80.1026836092718,3. Emerging Loyalists
15181,2011-03-15,2011-10-04,3,689.48,229.82666666666668,2,203,269,229.82666666666668,0.9995266835084289,3.05124806347992,277.08721928491747,845.4618412581405,230.66438011771749,3. Emerging Loyalists
15182,2011-03-16,2011-07-08,2,622.85,311.425,1,114,268,311.425,0.999207146198072,1.9769667719364474,355.5562191640024,702.9228308425859,191.77596330736247,3. Emerging Loyalists
15184,2011-06-02,2011-11-10,2,406.76,203.38,1,161,190,203.38,0.999677023049977,2.5736500962774915,289.76189672106875,745.7457333937272,203.45918517471642,3. Emerging Loyalists
15185,2011-09-30,2011-09-30,1,310.62,310.62,0,0,70,310.62,1.0,2.17103808777161,424.2789907588981,921.1258487788666,251.30752513064752,3. Emerging Loyalists
15186,2011-06-24,2011-11-25,2,411.40999999999997,205.70499999999998,1,154,168,205.70499999999998,0.999709410176087,2.8126865265407535,291.17771235048076,818.9916283571564,223.44260504469528,3. Emerging Loyalists
15187,2011-05-11,2011-12-08,14,4777.18,341.2271428571429,13,211,212,341.2271428571429,0.9997684482871938,17.958181462240162,345.1365538125355,6198.024862617729,1690.9853208305917,1. VIP Champions
15189,2011-01-11,2011-12-08,38,16225.39,426.983947368421,37,331,332,426.983947368421,0.9998143052658742,34.42774264869064,426.937801694658,14698.504763741405,4010.14135060242,1. VIP Champions
15192,2010-12-09,2011-08-12,3,1044.32,348.1066666666666,2,246,365,348.1066666666666,0.9993664116900944,2.3758732174232375,366.6199251099168,871.0424610423644,237.64345062996483,3. Emerging Loyalists
15193,2011-10-10,2011-10-10,1,499.32,499.32,0,0,60,499.32,1.0,2.339388789492559,424.2789907588981,992.5535145985832,270.7948839392279,3. Emerging Loyalists
15194,2010-12-06,2011-12-06,15,7616.53,507.76866666666666,14,365,368,507.76866666666666,0.9997589446873293,12.381889774726753,504.1070506599713,6241.79793593436,1702.927774445533,1. VIP Champions
15195,2011-12-07,2011-12-07,1,3861.0,3861.0,0,0,2,3861.0,1.0,4.251536147927672,424.2789907588981,1803.8374660177258,492.13463059777894,3. Emerging Loyalists
15197,2010-12-16,2011-11-29,3,1079.6100000000001,359.87000000000006,2,348,358,359.87000000000006,0.9997260836995351,2.4156947715540817,375.52424589834044,907.1519574084103,247.495077503204,3. Emerging Loyalists
15198,2011-08-07,2011-09-08,2,193.64,96.82,1,32,124,96.82,0.9991516603039082,3.452129107153191,224.8718694220821,776.2867258119213,211.79157670387087,3. Emerging Loyalists
15199,2011-02-04,2011-10-11,4,1268.6999999999998,317.17499999999995,3,249,308,317.17499999999995,0.9995158915560264,3.7033437197941215,336.05889328959535,1244.5415919449858,339.5439046776062,3. Emerging Loyalists
15201,2011-04-06,2011-09-13,4,1236.54,309.135,3,160,247,309.135,0.9991347594372952,4.416637102837383,329.43645486664605,1455.0012695912417,396.9628782078688,3. Emerging Loyalists
15203,2011-02-01,2011-11-14,6,1827.8,304.6333333333333,5,286,311,304.6333333333333,0.9996353276316524,5.595100705361068,318.2508079092578,1780.6453198148179,485.8071989309252,3. Emerging Loyalists
15204,2010-12-17,2010-12-17,1,316.58,316.58,0,0,357,316.58,1.0,0.7082504488827375,424.2789907588981,300.4957856565044,81.9832081638335,3. Emerging Loyalists
15205,2011-08-04,2011-09-15,2,653.24,326.62,1,42,127,326.62,0.9992655916007152,3.39966702262076,364.8092593742886,1240.2300086414723,338.36759057151846,3. Emerging Loyalists
15206,2011-03-09,2011-11-29,4,420.3,105.075,3,265,275,105.075,0.9997173865954337,4.059466622876036,161.35501399761154,655.0152937569995,178.70551848590384,3. Emerging Loyalists
15208,2010-12-21,2011-12-08,5,870.12,174.024,4,352,353,174.024,0.9997483016321193,4.17396325179281,208.64245034711752,870.8659205128746,237.59528569831068,3. Emerging Loyalists
15210,2011-04-28,2011-04-28,1,331.18,331.18,0,0,225,331.18,1.0,1.0262845234377114,424.2789907588981,435.43096183562886,118.79709762703588,3. Emerging Loyalists
15211,2010-12-09,2011-10-10,2,894.4100000000001,447.20500000000004,1,305,365,447.20500000000004,0.9996588155810506,1.5357625491805076,438.23985192166384,673.0323521397027,183.62104914688143,3. Emerging Loyalists
15212,2011-04-12,2011-04-12,1,101.8,101.8,0,0,241,101.8,1.0,0.9733080364592908,424.2789907588981,412.95415140647265,112.6648285030391,3. Emerging Loyalists
15213,2011-01-14,2011-01-25,2,328.34999999999997,164.17499999999998,1,11,329,164.17499999999998,0.9951468225920392,1.6671311992686317,265.8878959679083,443.2700068759922,120.93579671043803,3. Emerging Loyalists
15214,2011-04-11,2011-12-08,8,1661.44,207.68,7,241,242,207.68,0.9997553305920777,9.184440899639235,225.8805869143724,2074.5869008908767,566.0022465144262,1. VIP Champions
15215,2011-09-04,2011-10-24,2,734.94,367.47,1,50,96,367.47,0.9995276958822538,4.039609411142571,389.68498774481793,1574.175143874944,429.476667117573,3. Emerging Loyalists
15216,2011-09-13,2011-09-13,1,96.6,96.6,0,0,87,96.6,1.0,1.9343887926326349,424.2789907588981,820.7205246734977,223.91429374504304,3. Emerging Loyalists
15218,2011-01-25,2011-11-29,9,5756.889999999999,639.6544444444444,8,308,318,639.6544444444444,0.9997034841082215,8.323177491463854,623.6507956322885,5190.756264740187,1416.1757724827721,1. VIP Champions
15219,2011-06-16,2011-06-16,1,305.75,305.75,0,0,176,305.75,1.0,1.2315755702535105,424.2789907588981,522.5316399904739,142.5604692589507,3. Emerging Loyalists
15220,2011-03-04,2011-10-19,6,1778.96,296.49333333333334,5,229,280,296.49333333333334,0.9993842926679418,6.090614859124197,311.03726228656905,1894.4081714238878,516.8447175583543,3. Emerging Loyalists
15221,2010-12-08,2010-12-08,1,403.25,403.25,0,0,366,403.25,1.0,0.6935956186115332,424.2789907588981,294.2780490592949,80.28684495979309,3. Emerging Loyalists
15222,2011-01-25,2011-01-25,1,585.0,585.0,0,0,318,585.0,1.0,0.7796320406968016,424.2789907588981,330.7814953901391,90.24595181615291,3. Emerging Loyalists
15223,2011-04-04,2011-04-28,2,755.75,377.875,1,24,249,377.875,0.9975478540273728,2.091623419427273,396.02114328203595,828.3270978770701,225.98956835496637,3. Emerging Loyalists
15224,2010-12-12,2010-12-16,2,322.08000000000004,161.04000000000002,1,4,362,161.04000000000002,0.9933759847900726,1.536733901729422,263.978828441798,405.66521500532593,110.67621362458875,3. Emerging Loyalists
15225,2011-04-19,2011-04-19,1,409.40000000000003,409.40000000000003,0,0,234,409.40000000000003,1.0,0.9957967248515837,424.2789907588981,422.49562942104603,115.26799638624392,3. Emerging Loyalists
15226,2011-02-02,2011-02-02,1,154.41,154.41,0,0,310,154.41,1.0,0.7960904231280017,424.2789907588981,337.7644412775727,92.15108437911223,3. Emerging Loyalists
15227,2011-01-26,2011-11-03,4,1219.4,304.85,3,281,317,304.85,0.9996328494425548,3.6174104516450947,325.9069587668529,1178.9392389070806,321.64584546391796,3. Emerging Loyalists
15228,2011-02-18,2011-10-04,4,3386.71,846.6775,3,228,294,846.6775,0.9994560329330894,3.845958098236234,772.2028859572224,2969.8599427285703,810.2564412682532,1. VIP Champions
15230,2011-04-13,2011-04-14,2,429.6,214.8,1,1,240,214.8,0.9960950339450615,2.149417565375007,296.716139511557,637.7668821964018,173.99969503357633,3. Emerging Loyalists
15232,2011-07-22,2011-08-18,2,612.06,306.03,1,27,140,306.03,0.9989236498245877,3.1870722788367933,352.27091795080764,1122.7128772414096,306.30580499492805,3. Emerging Loyalists
15234,2011-03-08,2011-03-08,1,197.0,197.0,0,0,276,197.0,1.0,0.8745549782454213,424.2789907588981,371.0553035331374,101.23371322293673,3. Emerging Loyalists
15235,2010-12-01,2011-05-06,10,2247.51,224.75100000000003,9,156,373,224.75100000000003,0.8496461999945945,6.89523742713776,238.03945899806936,1641.338586819112,447.8006329990302,3. Emerging Loyalists
15236,2011-02-14,2011-02-14,1,321.05,321.05,0,0,298,321.05,1.0,0.822123518022097,424.2789907588981,348.8097365055701,95.16453342276375,3. Emerging Loyalists
15237,2011-04-26,2011-12-08,4,1412.3200000000002,353.08000000000004,3,226,227,353.08000000000004,0.9997442605885701,4.71797596121744,365.6333524408386,1725.0493674352206,470.6391508099001,3. Emerging Loyalists
15238,2011-06-08,2011-11-10,3,1071.99,357.33,2,155,184,357.33,0.9996386246479938,4.076992603529907,373.60157872894996,1523.170873145025,415.5613513491338,3. Emerging Loyalists
15239,2011-09-22,2011-11-29,2,780.59,390.295,1,68,78,390.295,0.9997042860635793,4.535193715421519,403.5843390314111,1830.3331580178033,499.3633570437804,3. Emerging Loyalists
15240,2011-02-01,2011-10-26,5,1706.57,341.31399999999996,4,267,311,341.31399999999996,0.9995493899736245,4.634423248372598,352.7907717695542,1634.9817545001333,446.06632079850857,3. Emerging Loyalists
15241,2011-03-01,2011-10-04,8,1756.44,219.555,7,217,283,219.555,0.9987891986265298,8.106696790788513,236.75774307008166,1919.3232359405624,523.6422069681419,3. Emerging Loyalists
15243,2011-09-26,2011-09-26,1,316.68,316.68,0,0,74,316.68,1.0,2.110292440898814,424.2789907588981,895.3527470306805,244.27594044125516,3. Emerging Loyalists
15244,2011-04-05,2011-10-05,2,631.5699999999999,315.78499999999997,1,183,248,315.78499999999997,0.9996046489135827,2.102548670509042,358.2112540647492,753.1565959952152,205.48106474951305,3. Emerging Loyalists
15245,2011-03-23,2011-07-28,3,2515.84,838.6133333333333,2,127,261,838.6133333333333,0.9988836804553329,3.1232163659022576,737.9116827347704,2304.657844107709,628.7716926448824,1. VIP Champions
15246,2010-12-16,2011-04-15,2,514.1500000000001,257.07500000000005,1,120,358,257.07500000000005,0.998848603166547,1.5596762613535713,322.45962584850014,502.9326236808601,137.21333858153696,3. Emerging Loyalists
15247,2011-08-09,2011-08-09,1,356.0,356.0,0,0,122,356.0,1.0,1.579844006873528,424.2789907588981,670.2946207927941,182.8741235338653,3. Emerging Loyalists
15249,2011-03-28,2011-11-08,12,6688.46,557.3716666666667,11,225,256,557.3716666666667,0.9992601708702811,13.27394795445132,550.0304888839622,7301.07608280713,1991.9269050947062,1. VIP Champions
15251,2011-04-12,2011-11-30,10,10484.99,1048.499,9,232,241,1048.499,0.9996898439747567,11.567886282062902,1006.9262764586294,11648.008660494457,3177.8852293091463,1. VIP Champions
15252,2011-06-09,2011-11-03,2,740.78,370.39,1,147,183,370.39,0.9996554513546548,2.6450948590944545,391.4631303847676,1035.457113705771,282.50012196410637,3. Emerging Loyalists
15253,2011-06-23,2011-11-23,3,918.2,306.06666666666666,2,153,169,306.06666666666666,0.9996881449928131,4.334204615682888,334.7975125897699,1451.0809243857307,395.89330421582326,3. Emerging Loyalists
15254,2011-08-04,2011-08-04,1,300.36,300.36,0,0,127,300.36,1.0,1.539533483744391,424.2789907588981,653.1917127226006,178.20799728699546,3. Emerging Loyalists
15255,2011-10-04,2011-10-04,1,890.85,890.85,0,0,66,890.85,1.0,2.2353845634956913,424.2789907588981,948.4267065579718,258.75592212385556,3. Emerging Loyalists
15256,2011-07-14,2011-07-14,1,98.45,98.45,0,0,148,98.45,1.0,1.390518391803801,424.2789907588981,589.9677399062027,160.95882318284907,3. Emerging Loyalists
15257,2011-03-01,2011-03-01,1,317.15,317.15,0,0,283,317.15,1.0,0.8571612464969569,424.2789907588981,363.6755085813679,99.22030972572789,3. Emerging Loyalists
15258,2011-05-06,2011-06-24,2,623.1600000000001,311.58000000000004,1,49,217,311.58000000000004,0.9986909258920675,2.328349520541885,355.65060687262985,828.0789199923181,225.92185885567065,3. Emerging Loyalists
15260,2010-12-02,2011-08-31,6,1810.77,301.795,5,272,372,301.795,0.9989031139467003,4.8175723316846755,315.73551958095334,1521.078703263286,414.9905519998052,3. Emerging Loyalists
15261,2011-07-27,2011-07-27,1,254.82,254.82,0,0,135,254.82,1.0,1.4791475603898459,424.2789907588981,627.5712341056901,171.21805222963536,3. Emerging Loyalists
15262,2011-01-20,2011-01-20,1,178.95000000000002,178.95000000000002,0,0,323,178.95000000000002,1.0,0.7696867207042927,424.2789907588981,326.56190506094316,89.09473582964984,3. Emerging Loyalists
15263,2011-08-25,2011-08-25,1,156.51,156.51,0,0,106,156.51,1.0,1.7243205267196806,424.2789907588981,731.5929728214777,199.59793729214562,3. Emerging Loyalists
15264,2011-10-06,2011-10-06,1,393.74,393.74,0,0,64,393.74,1.0,2.269009670419825,424.2789907588981,962.6931329879034,262.6481810625419,3. Emerging Loyalists
15265,2011-04-18,2011-07-11,2,1506.12,753.06,1,84,235,753.06,0.9990891479078101,2.1913416753547916,624.4911591620125,1368.4735029623405,373.35581201227916,3. Emerging Loyalists
15266,2011-01-05,2011-01-05,1,119.3,119.3,0,0,338,119.3,1.0,0.7413170480612279,424.2789907588981,314.52524898378334,85.81081729277466,3. Emerging Loyalists
15267,2011-06-10,2011-11-17,5,1717.36,343.472,4,160,182,343.472,0.9996125984710835,7.017088734503395,354.6502497875446,2488.6122724729944,678.9593322498166,1. VIP Champions
15269,2011-11-16,2011-11-16,1,408.8,408.8,0,0,23,408.8,1.0,3.280646809701304,424.2789907588981,1391.9095174564682,379.74977740718487,3. Emerging Loyalists
15270,2011-02-02,2011-11-24,5,2379.49,475.89799999999997,4,295,310,475.89799999999997,0.9996976283250061,4.6473417154696195,468.7574027117338,2178.4758320574324,594.345898160449,1. VIP Champions
15271,2010-12-09,2011-12-02,15,2507.07,167.138,14,358,365,167.138,0.9997230170447354,12.467038875437488,178.41546104533575,2224.3124888313037,606.8513519910796,1. VIP Champions
15272,2011-09-14,2011-10-13,2,721.94,360.97,1,29,86,360.97,0.9993993352473695,4.299745652736506,385.7267935120532,1658.5271035474427,452.49011555495895,3. Emerging Loyalists
15274,2011-11-21,2011-12-05,2,716.57,358.285,1,14,18,358.285,0.9997166459443868,7.664473821447331,384.09175481744194,2943.8611998320503,803.1632956980858,1. VIP Champions
15275,2011-11-02,2011-11-02,1,615.14,615.14,0,0,37,615.14,1.0,2.847187213956218,424.2789907588981,1208.001717638983,329.5748593049245,3. Emerging Loyalists
15276,2011-10-04,2011-10-04,1,135.31,135.31,0,0,66,135.31,1.0,2.2353845634956913,424.2789907588981,948.4267065579718,258.75592212385556,3. Emerging Loyalists
15277,2011-10-24,2011-10-24,1,255.89999999999998,255.89999999999998,0,0,46,255.89999999999998,1.0,2.6242848892697914,424.2789907588981,1113.4289442832137,303.7729022235032,3. Emerging Loyalists
15279,2010-12-20,2010-12-20,1,290.51,290.51,0,0,354,290.51,1.0,0.7132739856119793,424.2789907588981,302.62716675002736,82.56470537014206,3. Emerging Loyalists
15280,2011-06-20,2011-06-20,1,113.12,113.12,0,0,172,113.12,1.0,1.2520201151401065,424.2789907588981,531.2058308614837,144.92701824158343,3. Emerging Loyalists
15281,2011-01-10,2011-10-12,9,2332.15,259.1277777777778,8,275,333,259.1277777777778,0.9990694417371461,8.007497863533022,271.3994734061252,2173.2307034635346,592.9148881766647,1. VIP Champions
15286,2011-10-21,2011-10-21,1,240.55,240.55,0,0,49,240.55,1.0,2.5575427354210354,424.2789907588981,1085.1116506071885,296.0471945999969,3. Emerging Loyalists
15287,2011-09-30,2011-11-17,2,486.69000000000005,243.34500000000003,1,48,70,243.34500000000003,0.9996438238088021,4.795998515337151,314.09870172298315,1506.4169071327537,410.9904257364734,3. Emerging Loyalists
15288,2010-12-09,2011-10-27,5,2306.52,461.304,4,322,365,461.304,0.9995883162470486,4.057893822320122,456.1822302397448,1851.139053942076,505.0397564410903,3. Emerging Loyalists
15289,2011-04-04,2011-11-10,3,939.78,313.26,2,220,249,313.26,0.9996643413490555,3.243621709393453,340.24254638444773,1103.6181099119035,301.0962467929893,3. Emerging Loyalists
15290,2010-12-15,2011-12-05,17,7943.22,467.24823529411765,16,355,359,467.24823529411765,0.9997513293695852,14.347530800485943,465.59020215447265,6680.069765815773,1822.4999361083412,1. VIP Champions
15291,2010-12-01,2011-11-14,15,4668.3,311.22,14,348,373,311.22,0.9994840839333614,12.238444630472532,316.17844073846163,3869.5323403268035,1055.710896778866,1. VIP Champions
15292,2011-05-22,2011-05-22,1,180.94,180.94,0,0,201,180.94,1.0,1.1175235834512567,424.2789907588981,474.14177813596643,129.35843346743354,3. Emerging Loyalists
15296,2011-01-17,2011-10-20,6,3672.8599999999997,612.1433333333333,5,276,326,612.1433333333333,0.9994603489626862,5.381664421955352,590.7615467830938,3179.280398181888,867.3918874632288,1. VIP Champions
15297,2011-10-07,2011-11-29,3,641.94,213.98000000000002,2,53,63,213.98000000000002,0.9996799312400325,7.815712746972984,265.09199655095154,2071.8828965637904,565.2645225255886,1. VIP Champions
15298,2010-12-08,2011-12-07,11,4799.9,436.3545454545454,10,364,366,436.3545454545454,0.9997591412097794,9.082998004004283,435.62588962602587,3956.789085965783,1079.5168477534876,1. VIP Champions
15299,2010-12-02,2011-10-03,4,4507.01,1126.7525,3,305,372,1126.7525,0.9995258024184874,3.165878741702208,1002.8968463188555,3175.049805881051,866.2376698475039,1. VIP Champions
15300,2011-10-06,2011-10-06,1,496.44,496.44,0,0,64,496.44,1.0,2.269009670419825,424.2789907588981,962.6931329879034,262.6481810625419,3. Emerging Loyalists
15301,2010-12-06,2011-10-20,10,5070.35,507.035,9,318,368,507.035,0.9992339885370686,8.201996773761463,501.52349341155104,4113.49407492712,1122.2701186596364,1. VIP Champions
15303,2011-02-22,2011-02-22,1,574.02,574.02,0,0,290,574.02,1.0,0.8404458988321237,424.2789907588981,356.5835377439484,97.28543226917472,3. Emerging Loyalists
15304,2010-12-06,2011-10-10,8,694.4,86.8,7,308,368,86.8,0.9992423762391776,6.532695015785713,115.15800703208731,752.2921385663328,205.24521787004355,3. Emerging Loyalists
15306,2011-07-14,2011-10-06,3,1174.35,391.45,2,84,148,391.45,0.9993122665482429,4.751935165812975,399.42890306737553,1898.060250727964,517.841101508175,3. Emerging Loyalists
15307,2011-09-05,2011-09-05,1,205.3,205.3,0,0,95,205.3,1.0,1.8400049138430261,424.2789907588981,780.6754278367323,212.98893083941405,3. Emerging Loyalists
15308,2011-03-10,2011-03-10,1,310.47,310.47,0,0,274,310.47,1.0,0.8796550300355284,424.2789907588981,373.21914835946217,101.8240673952698,3. Emerging Loyalists
15311,2010-12-01,2011-12-09,90,60767.9,675.1988888888889,89,373,373,675.1988888888889,0.9998877939409675,74.1765370516506,673.40139246691,49950.58333895486,13627.841944058257,1. VIP Champions
15312,2010-12-20,2011-09-25,4,924.85,231.2125,3,279,354,231.2125,0.99946736612795,3.3004169973252453,265.25275362133914,875.4446966391932,238.8444970823554,3. Emerging Loyalists
15313,2011-08-21,2011-08-21,1,52.0,52.0,0,0,110,52.0,1.0,1.6857794512580733,424.2789907588981,715.2408042218643,195.13663265420092,3. Emerging Loyalists
15314,2011-05-24,2011-05-24,1,327.97,327.97,0,0,199,327.97,1.0,1.1258645798335654,424.2789907588981,477.68068766297597,130.32394170506802,3. Emerging Loyalists
15315,2011-08-15,2011-10-06,2,570.5,285.25,1,52,116,285.25,0.9994354093813526,3.6024660260670127,339.61687546513815,1223.4582557421918,333.79181222504326,3. Emerging Loyalists
15316,2011-01-17,2011-01-17,1,165.0,165.0,0,0,326,165.0,1.0,0.7638403956982291,424.2789907588981,324.08143218772204,88.41799714106641,3. Emerging Loyalists
15318,2011-12-06,2011-12-06,1,312.62,312.62,0,0,3,312.62,1.0,4.192453598833141,424.2789907588981,1778.7699817164353,485.295557034313,3. Emerging Loyalists
15319,2011-03-01,2011-03-01,1,204.5,204.5,0,0,283,204.5,1.0,0.8571612464969569,424.2789907588981,363.6755085813679,99.22030972572789,3. Emerging Loyalists
15320,2011-10-26,2011-10-26,1,267.13,267.13,0,0,44,267.13,1.0,2.6707491637760614,424.2789907588981,1133.1427597770783,309.15135315853354,3. Emerging Loyalists
15321,2011-02-21,2011-09-30,2,2748.3100000000004,1374.1550000000002,1,221,291,1374.1550000000002,0.9996141023584507,1.8513999935707401,1002.7087971618633,1856.4150606187984,506.47919078359365,3. Emerging Loyalists
15322,2011-09-15,2011-09-15,1,679.68,679.68,0,0,85,679.68,1.0,1.9595173736611893,424.2789907588981,831.382053671496,226.8230411981164,3. Emerging Loyalists
15325,2011-08-28,2011-08-28,1,162.29,162.29,0,0,103,162.29,1.0,1.7544030111721378,424.2789907588981,744.3563389644864,203.08012157997993,3. Emerging Loyalists
15326,2011-01-10,2011-01-10,1,311.71,311.71,0,0,333,311.71,1.0,0.7505383440131872,424.2789907588981,318.43765112376974,86.878224206194,3. Emerging Loyalists
15327,2011-10-18,2011-10-18,1,208.75,208.75,0,0,52,208.75,1.0,2.4941112247051773,424.2789907588981,1058.198993258352,288.7047089646286,3. Emerging Loyalists
15329,2011-06-21,2011-10-31,3,1049.7,349.90000000000003,2,132,171,349.90000000000003,0.9995771495126684,4.29760289453605,367.97739878069376,1581.420734123756,431.45345601775807,3. Emerging Loyalists
15330,2011-10-10,2011-11-07,2,714.96,357.48,1,28,60,357.48,0.9995623280685458,5.167477503239763,383.601547685538,1982.2523678729726,540.8109406710548,1. VIP Champions
15332,2010-12-05,2010-12-08,2,1661.06,830.53,1,3,369,830.53,0.9930065938520405,1.5116096352121466,671.6667448869796,1015.2979232227372,277.000160937451,3. Emerging Loyalists
15333,2011-05-15,2011-05-15,1,1028.56,1028.56,0,0,208,1028.56,1.0,1.0892787605192142,424.2789907588981,462.15809316819565,126.08896685199954,3. Emerging Loyalists
15334,2011-06-19,2011-07-06,3,351.67,117.22333333333334,2,17,173,117.22333333333334,0.9952470804606757,4.243616628347098,191.85149796053736,814.1442069186357,222.1201001051207,3. Emerging Loyalists
15335,2011-10-17,2011-10-17,1,173.97,173.97,0,0,53,173.97,1.0,2.473660859963395,424.2789907588981,1049.522333145057,286.3374863073091,3. Emerging Loyalists
15339,2011-01-25,2011-10-04,2,574.0699999999999,287.03499999999997,1,252,318,287.03499999999997,0.9996341677912901,1.7222535214540422,340.7038564967512,586.7784166245024,160.0886913308028,3. Emerging Loyalists
15341,2011-09-20,2011-09-20,1,2020.52,2020.52,0,0,80,2020.52,1.0,2.025290976949348,424.2789907588981,859.2884116931722,234.43663469257154,3. Emerging Loyalists
15342,2011-08-02,2011-08-02,1,406.09,406.09,0,0,129,406.09,1.0,1.5239794396280912,424.2789907588981,646.5924585827177,176.40754599382984,3. Emerging Loyalists
15343,2011-09-13,2011-09-13,1,364.5,364.5,0,0,87,364.5,1.0,1.9343887926326349,424.2789907588981,820.7205246734977,223.91429374504304,3. Emerging Loyalists
15344,2011-09-26,2011-12-09,3,563.9399999999999,187.98,2,74,74,187.98,0.999743827462111,7.2147938341998055,245.41115150994727,1770.590862757842,483.0640767800588,3. Emerging Loyalists
15345,2011-10-25,2011-10-25,1,393.54,393.54,0,0,45,393.54,1.0,2.6473131629798625,424.2789907588981,1123.1993570118423,306.43852955943316,3. Emerging Loyalists
15346,2011-01-11,2011-01-11,1,252.42000000000002,252.42000000000002,0,0,332,252.42000000000002,1.0,0.752410200908424,424.2789907588981,319.2318406781259,87.09490014863384,3. Emerging Loyalists
15347,2010-12-08,2010-12-08,1,201.60000000000002,201.60000000000002,0,0,366,201.60000000000002,1.0,0.6935956186115332,424.2789907588981,294.2780490592949,80.28684495979309,3. Emerging Loyalists
15348,2011-09-28,2011-09-28,1,158.04,158.04,0,0,72,158.04,1.0,2.1402343196102858,424.2789907588981,908.056457111809,247.74184897557538,3. Emerging Loyalists
15349,2011-06-05,2011-07-04,2,473.81,236.905,1,29,187,236.905,0.9984991389570775,2.600746876516458,310.1770446677516,806.6919800867609,220.0869352728522,3. Emerging Loyalists
15350,2010-12-01,2010-12-01,1,115.65,115.65,0,0,373,115.65,1.0,0.6826100599020506,424.2789907588981,289.617107297113,79.01521661434514,3. Emerging Loyalists
15351,2010-12-05,2011-11-27,7,1960.1100000000001,280.0157142857143,6,357,369,280.0157142857143,0.9997075948904486,5.6876461205428726,293.9630586365342,1671.9578500370005,456.1543788751366,3. Emerging Loyalists
15353,2010-12-07,2011-03-30,2,777.02,388.51,1,113,367,388.51,0.9987186721697663,1.5272794045773936,402.49735799979806,614.7259252699056,167.71351180517613,3. Emerging Loyalists
15355,2011-10-17,2011-11-10,2,277.05,138.525,1,24,53,138.525,0.9995731240198122,5.464130187564153,250.26825257245972,1367.498313870107,373.089754602612,3. Emerging Loyalists
15356,2010-12-06,2011-11-08,10,2766.5,276.65,9,337,368,276.65,0.9995215911671179,8.20435749794704,286.4820129580007,2350.4008510389344,641.2515963183707,1. VIP Champions
15358,2010-12-09,2011-12-05,15,8347.2,556.48,14,361,365,556.48,0.9997503225382967,12.467379388403517,550.6820456269004,6865.561985212703,1873.1071258310396,1. VIP Champions
15360,2011-10-31,2011-10-31,1,427.93,427.93,0,0,39,427.93,1.0,2.79444162499314,424.2789907588981,1185.6228723867446,323.4693176755397,3. Emerging Loyalists
15361,2010-12-13,2010-12-13,1,418.92,418.92,0,0,361,418.92,1.0,0.7016614482501989,424.2789907588981,297.70021111802123,81.22050139633174,3. Emerging Loyalists
15363,2010-12-02,2010-12-02,1,326.0,326.0,0,0,372,326.0,1.0,0.6841580715470145,424.2789907588981,290.27389611552127,79.194405997323,3. Emerging Loyalists
15364,2011-03-30,2011-09-05,2,913.19,456.595,1,159,254,456.595,0.999508840728565,2.0632893341319902,443.95792020561174,916.0136415636599,249.91277961904146,3. Emerging Loyalists
15365,2011-01-28,2011-11-14,4,2314.32,578.58,3,290,315,578.58,0.9996733895111728,3.6364005985677856,551.3746291044047,2005.019031310348,547.0222893716847,1. VIP Champions
15366,2010-12-16,2011-09-25,2,602.51,301.255,1,283,358,301.255,0.999630024559686,1.5608964306496276,349.36316757212273,545.3197212637741,148.77766131241566,3. Emerging Loyalists
15367,2011-03-09,2011-10-13,3,1877.5900000000001,625.8633333333333,2,218,275,625.8633333333333,0.999572565887276,2.998159937556038,576.8693834088606,1729.5466745390995,471.86613528713156,3. Emerging Loyalists
15368,2011-11-18,2011-11-18,1,446.94000000000005,446.94000000000005,0,0,21,446.94000000000005,1.0,3.353583092953767,424.2789907588981,1422.8548501045282,388.1924836589292,3. Emerging Loyalists
15370,2011-01-11,2011-10-30,7,2386.05,340.86428571428576,6,292,332,340.86428571428576,0.9995044273999706,6.211232182943864,348.92880250345263,2167.2778076655086,591.2907805562501,1. VIP Champions
15372,2011-07-25,2011-07-25,1,2007.3999999999999,2007.3999999999999,0,0,137,2007.3999999999999,1.0,1.4647840634087945,424.2789907588981,621.4771041028011,169.55541217791958,3. Emerging Loyalists
15373,2010-12-03,2011-12-01,11,2415.91,219.62818181818182,10,363,371,219.62818181818182,0.999720514130785,8.979425612463668,231.9770973340259,2083.0210893061294,568.3033164712975,1. VIP Champions
15374,2011-08-03,2011-08-03,1,168.0,168.0,0,0,128,168.0,1.0,1.5317169762500076,424.2789907588981,649.8753328116243,177.30320102172362,3. Emerging Loyalists
15376,2011-05-01,2011-10-30,3,1233.36,411.11999999999995,2,182,222,411.11999999999995,0.9996109366340868,3.5444290840002997,414.3182192964737,1468.5215465056356,400.65156779891845,3. Emerging Loyalists
15379,2010-12-16,2011-06-23,7,3703.29,529.0414285714286,6,189,358,529.0414285714286,0.9925119555752662,5.792187325318688,518.9130173019208,3005.641401759063,820.0185708691514,1. VIP Champions
15380,2010-12-09,2011-12-01,5,1690.2600000000002,338.052,4,357,365,338.052,0.9997277921138051,4.058460033678213,349.98001306024713,1420.379895591192,387.5172505250615,3. Emerging Loyalists
15381,2011-03-16,2011-05-10,2,596.8499999999999,298.42499999999995,1,55,268,298.42499999999995,0.9983869088706228,1.9753439032974076,347.6398306984728,686.7082201135712,187.35218809937376,3. Emerging Loyalists
15382,2011-02-17,2011-11-25,5,5955.71,1191.142,4,281,295,1191.142,0.9996993182882649,4.838882670069534,1085.0597639256098,5250.476887649373,1432.469139955267,1. VIP Champions
15384,2010-12-15,2011-06-23,2,642.41,321.205,1,190,359,321.205,0.9993494020298302,1.556811968215507,361.5117791019161,562.8058643567435,153.54834422246552,3. Emerging Loyalists
15385,2011-10-30,2011-10-30,1,316.88,316.88,0,0,40,316.88,1.0,2.7687949586802034,424.2789907588981,1174.7415306871617,320.50059949631554,3. Emerging Loyalists
15386,2011-06-06,2011-06-06,1,394.14,394.14,0,0,186,394.14,1.0,1.1832707704984653,424.2789907588981,502.0369283015926,136.9689691619478,3. Emerging Loyalists
15388,2011-03-14,2011-03-14,1,140.54,140.54,0,0,270,140.54,1.0,0.8900356881242493,424.2789907588981,377.62344349675783,103.02567574484118,3. Emerging Loyalists
15389,2011-06-20,2011-06-20,1,500.0,500.0,0,0,172,500.0,1.0,1.2520201151401065,424.2789907588981,531.2058308614837,144.92701824158343,3. Emerging Loyalists
15392,2010-12-14,2011-12-05,4,1535.53,383.8825,3,356,360,383.8825,0.9997383385803663,3.2551352172386174,391.0049518839849,1272.7739889922505,347.24645025252374,3. Emerging Loyalists
15393,2011-03-03,2011-11-23,2,231.86,115.93,1,265,281,115.93,0.9997167971706442,1.9044989326846078,236.5089604664105,450.43106277862495,122.88952240231676,3. Emerging Loyalists
15394,2010-12-16,2011-11-30,4,2183.54,545.885,3,349,358,545.885,0.9997261138097895,3.2703432170938123,524.4442032041152,1715.112542692747,467.92812186961083,3. Emerging Loyalists
15395,2011-01-18,2011-01-18,1,107.45,107.45,0,0,325,107.45,1.0,0.7657792774182269,424.2789907588981,324.9040589670836,88.64243151157247,3. Emerging Loyalists
15396,2011-08-19,2011-08-19,1,288.18,288.18,0,0,112,288.18,1.0,1.6671478597205698,424.2789907588981,707.3358113681004,192.97994126084953,3. Emerging Loyalists
15397,2011-02-23,2011-02-23,1,94.0,94.0,0,0,289,94.0,1.0,0.8427937803013454,424.2789907588981,357.57969452413136,97.55721021938834,3. Emerging Loyalists
15398,2011-09-22,2011-11-23,2,1345.5300000000002,672.7650000000001,1,62,78,672.7650000000001,0.9996790802417999,4.535079368322962,575.59528132819,2610.370284855526,712.1781424669497,1. VIP Champions
15399,2011-09-21,2011-12-08,3,815.77,271.92333333333335,2,78,79,271.92333333333335,0.9997388709932488,6.970949115110966,308.9525259545127,2153.692337413908,587.5843044963372,1. VIP Champions
15400,2011-03-06,2011-09-08,5,716.2,143.24,4,186,278,143.24,0.9989000676620229,5.071915730841954,182.11688440373604,923.6814908592345,252.00477196959838,3. Emerging Loyalists
15402,2011-05-27,2011-07-14,2,626.77,313.385,1,48,196,313.385,0.9988431427551129,2.5132716172303353,356.7497669634207,896.6090637627016,244.61869691597897,3. Emerging Loyalists
15405,2011-06-03,2011-06-03,1,349.1,349.1,0,0,189,349.1,1.0,1.169509634743013,424.2789907588981,496.19836751157305,135.37605515957796,3. Emerging Loyalists
15406,2011-02-11,2011-11-08,2,510.71000000000004,255.35500000000002,1,270,301,255.35500000000002,0.9996949397357486,1.8015023180570218,321.41222675921466,579.0248715585943,157.9733189046729,3. Emerging Loyalists
15407,2011-02-07,2011-11-06,4,1056.44,264.11,3,272,305,264.11,0.9996405358977883,3.7335184514787105,292.34997601175894,1091.4940297292603,297.7884766449419,3. Emerging Loyalists
15408,2011-03-20,2011-03-20,1,267.18,267.18,0,0,264,267.18,1.0,0.9060743296911213,424.2789907588981,384.42830215389404,104.88222139520573,3. Emerging Loyalists
15410,2011-03-23,2011-09-16,8,3450.84,431.355,7,177,261,431.355,0.9976267179075459,8.637145581536437,430.76041033570027,3720.5403748318163,1015.0619429333802,1. VIP Champions
15411,2011-06-10,2011-11-13,4,1358.88,339.72,3,156,182,339.72,0.9996164027349986,5.563253980475594,354.628902524097,1972.8906535588737,538.2568170859059,1. VIP Champions
15412,2011-06-21,2011-06-21,1,190.53,190.53,0,0,171,190.53,1.0,1.257237751447495,424.2789907588981,533.4195643281296,145.53098335616485,3. Emerging Loyalists
15414,2011-04-11,2011-11-30,3,774.9000000000001,258.3,2,233,242,258.3,0.9997216598764125,3.316829007124964,298.6402677900788,990.5387029017004,270.24518995135514,3. Emerging Loyalists
15415,2011-01-30,2011-01-30,1,572.8100000000001,572.8100000000001,0,0,313,572.8100000000001,1.0,0.7898377371533565,424.2789907588981,335.1115579827179,91.42730756167276,3. Emerging Loyalists
15416,2011-03-02,2011-10-06,4,3984.32,996.08,3,218,282,996.08,0.9994547118421508,3.977453853155434,895.2636890025813,3560.870009413465,971.4996387995994,1. VIP Champions
15417,2011-09-15,2011-09-15,1,508.8,508.8,0,0,85,508.8,1.0,1.9595173736611893,424.2789907588981,831.382053671496,226.8230411981164,3. Emerging Loyalists
15419,2011-11-15,2011-11-15,1,135.86,135.86,0,0,24,135.86,1.0,3.245355575379693,424.2789907588981,1376.9361881758593,375.66465665038,3. Emerging Loyalists
15421,2011-02-02,2011-10-12,3,950.36,316.7866666666667,2,252,310,316.7866666666667,0.9995903814233628,2.7213037407101033,342.9120763912917,933.1679162182908,254.59292003045402,3. Emerging Loyalists
15422,2011-01-20,2011-01-20,1,97.7,97.7,0,0,323,97.7,1.0,0.7696867207042927,424.2789907588981,326.56190506094316,89.09473582964984,3. Emerging Loyalists
15423,2011-11-01,2011-11-01,1,43.5,43.5,0,0,38,43.5,1.0,2.820567850865286,424.2789907588981,1196.7076811321176,326.4935470531423,3. Emerging Loyalists
15424,2011-03-30,2011-03-30,1,383.34,383.34,0,0,254,383.34,1.0,0.9341297056839797,424.2789907588981,396.3316087655054,108.1297586664711,3. Emerging Loyalists
15426,2010-12-05,2011-11-20,4,1447.3899999999999,361.84749999999997,3,350,369,361.84749999999997,0.9997008695435423,3.1881231626454474,372.8550226987003,1188.7077341744205,324.3109496656295,3. Emerging Loyalists
15427,2011-10-23,2011-11-06,2,1483.1399999999999,741.5699999999999,1,14,47,741.5699999999999,0.999520771743415,5.746555932119335,617.4942896644021,3548.4654733207853,968.1153528521605,1. VIP Champions
15428,2011-11-24,2011-11-24,1,93.78,93.78,0,0,15,93.78,1.0,3.593240994101636,424.2789907588981,1524.5366625309418,415.93397486293435,3. Emerging Loyalists
15429,2011-09-25,2011-11-13,2,397.35,198.675,1,49,75,198.675,0.9996259369387307,4.629340819779205,286.89677304950595,1328.1429425410086,362.3525670810318,3. Emerging Loyalists
15432,2011-11-16,2011-11-16,1,171.19,171.19,0,0,23,171.19,1.0,3.280646809701304,424.2789907588981,1391.9095174564682,379.74977740718487,3. Emerging Loyalists
15433,2011-03-17,2011-05-10,2,533.3,266.65,1,54,267,266.65,0.9983717543574963,1.9811935430427619,328.290350429842,650.4067225148486,177.44817820521519,3. Emerging Loyalists
15434,2011-05-23,2011-12-01,4,1041.48,260.37,3,192,200,260.37,0.9997166381115167,5.191455751227936,289.269388984168,1501.7292330960502,409.7115041186023,3. Emerging Loyalists
15435,2011-11-17,2011-11-17,1,149.29,149.29,0,0,22,149.29,1.0,3.316714022998797,424.2789907588981,1407.2120783138141,383.9247212569519,3. Emerging Loyalists
15436,2011-04-19,2011-11-27,3,1122.53,374.1766666666667,2,222,234,374.1766666666667,0.9997128355908579,3.4043837783696795,386.3537570414161,1315.2964631839773,358.8477073073783,3. Emerging Loyalists
15437,2011-03-22,2011-03-22,1,200.16,200.16,0,0,262,200.16,1.0,0.9115497730828542,424.2789907588981,386.751417750096,105.5160288514267,3. Emerging Loyalists
15438,2011-07-31,2011-07-31,1,156.57999999999998,156.57999999999998,0,0,131,156.57999999999998,1.0,1.5087365397837855,424.2789907588981,640.1252164205366,174.6431110641697,3. Emerging Loyalists
15440,2011-05-15,2011-10-16,3,383.68,127.89333333333333,2,154,208,127.89333333333333,0.9995272070368577,3.723284362708609,199.92821398313407,744.3895927876638,203.08919410358237,3. Emerging Loyalists
15442,2011-04-05,2011-04-05,1,594.0,594.0,0,0,248,594.0,1.0,0.9518126670304788,424.2789907588981,403.8341177592267,110.1766418040815,3. Emerging Loyalists
15443,2011-01-23,2011-12-08,7,3236.91,462.4157142857143,6,319,320,462.4157142857143,0.9997538099729419,6.4044559421858915,458.72866357920543,2937.907515310835,801.538972893098,1. VIP Champions
15444,2011-10-30,2011-11-30,2,1418.2599999999998,709.1299999999999,1,31,40,709.1299999999999,0.9996956639195548,6.116808923383507,597.7398556781116,3656.2604830738424,997.5246861787493,1. VIP Champions
15445,2011-03-20,2011-03-20,1,113.5,113.5,0,0,264,113.5,1.0,0.9060743296911213,424.2789907588981,384.42830215389404,104.88222139520573,3. Emerging Loyalists
15447,2011-01-13,2011-01-13,1,155.17,155.17,0,0,330,155.17,1.0,0.7561820657976958,424.2789907588981,320.832163706625,87.53151065113451,3. Emerging Loyalists
15448,2011-01-31,2011-01-31,1,494.64,494.64,0,0,312,494.64,1.0,0.7919110238085244,424.2789907588981,335.99120995232647,91.66729991423968,3. Emerging Loyalists
15449,2011-03-23,2011-11-13,3,974.52,324.84,2,235,261,324.84,0.9996769607775214,3.1256967208559776,349.00809198347963,1090.8934486649637,297.6246222257995,3. Emerging Loyalists
15450,2011-11-09,2011-11-09,1,429.84,429.84,0,0,30,429.84,1.0,3.048586372942482,424.2789907588981,1293.451149553366,352.8877272335484,3. Emerging Loyalists
15452,2011-03-20,2011-11-10,3,538.73,179.57666666666668,2,235,264,179.57666666666668,0.9996685926736423,3.0975079160443233,239.0502014652842,740.4598913707081,202.01706748928015,3. Emerging Loyalists
15453,2011-06-05,2011-12-08,7,1388.37,198.3385714285714,6,186,187,198.3385714285714,0.9997515477421953,9.732278596599905,220.1824454082111,2142.8769007933597,584.6335669679956,1. VIP Champions
15454,2010-12-12,2010-12-12,1,179.1,179.1,0,0,362,179.1,1.0,0.7000333095294387,424.2789907588981,297.00942606476156,81.03203694018596,3. Emerging Loyalists
15456,2010-12-15,2011-03-01,2,447.22,223.61,1,76,359,223.61,0.998124828868447,1.5549042969348472,302.08101507935044,469.70706836932237,128.14852720152484,3. Emerging Loyalists
15457,2011-03-22,2011-03-22,1,237.07,237.07,0,0,262,237.07,1.0,0.9115497730828542,424.2789907588981,386.751417750096,105.5160288514267,3. Emerging Loyalists
15458,2011-11-14,2011-11-14,1,161.64,161.64,0,0,25,161.64,1.0,3.2108155440078403,424.2789907588981,1362.281578524629,371.6664910489166,3. Emerging Loyalists
15460,2010-12-20,2010-12-20,1,216.76,216.76,0,0,354,216.76,1.0,0.7132739856119793,424.2789907588981,302.62716675002736,82.56470537014206,3. Emerging Loyalists
15462,2011-06-05,2011-09-06,3,234.6,78.2,2,93,187,78.2,0.9990666274651389,4.02690221215683,162.3125681021993,653.6168395516024,178.3239831443077,3. Emerging Loyalists
15463,2011-11-10,2011-11-10,1,126.14,126.14,0,0,29,126.14,1.0,3.079707336540863,424.2789907588981,1306.6551205803314,356.490120201982,3. Emerging Loyalists
15464,2011-01-05,2011-01-05,1,1048.85,1048.85,0,0,338,1048.85,1.0,0.7413170480612279,424.2789907588981,314.52524898378334,85.81081729277466,3. Emerging Loyalists
15465,2010-12-05,2011-11-20,18,7354.62,408.59,17,350,369,408.59,0.9995376151927974,14.849959632114299,409.1610688043226,6076.025354776932,1657.7006242570749,1. VIP Champions
15466,2011-09-15,2011-09-15,1,334.53,334.53,0,0,85,334.53,1.0,1.9595173736611893,424.2789907588981,831.382053671496,226.8230411981164,3. Emerging Loyalists
15467,2011-07-10,2011-11-30,3,524.88,174.96,2,143,152,174.96,0.9997118853014586,4.667777298089741,235.55558987787515,1099.5210348700832,299.97845622137595,3. Emerging Loyalists
15468,2011-10-19,2011-10-19,1,467.51,467.51,0,0,51,467.51,1.0,2.514902544631104,424.2789907588981,1067.0203134930694,291.1113987340131,3. Emerging Loyalists
15469,2011-08-11,2011-10-20,2,538.55,269.275,1,70,120,269.275,0.9995442701619881,3.5265910007768344,329.8888519469201,1163.38305653261,317.40170694778374,3. Emerging Loyalists
15471,2011-12-07,2011-12-07,1,469.48,469.48,0,0,2,469.48,1.0,4.251536147927672,424.2789907588981,1803.8374660177258,492.13463059777894,3. Emerging Loyalists
15472,2011-08-18,2011-08-18,1,371.56,371.56,0,0,113,371.56,1.0,1.6579856554109837,424.2789907588981,703.4484805705024,191.91937447358197,3. Emerging Loyalists
15473,2011-10-10,2011-11-25,4,1771.2,442.8,3,46,60,442.8,0.999608176111206,10.826199254961256,439.5344936481785,4758.488007663684,1298.241544469903,1. VIP Champions
15475,2011-09-23,2011-09-23,1,454.10999999999996,454.10999999999996,0,0,77,454.10999999999996,1.0,2.066918162420053,424.2789907588981,876.9499519328164,239.25517058916418,3. Emerging Loyalists
15478,2011-10-14,2011-10-30,2,1441.42,720.71,1,16,56,720.71,0.999474079708464,5.332419878036475,604.7915309420217,3225.002381663349,879.8660553828707,1. VIP Champions
15480,2011-08-15,2011-08-15,1,905.5,905.5,0,0,116,905.5,1.0,1.6310934785508786,424.2789907588981,692.0386949129871,188.8064827881922,3. Emerging Loyalists
15482,2010-12-16,2011-11-24,9,11054.96,1228.3288888888887,8,343,358,1228.3288888888887,0.9996773238769388,7.543216929165638,1168.583305179515,8814.877370770453,2404.9319854775704,1. VIP Champions
15483,2011-03-18,2011-07-01,2,233.81,116.905,1,105,266,116.905,0.9991400854941,1.9886375201775002,237.1026896013252,471.5113046761949,128.64077064647006,3. Emerging Loyalists
15484,2011-09-22,2011-12-08,4,3594.31,898.5775,3,77,78,898.5775,0.9997408695711709,9.501435754712796,814.9522086128281,7743.216053296087,2112.5543979527342,1. VIP Champions
15485,2010-12-01,2011-11-09,3,2575.0,858.3333333333334,2,343,373,858.3333333333334,0.999687538483027,2.3336166437362897,752.8388467427935,1756.8372628102168,479.31173048659974,3. Emerging Loyalists
15488,2011-09-08,2011-09-08,1,91.32000000000001,91.32000000000001,0,0,92,91.32000000000001,1.0,1.8742993989985457,424.2789907588981,795.2258573871122,216.9586733504308,3. Emerging Loyalists
15489,2011-05-12,2011-11-17,3,1134.28,378.0933333333333,2,189,211,378.0933333333333,0.9996771734650857,3.683938869757153,389.318499723875,1434.2255538483225,391.2947127632746,3. Emerging Loyalists
15491,2011-04-18,2011-09-05,5,3100.09,620.018,4,140,235,620.018,0.9984833199181332,5.787005648594313,592.9408929586199,3431.3522968340894,936.1637768736149,1. VIP Champions
15492,2011-09-26,2011-11-11,2,659.46,329.73,1,46,74,329.73,0.9996128804637789,4.66166217099449,366.7031030764268,1709.4459835976722,466.3821344846324,3. Emerging Loyalists
15493,2011-03-14,2011-11-07,4,2001.8,500.45,3,238,270,500.45,0.9996310900010585,4.118992373109737,487.02001293711237,2006.0317188397714,547.2985773480642,1. VIP Champions
15494,2011-08-10,2011-11-18,2,1299.23,649.615,1,100,121,649.615,0.9996779750049878,3.508495268104401,561.4980203299585,1970.0131473776482,537.471757196521,1. VIP Champions
15497,2011-01-24,2011-11-22,2,1262.2,631.1,1,302,319,631.1,0.9997178242193691,1.7179580163216535,550.2232562961678,945.2604539206052,257.89208455454855,3. Emerging Loyalists
15498,2010-12-08,2011-12-07,17,13316.4,783.3176470588235,16,364,366,783.3176470588235,0.9997705498912725,14.116900762587981,769.4635987273774,10862.441263658207,2963.561639775793,1. VIP Champions
15500,2011-09-19,2011-12-01,4,1131.56,282.89,3,73,81,282.89,0.9996886441392112,9.310868990389144,307.8188060593942,2866.0605759970235,781.9372251719781,1. VIP Champions
15502,2010-12-05,2011-11-24,8,10384.93,1298.11625,7,354,369,1298.11625,0.9996866299708498,6.520676542313121,1224.6886179961425,7985.798343005322,2178.7372707362647,1. VIP Champions
15503,2010-12-12,2010-12-12,1,147.09,147.09,0,0,362,147.09,1.0,0.7000333095294387,424.2789907588981,297.00942606476156,81.03203694018596,3. Emerging Loyalists
15504,2011-09-19,2011-09-19,1,52.83,52.83,0,0,81,52.83,1.0,2.0117853684252966,424.2789907588981,853.5582657390029,232.87329912850208,3. Emerging Loyalists
15505,2011-07-07,2011-10-18,5,3610.96,722.192,4,103,155,722.192,0.9991098914837301,7.85909807691245,680.9808869392288,5351.895578958227,1460.1388447503348,1. VIP Champions
15506,2011-07-24,2011-11-17,3,979.26,326.42,2,116,138,326.42,0.9996480744585458,4.983216439943612,350.2040817975099,1745.1427377487087,476.1211543512301,3. Emerging Loyalists
15507,2011-06-21,2011-06-21,1,492.36,492.36,0,0,171,492.36,1.0,1.257237751447495,424.2789907588981,533.4195643281296,145.53098335616485,3. Emerging Loyalists
15508,2011-04-18,2011-06-03,4,1000.27,250.0675,3,46,235,250.0675,0.9896814982900469,4.547563892574745,280.7833601468005,1276.8802702394005,348.36675252075315,3. Emerging Loyalists
15510,2011-01-13,2011-01-13,1,250.0,250.0,0,0,330,250.0,1.0,0.7561820657976958,424.2789907588981,320.832163706625,87.53151065113451,3. Emerging Loyalists
15511,2011-09-15,2011-11-28,5,909.23,181.846,4,74,85,181.846,0.9996441681181805,11.438474302825917,215.38241191186316,2463.6461839345134,672.147922135644,1. VIP Champions
15512,2010-12-15,2011-07-07,2,121.0,60.5,1,204,359,60.5,0.9994090206303579,1.5569048435908674,202.7546979553104,315.6697713074261,86.12307329231342,3. Emerging Loyalists
15513,2010-12-01,2011-11-06,15,14758.220000000001,983.8813333333334,14,340,373,983.8813333333334,0.9993125379723709,12.23634409102532,959.3387911247066,11738.799548070177,3202.65538779652,1. VIP Champions
15514,2010-12-10,2011-11-27,8,4139.46,517.4325,7,352,364,517.4325,0.999702732994913,6.596086372920839,509.60490793511616,3361.397988804398,917.0783890881406,1. VIP Champions
15516,2011-10-24,2011-10-26,2,62.43000000000001,31.215000000000003,1,2,46,31.215000000000003,0.9993725940284348,5.795684364673143,184.92151055430793,1071.746707411342,292.40088416097,3. Emerging Loyalists
15517,2011-04-20,2011-04-20,1,267.03,267.03,0,0,233,267.03,1.0,0.9990945099407352,424.2789907588981,423.89481035041103,115.64972999738389,3. Emerging Loyalists
15518,2011-01-11,2011-10-06,7,1942.4499999999998,277.49285714285713,6,268,332,277.49285714285713,0.9992075705618002,6.209387421983908,291.6841108112776,1811.1796488641075,494.1377725165808,3. Emerging Loyalists
15520,2011-12-08,2011-12-08,1,343.5,343.5,0,0,1,343.5,1.0,4.312307753032661,424.2789907588981,1829.621581298469,499.1692200705172,3. Emerging Loyalists
15521,2011-03-30,2011-10-30,6,3000.2,500.0333333333333,5,214,254,500.0333333333333,0.9994701056293277,6.5815080032606375,491.4113502524256,3234.2277345794555,882.382975967476,1. VIP Champions
15522,2011-09-13,2011-11-07,2,398.84,199.42,1,55,87,199.42,0.9996045507164875,4.273053223116183,287.35044300387665,1227.8637366415783,334.9937440819148,3. Emerging Loyalists
15523,2011-09-16,2011-09-16,1,412.01000000000005,412.01000000000005,0,0,84,412.01000000000005,1.0,1.9723280884394196,424.2789907588981,836.8173708085037,228.30593965310214,3. Emerging Loyalists
15524,2011-11-15,2011-11-15,1,440.0,440.0,0,0,24,440.0,1.0,3.245355575379693,424.2789907588981,1376.9361881758593,375.66465665038,3. Emerging Loyalists
15525,2010-12-01,2011-12-07,3,825.92,275.3066666666667,2,371,373,275.3066666666667,0.9997405230550416,2.333740328061996,311.51355899510486,726.9917553649959,198.34260331893307,3. Emerging Loyalists
15526,2011-11-06,2011-11-06,1,148.44,148.44,0,0,33,148.44,1.0,2.958886235150211,424.2789907588981,1255.3932656199272,342.5045286340289,3. Emerging Loyalists
15527,2010-12-20,2011-11-21,8,2429.78,303.7225,7,336,354,303.7225,0.9996647156214081,6.751780472148453,313.85273597413715,2119.0647738805433,578.1369881449282,1. VIP Champions
15528,2011-03-30,2011-03-30,1,229.33,229.33,0,0,254,229.33,1.0,0.9341297056839797,424.2789907588981,396.3316087655054,108.1297586664711,3. Emerging Loyalists
15529,2010-12-08,2011-11-17,11,3995.23,363.20272727272726,10,344,366,363.20272727272726,0.9995981465385791,9.081535337431013,366.88815427747005,3331.9077379556857,909.0326676852544,1. VIP Champions
15530,2011-04-07,2011-11-18,4,1502.35,375.5875,3,225,246,375.5875,0.999671290640947,4.433039232861451,384.17247343642714,1703.0516469291051,464.6375901043394,3. Emerging Loyalists
15531,2011-11-09,2011-12-01,2,2007.44,1003.72,1,22,30,1003.72,0.9996967261452208,6.73492996845809,777.1313078365995,5233.9249345757435,1427.9533288220473,1. VIP Champions
15532,2010-12-16,2011-11-14,4,1580.93,395.2325,3,333,358,395.2325,0.9996820066109952,3.2701989318976876,400.35379219498924,1309.2365436172427,357.19440076861844,3. Emerging Loyalists
15533,2011-09-11,2011-11-20,3,807.5699999999999,269.19,2,70,89,269.19,0.999632038613855,6.5289382363229995,306.88351403994557,2003.6235089125666,546.6415539048473,1. VIP Champions
15535,2011-01-16,2011-06-19,3,536.4,178.79999999999998,2,154,327,178.79999999999998,0.9987025552903577,2.6021548111734027,238.46229929931576,620.5158194051864,169.29314825532552,3. Emerging Loyalists
15537,2011-06-29,2011-06-29,1,110.92,110.92,0,0,163,110.92,1.0,1.3005983927885365,424.2789907588981,551.8165734749651,150.55017464758964,3. Emerging Loyalists
15539,2011-12-02,2011-12-02,1,538.46,538.46,0,0,7,538.46,1.0,3.971679781989077,424.2789907588981,1685.100289519846,459.73998440883395,3. Emerging Loyalists
15540,2011-11-28,2011-11-28,1,213.3,213.3,0,0,11,213.3,1.0,3.772994597165539,424.2789907588981,1600.80233982417,436.74127132343676,3. Emerging Loyalists
15541,2011-08-17,2011-08-17,1,85.13000000000001,85.13000000000001,0,0,114,85.13000000000001,1.0,1.6489236067821533,424.2789907588981,699.6036437240541,190.87040116152806,3. Emerging Loyalists
15543,2011-02-24,2011-02-24,1,127.86,127.86,0,0,288,127.86,1.0,0.8451548166695868,424.2789907588981,358.58143265159384,97.83051090894703,3. Emerging Loyalists
15544,2010-12-02,2011-11-30,9,3546.71,394.0788888888889,8,363,372,394.0788888888889,0.9997176831882877,7.304022466031608,396.32293209875854,2894.751599852852,789.7648962857909,1. VIP Champions
15545,2010-12-03,2011-10-16,2,292.72,146.36,1,317,371,146.36,0.9996697585508195,1.5148349753386898,255.03939900533845,386.34260170264616,105.40449300726979,3. Emerging Loyalists
15547,2010-12-12,2011-12-02,12,4954.84,412.90333333333336,11,355,362,412.90333333333336,0.9997255288648741,10.013710086524155,413.5307962871373,4140.977505868873,1129.7683264465825,1. VIP Champions
15549,2011-01-27,2011-09-23,3,1693.26,564.42,2,239,316,564.42,0.9995187320378414,2.678697303959896,530.3595094805488,1420.672588175039,387.59710481312453,3. Emerging Loyalists
15550,2011-02-11,2011-12-05,4,575.63,143.9075,3,297,301,143.9075,0.9997368305257656,3.7742487940558784,193.34081499999704,729.7163378555196,199.08594157571468,3. Emerging Loyalists
15551,2011-11-03,2011-11-03,1,436.06,436.06,0,0,36,436.06,1.0,2.874313809370485,424.2789907588981,1219.5109621640734,332.71488600329394,3. Emerging Loyalists
15552,2011-05-06,2011-05-06,1,90.12,90.12,0,0,217,90.12,1.0,1.0549958733142821,424.2789907588981,447.61258438458594,122.12056685647126,3. Emerging Loyalists
15553,2011-10-10,2011-10-10,1,437.23,437.23,0,0,60,437.23,1.0,2.339388789492559,424.2789907588981,992.5535145985832,270.7948839392279,3. Emerging Loyalists
15554,2011-03-07,2011-03-07,1,217.2,217.2,0,0,277,217.2,1.0,0.8720270650055437,424.2789907588981,369.9827630549961,100.94109577709972,3. Emerging Loyalists
15555,2010-12-05,2011-11-27,16,4805.17,300.323125,15,357,369,300.323125,0.9996663708774695,13.185606906246047,305.41192679447533,4027.0416111911463,1098.6835970874354,1. VIP Champions
15556,2011-11-15,2011-11-15,1,279.77,279.77,0,0,24,279.77,1.0,3.245355575379693,424.2789907588981,1376.9361881758593,375.66465665038,3. Emerging Loyalists
15557,2011-11-11,2011-11-11,1,473.65000000000003,473.65000000000003,0,0,28,473.65000000000003,1.0,3.1114702391469247,424.2789907588981,1320.1314528416044,360.16682052790225,3. Emerging Loyalists
15561,2011-05-08,2011-11-28,3,800.59,266.86333333333334,2,204,215,266.86333333333334,0.9997135705182444,3.6321771998835306,305.12233072730186,1108.2583728430277,302.3622334057006,3. Emerging Loyalists
15562,2010-12-23,2010-12-23,1,134.55,134.55,0,0,351,134.55,1.0,0.7183692941145534,424.2789907588981,304.78899909910473,83.1545104853869,3. Emerging Loyalists
15563,2010-12-16,2011-11-17,3,1400.44,466.81333333333333,2,336,358,466.81333333333333,0.9997025221762464,2.415637838510575,456.4755986484096,1102.6797284518648,300.84023148013773,3. Emerging Loyalists
15565,2011-09-30,2011-10-20,2,173.16000000000003,86.58000000000001,1,20,70,86.58000000000001,0.9994130021511828,4.794891100575129,218.6361911230804,1048.3367270797014,286.0140215750368,3. Emerging Loyalists
15567,2011-11-21,2011-11-21,1,186.01,186.01,0,0,18,186.01,1.0,3.4692780746188276,424.2789907588981,1471.9418001612494,401.58470357254896,3. Emerging Loyalists
15568,2011-09-27,2011-12-07,3,758.29,252.76333333333332,2,71,73,252.76333333333332,0.9997333476660379,7.265540663181293,294.4492570704495,2139.3330504888727,583.6667107554218,1. VIP Champions
15569,2011-01-11,2011-08-28,4,1375.71,343.9275,3,229,332,343.9275,0.9992141327667937,3.4806235539788,358.09456293013665,1246.3923702863774,340.048846022111,3. Emerging Loyalists
15570,2010-12-05,2011-12-02,12,4165.52,347.1266666666667,11,362,369,347.1266666666667,0.9997263838113185,9.853667161399102,351.38226468244557,3462.403882599461,944.6354717895948,1. VIP Champions
15571,2011-09-22,2011-11-28,4,650.4300000000001,162.60750000000002,3,67,78,162.60750000000002,0.999660039775842,9.50066755654189,208.7437501379513,1983.2049745665206,541.0708370043254,1. VIP Champions
15572,2011-03-06,2011-12-05,5,2552.86,510.572,4,274,278,510.572,0.9997368471423946,5.076164479187398,498.6348544243381,2531.152536113604,690.565442737433,1. VIP Champions
15573,2011-09-15,2011-11-08,2,607.45,303.725,1,54,85,303.725,0.9996080062108027,4.328577070900666,350.86728138057333,1518.7560691132019,414.356875894835,3. Emerging Loyalists
15574,2010-12-02,2011-06-15,3,702.25,234.08333333333334,2,195,372,234.08333333333334,0.9989083187914499,2.337085686995993,280.30932686406646,655.1069157454912,178.7305153907306,3. Emerging Loyalists
15576,2011-11-02,2011-11-02,1,940.6700000000001,940.6700000000001,0,0,37,940.6700000000001,1.0,2.847187213956218,424.2789907588981,1208.001717638983,329.5748593049245,3. Emerging Loyalists
15577,2011-02-07,2011-07-11,2,258.88,129.44,1,154,305,129.44,0.9993315859578993,1.7815850355946417,244.73591494097235,436.0178437313994,118.9572145502181,3. Emerging Loyalists
15578,2011-06-30,2011-06-30,1,127.1,127.1,0,0,162,127.1,1.0,1.3062296821660044,424.2789907588981,554.2058112487085,151.20202198491504,3. Emerging Loyalists
15579,2011-01-30,2011-10-02,2,348.6,174.3,1,245,313,174.3,0.9996280755908604,1.744787878029975,272.05354467663807,474.67572692688435,129.5041088378186,3. Emerging Loyalists
15581,2010-12-08,2011-08-11,12,3679.9700000000003,306.6641666666667,11,246,366,306.6641666666667,0.9898124616761609,9.823240665982302,313.1516110557059,3076.1636403402836,839.2589051492225,1. VIP Champions
15582,2011-05-03,2011-11-15,3,682.9100000000001,227.63666666666668,2,196,220,227.63666666666668,0.9996727030073237,3.5691819914261993,275.42948656800206,983.0579633662772,268.20424609847504,3. Emerging Loyalists
15584,2011-06-30,2011-11-16,4,725.11,181.2775,3,139,162,181.2775,0.9996229088862947,6.045045312963012,224.12197468477515,1354.8274926002148,369.63281900697024,3. Emerging Loyalists
15585,2011-06-16,2011-06-16,1,455.3,455.3,0,0,176,455.3,1.0,1.2315755702535105,424.2789907588981,522.5316399904739,142.5604692589507,3. Emerging Loyalists
15587,2010-12-23,2011-10-20,4,913.68,228.42,3,301,351,228.42,0.9995900136992358,3.3244015887470573,262.9526094302836,874.1600725552192,238.49401761237343,3. Emerging Loyalists
15589,2011-02-02,2011-03-29,2,478.53,239.265,1,55,310,239.265,0.998001646666655,1.7557390461840439,311.61417365072464,547.1131720229523,149.2669621743231,3. Emerging Loyalists
15592,2011-10-24,2011-10-24,1,388.58,388.58,0,0,46,388.58,1.0,2.6242848892697914,424.2789907588981,1113.4289442832137,303.7729022235032,3. Emerging Loyalists
15593,2011-09-30,2011-09-30,1,199.8,199.8,0,0,70,199.8,1.0,2.17103808777161,424.2789907588981,921.1258487788666,251.30752513064752,3. Emerging Loyalists
15594,2011-04-19,2011-11-24,5,1771.78,354.356,4,219,234,354.356,0.999682079453101,5.813077944581439,364.0286366030256,2116.1268386330994,577.3354416059748,1. VIP Champions
15596,2010-12-09,2011-08-31,5,1406.59,281.318,4,265,365,281.318,0.999119602873189,4.055991049875398,301.0941808671661,1221.2353027667898,333.1853317843188,3. Emerging Loyalists
15597,2011-11-04,2011-11-04,1,324.57,324.57,0,0,35,324.57,1.0,2.9019622745445246,424.2789907588981,1231.2416250641472,335.9153214980395,3. Emerging Loyalists
15598,2011-10-17,2011-10-17,1,240.68,240.68,0,0,53,240.68,1.0,2.473660859963395,424.2789907588981,1049.522333145057,286.3374863073091,3. Emerging Loyalists
15599,2011-05-19,2011-11-13,2,761.74,380.87,1,178,204,380.87,0.9996878476379985,2.441674776733082,397.84495739390223,971.4079975191388,265.02582689681856,3. Emerging Loyalists
15601,2010-12-02,2011-11-28,14,6776.56,484.04,13,361,372,484.04,0.9996874673522356,11.441212617030095,481.22693382343425,5505.819666915382,1502.133412217729,1. VIP Champions
15602,2010-12-06,2011-12-01,9,1297.87,144.20777777777778,8,360,368,144.20777777777778,0.9997229721152091,7.370923736271392,165.01869776999627,1216.3402363214605,331.84982802513474,3. Emerging Loyalists
15603,2011-09-22,2011-09-22,1,48.480000000000004,48.480000000000004,0,0,78,48.480000000000004,1.0,2.0528535961652343,424.2789907588981,870.9826519567602,237.62713312752643,3. Emerging Loyalists
15604,2011-10-18,2011-10-18,1,216.39,216.39,0,0,52,216.39,1.0,2.4941112247051773,424.2789907588981,1058.198993258352,288.7047089646286,3. Emerging Loyalists
15605,2010-12-01,2011-11-03,5,1198.23,239.64600000000002,4,337,373,239.64600000000002,0.9996250688695338,3.984587507942569,265.18678143913223,1056.6599365938628,288.2848135487076,3. Emerging Loyalists
15606,2011-01-19,2011-10-09,9,2920.16,324.4622222222222,8,263,324,324.4622222222222,0.9989576463912379,8.189978134931707,331.8791886493864,2718.0832984773497,741.5651050774873,1. VIP Champions
15607,2011-01-07,2011-01-07,1,104.76,104.76,0,0,336,104.76,1.0,0.7449782413345166,424.2789907588981,316.0786163707475,86.23461705276851,3. Emerging Loyalists
15608,2011-08-11,2011-11-11,3,1093.68,364.56,2,92,120,364.56,0.9995969645023818,5.457631768532076,379.07436756150616,2068.848311039881,564.4366072316882,1. VIP Champions
15609,2011-06-08,2011-06-08,1,298.48,298.48,0,0,184,298.48,1.0,1.1926261963429565,424.2789907588981,506.00623893701305,138.05190221999266,3. Emerging Loyalists
15610,2011-10-19,2011-10-19,1,112.46000000000001,112.46000000000001,0,0,51,112.46000000000001,1.0,2.514902544631104,424.2789907588981,1067.0203134930694,291.1113987340131,3. Emerging Loyalists
15611,2011-01-09,2011-11-30,12,1591.45,132.62083333333334,11,325,334,132.62083333333334,0.9997046122607852,10.709298013446459,148.708227856204,1592.5607291635888,434.49274167795255,3. Emerging Loyalists
15612,2011-10-09,2011-11-03,2,195.15,97.575,1,25,61,97.575,0.9995298961939317,5.1275488392842,225.33162890604171,1155.3989322511923,315.22342640538164,3. Emerging Loyalists
15615,2010-12-15,2011-11-29,17,10399.74,611.7494117647059,16,349,359,611.7494117647059,0.9996839510054005,14.346563846877553,604.515582683186,8672.721403396716,2366.1480729529057,1. VIP Champions
15618,2011-07-26,2011-11-07,3,776.851,258.95033333333333,2,104,136,258.95033333333333,0.9995861462651625,5.03153112812919,299.13254123463,1505.0946926584295,410.6296906125217,3. Emerging Loyalists
15619,2011-11-29,2011-11-29,1,336.40000000000003,336.40000000000003,0,0,10,336.40000000000003,1.0,3.8207786682348264,424.2789907588981,1621.076117271799,442.27249470856646,3. Emerging Loyalists
15620,2010-12-16,2011-10-14,3,1553.1799999999998,517.7266666666666,2,302,358,517.7266666666666,0.999618875178581,2.4154357175314276,495.01473033511445,1195.6762603556233,326.2121481508612,3. Emerging Loyalists
15621,2011-11-18,2011-12-05,3,1293.03,431.01,2,17,21,431.01,0.9997086933017567,11.465027239520253,429.374065752842,4922.785359799894,1343.0662131138306,1. VIP Champions
15622,2011-03-02,2011-10-27,5,3709.56,741.912,4,239,282,741.912,0.9995324975090151,5.017283975127228,697.9729659544147,3501.928577155107,955.4188551714552,1. VIP Champions
15623,2011-07-21,2011-07-21,1,301.03,301.03,0,0,141,301.03,1.0,1.4368779999873487,424.2789907588981,609.6371476782963,166.32515851535913,3. Emerging Loyalists
15624,2011-03-28,2011-08-15,4,588.13,147.0325,3,140,256,147.0325,0.9986338606829185,4.292162013603352,195.91483490941454,840.8982122995609,229.41930128216467,3. Emerging Loyalists
15625,2011-04-18,2011-08-28,4,1534.2599999999998,383.56499999999994,3,132,235,383.56499999999994,0.9987714099196039,4.589331829011558,390.74343146118804,1793.2512669820264,489.2464351533357,3. Emerging Loyalists
15626,2011-01-14,2011-09-26,2,675.8,337.9,1,255,329,337.9,0.999621442880849,1.6746273585478473,371.6782487505327,622.4225639347943,169.8133586580923,3. Emerging Loyalists
15628,2010-12-08,2011-12-05,9,2870.2400000000002,318.91555555555556,8,362,366,318.91555555555556,0.9997446616098196,7.404976866718013,326.74467157494274,2419.5367343358257,660.1136961629209,1. VIP Champions
15630,2011-05-19,2011-10-25,2,1186.35,593.175,1,159,204,593.175,0.9996387145732095,2.441554772308419,527.1287153303826,1287.0136305357019,351.1314015648514,3. Emerging Loyalists
15632,2011-03-10,2011-11-24,8,3285.31,410.66375,7,259,274,410.66375,0.9996614658474746,8.326699790224376,411.8078244572313,3429.0001255207844,935.5220422483043,1. VIP Champions
15634,2011-11-22,2011-11-22,1,243.55,243.55,0,0,17,243.55,1.0,3.5096376394074467,424.2789907588981,1489.0655155772329,406.2565066143778,3. Emerging Loyalists
15636,2011-03-02,2011-09-11,2,724.76,362.38,1,193,282,362.38,0.9995564756461165,1.8987678314249847,386.58541718408367,734.0359542471456,200.2644473209746,3. Emerging Loyalists
15637,2011-10-18,2011-10-18,1,223.36,223.36,0,0,52,223.36,1.0,2.4941112247051773,424.2789907588981,1058.198993258352,288.7047089646286,3. Emerging Loyalists
15639,2011-07-28,2011-07-28,1,425.32,425.32,0,0,134,425.32,1.0,1.4864354644020528,424.2789907588981,630.6633386647369,172.0616602395608,3. Emerging Loyalists
15640,2010-12-02,2011-12-05,15,12515.66,834.3773333333334,14,368,372,834.3773333333334,0.9997508684667041,12.26947289122621,816.3916046889194,10016.694662355361,2732.819569576763,1. VIP Champions
15641,2010-12-15,2011-08-26,4,1887.2000000000003,471.80000000000007,3,254,359,471.80000000000007,0.9992590749858621,3.261177275031346,463.4213984075729,1511.2993332500243,412.32248087941736,3. Emerging Loyalists
15643,2011-03-02,2011-06-01,2,664.0,332.0,1,91,282,332.0,0.9989087491421342,1.8975374034508896,368.0854262931001,698.455864056323,190.55725647225984,3. Emerging Loyalists
15644,2011-03-23,2011-06-26,3,813.0,271.0,2,95,261,271.0,0.9981535852371399,3.1209335722409497,308.25360363703084,962.0390203550644,262.469721813859,3. Emerging Loyalists
15645,2011-11-21,2011-11-21,1,612.01,612.01,0,0,18,612.01,1.0,3.4692780746188276,424.2789907588981,1471.9418001612494,401.58470357254896,3. Emerging Loyalists
15646,2010-12-02,2011-07-05,3,447.64000000000004,149.21333333333334,2,215,372,149.21333333333334,0.9991117627439439,2.3375616725699793,216.0665069167576,505.06878529468884,137.79614004038436,3. Emerging Loyalists
15648,2011-03-17,2011-05-19,2,657.35,328.675,1,63,267,328.675,0.9985685707426654,1.9815841103337135,366.0606577048012,725.3799827261425,197.90286905951507,3. Emerging Loyalists
15649,2010-12-07,2011-01-07,2,816.0,408.0,1,31,367,408.0,0.9961829157833049,1.5234016273694697,414.36585116850347,631.2456119964337,172.2205198244181,3. Emerging Loyalists
15651,2011-03-24,2011-11-03,2,646.3,323.15,1,224,260,323.15,0.9996787101367781,2.026000562548106,362.6961926069511,734.8226902557392,200.47908973874297,3. Emerging Loyalists
15652,2011-09-09,2011-09-09,1,337.74,337.74,0,0,91,337.74,1.0,1.8860167542248305,424.2789907588981,800.1972850368838,218.3150104684114,3. Emerging Loyalists
15653,2011-08-16,2011-09-08,2,877.4399999999999,438.71999999999997,1,23,115,438.71999999999997,0.9990780327685558,3.620753815515495,433.07288606550856,1568.0503046179972,427.8056487680968,3. Emerging Loyalists
15654,2011-11-13,2011-11-30,2,922.53,461.265,1,17,26,461.265,0.9996881465464823,7.018567411752541,446.80173052361346,3135.908065367674,855.5587664699002,1. VIP Champions
15655,2011-04-10,2011-04-10,1,560.67,560.67,0,0,243,560.67,1.0,0.9670680674603128,424.2789907588981,410.3066636572195,111.94252373332652,3. Emerging Loyalists
15656,2011-02-28,2011-10-25,4,748.5,187.125,3,239,284,187.125,0.9995746463707363,3.9553906921400706,228.93848073927714,905.5411357888256,247.0556027070277,3. Emerging Loyalists
15657,2011-11-17,2011-11-17,1,30.0,30.0,0,0,22,30.0,1.0,3.316714022998797,424.2789907588981,1407.2120783138141,383.9247212569519,3. Emerging Loyalists
15658,2010-12-02,2011-06-02,5,1024.1,204.82,4,182,372,204.82,0.9962339098070925,3.9800755958972016,235.1783562980133,936.0276365849397,255.37312747861216,3. Emerging Loyalists
15659,2011-10-27,2011-10-27,1,306.45,306.45,0,0,43,306.45,1.0,2.694603816894278,424.2789907588981,1143.263787926979,311.91263766650934,3. Emerging Loyalists
15660,2010-12-09,2011-11-14,6,1600.8600000000001,266.81,5,340,365,266.81,0.999653398521255,4.898959295055844,284.73233854781245,1394.8921365317933,380.56351487771735,3. Emerging Loyalists
15661,2011-01-05,2011-01-26,2,309.79999999999995,154.89999999999998,1,21,338,154.89999999999998,0.995920314905844,1.6315293440723493,260.23985727423246,424.5889636401103,115.83911339762923,3. Emerging Loyalists
15663,2011-08-25,2011-08-25,1,138.14,138.14,0,0,106,138.14,1.0,1.7243205267196806,424.2789907588981,731.5929728214777,199.59793729214562,3. Emerging Loyalists
15664,2011-10-20,2011-10-20,1,386.43,386.43,0,0,50,386.43,1.0,2.5360434181941702,424.2789907588981,1075.9899419921687,293.55855092547347,3. Emerging Loyalists
15665,2011-04-10,2011-06-24,2,2242.01,1121.005,1,75,243,1121.005,0.9989331780668504,2.134812766309925,848.552355619648,1811.500401659184,494.2252823733678,3. Emerging Loyalists
15667,2011-10-31,2011-10-31,1,301.32,301.32,0,0,39,301.32,1.0,2.79444162499314,424.2789907588981,1185.6228723867446,323.4693176755397,3. Emerging Loyalists
15668,2011-05-06,2011-05-06,1,76.32000000000001,76.32000000000001,0,0,217,76.32000000000001,1.0,1.0549958733142821,424.2789907588981,447.61258438458594,122.12056685647126,3. Emerging Loyalists
15669,2011-03-21,2011-10-30,4,684.34,171.085,3,223,263,171.085,0.9995874445842573,4.205665623948376,215.72655134821906,907.2737411781392,247.5283033407073,3. Emerging Loyalists
15670,2011-02-16,2011-02-16,1,173.05,173.05,0,0,296,173.05,1.0,0.8266288073625774,424.2789907588981,350.72123612002594,95.68604113860295,3. Emerging Loyalists
15671,2011-03-14,2011-11-21,7,2657.13,379.59000000000003,6,252,270,379.59000000000003,0.9996489529161312,7.348408711256744,383.9105225753976,2821.1314284361806,769.6793638876449,1. VIP Champions
15673,2011-01-16,2011-09-12,4,2881.02,720.255,3,239,327,720.255,0.9993397757708427,3.5250185299847026,668.0703957177559,2354.9605242393022,642.4955959183255,1. VIP Champions
15674,2011-03-30,2011-09-27,5,2446.6000000000004,489.32000000000005,4,181,254,489.32000000000005,0.9991434871781423,5.45015169962121,480.3227011164917,2617.8315858566975,714.2137829729078,1. VIP Champions
15675,2011-03-04,2011-09-19,3,323.69,107.89666666666666,2,199,280,107.89666666666666,0.9994597065346372,2.954867676592445,184.7916255983925,546.0348013856631,148.9727541066742,3. Emerging Loyalists
15676,2011-03-01,2011-11-21,3,3435.76,1145.2533333333333,2,265,283,1145.2533333333333,0.9997028630120426,2.9303939858374193,970.0245413260604,2842.554082016589,775.5240311067449,1. VIP Champions
15677,2011-10-21,2011-10-21,1,657.23,657.23,0,0,49,657.23,1.0,2.5575427354210354,424.2789907588981,1085.1116506071885,296.0471945999969,3. Emerging Loyalists
15678,2011-10-18,2011-10-18,1,352.7,352.7,0,0,52,352.7,1.0,2.4941112247051773,424.2789907588981,1058.198993258352,288.7047089646286,3. Emerging Loyalists
15679,2011-06-10,2011-11-15,4,781.28,195.32,3,158,182,195.32,0.9996291726815568,5.563325050193764,235.68859054973356,1311.2122398501938,357.7334230220609,3. Emerging Loyalists
15680,2010-12-08,2011-11-30,3,1333.68,444.56,2,357,366,444.56,0.999728235821292,2.3712691438930515,439.6308138415192,1042.4829835669848,284.4169653238409,3. Emerging Loyalists
15681,2011-03-04,2011-11-14,4,1426.16,356.54,3,255,280,356.54,0.9996645131003089,4.001089661807766,368.4833072845457,1474.33475132493,402.23756402098854,3. Emerging Loyalists
15683,2011-08-14,2011-08-14,1,193.75,193.75,0,0,117,193.75,1.0,1.6223222372985533,424.2789907588981,688.3172415267478,187.79117175156819,3. Emerging Loyalists
15687,2011-01-13,2011-12-01,8,2993.1,374.1375,7,322,330,374.1375,0.9997204454653978,7.158343128423053,378.35083708607544,2708.3651147882183,738.9137272066803,1. VIP Champions
15689,2010-12-13,2011-08-12,2,254.1,127.05,1,242,361,127.05,0.9995301803563881,1.5498506072016374,243.28051736923268,377.04845756503374,102.868804355684,3. Emerging Loyalists
15690,2011-08-31,2011-12-05,2,239.76,119.88,1,96,100,119.88,0.9997283649895506,3.9447661040772517,238.9143246540137,942.4611296736614,257.1283547672776,3. Emerging Loyalists
15691,2011-04-01,2011-04-01,1,136.8,136.8,0,0,252,136.8,1.0,0.9399505673323167,424.2789907588981,398.80127807100905,108.80354985567728,3. Emerging Loyalists
15692,2011-11-11,2011-11-11,1,191.04,191.04,0,0,28,191.04,1.0,3.1114702391469247,424.2789907588981,1320.1314528416044,360.16682052790225,3. Emerging Loyalists
15694,2010-12-02,2011-12-09,14,6479.4,462.8142857142857,13,372,372,462.8142857142857,0.999779584436465,11.442266877667292,461.0003549219554,5274.889091716356,1439.129435717449,1. VIP Champions
15695,2011-03-18,2011-03-18,1,409.98,409.98,0,0,266,409.98,1.0,0.900664272680913,424.2789907588981,382.13292862565476,104.25598270980032,3. Emerging Loyalists
15696,2011-01-17,2011-11-06,8,2736.46,342.0575,7,293,326,342.0575,0.9995278278704081,7.229446980999655,348.96648597237834,2522.834708483069,688.2961190841404,1. VIP Champions
15699,2011-11-22,2011-11-22,1,309.65,309.65,0,0,17,309.65,1.0,3.5096376394074467,424.2789907588981,1489.0655155772329,406.2565066143778,3. Emerging Loyalists
15700,2011-06-19,2011-06-20,2,696.68,348.34,1,1,173,348.34,0.9974977817444226,2.7484695407108903,378.03571764131175,1039.019655237928,283.47207763857625,3. Emerging Loyalists
15701,2011-08-21,2011-12-07,4,1542.1399999999999,385.53499999999997,3,108,110,385.53499999999997,0.9997364600081234,7.802433907099852,392.36609361208485,3061.4105127952453,835.2338612573423,1. VIP Champions
15703,2011-03-20,2011-03-20,1,211.5,211.5,0,0,264,211.5,1.0,0.9060743296911213,424.2789907588981,384.42830215389404,104.88222139520573,3. Emerging Loyalists
15704,2011-05-08,2011-07-22,3,2293.62,764.54,2,75,215,764.54,0.9982551418056455,3.6268784106365155,681.8414598500015,2472.9560702068547,674.6879056584726,1. VIP Champions
15705,2011-05-22,2011-05-22,1,143.1,143.1,0,0,201,143.1,1.0,1.1175235834512567,424.2789907588981,474.14177813596643,129.35843346743354,3. Emerging Loyalists
15706,2011-08-15,2011-10-07,4,1060.56,265.14,3,53,116,265.14,0.9987588703011183,7.541944160651404,293.1983729739029,2211.2857569630196,603.297314558845,1. VIP Champions
15707,2011-09-14,2011-11-04,4,945.5799999999999,236.39499999999998,3,51,86,236.39499999999998,0.9993278892309737,9.00718782869909,269.52150823911705,2427.630848583997,662.3219848810469,1. VIP Champions
15708,2010-12-05,2011-10-30,7,3364.2400000000002,480.6057142857143,6,329,369,480.6057142857143,0.9995349562415552,5.686663925802478,475.1600580633458,2702.075561171039,737.197770417708,1. VIP Champions
15709,2011-03-01,2011-03-01,1,133.25,133.25,0,0,283,133.25,1.0,0.8571612464969569,424.2789907588981,363.6755085813679,99.22030972572789,3. Emerging Loyalists
15712,2011-02-25,2011-11-30,5,1072.3600000000001,214.47200000000004,4,278,287,214.47200000000004,0.9997184381995626,4.947728680446348,243.49516900869156,1204.748031254434,328.68716749393434,3. Emerging Loyalists
15713,2010-12-08,2011-07-19,2,356.70000000000005,178.35000000000002,1,223,366,178.35000000000002,0.9994616239156764,1.5319294833839,274.51980416013,420.5449817656773,114.7358080481113,3. Emerging Loyalists
15714,2011-09-23,2011-11-28,2,330.88,165.44,1,66,77,165.44,0.9996999988553475,4.566245775329531,266.6582214609003,1217.6269772027224,332.20088501347465,3. Emerging Loyalists
15716,2010-12-05,2011-07-17,4,1118.81,279.7025,3,224,369,279.7025,0.9988251343254119,3.185330375504489,305.1933057517884,972.1415072118003,265.22594776604234,3. Emerging Loyalists
15717,2011-04-19,2011-04-19,1,150.3,150.3,0,0,234,150.3,1.0,0.9957967248515837,424.2789907588981,422.49562942104603,115.26799638624392,3. Emerging Loyalists
15719,2011-01-06,2011-11-07,13,5045.610000000001,388.1238461538462,12,305,337,388.1238461538462,0.9993602973519438,11.525025976462624,389.96035902908454,4494.303267600891,1226.1649511461144,1. VIP Champions
15720,2011-11-15,2011-11-15,1,598.73,598.73,0,0,24,598.73,1.0,3.245355575379693,424.2789907588981,1376.9361881758593,375.66465665038,3. Emerging Loyalists
15721,2011-11-28,2011-11-28,1,507.08,507.08,0,0,11,507.08,1.0,3.772994597165539,424.2789907588981,1600.80233982417,436.74127132343676,3. Emerging Loyalists
15722,2011-02-22,2011-11-04,4,2222.56,555.64,3,255,290,555.64,0.999626223325468,3.889477062396225,532.4792637533528,2071.0658825702953,565.0416194717067,1. VIP Champions
15723,2010-12-10,2010-12-10,1,203.1,203.1,0,0,364,203.1,1.0,0.6967995950248176,424.2789907588981,295.63742893833853,80.65771979037974,3. Emerging Loyalists
15724,2011-02-28,2011-05-22,2,218.25,109.125,1,83,284,109.125,0.998789180080879,1.8865593946187178,232.36503558118525,438.37044085659767,119.59906534828966,3. Emerging Loyalists
15725,2011-11-24,2011-11-24,1,415.25,415.25,0,0,15,415.25,1.0,3.593240994101636,424.2789907588981,1524.5366625309418,415.93397486293435,3. Emerging Loyalists
15727,2010-12-15,2011-11-23,7,5178.96,739.8514285714285,6,343,359,739.8514285714285,0.9996862558044392,5.820423459499796,709.341949198656,4128.670521923171,1126.4106553082495,1. VIP Champions
15729,2011-05-11,2011-05-11,1,85.0,85.0,0,0,212,85.0,1.0,1.0737707643151575,424.2789907588981,455.5783761900457,124.2938458139448,3. Emerging Loyalists
15730,2011-05-17,2011-10-05,3,1120.88,373.6266666666667,2,141,206,373.6266666666667,0.9994511078743781,3.750081272413043,385.937431473241,1447.2967340909934,394.8608768891397,3. Emerging Loyalists
15732,2010-12-02,2011-05-11,2,294.12,147.06,1,160,372,147.06,0.9991397391964126,1.5105983222835107,255.46566607655927,385.90600657629,105.28537829473173,3. Emerging Loyalists
15733,2011-03-02,2011-03-02,1,162.3,162.3,0,0,282,162.3,1.0,0.8596035848513769,424.2789907588981,364.711741433473,99.5030214896707,3. Emerging Loyalists
15734,2011-05-23,2011-08-17,2,1339.4500000000003,669.7250000000001,1,86,200,669.7250000000001,0.9992884789046536,2.4769977689509,573.7440643331739,1421.1627673020935,387.7308386600837,3. Emerging Loyalists
15737,2011-04-11,2011-11-25,7,1205.1200000000001,172.16000000000003,6,228,242,172.16000000000003,0.999668733579805,8.010246970037672,196.53481296323582,1574.2923900456803,429.5086549779048,3. Emerging Loyalists
15738,2010-12-02,2011-11-21,15,4812.42,320.82800000000003,14,354,372,320.82800000000003,0.9995963132321983,12.267576107417584,325.3650616133215,3991.4406560360326,1088.9707137239086,1. VIP Champions
15739,2011-10-04,2011-10-04,1,449.12,449.12,0,0,66,449.12,1.0,2.2353845634956913,424.2789907588981,948.4267065579718,258.75592212385556,3. Emerging Loyalists
15740,2011-10-21,2011-10-21,1,154.88,154.88,0,0,49,154.88,1.0,2.5575427354210354,424.2789907588981,1085.1116506071885,296.0471945999969,3. Emerging Loyalists
15743,2011-06-08,2011-11-23,4,784.46,196.115,3,168,184,196.115,0.9996758630308229,5.519596907486838,236.34342121468939,1304.5204168414587,355.90771649003057,3. Emerging Loyalists
15744,2011-09-23,2011-09-23,1,34.8,34.8,0,0,77,34.8,1.0,2.066918162420053,424.2789907588981,876.9499519328164,239.25517058916418,3. Emerging Loyalists
15745,2011-04-17,2011-11-20,4,1094.5900000000001,273.64750000000004,3,217,236,273.64750000000004,0.9996771146390948,4.578430874747106,300.2058847753011,1374.4718916360107,374.992331293928,3. Emerging Loyalists
15746,2011-07-28,2011-07-28,1,196.88,196.88,0,0,134,196.88,1.0,1.4864354644020528,424.2789907588981,630.6633386647369,172.0616602395608,3. Emerging Loyalists
15747,2011-06-20,2011-11-27,3,974.04,324.68,2,160,172,324.68,0.9997040467201872,4.280310822217233,348.8869790909196,1493.3447123335407,407.42398481271573,3. Emerging Loyalists
15748,2011-10-30,2011-10-30,1,149.31,149.31,0,0,40,149.31,1.0,2.7687949586802034,424.2789907588981,1174.7415306871617,320.50059949631554,3. Emerging Loyalists
15749,2011-01-11,2011-04-18,2,44534.3,22267.15,1,97,332,22267.15,0.9986990021484261,1.6605639339243738,13725.559922420789,22792.16978008979,6218.307506390449,1. VIP Champions
15750,2010-12-08,2011-12-07,7,2465.48,352.2114285714286,6,364,366,352.2114285714286,0.9997503678110864,5.727119967553477,359.17890588737833,2057.0606838316157,561.2206303651188,1. VIP Champions
15752,2010-12-02,2011-10-31,7,2637.38,376.7685714285714,6,333,372,376.7685714285714,0.9995449211929032,5.64803187057088,381.3618691468122,2153.943991161677,587.6529623031131,1. VIP Champions
15753,2011-02-08,2011-02-08,1,79.2,79.2,0,0,304,79.2,1.0,0.8088975662396487,424.2789907588981,343.1982430314871,93.6335693974592,3. Emerging Loyalists
15754,2011-04-07,2011-10-19,3,458.57000000000005,152.85666666666668,2,195,246,152.85666666666668,0.9995780069547593,3.2742345427650448,218.82434840775986,716.4822403547405,195.47532930740465,3. Emerging Loyalists
15755,2011-02-18,2011-11-29,6,2364.25,394.0416666666667,5,284,294,394.0416666666667,0.9997113263268224,5.85760492954302,397.4831287383199,2328.2991343077656,635.2216626885502,1. VIP Champions
15756,2011-04-04,2011-10-09,4,532.96,133.24,3,188,249,133.24,0.9994298112698234,4.390152012721268,184.5541406372095,810.2207319744894,221.04967223749256,3. Emerging Loyalists
15757,2011-05-06,2011-10-05,2,714.4200000000001,357.21000000000004,1,152,217,357.21000000000004,0.9995836346171735,2.3304307830007653,383.4371303866385,893.5736919985005,243.79056711490554,3. Emerging Loyalists
15758,2011-11-15,2011-11-15,1,205.25,205.25,0,0,24,205.25,1.0,3.245355575379693,424.2789907588981,1376.9361881758593,375.66465665038,3. Emerging Loyalists
15759,2010-12-16,2011-05-05,3,253.04000000000002,84.34666666666668,2,140,358,84.34666666666668,0.9980726949524591,2.4116995946583493,166.96532172471365,402.67019872549275,109.85909386835925,3. Emerging Loyalists
15762,2011-09-23,2011-10-05,2,583.75,291.875,1,12,77,291.875,0.9992374006592721,4.564132804377322,343.6511888177638,1568.4696641464209,427.92006115307953,3. Emerging Loyalists
15763,2011-09-23,2011-11-08,2,1086.92,543.46,1,46,77,543.46,0.9995979197117175,4.565779516993146,496.8546189793211,2268.5286422592185,618.9146895941848,1. VIP Champions
15764,2011-03-08,2011-09-12,4,3279.97,819.9925,3,188,276,819.9925,0.9992212942843335,4.045690063260397,750.2228151467245,3035.1689884703455,828.0744784840886,1. VIP Champions
15766,2011-10-06,2011-10-06,1,315.06,315.06,0,0,64,315.06,1.0,2.269009670419825,424.2789907588981,962.6931329879034,262.6481810625419,3. Emerging Loyalists
15768,2011-04-28,2011-08-16,3,621.8299999999999,207.27666666666664,2,110,225,207.27666666666664,0.9989591134844563,3.50596877423573,260.01787098973875,911.6145364332785,248.7125872407999,3. Emerging Loyalists
15769,2010-12-03,2011-12-02,22,56252.72,2556.9418181818182,21,364,371,2556.9418181818182,0.9997160466007127,18.102639268671343,2493.661770865202,45141.85949604893,12315.894733370935,1. VIP Champions
15773,2011-12-04,2011-12-04,1,635.6800000000001,635.6800000000001,0,0,5,635.6800000000001,1.0,4.079081616801313,424.2789907588981,1730.6686315996353,472.1722348853134,3. Emerging Loyalists
15774,2011-10-02,2011-10-02,1,270.8,270.8,0,0,68,270.8,1.0,2.202741503595935,424.2789907588981,934.5769420484208,254.9773395912389,3. Emerging Loyalists
15775,2011-04-08,2011-04-08,1,104.9,104.9,0,0,245,104.9,1.0,0.9609075988286291,424.2789907588981,407.6929062435669,111.22942149242458,3. Emerging Loyalists
15776,2011-07-29,2011-07-29,1,241.62,241.62,0,0,133,241.62,1.0,1.4937955404378098,424.2789907588981,633.7860642970967,172.91362248920427,3. Emerging Loyalists
15777,2010-12-13,2011-04-12,3,1047.11,349.03666666666663,2,120,361,349.03666666666663,0.9973893463861053,2.3932324963280918,367.3238937979219,879.0914793149556,239.83943597170486,3. Emerging Loyalists
15780,2010-12-17,2011-06-09,3,475.28000000000003,158.42666666666668,2,174,357,158.42666666666668,0.9987488552068552,2.4189990828646395,223.04059098000576,539.5349850222211,147.1994320722684,3. Emerging Loyalists
15781,2011-02-07,2011-11-14,3,345.46000000000004,115.15333333333335,2,280,305,115.15333333333335,0.9996885095524389,2.7579594885309664,190.28459991304203,524.797217851493,143.17857889727892,3. Emerging Loyalists
15782,2011-09-11,2011-11-30,3,2614.7400000000002,871.58,2,80,89,871.58,0.9996976389592626,6.529366694582542,762.865984972659,4981.031754710386,1358.9573721472498,1. VIP Champions
15783,2011-11-29,2011-11-29,1,246.3,246.3,0,0,10,246.3,1.0,3.8207786682348264,424.2789907588981,1621.076117271799,442.27249470856646,3. Emerging Loyalists
15785,2011-02-17,2011-11-07,4,2328.9700000000003,582.2425000000001,3,263,295,582.2425000000001,0.999641022561938,3.8361009901491383,554.3913804382421,2126.701323429288,580.2204410956589,1. VIP Champions
15786,2011-08-17,2011-10-24,2,4932.2,2466.1,1,68,114,2466.1,0.9995588186578742,3.6422956991520996,1667.6519358536045,6074.081473642257,1657.1702820049811,1. VIP Champions
15787,2011-10-09,2011-11-13,2,948.05,474.025,1,35,61,474.025,0.9996091589639853,5.127955454159987,454.5719702790101,2331.0248143005015,635.9653003729998,1. VIP Champions
15789,2010-12-16,2010-12-16,1,351.3,351.3,0,0,358,351.3,1.0,0.706591624434012,424.2789907588981,299.79198129355296,81.79119169522181,3. Emerging Loyalists
15790,2011-11-29,2011-11-29,1,220.85,220.85,0,0,10,220.85,1.0,3.8207786682348264,424.2789907588981,1621.076117271799,442.27249470856646,3. Emerging Loyalists
15791,2011-05-19,2011-10-27,2,1612.69,806.345,1,161,204,806.345,0.9996444311874428,2.441568734779619,656.9392175763003,1603.9622542848804,437.60337967030205,3. Emerging Loyalists
15793,2011-03-16,2011-11-25,3,965.61,321.87,2,254,268,321.87,0.9997111911576895,3.0608682236455578,346.75993391533416,1061.3864629548798,289.5743351095525,3. Emerging Loyalists
15795,2011-07-13,2011-07-13,1,610.01,610.01,0,0,149,610.01,1.0,1.3841386746443196,424.2789907588981,587.2609599484507,160.22034192846056,3. Emerging Loyalists
15796,2011-02-10,2011-12-08,8,2711.56,338.945,7,301,302,338.945,0.9997563272916936,7.698931100346441,346.11552609577666,2664.719588171545,727.0060717092248,1. VIP Champions
15797,2011-01-24,2011-08-18,4,2207.4,551.85,3,206,319,551.85,0.9990580885171629,3.596692860131554,529.3574924072112,1903.9363133981599,519.4442470165951,3. Emerging Loyalists
15799,2011-01-09,2011-09-25,3,884.14,294.7133333333333,2,259,334,294.7133333333333,0.9995415904545616,2.55909968135391,326.2035435885314,834.787384453927,227.75210561674982,3. Emerging Loyalists
15800,2011-04-07,2011-08-24,2,699.0799999999999,349.53999999999996,1,139,246,349.53999999999996,0.999445198049765,2.1155623973930546,378.7664611919761,801.3040826913802,218.61697417916886,3. Emerging Loyalists
15801,2011-08-22,2011-10-24,3,1063.95,354.65000000000003,2,63,109,354.65000000000003,0.9994036552691046,5.793857695336961,371.57293777856955,2152.8407249273273,587.351962057292,1. VIP Champions
15802,2011-07-20,2011-07-20,1,451.42,451.42,0,0,142,451.42,1.0,1.4300668363440447,424.2789907588981,606.7473140418216,165.53673536972215,3. Emerging Loyalists
15803,2011-10-19,2011-10-19,1,415.82000000000005,415.82000000000005,0,0,51,415.82000000000005,1.0,2.514902544631104,424.2789907588981,1067.0203134930694,291.1113987340131,3. Emerging Loyalists
15804,2011-05-25,2011-12-09,13,4206.39,323.5684615384616,12,198,198,323.5684615384616,0.999776751584422,17.533165029614068,328.6840871460038,5762.872342538936,1572.2641894886149,1. VIP Champions
15805,2010-12-10,2011-11-16,13,5528.48,425.2676923076923,12,341,364,425.2676923076923,0.9995504684085039,10.80836412556151,425.2174708760176,4595.905257778345,1253.8846647267221,1. VIP Champions
15806,2011-03-08,2011-10-24,3,784.58,261.5266666666667,2,230,276,261.5266666666667,0.9996161489446844,2.98959893830239,301.08271112337263,900.11655351564,245.57563300717717,3. Emerging Loyalists
15807,2011-09-23,2011-10-20,2,903.9000000000001,451.95000000000005,1,27,77,451.95000000000005,0.9994408230832589,4.5650619599091815,441.12933371158215,2013.7827407268267,549.4132613841833,1. VIP Champions
15808,2010-12-05,2011-02-06,4,3734.9700000000003,933.7425000000001,3,63,369,933.7425000000001,0.9757220362513687,3.1116528142032194,843.9171398495214,2625.977143167095,716.4361067207426,1. VIP Champions
15809,2011-02-10,2011-11-03,5,515.77,103.154,4,266,302,103.154,0.99959278845122,4.747067058402177,147.57608930217705,700.5535921341826,191.12957224468423,3. Emerging Loyalists
15810,2011-02-16,2011-09-22,4,1391.98,347.995,3,218,296,347.995,0.9993667257674906,3.8245402271529874,361.44490724423446,1382.3605876551549,377.14457647921654,3. Emerging Loyalists
15811,2010-12-09,2011-11-17,6,2218.62,369.77,5,343,365,369.77,0.9996678441083564,4.899030087935964,375.97394264020016,1841.9076572742508,502.5211869609633,3. Emerging Loyalists
15812,2011-01-26,2011-08-24,5,1801.14,360.228,4,210,317,360.228,0.9988086388177961,4.55899686587949,369.08834694669554,1682.672616962627,459.0776510447327,3. Emerging Loyalists
15813,2011-04-14,2011-05-16,2,1303.9099999999999,651.9549999999999,1,32,239,651.9549999999999,0.9980097365489523,2.160542162614925,562.9229702537539,1216.2188115376625,331.8167001285002,3. Emerging Loyalists
15814,2011-10-20,2011-11-23,3,1945.33,648.4433333333333,2,34,50,648.4433333333333,0.9996147051949155,8.669256877796203,593.9614403713941,5149.204302085448,1404.839296676641,1. VIP Champions
15815,2011-03-25,2011-10-07,5,2100.6,420.12,4,196,259,420.12,0.9993036174981264,5.367919962397572,420.6953244506263,2258.2588302058402,616.1128128971918,1. VIP Champions
15819,2011-03-08,2011-10-21,4,1905.45,476.3625,3,227,276,476.3625,0.9995463832982783,4.047006297613002,467.1794674753224,1890.6782469881184,515.827095395085,3. Emerging Loyalists
15820,2011-01-24,2011-01-24,1,206.98,206.98,0,0,319,206.98,1.0,0.7776224687302201,424.2789907588981,329.92887622430055,90.01333472834683,3. Emerging Loyalists
15821,2011-10-09,2011-10-26,2,570.96,285.48,1,17,61,285.48,0.999446971197874,5.12712343733384,339.7569346456821,1741.9757426185786,475.25711421023425,3. Emerging Loyalists
15822,2010-12-15,2011-12-06,2,885.47,442.735,1,356,359,442.735,0.9997366314066943,1.5574152040078357,435.51783219543944,678.2820934777106,185.05331760941544,3. Emerging Loyalists
15823,2010-12-02,2010-12-02,1,15.0,15.0,0,0,372,15.0,1.0,0.6841580715470145,424.2789907588981,290.27389611552127,79.194405997323,3. Emerging Loyalists
15825,2011-06-20,2011-06-20,1,532.94,532.94,0,0,172,532.94,1.0,1.2520201151401065,424.2789907588981,531.2058308614837,144.92701824158343,3. Emerging Loyalists
15826,2011-05-13,2011-10-14,2,1654.31,827.155,1,154,210,827.155,0.999608548529985,2.388968454753222,669.6115286507363,1599.6808188856924,436.4352907109019,3. Emerging Loyalists
15827,2010-12-02,2011-09-27,11,1836.0900000000001,166.91727272727275,10,299,372,166.91727272727275,0.9983765321957586,8.947018037704652,182.4468380851417,1632.3551512699428,445.34971387866756,3. Emerging Loyalists
15829,2011-07-22,2011-09-01,2,636.14,318.07,1,41,140,318.07,0.999160489403052,3.1878279170231427,359.60271157580576,1146.3515629985748,312.7550644776032,3. Emerging Loyalists
15830,2011-11-02,2011-11-02,1,576.0,576.0,0,0,37,576.0,1.0,2.847187213956218,424.2789907588981,1208.001717638983,329.5748593049245,3. Emerging Loyalists
15831,2011-01-19,2011-10-12,3,801.76,267.25333333333333,2,266,324,267.25333333333333,0.9995977416452417,2.624370894464891,305.41754340291686,801.5289115655826,218.6783134500498,3. Emerging Loyalists
15832,2011-03-30,2011-03-30,1,836.79,836.79,0,0,254,836.79,1.0,0.9341297056839797,424.2789907588981,396.3316087655054,108.1297586664711,3. Emerging Loyalists
15834,2011-03-07,2011-09-30,3,2233.75,744.5833333333334,2,207,277,744.5833333333334,0.9995147758750738,2.9806551564446173,666.7351496883999,1987.307561901603,542.1901314755193,1. VIP Champions
15835,2011-01-13,2011-10-26,4,954.09,238.5225,3,286,330,238.5225,0.9996052614511434,3.4994413428328457,271.2739009934485,949.3071043680178,258.9961179614454,3. Emerging Loyalists
15836,2011-10-20,2011-10-20,1,137.37,137.37,0,0,50,137.37,1.0,2.5360434181941702,424.2789907588981,1075.9899419921687,293.55855092547347,3. Emerging Loyalists
15837,2011-10-06,2011-10-06,1,391.98,391.98,0,0,64,391.98,1.0,2.269009670419825,424.2789907588981,962.6931329879034,262.6481810625419,3. Emerging Loyalists
15838,2010-12-07,2011-11-28,15,33643.08,2242.8720000000003,14,356,367,2242.8720000000003,0.9996821102955779,12.409337491640576,2163.11376402788,26842.808730634933,7323.429082566825,1. VIP Champions
15839,2011-07-14,2011-11-06,3,1048.49,349.49666666666667,2,115,148,349.49666666666667,0.9995916746948093,4.753263808962598,367.67209336403204,1747.6424549527708,476.80314340290226,3. Emerging Loyalists
15840,2011-06-20,2011-10-12,2,355.56,177.78,1,114,172,177.78,0.9995701217894859,2.765609655578945,274.1727009735645,758.2546691086487,206.87195410385107,3. Emerging Loyalists
15841,2011-01-05,2011-09-28,4,1224.06,306.015,3,266,338,306.015,0.9994683558056684,3.4301795072755663,326.86655338908366,1121.2109530490295,305.8960403007538,3. Emerging Loyalists
15843,2011-02-09,2011-02-09,1,118.95000000000002,118.95000000000002,0,0,303,118.95000000000002,1.0,0.811072260262944,424.2789907588981,344.1209200169002,93.88530011374142,3. Emerging Loyalists
15844,2011-10-24,2011-10-24,1,130.73999999999998,130.73999999999998,0,0,46,130.73999999999998,1.0,2.6242848892697914,424.2789907588981,1113.4289442832137,303.7729022235032,3. Emerging Loyalists
15845,2011-01-06,2011-11-22,8,3711.77,463.97125,7,320,337,463.97125,0.9996665760643905,7.034531959252869,460.63595092211307,3240.3583183424403,884.0555615703275,1. VIP Champions
15847,2011-02-24,2011-11-01,2,389.27,194.635,1,250,288,194.635,0.9996806648324416,1.8670840700552558,284.4366030956029,531.0670505804296,144.8891553056829,3. Emerging Loyalists
15850,2011-06-24,2011-11-20,2,238.85,119.425,1,149,168,119.425,0.9996971226510535,2.8126519555386658,238.63725105772016,671.2035308518682,183.12209826806156,3. Emerging Loyalists
15852,2011-05-26,2011-06-06,2,160.71,80.355,1,11,197,80.355,0.997669554740525,2.500879921613734,214.84545895400953,537.3026945479701,146.59040411457897,3. Emerging Loyalists
15853,2011-10-19,2011-10-19,1,110.8,110.8,0,0,51,110.8,1.0,2.514902544631104,424.2789907588981,1067.0203134930694,291.1113987340131,3. Emerging Loyalists
15854,2010-12-13,2011-12-05,10,2974.65,297.46500000000003,9,357,361,297.46500000000003,0.9997454673917089,8.339797020758315,305.91074493117895,2551.233519195003,696.0440667138058,1. VIP Champions
15855,2011-03-21,2011-07-26,5,712.24,142.448,4,127,263,142.448,0.9968411566782014,5.290170172653768,181.43444390779143,959.8190834530214,261.8640642378196,3. Emerging Loyalists
15856,2010-12-09,2011-12-05,21,16387.57,780.3604761904762,20,361,365,780.3604761904762,0.9997545162679067,17.512749584774163,769.2830350894271,13472.261153336172,3675.589619862543,1. VIP Champions
15857,2011-11-21,2011-11-21,1,297.0,297.0,0,0,18,297.0,1.0,3.4692780746188276,424.2789907588981,1471.9418001612494,401.58470357254896,3. Emerging Loyalists
15858,2010-12-07,2011-11-24,5,1438.8500000000001,287.77000000000004,4,352,367,287.77000000000004,0.9997053681032603,4.039750890433368,306.6536582406945,1238.8043889324952,337.9786437611391,3. Emerging Loyalists
15860,2010-12-06,2011-10-30,8,977.21,122.15125,7,328,368,122.15125,0.9994943553272209,6.534342366390216,147.53872842573085,964.0685638355935,263.02343502244275,3. Emerging Loyalists
15861,2011-03-17,2011-11-27,6,3165.36,527.5600000000001,5,255,267,527.5600000000001,0.9996967903740611,6.328270398300159,515.805068414655,3264.1539457416497,890.5476388891369,1. VIP Champions
15862,2010-12-01,2011-12-01,4,832.88,208.22,3,365,373,208.22,0.9997292780229713,3.1593584862203725,246.31414473580898,778.1946834471912,212.31211807398816,3. Emerging Loyalists
15863,2011-05-31,2011-11-14,2,68.84,34.42,1,167,192,34.42,0.9996875020558514,2.5539523315417414,186.8732047875404,477.26525706981613,130.21060123767265,3. Emerging Loyalists
15864,2011-01-27,2011-11-17,6,1936.32,322.71999999999997,5,294,316,322.71999999999997,0.9996543826980783,5.522534637372846,334.2789399930863,1846.0670246560983,503.65597253258414,3. Emerging Loyalists
15865,2011-05-10,2011-10-30,3,895.13,298.37666666666667,2,173,213,298.37666666666667,0.9996052891125009,3.657544844002492,328.97652419110364,1203.2463898530323,328.27747995262797,3. Emerging Loyalists
15866,2011-08-30,2011-08-30,1,230.53,230.53,0,0,101,230.53,1.0,1.7750479948551416,424.2789907588981,753.1155718057453,205.46987226420845,3. Emerging Loyalists
15867,2010-12-05,2011-12-04,15,3812.64,254.176,14,364,369,254.176,0.9997419619664455,12.353408141297825,261.6362257940919,3232.0990817831707,881.8022231129058,1. VIP Champions
15869,2011-03-07,2011-03-07,1,149.64,149.64,0,0,277,149.64,1.0,0.8720270650055437,424.2789907588981,369.9827630549961,100.94109577709972,3. Emerging Loyalists
15870,2011-11-07,2011-11-07,1,354.09000000000003,354.09000000000003,0,0,32,354.09000000000003,1.0,2.988193962005838,424.2789907588981,1267.82791839167,345.89703120907694,3. Emerging Loyalists
15872,2011-11-25,2011-11-25,1,360.93,360.93,0,0,14,360.93,1.0,3.6365543175428487,424.2789907588981,1542.9135956869932,420.94768889241357,3. Emerging Loyalists
15874,2011-02-28,2011-10-07,6,4405.88,734.3133333333334,5,221,284,734.3133333333334,0.9992290672946987,6.0206561464119766,699.0267640710407,4208.599783610785,1148.2174746118912,1. VIP Champions
15877,2011-11-22,2011-12-08,2,493.28,246.64,1,16,17,246.64,0.9997343773779059,7.75377537740401,316.1052017225154,2451.008729785368,668.7000899741819,1. VIP Champions
15880,2010-12-05,2010-12-05,1,343.28000000000003,343.28000000000003,0,0,369,343.28000000000003,1.0,0.6888445217056436,424.2789907588981,292.26225845906635,79.73688390116398,3. Emerging Loyalists
15881,2010-12-10,2011-01-31,3,501.39,167.13,2,52,364,167.13,0.9906689455248084,2.360635803399886,229.62862769821885,542.0695600299981,147.89093125591074,3. Emerging Loyalists
15882,2010-12-06,2011-05-25,2,516.3600000000001,258.18000000000006,1,170,368,258.18000000000006,0.9992174276378427,1.5245451308676499,323.1325188680702,492.6301082653154,134.40253954128286,3. Emerging Loyalists
15883,2011-11-06,2011-12-07,2,396.48,198.24,1,31,33,198.24,0.9997304149256959,6.536984913819123,286.63187851239013,1873.70826565513,511.19723508233807,3. Emerging Loyalists
15885,2011-02-03,2011-09-08,3,379.35,126.45,2,217,309,126.45,0.9994366113822658,2.7280839990098027,198.8356747648322,542.4404227582559,147.9921124294987,3. Emerging Loyalists
15886,2011-10-10,2011-10-10,1,181.09,181.09,0,0,60,181.09,1.0,2.339388789492559,424.2789907588981,992.5535145985832,270.7948839392279,3. Emerging Loyalists
15888,2011-09-20,2011-09-20,1,168.31,168.31,0,0,80,168.31,1.0,2.025290976949348,424.2789907588981,859.2884116931722,234.43663469257154,3. Emerging Loyalists
15889,2010-12-05,2011-07-06,2,446.87,223.435,1,213,369,223.435,0.9994190136123094,1.5213709757255527,301.97444831154525,459.4151610719211,125.34062233682823,3. Emerging Loyalists
15891,2011-04-27,2011-04-27,1,524.52,524.52,0,0,226,524.52,1.0,1.0228051122645758,424.2789907588981,433.9547207746557,118.3943399712593,3. Emerging Loyalists
15894,2010-12-05,2011-03-31,2,263.55,131.775,1,116,369,131.775,0.9987459034009594,1.5203463300813689,246.15782009997324,374.2451384098241,102.10398465164354,3. Emerging Loyalists
15895,2011-07-13,2011-07-13,1,179.17,179.17,0,0,149,179.17,1.0,1.3841386746443196,424.2789907588981,587.2609599484507,160.22034192846056,3. Emerging Loyalists
15897,2011-05-29,2011-05-29,1,222.05,222.05,0,0,194,222.05,1.0,1.147272166054317,424.2789907588981,486.7634767393006,132.80196709875426,3. Emerging Loyalists
15898,2010-12-06,2011-12-08,5,1388.88,277.776,4,367,368,277.776,0.9997484006500402,4.0306792412405175,298.04215531585834,1201.3123284462124,327.7498167823424,3. Emerging Loyalists
15899,2010-12-06,2010-12-06,1,56.25,56.25,0,0,368,56.25,1.0,0.690420971948198,424.2789907588981,292.93111317695895,79.91936518105464,3. Emerging Loyalists
15900,2011-11-16,2011-11-16,1,351.11,351.11,0,0,23,351.11,1.0,3.280646809701304,424.2789907588981,1391.9095174564682,379.74977740718487,3. Emerging Loyalists
15901,2011-07-08,2011-11-23,3,363.88,121.29333333333334,2,138,154,121.29333333333334,0.9996838315408402,4.625776362482918,194.93230716503302,901.7132587682693,246.0112564846133,3. Emerging Loyalists
15903,2011-02-17,2011-11-30,7,5126.76,732.3942857142857,6,286,295,732.3942857142857,0.9997130182557465,6.844092403470283,702.6057614025976,4808.698754249973,1311.94036583757,1. VIP Champions
15904,2011-12-01,2011-12-01,1,164.68,164.68,0,0,8,164.68,1.0,3.920072215858805,424.2789907588981,1663.204283446571,453.76617409419003,3. Emerging Loyalists
15906,2011-03-29,2011-11-20,5,1567.69,313.538,4,236,255,313.538,0.9996669102923312,5.436174495509503,328.8571010430936,1787.7245853576571,487.7386100466507,3. Emerging Loyalists
15907,2011-05-13,2011-12-06,3,967.45,322.48333333333335,2,207,210,322.48333333333335,0.9997358795681216,3.6973619954394255,347.2242000034809,1283.8135609897283,350.2583378473249,3. Emerging Loyalists
15909,2011-06-19,2011-06-19,1,191.94,191.94,0,0,173,191.94,1.0,1.2468456070555445,424.2789907588981,529.010395793692,144.32804541479413,3. Emerging Loyalists
15910,2011-01-27,2011-12-09,8,1232.18,154.0225,7,316,316,154.0225,0.9997614200514819,7.418978128922777,176.73187058384866,1311.169882545184,357.72186682753295,3. Emerging Loyalists
15912,2011-04-20,2011-06-14,2,264.62,132.31,1,55,233,132.31,0.9986793434092174,2.204951036369622,246.4836099329777,543.4842911698448,148.2769073762763,3. Emerging Loyalists
15916,2010-12-08,2011-11-23,7,1528.0900000000001,218.29857142857145,6,350,366,218.29857142857145,0.9996875908435173,5.726760346556033,238.21271665084117,1364.1871397614254,372.1863786180681,3. Emerging Loyalists
15917,2011-04-06,2011-04-06,1,123.1,123.1,0,0,247,123.1,1.0,0.9548251208689297,424.2789907588981,405.1122386335124,110.5253470262402,3. Emerging Loyalists
15918,2011-03-13,2011-06-02,2,334.23,167.115,1,81,271,167.115,0.9988416396388784,1.9588040706985332,267.6782176670358,524.3291824035178,143.0508864323894,3. Emerging Loyalists
15919,2010-12-06,2011-11-20,2,639.8900000000001,319.94500000000005,1,349,368,319.94500000000005,0.9997180055777716,1.5253088822192875,360.74449837371867,550.2467875811744,150.12189548413272,3. Emerging Loyalists
15920,2011-07-08,2011-07-08,1,167.5,167.5,0,0,154,167.5,1.0,1.3530985036087413,424.2789907588981,574.091267508492,156.62730106634012,3. Emerging Loyalists
15921,2011-06-20,2011-06-20,1,336.03000000000003,336.03000000000003,0,0,172,336.03000000000003,1.0,1.2520201151401065,424.2789907588981,531.2058308614837,144.92701824158343,3. Emerging Loyalists
15922,2010-12-01,2010-12-01,1,369.5,369.5,0,0,373,369.5,1.0,0.6826100599020506,424.2789907588981,289.617107297113,79.01521661434514,3. Emerging Loyalists
15923,2010-12-02,2010-12-02,1,127.08,127.08,0,0,372,127.08,1.0,0.6841580715470145,424.2789907588981,290.27389611552127,79.194405997323,3. Emerging Loyalists
15925,2011-05-29,2011-05-29,1,207.15,207.15,0,0,194,207.15,1.0,1.147272166054317,424.2789907588981,486.7634767393006,132.80196709875426,3. Emerging Loyalists
15930,2011-10-03,2011-10-03,1,426.63,426.63,0,0,67,426.63,1.0,2.2189429863295427,424.2789907588981,941.4508907914337,256.8527348466989,3. Emerging Loyalists
15932,2011-02-23,2011-12-05,8,2495.87,311.98375,7,285,289,311.98375,0.9997394923729416,7.978398696607429,321.4198017670932,2564.4153274823943,699.6404130999621,1. VIP Champions
15933,2011-09-14,2011-11-18,3,1107.46,369.15333333333336,2,65,86,369.15333333333336,0.9996134197654112,6.6552140502653865,382.5513168520836,2545.9608988615123,694.6055562554145,1. VIP Champions
15935,2011-04-12,2011-04-14,2,416.86,208.43,1,2,241,208.43,0.9961721430032198,2.142648901356367,292.8371091634475,627.4471102254354,171.18418794800894,3. Emerging Loyalists
15937,2011-10-06,2011-10-06,1,145.35,145.35,0,0,64,145.35,1.0,2.269009670419825,424.2789907588981,962.6931329879034,262.6481810625419,3. Emerging Loyalists
15938,2011-01-20,2011-08-19,5,404.58000000000004,80.91600000000001,4,211,323,80.91600000000001,0.99873861545866,4.488894323113395,128.41433204357136,576.438366116786,157.2676517233865,3. Emerging Loyalists
15939,2011-01-12,2011-09-11,14,6115.01,436.7864285714286,13,242,331,436.7864285714286,0.9928935826864808,12.528331146304165,436.19767930642894,5464.828971600329,1490.9500650055463,1. VIP Champions
15940,2011-02-01,2011-02-01,1,35.8,35.8,0,0,311,35.8,1.0,0.7939952236689067,424.2789907588981,336.8754921656293,91.90855551990614,3. Emerging Loyalists
15942,2011-07-29,2011-07-29,1,337.44,337.44,0,0,133,337.44,1.0,1.4937955404378098,424.2789907588981,633.7860642970967,172.91362248920427,3. Emerging Loyalists
15944,2011-03-08,2011-03-08,1,325.1,325.1,0,0,276,325.1,1.0,0.8745549782454213,424.2789907588981,371.0553035331374,101.23371322293673,3. Emerging Loyalists
15945,2010-12-09,2010-12-09,1,181.0,181.0,0,0,365,181.0,1.0,0.6951939152545263,424.2789907588981,294.95617274591734,80.47185505981739,3. Emerging Loyalists
15947,2011-09-18,2011-09-18,1,1708.24,1708.24,0,0,82,1708.24,1.0,1.9984586904163386,424.2789907588981,847.9040362431933,231.3306755847199,3. Emerging Loyalists
15948,2011-10-27,2011-12-01,2,955.24,477.62,1,35,43,477.62,0.9997023009355993,5.952945720155419,456.7611561662085,2719.0743697328717,741.8354955618967,1. VIP Champions
15949,2011-09-29,2011-11-23,2,364.72,182.36,1,55,71,182.36,0.9996754684088233,4.761882146624514,276.9617055252664,1318.8590008394422,359.81966192418395,3. Emerging Loyalists
15950,2010-12-15,2011-11-08,4,1765.5100000000002,441.37750000000005,3,328,359,441.37750000000005,0.9996634115748517,3.2624968660448133,438.3627997854117,1430.1572604905357,390.1847745972724,3. Emerging Loyalists
15951,2011-02-27,2011-12-01,2,708.22,354.11,1,277,285,354.11,0.9997289092125735,1.882999506630967,381.54937621408914,718.4572871664831,196.01417438154323,3. Emerging Loyalists
15952,2011-04-28,2011-11-06,4,806.57,201.6425,3,192,225,201.6425,0.9996018943263206,4.749399061052409,240.89634763046706,1144.112887247095,312.14429444718854,3. Emerging Loyalists
15953,2010-12-05,2011-11-24,8,1659.3799999999999,207.42249999999999,7,354,369,207.42249999999999,0.9996866299708498,6.520676542313121,225.64472437036437,1471.3562610985448,401.4249530097885,3. Emerging Loyalists
15955,2010-12-02,2011-11-15,10,4416.26,441.62600000000003,9,348,372,441.62600000000003,0.9995976320848255,8.13055318422422,440.47069832946556,3581.2704388601023,977.0654162041022,1. VIP Champions
15957,2011-11-08,2011-11-08,1,428.89,428.89,0,0,31,428.89,1.0,3.0180880823313876,424.2789907588981,1280.5113655930193,349.3574114931846,3. Emerging Loyalists
15958,2011-09-26,2011-09-26,1,104.35,104.35,0,0,74,104.35,1.0,2.110292440898814,424.2789907588981,895.3527470306805,244.27594044125516,3. Emerging Loyalists
15963,2011-10-25,2011-11-20,2,470.76,235.38,1,26,45,235.38,0.9996372355995248,5.848090088206144,309.24839140544907,1808.5124525719007,493.4100907344218,3. Emerging Loyalists
15965,2010-12-07,2011-11-22,3,845.6400000000001,281.88000000000005,2,350,367,281.88000000000005,0.9997133544230371,2.3657947284502985,316.48928033111264,748.748671018375,204.27846608358723,3. Emerging Loyalists
15967,2011-01-25,2011-11-16,2,418.83000000000004,209.41500000000002,1,295,318,209.41500000000002,0.9997092093663761,1.7223828093686728,293.4369278279511,505.41072012481885,137.88942891728416,3. Emerging Loyalists
15969,2011-06-07,2011-12-07,3,666.1,222.03333333333333,2,183,185,222.03333333333333,0.9997380396170824,4.061342740300937,271.1880121431395,1101.3874643741817,300.4876676175469,3. Emerging Loyalists
15970,2011-02-09,2011-02-09,1,314.1,314.1,0,0,303,314.1,1.0,0.811072260262944,424.2789907588981,344.1209200169002,93.88530011374142,3. Emerging Loyalists
15971,2011-02-01,2011-11-22,11,4199.85,381.80454545454546,10,294,311,381.80454545454546,0.9996239407285671,10.396377308095456,384.3675127809827,3996.0296878452987,1090.222723129856,1. VIP Champions
15973,2010-12-08,2010-12-08,1,307.82000000000005,307.82000000000005,0,0,366,307.82000000000005,1.0,0.6935956186115332,424.2789907588981,294.2780490592949,80.28684495979309,3. Emerging Loyalists
15974,2011-02-24,2011-10-31,7,3442.15,491.7357142857143,6,249,288,491.7357142857143,0.9994672442865242,6.976590033936685,485.21401191757786,3385.13923987061,923.5556311032949,1. VIP Champions
15975,2011-09-16,2011-09-16,1,371.01,371.01,0,0,84,371.01,1.0,1.9723280884394196,424.2789907588981,836.8173708085037,228.30593965310214,3. Emerging Loyalists
15976,2011-05-03,2011-06-27,2,430.94,215.47,1,55,220,215.47,0.9987812183173876,2.304384716546901,297.1241379940112,684.6883225105719,186.80110654162564,3. Emerging Loyalists
15977,2011-10-31,2011-11-22,2,1054.73,527.365,1,22,39,527.365,0.9996444819302934,6.1731513525851,487.05352110603667,3006.6551025970657,820.2951353029463,1. VIP Champions
15978,2011-09-23,2011-09-23,1,1098.78,1098.78,0,0,77,1098.78,1.0,2.066918162420053,424.2789907588981,876.9499519328164,239.25517058916418,3. Emerging Loyalists
15980,2011-03-30,2011-09-12,2,2398.86,1199.43,1,166,254,1199.43,0.9995352261816197,2.0633438017081094,896.3094914203521,1849.3946335343312,504.563832357493,3. Emerging Loyalists
15981,2011-02-01,2011-11-15,8,3408.48,426.06,7,287,311,426.06,0.9996024942490817,7.5154118627664435,425.9103436540598,3200.8916491726536,873.2880090503784,1. VIP Champions
15983,2010-12-01,2011-11-17,4,1475.02,368.755,3,351,373,368.755,0.9996930945816893,3.1592441388017387,378.5446363064767,1195.9149235260725,326.27726178412314,3. Emerging Loyalists
15984,2010-12-06,2011-12-07,10,2837.67,283.767,9,366,368,283.767,0.9997570940019125,8.20629057219527,293.1250245099157,2405.4691251102286,656.2756798227252,1. VIP Champions
15985,2011-04-17,2011-08-08,2,1142.42,571.21,1,113,236,571.21,0.9993325155100037,2.184688025999145,513.7530635884323,1122.3901663420254,306.21776091543074,3. Emerging Loyalists
15986,2011-11-09,2011-11-09,1,168.12,168.12,0,0,30,168.12,1.0,3.048586372942482,424.2789907588981,1293.451149553366,352.8877272335484,3. Emerging Loyalists
15987,2010-12-06,2011-11-27,6,1451.2800000000002,241.88000000000002,5,356,368,241.88000000000002,0.9997114798027147,4.865607541731932,262.6397473471207,1277.9019354507197,348.6454898465041,3. Emerging Loyalists
15988,2011-11-20,2011-11-20,1,158.03,158.03,0,0,19,158.03,1.0,3.4298361975782448,424.2789907588981,1455.2074403768343,397.01912705806683,3. Emerging Loyalists
15990,2011-02-25,2011-10-26,2,792.11,396.055,1,243,287,396.055,0.9996691590050168,1.8723077389944607,407.0919080745996,762.2013299700944,207.94870770373623,3. Emerging Loyalists
15992,2011-12-06,2011-12-06,1,41.989999999999995,41.989999999999995,0,0,3,41.989999999999995,1.0,4.192453598833141,424.2789907588981,1778.7699817164353,485.295557034313,3. Emerging Loyalists
15993,2011-10-26,2011-12-01,5,2797.57,559.514,4,36,44,559.514,0.9996453223154755,15.590232249144593,540.8065750714592,8431.300107228499,2300.28194995321,1. VIP Champions
15994,2011-10-16,2011-10-16,1,427.07,427.07,0,0,54,427.07,1.0,2.4535431316699117,424.2789907588981,1040.9868036883363,284.00876783057555,3. Emerging Loyalists
15996,2010-12-08,2011-09-12,6,1060.68,176.78,5,278,366,176.78,0.9990849779764955,4.884917034405719,204.94910606492908,1001.1593794027965,273.1427917614032,3. Emerging Loyalists
15998,2010-12-12,2011-11-03,5,3089.9700000000003,617.994,4,326,362,617.994,0.9996209472482376,4.086275083263985,591.1968783578727,2415.793073337224,659.0923263015345,1. VIP Champions
16000,2011-12-07,2011-12-07,1,12393.7,12393.7,0,0,2,12393.7,1.0,4.251536147927672,424.2789907588981,1803.8374660177258,492.13463059777894,3. Emerging Loyalists
16003,2010-12-15,2011-11-10,4,2735.37,683.8425,3,330,359,683.8425,0.9996698204925238,3.262517782158755,638.0779157332233,2081.740546482437,567.9539504772017,1. VIP Champions
16005,2011-03-14,2011-11-27,3,615.39,205.13,2,258,270,205.13,0.999716360409427,3.0428235668492634,258.3929396812251,786.2441263694918,214.50821927141465,3. Emerging Loyalists
16006,2011-05-12,2011-05-12,1,101.4,101.4,0,0,211,101.4,1.0,1.0776062180448671,424.2789907588981,457.2056786275893,124.73781701371118,3. Emerging Loyalists
16007,2011-05-08,2011-10-23,4,1701.94,425.485,3,168,215,425.485,0.9994956137256291,4.916132665823683,425.2723641340781,2090.695361191605,570.3970610744649,1. VIP Champions
16008,2011-05-19,2011-11-16,3,478.78,159.59333333333333,2,181,204,159.59333333333333,0.9996714846358932,3.7783914396588045,223.9237058215893,846.0714132129694,230.8306874898971,3. Emerging Loyalists
16009,2011-07-03,2011-11-17,4,992.71,248.1775,3,137,159,248.1775,0.9996277964126637,6.124629545548268,279.22659290558477,1710.159440812323,466.5767845068179,3. Emerging Loyalists
16010,2010-12-12,2011-04-08,3,407.5,135.83333333333334,2,117,362,135.83333333333334,0.9972509276248321,2.38734786303919,205.9384412764254,491.64669769889593,134.1342390957337,3. Emerging Loyalists
16011,2010-12-08,2011-12-01,16,3362.71,210.169375,15,358,366,210.169375,0.9997116486437259,13.277151978107124,218.95928897638444,2907.155756757732,793.1490787807563,1. VIP Champions
16012,2011-07-07,2011-11-04,3,1415.29,471.7633333333333,2,120,155,471.7633333333333,0.9995859385809569,4.604670866455264,460.22252876198536,2119.1732702766835,578.1665888350356,1. VIP Champions
16013,2010-12-03,2011-12-06,28,37130.6,1326.0928571428572,27,368,371,1326.0928571428572,0.9997735896827227,23.08028792576197,1305.1425620413045,30123.06611607996,8218.370166264085,1. VIP Champions
16014,2011-02-21,2011-11-02,3,662.38,220.79333333333332,2,254,291,220.79333333333332,0.9996519526070462,2.865120832891658,270.2493872257993,774.2971494168422,211.24876757462047,3. Emerging Loyalists
16015,2011-10-21,2011-12-06,3,705.39,235.13,2,46,49,235.13,0.9997244834537725,8.743710668119116,281.10160703622995,2457.871120268111,670.5723318301503,1. VIP Champions
16016,2010-12-08,2011-12-06,7,1508.76,215.53714285714287,6,363,366,215.53714285714287,0.9997463970101692,5.727097220621891,235.71826243440802,1349.9814056379196,368.31067814785,3. Emerging Loyalists
16017,2011-10-23,2011-10-23,1,211.88,211.88,0,0,47,211.88,1.0,2.6016537942746067,424.2789907588981,1103.8270461388881,301.15325012883454,3. Emerging Loyalists
16018,2011-06-12,2011-10-31,2,408.9,204.45,1,141,180,204.45,0.9996451087470444,2.6769409912826023,290.4134763870777,777.4197393614504,212.10069280505198,3. Emerging Loyalists
16019,2010-12-10,2011-10-24,9,3786.2400000000002,420.6933333333334,8,318,364,420.6933333333334,0.9993659689234705,7.43636532821934,420.9597685338844,3130.410627300617,854.0589197800883,1. VIP Champions
16020,2011-10-05,2011-11-23,2,851.01,425.505,1,49,65,425.505,0.9996720144073419,4.9751484147360285,425.0255727138184,2114.565304309426,576.9094136893669,1. VIP Champions
16022,2011-03-24,2011-03-24,1,628.28,628.28,0,0,260,628.28,1.0,0.9170917954606201,424.2789907588981,389.1027814112977,106.15754312785496,3. Emerging Loyalists
16023,2011-03-18,2011-10-24,3,719.8100000000001,239.9366666666667,2,220,266,239.9366666666667,0.9996111228498952,3.0788360729370776,284.74004018355413,876.6679071266794,239.1782212968387,3. Emerging Loyalists
16024,2011-11-27,2011-11-27,1,251.24,251.24,0,0,12,251.24,1.0,3.726390973513975,424.2789907588981,1581.029401415577,431.3466900915543,3. Emerging Loyalists
16025,2011-11-10,2011-11-10,1,439.65999999999997,439.65999999999997,0,0,29,439.65999999999997,1.0,3.079707336540863,424.2789907588981,1306.6551205803314,356.490120201982,3. Emerging Loyalists
16026,2011-10-27,2011-10-27,1,236.09,236.09,0,0,43,236.09,1.0,2.694603816894278,424.2789907588981,1143.263787926979,311.91263766650934,3. Emerging Loyalists
16027,2011-02-10,2011-09-09,6,934.62,155.77,5,211,302,155.77,0.9987367942103218,5.725694584740317,186.33035993069188,1066.8707328278767,291.07058916729994,3. Emerging Loyalists
16029,2010-12-01,2011-11-01,39,81024.84,2077.56,38,335,373,2077.56,0.9945393504261838,31.89049465536079,2050.085455028263,65378.23924661171,17836.915036361872,1. VIP Champions
16030,2011-02-03,2011-02-03,1,331.24,331.24,0,0,309,331.24,1.0,0.7981967094936234,424.2789907588981,338.65809433102794,92.39489659813422,3. Emerging Loyalists
16031,2011-04-06,2011-09-08,2,548.94,274.47,1,155,247,274.47,0.9995126014076051,2.1090089399188288,333.0523625683375,702.4104101177109,191.63616136350788,3. Emerging Loyalists
16033,2010-12-05,2011-12-04,18,8816.4,489.79999999999995,17,364,369,489.79999999999995,0.9997425964453819,14.853005003574014,487.4150789441541,7239.578606374944,1975.148764925867,1. VIP Champions
16034,2011-01-11,2011-05-27,3,437.7,145.9,2,136,332,145.9,0.9982952995911022,2.568657806521696,213.55846076666037,548.5586073970395,149.66131522291002,3. Emerging Loyalists
16036,2011-03-21,2011-09-13,2,758.9200000000001,379.46000000000004,1,176,263,379.46000000000004,0.9995471153568641,2.0074267948591067,396.9863337218717,796.9210035061645,217.4211541031733,3. Emerging Loyalists
16037,2010-12-16,2011-03-15,3,855.02,285.00666666666666,2,89,358,285.00666666666666,0.9957595330483453,2.406110170506438,318.85602810655644,767.2027321544721,209.3132226685537,3. Emerging Loyalists
16038,2011-05-22,2011-12-02,3,471.78,157.26,2,194,201,157.26,0.9997240857700711,3.820580925671232,222.15747613842223,848.7706158297178,231.56710144499397,3. Emerging Loyalists
16040,2011-03-16,2011-10-05,3,1313.55,437.84999999999997,2,203,268,437.84999999999997,0.9995306295692903,3.0603153887536108,434.55164190978314,1329.8650769446579,362.82241095252584,3. Emerging Loyalists
16041,2011-07-21,2011-11-09,2,3166.4,1583.2,1,111,141,1583.2,0.9996554479625941,3.174216485255846,1130.0073684523725,3586.888017402098,978.5980403970802,1. VIP Champions
16042,2011-01-11,2011-11-17,4,1197.27,299.3175,3,310,332,299.3175,0.9996867235478393,3.4822697582807205,321.3499139192201,1119.0270870670129,305.30022382694057,3. Emerging Loyalists
16043,2011-01-26,2011-11-02,4,773.99,193.4975,3,280,317,193.4975,0.9996288085948987,3.6173958288717905,234.1874221385613,847.1486040182688,231.12457366813445,3. Emerging Loyalists
16045,2011-02-22,2011-08-12,4,1340.7,335.175,3,171,290,335.175,0.9988222236307667,3.8863487547370767,350.88524796784014,1363.662446495426,372.0432283999889,3. Emerging Loyalists
16048,2010-12-01,2010-12-01,1,256.44,256.44,0,0,373,256.44,1.0,0.6826100599020506,424.2789907588981,289.617107297113,79.01521661434514,3. Emerging Loyalists
16049,2011-09-25,2011-10-30,3,1111.79,370.59666666666664,2,35,75,370.59666666666664,0.9993573562238779,7.161907267117424,383.6438560703855,2747.621720775445,749.6239689274586,1. VIP Champions
16050,2011-06-19,2011-06-19,1,137.9,137.9,0,0,173,137.9,1.0,1.2468456070555445,424.2789907588981,529.010395793692,144.32804541479413,3. Emerging Loyalists
16052,2011-10-16,2011-10-16,1,362.06,362.06,0,0,54,362.06,1.0,2.4535431316699117,424.2789907588981,1040.9868036883363,284.00876783057555,3. Emerging Loyalists
16053,2011-08-09,2011-11-07,2,1511.95,755.975,1,90,122,755.975,0.999636559957519,3.4899776732648276,626.2662570371679,2185.6552545788477,596.304634752323,1. VIP Champions
16054,2011-07-17,2011-07-17,1,783.9,783.9,0,0,145,783.9,1.0,1.4100153525591947,424.2789907588981,598.239890738367,163.2156849959168,3. Emerging Loyalists
16055,2011-05-03,2011-05-03,1,134.8,134.8,0,0,220,134.8,1.0,1.0440428147848846,424.2789907588981,442.96543176601,120.85270055456803,3. Emerging Loyalists
16056,2011-10-25,2011-10-25,1,664.85,664.85,0,0,45,664.85,1.0,2.6473131629798625,424.2789907588981,1123.1993570118423,306.43852955943316,3. Emerging Loyalists
16057,2011-02-28,2011-11-23,4,2263.12,565.78,3,268,284,565.78,0.9996985279073185,3.955880900528713,540.8314435554306,2139.4647779663005,583.7026494997183,1. VIP Champions
16059,2010-12-07,2011-10-05,6,1459.8600000000001,243.31000000000003,5,302,367,243.31000000000003,0.9993717688521776,4.875111065374304,263.90699184840383,1286.5758961897998,351.01197604305196,3. Emerging Loyalists
16062,2010-12-10,2011-11-30,4,1153.62,288.405,3,355,364,288.405,0.999726426243059,3.2250234260111146,312.3614363955342,1007.3729497580786,274.83801830431395,3. Emerging Loyalists
16063,2011-03-24,2011-03-24,1,335.32,335.32,0,0,260,335.32,1.0,0.9170917954606201,424.2789907588981,389.1027814112977,106.15754312785496,3. Emerging Loyalists
16065,2010-12-09,2010-12-09,1,372.09,372.09,0,0,365,372.09,1.0,0.6951939152545263,424.2789907588981,294.95617274591734,80.47185505981739,3. Emerging Loyalists
16066,2011-08-07,2011-11-23,5,1521.87,304.37399999999997,4,108,124,304.37399999999997,0.9996221731263917,9.126383863043888,320.9607819713307,2929.2113012531,799.1664154019007,1. VIP Champions
16070,2011-11-07,2011-11-17,2,852.1500000000001,426.07500000000005,1,10,32,426.07500000000005,0.9995927216535375,6.600824398707672,425.37267590038397,2807.8103376268255,766.0450175409674,1. VIP Champions
16071,2011-10-26,2011-10-26,1,326.24,326.24,0,0,44,326.24,1.0,2.6707491637760614,424.2789907588981,1133.1427597770783,309.15135315853354,3. Emerging Loyalists
16072,2011-02-24,2011-02-24,1,584.3199999999999,584.3199999999999,0,0,288,584.3199999999999,1.0,0.8451548166695868,424.2789907588981,358.58143265159384,97.83051090894703,3. Emerging Loyalists
16073,2011-02-15,2011-02-15,1,122.39999999999999,122.39999999999999,0,0,297,122.39999999999999,1.0,0.8243700072402026,424.2789907588981,349.76287468377865,95.42457475912477,3. Emerging Loyalists
16076,2011-05-15,2011-12-06,9,2234.73,248.30333333333334,8,205,208,248.30333333333334,0.9997409116455606,11.629332065197975,261.37934813785,3039.6672344800436,829.3017191196918,1. VIP Champions
16078,2011-03-01,2011-03-01,1,79.2,79.2,0,0,283,79.2,1.0,0.8571612464969569,424.2789907588981,363.6755085813679,99.22030972572789,3. Emerging Loyalists
16079,2011-10-30,2011-11-23,3,1352.0,450.6666666666667,2,24,40,450.6666666666667,0.9995987454393168,9.46474785509198,444.2532892408936,4204.7453664603045,1147.1658875391881,1. VIP Champions
16080,2011-03-10,2011-09-19,2,217.16,108.58,1,193,274,108.58,0.9995747599462527,1.9430947663741271,232.0331562185919,450.8624114736162,123.00720574944059,3. Emerging Loyalists
16081,2010-12-08,2011-10-14,5,2806.8999999999996,561.3799999999999,4,310,366,561.3799999999999,0.9995161581073129,4.048272199701813,542.4144462399346,2195.841323429781,599.0836640859716,1. VIP Champions
16083,2010-12-14,2011-08-31,2,1317.62,658.81,1,260,360,658.81,0.9995778500477986,1.5535377436859306,567.0973427869235,881.0071263634838,240.36207521739283,3. Emerging Loyalists
16084,2011-02-13,2011-02-13,1,436.18,436.18,0,0,299,436.18,1.0,0.8198892393365146,424.2789907588981,347.8617789997771,94.90590551103413,3. Emerging Loyalists
16085,2011-01-23,2011-11-16,5,981.51,196.302,4,297,320,196.302,0.9996660847812072,4.5277173936176,227.83867429743756,1031.5891285552832,281.4448331816888,3. Emerging Loyalists
16086,2010-12-07,2011-10-11,5,1121.3899999999999,224.27799999999996,4,308,367,224.27799999999996,0.9994981185335453,4.038913407050252,251.94467848247007,1017.5827397578136,277.6235193955476,3. Emerging Loyalists
16091,2011-05-25,2011-07-08,2,315.06,157.53,1,44,198,157.53,0.9987502915844969,2.4942108590013863,261.841403556105,653.0876720858013,178.17961224603528,3. Emerging Loyalists
16092,2011-03-30,2011-08-17,3,817.86,272.62,2,140,254,272.62,0.9991235606325112,3.1916770007304525,309.4798716742011,987.7597886115594,269.4870285408038,3. Emerging Loyalists
16093,2011-08-25,2011-08-25,1,17.0,17.0,0,0,106,17.0,1.0,1.7243205267196806,424.2789907588981,731.5929728214777,199.59793729214562,3. Emerging Loyalists
16094,2011-05-04,2011-11-28,3,1078.23,359.41,2,208,219,359.41,0.9997140231103221,3.5817247776298275,375.1760463322303,1343.7773411213454,366.6180450494758,3. Emerging Loyalists
16096,2011-03-20,2011-03-20,1,320.62,320.62,0,0,264,320.62,1.0,0.9060743296911213,424.2789907588981,384.42830215389404,104.88222139520573,3. Emerging Loyalists
16097,2011-04-13,2011-04-13,1,185.04999999999998,185.04999999999998,0,0,240,185.04999999999998,1.0,0.976458316065277,424.2789907588981,414.29074885830886,113.0294876841512,3. Emerging Loyalists
16098,2010-12-01,2011-09-13,7,2005.63,286.5185714285714,6,286,373,286.5185714285714,0.9989205859555489,5.631732451396502,299.8372208678863,1688.6030068982157,460.6956184698661,3. Emerging Loyalists
16099,2011-04-28,2011-10-20,3,731.9000000000001,243.9666666666667,2,175,225,243.9666666666667,0.9995661699820121,3.508099313009438,287.79057116490975,1009.5979049942136,275.44504501479094,3. Emerging Loyalists
16101,2011-09-30,2011-09-30,1,1290.7,1290.7,0,0,70,1290.7,1.0,2.17103808777161,424.2789907588981,921.1258487788666,251.30752513064752,3. Emerging Loyalists
16102,2011-08-03,2011-10-28,3,1842.14,614.0466666666667,2,86,128,614.0466666666667,0.9994955320752088,5.235424892274041,567.9246916562503,2973.327067634192,811.202364760147,1. VIP Champions
16103,2011-04-20,2011-12-02,6,1429.64,238.27333333333334,5,226,233,238.27333333333334,0.9997187670244612,7.040975600194209,259.44357356999154,1826.7358711335016,498.38192191710675,3. Emerging Loyalists
16104,2011-10-09,2011-10-09,1,302.36,302.36,0,0,61,302.36,1.0,2.321387849041361,424.2789907588981,984.9160937512379,268.71119327516493,3. Emerging Loyalists
16105,2011-04-05,2011-04-05,1,336.96,336.96,0,0,248,336.96,1.0,0.9518126670304788,424.2789907588981,403.8341177592267,110.1766418040815,3. Emerging Loyalists
16106,2011-10-05,2011-10-05,1,108.38,108.38,0,0,65,108.38,1.0,2.252071611977849,424.2789907588981,955.5066706467267,260.687523821406,3. Emerging Loyalists
16107,2011-06-09,2011-11-22,7,3204.1600000000003,457.7371428571429,6,166,183,457.7371428571429,0.9996103470822462,9.88538782404117,454.5024154887665,4492.932644069952,1225.7910087495325,1. VIP Champions
16108,2011-09-16,2011-09-16,1,842.5,842.5,0,0,84,842.5,1.0,1.9723280884394196,424.2789907588981,836.8173708085037,228.30593965310214,3. Emerging Loyalists
16109,2011-02-04,2011-05-05,2,611.8799999999999,305.93999999999994,1,90,308,305.93999999999994,0.9987424696279481,1.7663645295072596,352.2161121845078,622.1420472836643,169.73682628692188,3. Emerging Loyalists
16110,2011-02-01,2011-10-25,3,1337.48,445.82666666666665,2,266,311,445.82666666666665,0.9996342167417774,2.7142606711265405,440.5896242409528,1195.8750891836387,326.26639392059985,3. Emerging Loyalists
16112,2011-01-05,2011-07-19,4,195.74,48.935,3,195,338,48.935,0.9986782409591707,3.4274678298731676,115.11326112890822,394.5469993111223,107.64286994665034,3. Emerging Loyalists
16113,2011-06-09,2011-06-09,1,161.38,161.38,0,0,183,161.38,1.0,1.1973596053293583,424.2789907588981,508.01452492461266,138.59981582155675,3. Emerging Loyalists
16114,2011-06-22,2011-06-22,1,135.75000000000003,135.75000000000003,0,0,170,135.75000000000003,1.0,1.2624990574284662,424.2789907588981,535.6518259198098,146.14000343392408,3. Emerging Loyalists
16115,2011-02-20,2011-11-30,8,1667.97,208.49625,7,283,292,208.49625,0.999709306398403,7.91184983359879,226.62824827960168,1793.0486684397517,489.19116090571623,3. Emerging Loyalists
16116,2011-05-12,2011-05-12,1,612.78,612.78,0,0,211,612.78,1.0,1.0776062180448671,424.2789907588981,457.2056786275893,124.73781701371118,3. Emerging Loyalists
16117,2011-06-03,2011-06-03,1,232.21,232.21,0,0,189,232.21,1.0,1.169509634743013,424.2789907588981,496.19836751157305,135.37605515957796,3. Emerging Loyalists
16119,2011-09-28,2011-12-01,2,423.36,211.68,1,64,72,211.68,0.9997107183903398,4.728266890057867,294.8162062798299,1393.96970680539,380.311851620241,3. Emerging Loyalists
16120,2011-10-11,2011-10-11,1,1309.14,1309.14,0,0,59,1309.14,1.0,2.3576710842016273,424.2789907588981,1000.3103081465034,272.91114263727815,3. Emerging Loyalists
16121,2011-05-08,2011-10-13,2,867.11,433.555,1,158,215,433.555,0.9996085602786755,2.3469031433415863,429.9276440328578,1008.9985391901566,275.28152215082486,3. Emerging Loyalists
16122,2010-12-08,2011-09-27,4,684.4200000000001,171.10500000000002,3,293,366,171.10500000000002,0.9994902258835799,3.209435886516537,215.74302507563934,692.4134069433941,188.90871415334507,3. Emerging Loyalists
16123,2011-10-19,2011-10-19,1,307.78,307.78,0,0,51,307.78,1.0,2.514902544631104,424.2789907588981,1067.0203134930694,291.1113987340131,3. Emerging Loyalists
16124,2011-01-26,2011-01-26,1,249.0,249.0,0,0,317,249.0,1.0,0.7816520260526028,424.2789907588981,331.6385327382462,90.47977430108574,3. Emerging Loyalists
16125,2010-12-07,2010-12-07,1,289.35,289.35,0,0,367,289.35,1.0,0.6920046542897554,424.2789907588981,293.6030363225176,80.1026836092718,3. Emerging Loyalists
16126,2011-02-16,2011-11-10,4,6287.77,1571.9425,3,267,296,1571.9425,0.9996534807747037,3.825637628169198,1369.593781830399,5239.56950707693,1429.4933176819563,1. VIP Champions
16127,2011-10-31,2011-10-31,1,656.25,656.25,0,0,39,656.25,1.0,2.79444162499314,424.2789907588981,1185.6228723867446,323.4693176755397,3. Emerging Loyalists
16128,2011-03-02,2011-11-22,5,1880.22,376.044,4,265,282,376.044,0.9996838053602009,5.01804348465689,382.71647685055865,1920.4879231307855,523.9599644772969,3. Emerging Loyalists
16131,2011-04-14,2011-10-19,4,3506.54,876.635,3,188,239,876.635,0.9994954064986682,4.5330057685515825,796.8784704168622,3612.254703234198,985.5187440617129,1. VIP Champions
16133,2011-01-25,2011-12-06,29,14589.04,503.0703448275862,28,315,318,503.0703448275862,0.9997682669132661,27.184380540225998,501.3038270527818,13627.634000874461,3717.979447310239,1. VIP Champions
16134,2010-12-15,2011-11-18,2,618.09,309.045,1,338,359,309.045,0.9997149724644278,1.5573814631555662,354.10691112185157,551.4795393564473,150.45822281460002,3. Emerging Loyalists
16135,2011-03-22,2011-03-22,1,517.55,517.55,0,0,262,517.55,1.0,0.9115497730828542,424.2789907588981,386.751417750096,105.5160288514267,3. Emerging Loyalists
16136,2011-03-07,2011-10-11,3,709.38,236.46,2,218,277,236.46,0.9995655065836975,2.9808064405995887,282.1083579556352,840.9104103411316,229.42262923093807,3. Emerging Loyalists
16139,2011-05-17,2011-11-21,3,635.41,211.8033333333333,2,188,206,211.8033333333333,0.99968981498901,3.7509769351154207,263.4443565750828,988.1737051994581,269.5999559474695,3. Emerging Loyalists
16140,2010-12-03,2011-10-05,2,725.18,362.59,1,306,371,362.59,0.9996518548736213,1.5148078452628073,386.71329730544994,585.7963366257441,159.82075389934815,3. Emerging Loyalists
16141,2011-09-12,2011-09-12,1,620.4,620.4,0,0,88,620.4,1.0,1.9220646464272801,424.2789907588981,815.4916483595247,222.4877178136208,3. Emerging Loyalists
16142,2011-04-04,2011-04-04,1,535.34,535.34,0,0,249,535.34,1.0,0.9488191618705273,424.2789907588981,402.56403641113087,109.830129977573,3. Emerging Loyalists
16143,2010-12-05,2011-12-06,6,2424.94,404.1566666666667,5,366,369,404.1566666666667,0.9997446596082693,4.854658932980637,406.44688966872496,1973.1610237124712,538.3305812238463,1. VIP Champions
16144,2011-04-07,2011-04-07,1,175.2,175.2,0,0,246,175.2,1.0,0.957856703872831,424.2789907588981,406.39847561080944,110.87626653623394,3. Emerging Loyalists
16145,2010-12-15,2011-12-01,11,3799.49,345.4081818181818,10,351,359,345.4081818181818,0.9997189383786633,9.231194629034578,350.1673565378671,3232.4630209355946,881.9015153516536,1. VIP Champions
16146,2011-04-21,2011-07-05,3,734.13,244.71,2,75,232,244.71,0.9979441113750864,3.420944159144417,288.35324147826157,986.4403372054186,269.1270472550251,3. Emerging Loyalists
16147,2011-07-29,2011-07-29,1,375.0,375.0,0,0,133,375.0,1.0,1.4937955404378098,424.2789907588981,633.7860642970967,172.91362248920427,3. Emerging Loyalists
16148,2011-02-16,2011-02-16,1,76.32000000000001,76.32000000000001,0,0,296,76.32000000000001,1.0,0.8266288073625774,424.2789907588981,350.72123612002594,95.68604113860295,3. Emerging Loyalists
16149,2011-07-20,2011-12-05,2,280.52,140.26,1,138,142,140.26,0.999730743341951,3.159407852471682,251.32478595612844,794.0375022705568,216.63445860418975,3. Emerging Loyalists
16150,2010-12-02,2011-10-28,5,2053.02,410.604,4,330,372,410.604,0.9995966796372627,3.9935102702281244,412.4956984917769,1647.305808351835,449.42864905924927,3. Emerging Loyalists
16152,2011-03-16,2011-03-16,1,1829.04,1829.04,0,0,268,1829.04,1.0,0.8953184377622309,424.2789907588981,379.8648031815926,103.63717802335194,3. Emerging Loyalists
16153,2010-12-20,2011-10-21,5,1824.23,364.846,4,305,354,364.846,0.999549270681503,4.163265783380262,373.06752650511993,1553.1792679890748,423.74843615562247,3. Emerging Loyalists
16156,2011-02-02,2011-12-01,9,3122.04,346.8933333333333,8,302,310,346.8933333333333,0.999715895744645,8.498989021725919,352.6435377477173,2997.1135559004388,817.6919486814585,1. VIP Champions
16157,2011-09-28,2011-11-24,3,656.69,218.89666666666668,2,57,72,218.89666666666668,0.9996479491293099,7.3164591804625045,268.81369481191064,1966.7644252406494,536.5854197637276,1. VIP Champions
16159,2011-03-03,2011-03-03,1,348.2,348.2,0,0,281,348.2,1.0,0.8620598810499035,424.2789907588981,365.7538963055888,99.78734893750149,3. Emerging Loyalists
16160,2011-09-15,2011-10-05,2,1025.44,512.72,1,20,85,512.72,0.9992922198705032,4.3272096293601505,478.1354050231382,2068.9921287541392,564.47584451277,1. VIP Champions
16161,2010-12-06,2011-12-08,19,5575.56,293.4505263157895,18,367,368,293.4505263157895,0.9997836006561722,15.722744727401674,297.9571490459157,4684.704194153305,1278.1113661749653,1. VIP Champions
16162,2011-04-01,2011-04-01,1,37.4,37.4,0,0,252,37.4,1.0,0.9399505673323167,424.2789907588981,398.80127807100905,108.80354985567728,3. Emerging Loyalists
16163,2010-12-09,2011-04-21,2,856.6000000000001,428.30000000000007,1,133,365,428.30000000000007,0.9989495146358945,1.5346728595677213,426.72759623390726,654.8872603687504,178.67058758696356,3. Emerging Loyalists
16164,2011-10-28,2011-11-22,3,822.48,274.16,2,25,42,274.16,0.9995901645716504,9.29406945005557,310.6455832650914,2887.1616252187796,787.6941502051964,1. VIP Champions
16168,2010-12-05,2011-11-29,25,3787.6,151.504,24,359,369,151.504,0.9996568580135705,20.68360540026327,158.61238568084727,3280.6759970170133,895.05529201992,1. VIP Champions
16169,2011-09-25,2011-12-01,4,1822.97,455.7425,3,67,75,455.7425,0.9996858307468313,9.698904375584688,450.195054505022,4366.398784005344,1191.2692208090243,1. VIP Champions
16170,2011-04-05,2011-10-20,6,1885.05,314.175,5,198,248,314.175,0.9993332464308754,6.705176869293086,326.706489459195,2190.6247961697395,597.6604573034939,1. VIP Champions
16171,2011-10-11,2011-10-11,1,73.2,73.2,0,0,59,73.2,1.0,2.3576710842016273,424.2789907588981,1000.3103081465034,272.91114263727815,3. Emerging Loyalists
16172,2011-04-12,2011-09-05,4,1140.21,285.0525,3,146,241,285.0525,0.9989765620554002,4.5014187967188235,309.60002783671115,1393.6393847688425,380.2217310209647,3. Emerging Loyalists
16173,2011-09-02,2011-11-24,6,1418.3200000000002,236.38666666666668,5,83,98,236.38666666666668,0.9995755159802113,12.732346603558543,257.771637934266,3282.037838746074,895.4268385083869,1. VIP Champions
16174,2011-07-11,2011-08-05,3,1009.55,336.51666666666665,2,25,151,336.51666666666665,0.9971715800219443,4.677083477732685,357.8468099550999,1673.679402400346,456.62406395062186,3. Emerging Loyalists
16175,2011-04-13,2011-09-06,4,1037.59,259.3975,3,146,240,259.3975,0.9989891264836576,4.51604521524964,288.4683539883573,1302.7361297800605,355.4209157275538,3. Emerging Loyalists
16177,2011-10-20,2011-10-20,1,331.95,331.95,0,0,50,331.95,1.0,2.5360434181941702,424.2789907588981,1075.9899419921687,293.55855092547347,3. Emerging Loyalists
16178,2011-07-24,2011-07-24,1,197.9,197.9,0,0,138,197.9,1.0,1.457706418721658,424.2789907588981,618.4742081579927,168.7361426404127,3. Emerging Loyalists
16179,2011-10-10,2011-10-10,1,215.83,215.83,0,0,60,215.83,1.0,2.339388789492559,424.2789907588981,992.5535145985832,270.7948839392279,3. Emerging Loyalists
16180,2011-04-01,2011-08-31,7,10254.18,1464.8828571428571,6,152,252,1464.8828571428571,0.9969150898626153,7.739297671340364,1364.2774861011812,10558.549571244957,2880.651938317104,1. VIP Champions
16181,2011-09-27,2011-09-27,1,305.54,305.54,0,0,73,305.54,1.0,2.1251579208431304,424.2789907588981,901.6598578586016,245.99668730227404,3. Emerging Loyalists
16182,2011-02-18,2011-09-28,4,6617.65,1654.4125,3,222,294,1654.4125,0.999411868457141,3.8457881510666425,1437.52319684789,5528.409677321056,1508.296565293122,1. VIP Champions
16183,2011-10-03,2011-10-03,1,338.71000000000004,338.71000000000004,0,0,67,338.71000000000004,1.0,2.2189429863295427,424.2789907588981,941.4508907914337,256.8527348466989,3. Emerging Loyalists
16184,2011-05-12,2011-10-06,6,1158.79,193.13166666666666,5,147,211,193.13166666666666,0.998887912566555,7.587964116194404,219.43970723286515,1665.1006241511864,454.283546057981,3. Emerging Loyalists
16185,2011-04-21,2011-11-23,2,529.41,264.705,1,216,232,264.705,0.9997127184395418,2.214566582301672,327.105936924807,724.3978767861561,197.63492455060643,3. Emerging Loyalists
16186,2010-12-02,2011-11-17,10,4006.94,400.694,9,350,372,400.694,0.9996161070377271,8.130703456276015,402.2647479510784,3270.695376503833,892.3323144335667,1. VIP Champions
16187,2011-02-28,2011-11-08,11,6911.4400000000005,628.3127272727273,10,253,284,628.3127272727273,0.9993803263310614,11.188931963371616,616.0010467685685,6892.393801659209,1880.4275559273945,1. VIP Champions
16188,2011-04-11,2011-10-26,4,981.86,245.465,3,198,242,245.465,0.999547490032719,4.489507230384912,276.9923436242104,1243.5591294621545,339.2758628943674,3. Emerging Loyalists
16189,2011-09-15,2011-11-24,2,215.48,107.74,1,70,85,107.74,0.9996864720728978,4.328916849623329,231.5216357331269,1002.2379099774876,273.4370434642109,3. Emerging Loyalists
16190,2011-10-30,2011-10-30,1,215.08,215.08,0,0,40,215.08,1.0,2.7687949586802034,424.2789907588981,1174.7415306871617,320.50059949631554,3. Emerging Loyalists
16191,2010-12-14,2011-12-07,10,5180.5199999999995,518.0519999999999,9,358,360,518.0519999999999,0.9997568892678476,8.359334456137141,511.80676701945407,4278.363942429876,1167.2509846571143,1. VIP Champions
16193,2011-04-17,2011-04-17,1,314.45,314.45,0,0,236,314.45,1.0,0.9892660378020449,424.2789907588981,419.72479611070554,114.51203968098552,3. Emerging Loyalists
16198,2011-09-25,2011-09-25,1,400.68100000000004,400.68100000000004,0,0,75,400.68100000000004,1.0,2.095633484391479,424.2789907588981,889.1332597581696,242.5790996066305,3. Emerging Loyalists
16200,2011-06-28,2011-12-05,2,1080.62,540.31,1,160,164,540.31,0.9997316384531406,2.861045049320021,494.9364171588274,1416.0353860404516,386.33195326676565,3. Emerging Loyalists
16201,2011-08-22,2011-12-06,4,1863.4699999999998,465.86749999999995,3,106,109,465.86749999999995,0.9997305855152373,7.846231736759386,458.5348790115346,3597.770920111428,981.5671844611027,1. VIP Champions
16202,2010-12-14,2010-12-14,1,365.27,365.27,0,0,360,365.27,1.0,0.703297178082265,424.2789907588981,298.3942169203244,81.40984455810961,3. Emerging Loyalists
16203,2010-12-02,2011-10-12,4,592.9,148.225,3,314,372,148.225,0.9995670321055187,3.166009331817424,196.89708090684823,623.3779955586919,170.07402570717312,3. Emerging Loyalists
16204,2011-11-16,2011-11-16,1,405.71,405.71,0,0,23,405.71,1.0,3.280646809701304,424.2789907588981,1391.9095174564682,379.74977740718487,3. Emerging Loyalists
16205,2011-06-13,2011-11-09,4,761.38,190.345,3,149,179,190.345,0.9995865626163162,5.630394385249605,231.59075085394093,1303.9472632837692,355.75134502103566,3. Emerging Loyalists
16206,2011-01-16,2011-10-16,4,537.06,134.265,3,273,327,134.265,0.9995576652692468,3.525787101933889,185.39841916749842,653.6753550196986,178.33994771363186,3. Emerging Loyalists
16207,2011-11-14,2011-11-14,1,394.38,394.38,0,0,25,394.38,1.0,3.2108155440078403,424.2789907588981,1362.281578524629,371.6664910489166,3. Emerging Loyalists
16208,2011-02-23,2011-10-26,2,664.26,332.13,1,245,289,332.13,0.9996696345284467,1.861847614237056,368.1645901777554,685.4663638690173,187.01337682857874,3. Emerging Loyalists
16209,2011-04-07,2011-09-12,5,2262.62,452.524,4,158,246,452.524,0.9987912448495929,5.586615933495189,448.6167914084399,2506.249714915878,683.7712936292866,1. VIP Champions
16210,2010-12-01,2011-12-08,17,21086.300000000003,1240.3705882352942,16,372,373,1240.3705882352942,0.999779419841325,13.893432585300214,1208.8804624899567,16795.49920929076,4582.2569687042815,1. VIP Champions
16211,2011-09-12,2011-09-12,1,547.02,547.02,0,0,88,547.02,1.0,1.9220646464272801,424.2789907588981,815.4916483595247,222.4877178136208,3. Emerging Loyalists
16212,2011-03-01,2011-11-20,2,690.34,345.17,1,264,283,345.17,0.9997122634760649,1.8936680754938884,376.1053367616404,712.2186692483964,194.3121142001809,3. Emerging Loyalists
16213,2011-09-22,2011-09-22,1,159.0,159.0,0,0,78,159.0,1.0,2.0528535961652343,424.2789907588981,870.9826519567602,237.62713312752643,3. Emerging Loyalists
16214,2011-03-15,2011-06-22,3,1062.75,354.25,2,99,269,354.25,0.9981543524358749,3.0470587580850053,371.27015554716945,1131.2819790755848,308.6436829053069,3. Emerging Loyalists
16215,2011-09-20,2011-09-20,1,242.35,242.35,0,0,80,242.35,1.0,2.025290976949348,424.2789907588981,859.2884116931722,234.43663469257154,3. Emerging Loyalists
16216,2011-03-17,2011-03-17,1,914.9300000000001,914.9300000000001,0,0,267,914.9300000000001,1.0,0.8979833991452656,424.2789907588981,380.99549030759806,103.9456594145866,3. Emerging Loyalists
16217,2011-03-02,2011-04-18,2,304.25,152.125,1,47,282,152.125,0.9980379042452584,1.8958831374672898,258.55001281332136,490.18060948472765,133.7342514054368,3. Emerging Loyalists
16218,2010-12-01,2011-11-10,6,3084.68,514.1133333333333,5,344,373,514.1133333333333,0.999635735747742,4.810197181377679,503.8888345727522,2423.804651789536,661.2780970688076,1. VIP Champions
16221,2010-12-07,2011-11-03,3,864.86,288.2866666666667,2,331,367,288.2866666666667,0.9996731868127872,2.3656996728824566,321.338842404037,760.1911943596576,207.40028947607976,3. Emerging Loyalists
16222,2011-01-25,2011-01-25,1,846.72,846.72,0,0,318,846.72,1.0,0.7796320406968016,424.2789907588981,330.7814953901391,90.24595181615291,3. Emerging Loyalists
16224,2011-04-04,2011-10-13,4,1295.3000000000002,323.82500000000005,3,192,249,323.82500000000005,0.9994625194492222,4.390295688523211,341.5364076568359,1499.4458180095123,409.0885280127808,3. Emerging Loyalists
16225,2011-03-07,2011-10-26,4,1096.32,274.08,3,233,277,274.08,0.9995752255294984,4.035424810147682,300.56212913076445,1212.8958728850982,330.9101144648322,3. Emerging Loyalists
16226,2011-04-18,2011-05-20,3,255.12,85.04,2,32,235,85.04,0.9942572660367314,3.3746665794928177,167.49014425914044,565.223392225752,154.20790984696762,3. Emerging Loyalists
16227,2011-04-28,2011-04-28,1,314.22,314.22,0,0,225,314.22,1.0,1.0262845234377114,424.2789907588981,435.43096183562886,118.79709762703588,3. Emerging Loyalists
16229,2011-05-11,2011-09-13,2,1010.5999999999999,505.29999999999995,1,125,212,505.29999999999995,0.9994885236159935,2.371677848543213,473.61697406819746,1123.2668860916092,306.4569532807228,3. Emerging Loyalists
16230,2011-05-03,2011-06-03,2,542.03,271.015,1,31,220,271.015,0.9981954378894625,2.3030332058850997,330.9484300953833,762.1852239452114,207.94431355362264,3. Emerging Loyalists
16232,2011-05-08,2011-10-27,3,990.88,330.29333333333335,2,172,215,330.29333333333335,0.9995925878120592,3.6317376433545956,353.1360230715672,1282.4973882135475,349.8992510586252,3. Emerging Loyalists
16233,2010-12-08,2011-09-29,3,536.6800000000001,178.89333333333335,2,295,366,178.89333333333335,0.9995761406168421,2.3709083871870558,238.53294848664245,565.5397681874385,154.29422558769696,3. Emerging Loyalists
16235,2011-01-11,2011-10-30,5,867.31,173.462,4,292,332,173.462,0.9995868290334049,4.391862610545457,208.15819332853056,914.2021863582661,249.4185666674062,3. Emerging Loyalists
16236,2011-09-22,2011-09-22,1,432.2,432.2,0,0,78,432.2,1.0,2.0528535961652343,424.2789907588981,870.9826519567602,237.62713312752643,3. Emerging Loyalists
16239,2011-06-03,2011-10-14,2,414.2,207.1,1,133,189,207.1,0.999593501235309,2.583411200979925,292.0272017281279,754.4263439352698,205.8274856134785,3. Emerging Loyalists
16240,2011-09-23,2011-11-15,2,3718.8,1859.4,1,53,77,1859.4,0.999639054227832,4.565967403669792,1298.2001756969305,5927.539685670582,1617.1898014743313,1. VIP Champions
16241,2010-12-05,2011-11-30,12,2607.87,217.3225,11,360,369,217.3225,0.9997109142554733,9.853514687825431,228.73788692178047,2253.8721284459166,614.9160044868817,1. VIP Champions
16242,2011-03-07,2011-12-01,7,3603.21,514.7442857142858,6,269,277,514.7442857142858,0.9997162186334679,7.200208438032397,505.9981193205122,3643.291928360076,993.9865210149353,1. VIP Champions
16243,2011-10-16,2011-11-06,2,409.1,204.55,1,21,54,204.55,0.9995399687604124,5.419511875742457,290.4743716829664,1574.2293069346651,429.49144423463036,3. Emerging Loyalists
16244,2010-12-02,2011-05-12,2,1522.75,761.375,1,161,372,761.375,0.9991465540325191,1.5106086256270623,629.554603015157,951.0106136179171,259.4608803977584,3. Emerging Loyalists
16245,2011-03-28,2011-11-16,3,1413.66,471.22,2,233,256,471.22,0.9996847765626903,3.173815206032927,459.81124956433365,1459.3559357722831,398.1509464638823,3. Emerging Loyalists
16247,2011-06-22,2011-06-22,1,114.56,114.56,0,0,170,114.56,1.0,1.2624990574284662,424.2789907588981,535.6518259198098,146.14000343392408,3. Emerging Loyalists
16248,2011-10-09,2011-10-09,1,152.94,152.94,0,0,61,152.94,1.0,2.321387849041361,424.2789907588981,984.9160937512379,268.71119327516493,3. Emerging Loyalists
16249,2011-04-14,2011-10-18,5,1800.0700000000002,360.014,4,187,239,360.014,0.9993926605911383,5.717041685034827,368.90395014602365,2109.039260758827,575.4017626661042,1. VIP Champions
16250,2010-12-01,2011-03-23,2,389.44,194.72,1,112,373,194.72,0.9986730489977218,1.5064763720127734,284.4883640971083,428.5749986248606,116.92660930107147,3. Emerging Loyalists
16253,2011-03-29,2011-10-04,2,3683.86,1841.93,1,189,255,1841.93,0.9996058667520594,2.057120029087734,1287.5617675051767,2648.6691006225033,722.6270736511013,1. VIP Champions
16255,2010-12-09,2011-11-23,8,2619.91,327.48875,7,349,365,327.48875,0.9996798978900282,6.580736270268208,335.62193281503187,2208.6394263733996,602.5753254929247,1. VIP Champions
16256,2011-03-18,2011-03-18,1,752.4300000000001,752.4300000000001,0,0,266,752.4300000000001,1.0,0.900664272680913,424.2789907588981,382.13292862565476,104.25598270980032,3. Emerging Loyalists
16257,2011-06-16,2011-06-16,1,46.95,46.95,0,0,176,46.95,1.0,1.2315755702535105,424.2789907588981,522.5316399904739,142.5604692589507,3. Emerging Loyalists
16258,2011-05-04,2011-10-25,5,5203.51,1040.702,4,174,219,1040.702,0.9994351181930888,6.114374394888668,955.4305363878527,5841.860007784633,1593.814116347208,1. VIP Champions
16260,2011-10-20,2011-10-20,1,1035.45,1035.45,0,0,50,1035.45,1.0,2.5360434181941702,424.2789907588981,1075.9899419921687,293.55855092547347,3. Emerging Loyalists
16261,2011-04-07,2011-11-22,4,746.83,186.7075,3,229,246,186.7075,0.9996878534897115,4.433112680762845,228.594591679379,1013.3855831276596,276.4784239162404,3. Emerging Loyalists
16265,2010-12-10,2011-11-30,8,5447.0,680.875,7,355,364,680.875,0.999718799432228,6.596192380041493,659.3135054070749,4348.958720424593,1186.5111096102019,1. VIP Champions
16266,2011-05-17,2011-09-27,6,861.89,143.64833333333334,5,133,206,143.64833333333334,0.998520969147319,7.72310940296193,175.5883211686494,1356.0878142678955,369.97666813420216,3. Emerging Loyalists
16268,2011-09-29,2011-09-29,1,667.65,667.65,0,0,71,667.65,1.0,2.1555261582051517,424.2789907588981,914.5444629576866,249.51194878801928,3. Emerging Loyalists
16270,2010-12-21,2010-12-21,1,1141.24,1141.24,0,0,353,1141.24,1.0,0.7149643715417047,424.2789907588981,303.3443619862843,82.7603752236134,3. Emerging Loyalists
16271,2010-12-16,2011-12-07,5,1429.24,285.848,4,356,358,285.848,0.9997454649327522,4.125071434964373,304.9975337038188,1258.1366140162067,343.25298672686614,3. Emerging Loyalists
16272,2011-08-15,2011-08-15,1,411.7,411.7,0,0,116,411.7,1.0,1.6310934785508786,424.2789907588981,692.0386949129871,188.8064827881922,3. Emerging Loyalists
16274,2010-12-01,2010-12-01,1,357.95,357.95,0,0,373,357.95,1.0,0.6826100599020506,424.2789907588981,289.617107297113,79.01521661434514,3. Emerging Loyalists
16275,2011-05-27,2011-05-27,1,559.87,559.87,0,0,196,559.87,1.0,1.138612176645241,424.2789907588981,483.0892251728351,131.79953396858,3. Emerging Loyalists
16276,2011-06-16,2011-06-16,1,810.6000000000001,810.6000000000001,0,0,176,810.6000000000001,1.0,1.2315755702535105,424.2789907588981,522.5316399904739,142.5604692589507,3. Emerging Loyalists
16278,2011-08-31,2011-08-31,1,566.38,566.38,0,0,100,566.38,1.0,1.785553770386766,424.2789907588981,757.5729516454423,206.685963526403,3. Emerging Loyalists
16279,2011-06-16,2011-11-18,3,1509.58,503.1933333333333,2,155,176,503.1933333333333,0.9996699931355758,4.2102731501530855,484.0136425942455,2037.8296437223435,555.9738933400356,1. VIP Champions
16281,2011-09-28,2011-09-28,1,2062.06,2062.06,0,0,72,2062.06,1.0,2.1402343196102858,424.2789907588981,908.056457111809,247.74184897557538,3. Emerging Loyalists
16282,2011-01-04,2011-01-04,1,168.3,168.3,0,0,339,168.3,1.0,0.7394999130383555,424.2789907588981,313.7542767702064,85.60047565574929,3. Emerging Loyalists
16283,2011-05-15,2011-12-04,5,1570.81,314.162,4,203,208,314.162,0.9997283023187994,6.359084097576848,329.3947814338378,2094.64911644072,571.4757502111822,1. VIP Champions
16284,2011-10-20,2011-11-08,2,823.97,411.985,1,19,50,411.985,0.999548776723008,5.6017921015048175,416.7925287096677,2334.785095292036,636.9912046085949,1. VIP Champions
16287,2011-06-23,2011-06-23,1,142.5,142.5,0,0,169,142.5,1.0,1.267804583635346,424.2789907588981,537.9028492243096,146.7541422037949,3. Emerging Loyalists
16292,2011-08-10,2011-08-10,1,302.25,302.25,0,0,121,302.25,1.0,1.588160758887027,424.2789907588981,673.8232439434735,183.83682537562936,3. Emerging Loyalists
16293,2010-12-07,2011-11-18,6,2248.9900000000002,374.8316666666667,5,346,367,374.8316666666667,0.9996729464031799,4.87658026238116,380.4595155427608,1855.3413641309255,506.186257947688,3. Emerging Loyalists
16295,2011-10-06,2011-11-30,4,1328.55,332.1375,3,55,64,332.1375,0.999669920121632,10.501148092395512,348.38330061588636,3658.4246326849675,998.1151235044473,1. VIP Champions
16297,2011-03-16,2011-03-16,1,301.9,301.9,0,0,268,301.9,1.0,0.8953184377622309,424.2789907588981,379.8648031815926,103.63717802335194,3. Emerging Loyalists
16298,2011-06-06,2011-11-17,3,598.2,199.4,2,164,186,199.4,0.999669421571039,4.045135699591466,254.0555842164191,1027.6893133944031,280.3808603295025,3. Emerging Loyalists
16302,2011-08-05,2011-08-05,1,233.22,233.22,0,0,126,233.22,1.0,1.5474301773016603,424.2789907588981,656.5421138954111,179.12207545345885,3. Emerging Loyalists
16303,2011-01-10,2011-11-14,3,5360.63,1786.8766666666668,2,308,333,1786.8766666666668,0.9996928604010523,2.5658545021874035,1455.7049027885973,3735.126978676399,1019.0415547498361,1. VIP Champions
16305,2011-07-24,2011-07-24,1,361.21999999999997,361.21999999999997,0,0,138,361.21999999999997,1.0,1.457706418721658,424.2789907588981,618.4742081579927,168.7361426404127,3. Emerging Loyalists
16306,2010-12-07,2011-05-10,6,632.27,105.37833333333333,5,154,367,105.37833333333333,0.9879392593657825,4.81934127555311,141.67402252242096,682.7754644159442,186.27922819641984,3. Emerging Loyalists
16308,2011-03-23,2011-11-02,4,2560.0,640.0,3,224,261,640.0,0.9996021093520884,4.231219728654296,601.9654460120598,2547.0480711344103,694.9021656423455,1. VIP Champions
16309,2011-04-13,2011-08-25,2,706.5699999999999,353.28499999999997,1,134,240,353.28499999999997,0.999440005523497,2.156635491799049,381.0469900230074,821.779462726816,224.20320008916406,3. Emerging Loyalists
16311,2011-10-21,2011-11-22,2,616.26,308.13,1,32,49,308.13,0.9996545413266935,5.649879077978775,353.5497191644701,1997.5131613326112,544.9744892686281,1. VIP Champions
16313,2011-10-21,2011-12-06,2,274.15,137.075,1,46,49,137.075,0.9997274694870688,5.6502912556566285,249.38527078207372,1409.0994147895117,384.4396366286409,3. Emerging Loyalists
16315,2011-01-13,2011-01-13,1,226.37,226.37,0,0,330,226.37,1.0,0.7561820657976958,424.2789907588981,320.832163706625,87.53151065113451,3. Emerging Loyalists
16316,2010-12-16,2011-10-06,7,2938.91,419.8442857142857,6,294,358,419.8442857142857,0.999267356262632,5.831611078371748,420.27303209979124,2450.8688699340278,668.6619325029177,1. VIP Champions
16317,2011-02-15,2011-08-12,3,1341.65,447.2166666666667,2,178,297,447.2166666666667,0.9992217857636131,2.8169337141064443,441.64179249506805,1244.0756548377597,339.416784695642,3. Emerging Loyalists
16318,2011-11-04,2011-11-04,1,328.15,328.15,0,0,35,328.15,1.0,2.9019622745445246,424.2789907588981,1231.2416250641472,335.9153214980395,3. Emerging Loyalists
16319,2011-05-06,2011-05-06,1,404.40000000000003,404.40000000000003,0,0,217,404.40000000000003,1.0,1.0549958733142821,424.2789907588981,447.61258438458594,122.12056685647126,3. Emerging Loyalists
16320,2011-05-10,2011-06-20,2,1038.46,519.23,1,41,213,519.23,0.9985497654674055,2.361046757115177,482.0996887854918,1138.2599068132217,310.54744638410926,3. Emerging Loyalists
16321,2011-01-20,2011-09-28,3,373.65,124.55,2,251,323,124.55,0.999545436074711,2.6309287393254968,197.39745916568188,519.3386483888237,141.6893365920763,3. Emerging Loyalists
16322,2011-11-03,2011-12-08,2,326.75,163.375,1,35,36,163.375,0.9997354077509433,6.350173123739996,265.40073360079884,1685.3406055326714,459.80554898126724,3. Emerging Loyalists
16323,2011-05-27,2011-05-27,1,207.50000000000003,207.50000000000003,0,0,196,207.50000000000003,1.0,1.138612176645241,424.2789907588981,483.0892251728351,131.79953396858,3. Emerging Loyalists
16324,2011-06-15,2011-08-03,2,428.68,214.34,1,49,177,214.34,0.9990055780848249,2.7078585388965157,296.436021150469,802.7068111088056,218.99967563899756,3. Emerging Loyalists
16325,2011-04-08,2011-10-24,3,594.24,198.08,2,199,245,198.08,0.9995991810517689,3.2847329737503896,253.0564028527989,831.2227106692507,226.77956820732558,3. Emerging Loyalists
16326,2011-01-09,2011-12-04,13,3110.96,239.30461538461537,12,329,334,239.30461538461537,0.9997379864384772,11.615216980214184,248.7004517358811,2888.709709989544,788.1165087275948,1. VIP Champions
16327,2010-12-05,2011-11-25,6,3844.2200000000003,640.7033333333334,5,355,369,640.7033333333334,0.9997035723440741,4.854459417382089,616.0709894101198,2990.691616317857,815.9398734952321,1. VIP Champions
16330,2011-08-19,2011-11-22,2,251.91,125.955,1,95,112,125.955,0.9996886703028215,3.68302951902507,242.61371387925155,893.5534699375858,243.7850500011602,3. Emerging Loyalists
16332,2011-02-07,2011-11-11,7,1593.2,227.6,6,277,305,227.6,0.9995885670890283,6.6602461246649325,246.6148849918635,1642.5158320517469,448.1218166747218,3. Emerging Loyalists
16333,2011-02-03,2011-12-02,13,26626.8,2048.2153846153847,12,302,309,2048.2153846153847,0.9997162748330713,12.383233041837695,1965.7269827992795,24342.055324631958,6641.157327564194,1. VIP Champions
16337,2011-11-03,2011-11-03,1,151.05,151.05,0,0,36,151.05,1.0,2.874313809370485,424.2789907588981,1219.5109621640734,332.71488600329394,3. Emerging Loyalists
16338,2011-07-05,2011-07-05,1,214.79999999999998,214.79999999999998,0,0,157,214.79999999999998,1.0,1.3351337801384466,424.2789907588981,566.4692127652527,154.54780268240796,3. Emerging Loyalists
16339,2011-02-28,2011-02-28,1,109.95,109.95,0,0,284,109.95,1.0,0.8547327473510455,424.2789907588981,362.64514741468184,98.93919991306345,3. Emerging Loyalists
16340,2011-08-24,2011-08-24,1,549.07,549.07,0,0,107,549.07,1.0,1.7145209822849918,424.2789907588981,727.4352319988309,198.4635954889499,3. Emerging Loyalists
16341,2011-05-22,2011-11-15,3,1971.87,657.29,2,177,201,657.29,0.9996667345961324,3.82036175039644,600.657974055859,2294.7307491536208,626.0633182485325,1. VIP Champions
16342,2011-06-13,2011-09-25,4,322.40999999999997,80.60249999999999,3,104,179,80.60249999999999,0.9989989420887828,5.627084481492774,141.1973492829813,794.5294129781788,216.7686648721841,3. Emerging Loyalists
16343,2011-11-23,2011-11-23,1,370.47999999999996,370.47999999999996,0,0,16,370.47999999999996,1.0,3.550947296457084,424.2789907588981,1506.5923351788492,411.03828715319645,3. Emerging Loyalists
16344,2011-07-04,2011-07-04,1,101.10000000000001,101.10000000000001,0,0,158,101.10000000000001,1.0,1.3292510775936641,424.2789907588981,563.9733056666175,153.86685312839694,3. Emerging Loyalists
16345,2011-10-26,2011-10-26,1,575.41,575.41,0,0,44,575.41,1.0,2.6707491637760614,424.2789907588981,1133.1427597770783,309.15135315853354,3. Emerging Loyalists
16347,2011-11-03,2011-11-28,2,887.6500000000001,443.82500000000005,1,25,36,443.82500000000005,0.999681740150361,6.349832234988642,436.1815909206262,2769.6799263364214,755.6420315577724,1. VIP Champions
16348,2011-04-13,2011-11-07,6,1469.45,244.90833333333333,5,208,240,244.90833333333333,0.9995362211118652,6.88019372883165,265.32341081895225,1825.476467228779,498.0383231799143,3. Emerging Loyalists
16349,2011-02-22,2011-02-22,1,53.5,53.5,0,0,290,53.5,1.0,0.8404458988321237,424.2789907588981,356.5835377439484,97.28543226917472,3. Emerging Loyalists
16350,2011-01-10,2011-11-18,4,1116.47,279.1175,3,312,333,279.1175,0.9996900289077061,3.473618002721563,304.7114492247455,1058.4511756624534,288.773511002852,3. Emerging Loyalists
16351,2011-01-11,2011-01-11,1,153.9,153.9,0,0,332,153.9,1.0,0.752410200908424,424.2789907588981,319.2318406781259,87.09490014863384,3. Emerging Loyalists
16352,2011-11-02,2011-11-22,2,494.44,247.22,1,20,37,247.22,0.9996421805026402,6.289656215806983,316.45839443866987,1990.4145076254779,543.0377885482388,1. VIP Champions
16353,2010-12-05,2011-12-06,20,6675.710000000001,333.78550000000007,19,366,369,333.78550000000007,0.9997652815785055,16.51977252631236,336.74401169465744,5562.9344727936095,1517.7158437960013,1. VIP Champions
16354,2011-09-27,2011-10-07,2,395.8,197.9,1,10,73,197.9,0.9992412510571357,4.692754910573607,286.4248345063686,1344.1215486399938,366.7119539759896,3. Emerging Loyalists
16356,2011-03-07,2011-05-26,3,211.76999999999998,70.58999999999999,2,80,277,70.58999999999999,0.9972341214402646,2.973854011964056,156.55213614981304,465.56319817066463,127.01796967188014,3. Emerging Loyalists
16357,2011-05-10,2011-11-06,3,658.88,219.62666666666667,2,180,213,219.62666666666667,0.9996358479190446,3.657656658342142,269.3662723842158,985.24933971893,268.8021116002901,3. Emerging Loyalists
16358,2011-06-08,2011-12-08,4,2027.5000000000002,506.87500000000006,3,183,184,506.87500000000006,0.9997436959736821,5.5199714393881045,492.31219787087474,2717.549271509614,741.4194083783959,1. VIP Champions
16359,2011-01-12,2011-12-02,9,1750.92,194.54666666666668,8,324,331,194.54666666666668,0.9997249724591242,8.052819754682833,211.61711444821515,1704.114479657565,464.9275590189792,3. Emerging Loyalists
16360,2011-09-12,2011-12-05,6,3512.53,585.4216666666667,5,84,88,585.4216666666667,0.9997148746143008,13.54542283158912,567.08120751844,7681.354735685405,2095.6769922750286,1. VIP Champions
16361,2011-09-29,2011-11-30,4,896.66,224.165,3,62,71,224.165,0.9996744652671588,9.975983185547959,259.44782392162074,2588.2471289690957,706.1423596678144,1. VIP Champions
16362,2011-09-09,2011-11-07,3,734.77,244.92333333333332,2,59,91,244.92333333333332,0.9995186814250898,6.4465746020730865,288.5147253350082,1859.9317006687565,507.43862331814023,3. Emerging Loyalists
16363,2011-10-17,2011-10-17,1,109.36000000000001,109.36000000000001,0,0,53,109.36000000000001,1.0,2.473660859963395,424.2789907588981,1049.522333145057,286.3374863073091,3. Emerging Loyalists
16364,2011-07-25,2011-11-28,2,707.04,353.52,1,126,137,353.52,0.9997125824966857,3.2360488937924874,381.1900939683459,1233.54978191092,336.5450478112732,3. Emerging Loyalists
16365,2010-12-07,2011-11-22,8,1540.42,192.5525,7,350,367,192.5525,0.9996743188821088,6.550510028028158,212.02423493580466,1388.8668771319865,378.9196645503783,3. Emerging Loyalists
16366,2011-11-21,2011-11-21,1,327.3,327.3,0,0,18,327.3,1.0,3.4692780746188276,424.2789907588981,1471.9418001612494,401.58470357254896,3. Emerging Loyalists
16367,2010-12-12,2011-11-02,2,804.49,402.245,1,325,362,402.245,0.9996936821042461,1.5465072602484593,410.8613268901094,635.4000249908697,173.3539537079492,3. Emerging Loyalists
16368,2011-11-11,2011-12-07,2,497.43000000000006,248.71500000000003,1,26,28,248.71500000000003,0.9997299062648931,6.874081004774971,317.36877911220574,2181.618696003837,595.203354675474,1. VIP Champions
16369,2011-05-27,2011-11-21,3,1553.66,517.8866666666667,2,178,196,517.8866666666667,0.9996874859894548,3.8925359333818874,495.13584322767457,1927.334061669064,525.8277723724257,3. Emerging Loyalists
16370,2011-04-28,2011-09-18,4,1320.56,330.14,3,143,225,330.14,0.9991181349279508,4.747100579581501,346.73798708978666,1646.000099476849,449.07241709990427,3. Emerging Loyalists
16372,2011-11-06,2011-11-06,1,367.93,367.93,0,0,33,367.93,1.0,2.958886235150211,424.2789907588981,1255.3932656199272,342.5045286340289,3. Emerging Loyalists
16374,2011-03-22,2011-10-04,2,473.03000000000003,236.51500000000001,1,196,262,236.51500000000001,0.9996097313738574,2.013618409030648,309.9395530137857,624.0999896352894,170.27100481137398,3. Emerging Loyalists
16376,2011-11-22,2011-12-01,2,987.01,493.505,1,9,17,493.505,0.9996892194546796,7.753425139979821,466.43437391812665,3616.4640008875513,986.6671519336717,1. VIP Champions
16377,2011-03-17,2011-03-17,1,676.2,676.2,0,0,267,676.2,1.0,0.8979833991452656,424.2789907588981,380.99549030759806,103.9456594145866,3. Emerging Loyalists
16378,2011-02-02,2011-04-06,3,362.95,120.98333333333333,2,63,310,120.98333333333333,0.9949714853671312,2.7087291708169077,194.69765093569796,527.3832065790529,143.8841051052345,3. Emerging Loyalists
16379,2011-09-22,2011-12-05,4,2157.4,539.35,3,74,78,539.35,0.9997194424096253,9.501232113144239,519.0614127695412,4931.722963699982,1345.5046281465939,1. VIP Champions
16380,2011-10-09,2011-10-09,1,1780.59,1780.59,0,0,61,1780.59,1.0,2.321387849041361,424.2789907588981,984.9160937512379,268.71119327516493,3. Emerging Loyalists
16383,2011-03-16,2011-09-26,2,668.36,334.18,1,194,268,334.18,0.9995910989615945,1.9777264360945404,369.41294374347353,730.5977446769729,199.32641269833746,3. Emerging Loyalists
16384,2011-03-21,2011-09-11,2,584.5,292.25,1,174,263,292.25,0.9995402858860487,2.0074130789846882,343.87954617734636,690.3082985917241,188.33438484677814,3. Emerging Loyalists
16385,2010-12-08,2011-10-10,3,555.8900000000001,185.2966666666667,2,306,366,185.2966666666667,0.9996103399880031,2.3709895051455856,243.3799873743052,577.0513958269428,157.43490246278904,3. Emerging Loyalists
16386,2011-03-31,2011-11-11,2,317.20000000000005,158.60000000000002,1,225,253,158.60000000000002,0.9996930002110956,2.070079217715123,262.49298322211393,543.3812693641426,148.2488002994205,3. Emerging Loyalists
16387,2011-01-21,2011-01-21,1,94.36,94.36,0,0,322,94.36,1.0,0.7716554341012527,424.2789907588981,327.3971887940989,89.32262335233692,3. Emerging Loyalists
16389,2011-03-01,2011-10-17,4,1382.07,345.5175,3,230,283,345.5175,0.9995286909483069,3.966446532730191,359.40422426004824,1425.5576391648524,388.929876090811,3. Emerging Loyalists
16392,2011-03-15,2011-03-15,1,221.19,221.19,0,0,269,221.19,1.0,0.8926692472826567,424.2789907588981,378.74080731859084,103.33052218586509,3. Emerging Loyalists
16393,2010-12-05,2011-12-07,13,3046.21,234.32384615384615,12,367,369,234.32384615384615,0.9997632558825483,10.687244144513404,243.9726823733427,2607.395621115735,711.366575422627,1. VIP Champions
16394,2011-02-23,2011-10-14,5,1555.34,311.068,4,233,289,311.068,0.9994345679464925,4.918687532738933,326.728782829731,1607.0767906915644,438.45310768231116,3. Emerging Loyalists
16395,2011-01-13,2011-10-10,5,1486.9,297.38,4,270,330,297.38,0.999453731441847,4.413291488300117,314.9342809250726,1389.8967813805407,379.2006497036761,3. Emerging Loyalists
16398,2011-03-31,2011-07-08,2,1705.8000000000002,852.9000000000001,1,99,253,852.9000000000001,0.9991470939425635,2.0689488014562616,685.2890225772793,1417.827901912395,386.8209990666774,3. Emerging Loyalists
16399,2011-04-18,2011-11-20,2,408.57,204.285,1,216,235,204.285,0.9997074678631162,2.1926978609260224,290.31299914886137,636.5686922327264,173.67279708059107,3. Emerging Loyalists
16400,2011-09-06,2011-09-06,1,303.93,303.93,0,0,94,303.93,1.0,1.851296110080502,424.2789907588981,785.4660451808294,214.29593811772355,3. Emerging Loyalists
16401,2011-01-16,2011-12-08,12,4098.32,341.52666666666664,11,326,327,341.52666666666664,0.9997669810617881,10.899303201818276,346.0911516689208,3772.152397506043,1029.1430695269307,1. VIP Champions
16402,2010-12-05,2011-03-20,2,299.6,149.8,1,105,369,149.8,0.998597494957242,1.5201204145286837,257.13419718390935,390.87494241270457,106.64103558003944,3. Emerging Loyalists
16403,2011-01-31,2011-01-31,1,177.5,177.5,0,0,312,177.5,1.0,0.7919110238085244,424.2789907588981,335.99120995232647,91.66729991423968,3. Emerging Loyalists
16404,2011-09-30,2011-09-30,1,443.05,443.05,0,0,70,443.05,1.0,2.17103808777161,424.2789907588981,921.1258487788666,251.30752513064752,3. Emerging Loyalists
16405,2011-02-02,2011-02-10,2,167.25,83.625,1,8,310,83.625,0.9952401306550701,1.7508808362758779,216.83673512956963,379.65528413899193,103.58001567997235,3. Emerging Loyalists
16406,2011-11-21,2011-11-21,1,163.07,163.07,0,0,18,163.07,1.0,3.4692780746188276,424.2789907588981,1471.9418001612494,401.58470357254896,3. Emerging Loyalists
16407,2011-01-31,2011-11-27,9,2126.93,236.32555555555552,8,300,312,236.32555555555552,0.9996878480355617,8.454132941244588,250.2915889105859,2115.998366725433,577.3003910673243,1. VIP Champions
16409,2011-01-26,2011-11-03,5,2028.88,405.776,4,281,317,405.776,0.9996008957447959,4.562613070932981,408.33556880185216,1863.0772035421842,508.29679980234204,3. Emerging Loyalists
16411,2010-12-05,2011-11-20,2,214.65,107.325,1,350,369,107.325,0.9997180590180438,1.5218261992049058,231.26892025518885,351.9511019061765,96.02158109480989,3. Emerging Loyalists
16412,2011-10-17,2011-10-17,1,151.83,151.83,0,0,53,151.83,1.0,2.473660859963395,424.2789907588981,1049.522333145057,286.3374863073091,3. Emerging Loyalists
16413,2011-10-14,2011-10-14,1,262.2,262.2,0,0,56,262.2,1.0,2.4142736409162047,424.2789907588981,1024.3255837837376,279.4631458122238,3. Emerging Loyalists
16414,2011-03-04,2011-11-18,2,126.25,63.125,1,259,280,63.125,0.9997087904836562,1.9099412901145736,204.35319947238847,390.30261343933444,106.48488907948375,3. Emerging Loyalists
16415,2011-10-26,2011-10-26,1,210.35,210.35,0,0,44,210.35,1.0,2.6707491637760614,424.2789907588981,1133.1427597770783,309.15135315853354,3. Emerging Loyalists
16416,2011-10-14,2011-11-13,3,1051.4,350.4666666666667,2,30,56,350.4666666666667,0.9995047883888295,8.252089366982677,368.40634027517723,3040.122043313792,829.4258030139483,1. VIP Champions
16418,2011-04-27,2011-10-26,3,675.27,225.09,2,182,226,225.09,0.9995956339985896,3.496308865145093,273.50177302808834,956.2466736710063,260.88941624345387,3. Emerging Loyalists
16419,2011-02-01,2011-08-19,5,972.2299999999999,194.44599999999997,4,199,311,194.44599999999997,0.998658885694199,4.630294414143152,226.23941980189065,1047.5551217676818,285.8007789471668,3. Emerging Loyalists
16422,2010-12-05,2011-11-22,48,34684.4,722.5916666666667,47,352,369,722.5916666666667,0.9989781049170685,39.81842323992234,718.5707460740205,28612.35409500211,7806.207919698648,1. VIP Champions
16423,2011-11-15,2011-11-15,1,346.12,346.12,0,0,24,346.12,1.0,3.245355575379693,424.2789907588981,1376.9361881758593,375.66465665038,3. Emerging Loyalists
16424,2011-06-01,2011-06-01,1,133.56,133.56,0,0,191,133.56,1.0,1.1605119967096795,424.2789907588981,492.3808587275765,134.3345376666724,3. Emerging Loyalists
16425,2011-02-10,2011-02-10,1,302.7,302.7,0,0,302,302.7,1.0,0.8132586789918548,424.2789907588981,345.0485715485788,94.13838801798259,3. Emerging Loyalists
16426,2011-03-08,2011-12-07,7,1908.25,272.60714285714283,6,274,276,272.60714285714283,0.999748304807241,7.221312835208486,287.2707463931703,2074.471928108923,565.9708788947588,1. VIP Champions
16427,2011-02-28,2011-03-21,2,241.06,120.53,1,21,284,120.53,0.9968514947787178,1.882899404619316,239.3101440772902,450.5969278024924,122.93477477332459,3. Emerging Loyalists
16429,2011-08-25,2011-08-25,1,284.55,284.55,0,0,106,284.55,1.0,1.7243205267196806,424.2789907588981,731.5929728214777,199.59793729214562,3. Emerging Loyalists
16430,2011-10-13,2011-10-13,1,300.85,300.85,0,0,57,300.85,1.0,2.3951065407050205,424.2789907588981,1016.1933858503618,277.2444668562282,3. Emerging Loyalists
16431,2011-02-15,2011-05-10,2,642.81,321.405,1,84,297,321.405,0.9987219766616867,1.8194205658021736,361.6335696936935,657.9635539851596,179.50988195302648,3. Emerging Loyalists
16432,2011-10-06,2011-10-06,1,287.4,287.4,0,0,64,287.4,1.0,2.269009670419825,424.2789907588981,962.6931329879034,262.6481810625419,3. Emerging Loyalists
16433,2011-11-11,2011-11-11,1,184.26,184.26,0,0,28,184.26,1.0,3.1114702391469247,424.2789907588981,1320.1314528416044,360.16682052790225,3. Emerging Loyalists
16434,2011-02-13,2011-11-10,7,1522.25,217.46428571428572,6,270,299,217.46428571428572,0.9995764129745275,6.768766815736399,237.45908951043924,1607.3052051732402,438.5154252018662,3. Emerging Loyalists
16438,2011-09-18,2011-12-04,5,798.35,159.67000000000002,4,77,82,159.67000000000002,0.9997072532192566,11.666526298057194,196.27407802541475,2289.836692910431,624.7280900992446,1. VIP Champions
16440,2011-05-09,2011-12-02,5,3640.67,728.134,4,207,214,728.134,0.9997191969453372,6.2241864228247055,686.1009139933989,4270.419993565334,1165.0836650323756,1. VIP Champions
16441,2011-02-21,2011-10-03,2,381.2,190.6,1,224,291,190.6,0.9996212870327255,1.8514133004117248,281.9794779064943,522.0605558392376,142.43194502707465,3. Emerging Loyalists
16442,2010-12-14,2011-12-08,3,616.79,205.59666666666666,2,359,360,205.59666666666666,0.999742132347208,2.4044703199597994,258.7461856178585,622.1475237209498,169.73832040404233,3. Emerging Loyalists
16444,2011-03-20,2011-10-24,4,654.67,163.6675,3,218,264,163.6675,0.999554165991192,4.192894856011007,209.6168576912257,878.9014443467315,239.78758939979946,3. Emerging Loyalists
16445,2011-11-06,2011-11-06,1,230.51,230.51,0,0,33,230.51,1.0,2.958886235150211,424.2789907588981,1255.3932656199272,342.5045286340289,3. Emerging Loyalists
16446,2011-05-18,2011-12-09,2,168472.5,84236.25,1,205,205,84236.25,0.9997399929425517,2.432889126286205,51461.82672697814,125200.91866288992,34158.12622668878,1. VIP Champions
16447,2011-07-27,2011-07-27,1,259.01,259.01,0,0,135,259.01,1.0,1.4791475603898459,424.2789907588981,627.5712341056901,171.21805222963536,3. Emerging Loyalists
16448,2011-05-25,2011-05-25,1,188.89000000000001,188.89000000000001,0,0,198,188.89000000000001,1.0,1.1300819447071566,424.2789907588981,479.47002697520526,130.81212085536703,3. Emerging Loyalists
16449,2011-03-04,2011-05-26,2,707.69,353.845,1,83,280,353.845,0.9988140966289414,1.9082319796119571,381.38800367998414,727.7767852625085,198.55678026441666,3. Emerging Loyalists
16450,2011-07-13,2011-07-13,1,311.92,311.92,0,0,149,311.92,1.0,1.3841386746443196,424.2789907588981,587.2609599484507,160.22034192846056,3. Emerging Loyalists
16451,2011-09-13,2011-09-13,1,266.97,266.97,0,0,87,266.97,1.0,1.9343887926326349,424.2789907588981,820.7205246734977,223.91429374504304,3. Emerging Loyalists
16454,2011-10-06,2011-10-26,2,6.9,3.45,1,20,64,3.45,0.9994584437752194,5.011496120972049,168.0139316508135,842.0011667373149,229.72021646161738,3. Emerging Loyalists
16455,2010-12-03,2011-10-07,6,1841.1799999999998,306.8633333333333,5,308,371,306.8633333333333,0.9993965503382111,4.830907558671344,320.22700038328674,1546.9870366422713,422.05903145933195,3. Emerging Loyalists
16456,2010-12-01,2011-09-01,5,2158.37,431.674,4,274,373,431.674,0.9991542499125139,3.982710784966058,430.65102835232295,1715.15849517552,467.9406589238415,3. Emerging Loyalists
16457,2011-05-05,2011-05-05,1,208.36,208.36,0,0,218,208.36,1.0,1.051319407547142,424.2789907588981,446.05273719934405,121.6949992359069,3. Emerging Loyalists
16458,2010-12-14,2011-12-07,18,3482.7400000000002,193.48555555555558,17,358,360,193.48555555555558,0.9997720114715559,15.165082288694295,201.88628273513925,3061.622090636989,835.29158529565,1. VIP Champions
16460,2011-09-19,2011-11-11,3,814.72,271.5733333333333,2,53,81,271.5733333333333,0.9995406433469014,6.876614110620228,308.6875915020376,2122.7254474962847,579.1357168505688,1. VIP Champions
16461,2011-06-15,2011-06-15,1,151.42,151.42,0,0,177,151.42,1.0,1.2265683361242166,424.2789907588981,520.4071757476034,141.98085915267464,3. Emerging Loyalists
16462,2011-03-01,2011-09-27,3,136.0,45.333333333333336,2,210,283,45.333333333333336,0.999505948011766,2.929816775794434,137.4339614221606,402.65632573853117,109.85530895012674,3. Emerging Loyalists
16463,2011-05-19,2011-11-18,4,1422.4,355.6,3,183,204,355.6,0.9996570946041722,5.115074436857414,367.7090420957929,1880.859121425517,513.1481779080167,3. Emerging Loyalists
16464,2011-07-20,2011-11-20,3,1314.68,438.2266666666667,2,123,142,438.2266666666667,0.9996655301667705,4.888815001797595,434.83676184435154,2125.836484637754,579.9844901703585,1. VIP Champions
16466,2011-02-20,2011-11-06,7,1603.46,229.06571428571428,6,259,292,229.06571428571428,0.999534640558439,6.899743604583259,247.9388943172957,1710.7148003932057,466.7283013077134,3. Emerging Loyalists
16468,2011-09-26,2011-09-26,1,74.9,74.9,0,0,74,74.9,1.0,2.110292440898814,424.2789907588981,895.3527470306805,244.27594044125516,3. Emerging Loyalists
16469,2011-04-07,2011-11-16,3,650.4300000000001,216.81000000000003,2,223,246,216.81000000000003,0.9996826124841247,3.2745771903975753,267.234180838107,875.0789530670461,238.7447125501217,3. Emerging Loyalists
16470,2010-12-16,2011-10-19,4,762.39,190.5975,3,307,358,190.5975,0.9995893184092108,3.26989572662194,231.79873166262186,757.957682099993,206.79092818297372,3. Emerging Loyalists
16471,2011-03-10,2011-03-10,1,223.95000000000002,223.95000000000002,0,0,274,223.95000000000002,1.0,0.8796550300355284,424.2789907588981,373.21914835946217,101.8240673952698,3. Emerging Loyalists
16473,2011-01-07,2011-06-28,3,316.11,105.37,2,172,336,105.37,0.9988896648215474,2.5448000160237605,182.87905117004874,465.39061234795014,126.97088368896422,3. Emerging Loyalists
16474,2011-07-17,2011-12-02,6,1871.5,311.9166666666667,5,138,145,311.9166666666667,0.9997022309447661,9.93671707734531,324.70518841113125,3226.5035907875144,880.2756249874994,1. VIP Champions
16475,2011-03-11,2011-09-12,4,544.3,136.075,3,185,273,136.075,0.9992122835923924,4.081145998281255,186.88929149903302,762.7224841228976,208.09089235801136,3. Emerging Loyalists
16477,2010-12-03,2011-10-07,7,2494.46,356.3514285714286,6,308,371,356.3514285714286,0.999305571587988,5.6595139517109345,362.91865152587974,2053.9431716468353,560.3700904820395,1. VIP Champions
16478,2011-10-05,2011-11-14,3,331.0,110.33333333333333,2,40,65,110.33333333333333,0.9995407924760709,7.697953260165806,186.63607402467122,1436.7157745027646,391.9741109047194,3. Emerging Loyalists
16479,2011-11-29,2011-11-29,1,300.83,300.83,0,0,10,300.83,1.0,3.8207786682348264,424.2789907588981,1621.076117271799,442.27249470856646,3. Emerging Loyalists
16480,2011-09-25,2011-09-25,1,769.29,769.29,0,0,75,769.29,1.0,2.095633484391479,424.2789907588981,889.1332597581696,242.5790996066305,3. Emerging Loyalists
16482,2011-11-24,2011-11-24,1,220.62,220.62,0,0,15,220.62,1.0,3.593240994101636,424.2789907588981,1524.5366625309418,415.93397486293435,3. Emerging Loyalists
16483,2011-05-31,2011-05-31,1,139.35,139.35,0,0,192,139.35,1.0,1.1560648963305065,424.2789907588981,490.4940474668974,133.8197655875493,3. Emerging Loyalists
16484,2011-06-02,2011-06-19,2,404.3,202.15,1,17,190,202.15,0.9980544092287434,2.5694727068597594,289.0128845816379,742.6107188633283,202.60387018824892,3. Emerging Loyalists
16485,2011-09-23,2011-09-23,1,363.65,363.65,0,0,77,363.65,1.0,2.066918162420053,424.2789907588981,876.9499519328164,239.25517058916418,3. Emerging Loyalists
16488,2011-07-14,2011-11-06,3,498.8,166.26666666666668,2,115,148,166.26666666666668,0.9995916746948093,4.753263808962598,228.97512271544704,1088.379163956104,296.93865877303676,3. Emerging Loyalists
16491,2011-10-24,2011-10-24,1,731.5,731.5,0,0,46,731.5,1.0,2.6242848892697914,424.2789907588981,1113.4289442832137,303.7729022235032,3. Emerging Loyalists
16493,2011-01-14,2011-09-21,4,1351.63,337.9075,3,250,329,337.9075,0.9994114659054409,3.5075546605118055,353.13597097663484,1238.6437207934573,337.9348092379385,3. Emerging Loyalists
16494,2011-02-16,2011-02-16,1,826.53,826.53,0,0,296,826.53,1.0,0.8266288073625774,424.2789907588981,350.72123612002594,95.68604113860295,3. Emerging Loyalists
16495,2011-03-08,2011-12-06,2,684.41,342.205,1,273,276,342.205,0.9997358125547173,1.9321403768389227,374.2997912385407,723.1997396943641,197.30804102247112,3. Emerging Loyalists
16496,2011-01-27,2011-12-01,3,1599.52,533.1733333333333,2,308,316,533.1733333333333,0.9997281653695845,2.6792585825864164,506.7071708376804,1357.5995363249367,370.3891059453265,3. Emerging Loyalists
16497,2011-01-10,2011-10-21,5,2965.69,593.138,4,284,333,593.138,0.9995340838209232,4.380705302780422,569.7792761265612,2496.035096342017,680.9844751751592,1. VIP Champions
16498,2011-06-30,2011-07-01,2,100.97,50.485,1,1,162,50.485,0.9977011790240801,2.8799592581714273,196.65603407205822,566.3613660010997,154.5183792291105,3. Emerging Loyalists
16499,2010-12-10,2010-12-14,2,365.45000000000005,182.72500000000002,1,4,364,182.72500000000002,0.9933201037339034,1.5295491080465957,277.1839733552601,423.9664992103494,115.66928861686507,3. Emerging Loyalists
16500,2011-01-13,2011-12-05,5,400.86,80.172,4,326,330,80.172,0.9997387689129501,4.414550129301188,127.77325157768402,564.0614242734982,153.89089421794242,3. Emerging Loyalists
16503,2010-12-14,2011-08-25,4,1431.9299999999998,357.98249999999996,3,254,360,357.98249999999996,0.9992524331708652,3.2535531154529043,369.6714748747327,1202.7457787727567,328.1408999925673,3. Emerging Loyalists
16504,2011-11-14,2011-11-14,1,484.38,484.38,0,0,25,484.38,1.0,3.2108155440078403,424.2789907588981,1362.281578524629,371.6664910489166,3. Emerging Loyalists
16505,2011-11-08,2011-11-08,1,777.6,777.6,0,0,31,777.6,1.0,3.0180880823313876,424.2789907588981,1280.5113655930193,349.3574114931846,3. Emerging Loyalists
16506,2011-10-30,2011-11-20,2,90.30000000000001,45.150000000000006,1,21,40,45.150000000000006,0.9996310741900335,6.116413720074986,193.40727003639668,1182.9588800128645,322.7425100071475,3. Emerging Loyalists
16509,2011-02-16,2011-02-16,1,363.7,363.7,0,0,296,363.7,1.0,0.8266288073625774,424.2789907588981,350.72123612002594,95.68604113860295,3. Emerging Loyalists
16510,2010-12-02,2010-12-02,1,248.1,248.1,0,0,372,248.1,1.0,0.6841580715470145,424.2789907588981,290.27389611552127,79.194405997323,3. Emerging Loyalists
16511,2011-03-18,2011-11-18,3,950.26,316.75333333333333,2,245,266,316.75333333333333,0.999692398294063,3.0790864040544768,342.886844538675,1055.7782211481751,288.04425822522063,3. Emerging Loyalists
16513,2011-10-27,2011-12-05,4,874.59,218.6475,3,39,43,218.6475,0.9997098531649895,12.471328102414569,254.90313436955327,3178.980623056567,867.3101008702893,1. VIP Champions
16515,2011-02-01,2011-10-18,5,1627.13,325.42600000000004,4,259,311,325.42600000000004,0.9994938319722755,4.634165653004457,339.1006018206053,1571.4483618701897,428.7327287750609,3. Emerging Loyalists
16516,2011-11-09,2011-11-09,1,101.69999999999999,101.69999999999999,0,0,30,101.69999999999999,1.0,3.048586372942482,424.2789907588981,1293.451149553366,352.8877272335484,3. Emerging Loyalists
16517,2011-03-07,2011-03-07,1,162.7,162.7,0,0,277,162.7,1.0,0.8720270650055437,424.2789907588981,369.9827630549961,100.94109577709972,3. Emerging Loyalists
16518,2011-02-28,2011-10-09,2,484.32,242.16,1,223,284,242.16,0.9996323375906481,1.8881519896857462,313.37709246670215,591.7035806629377,161.43240651044138,3. Emerging Loyalists
16519,2010-12-09,2011-11-14,2,215.07999999999998,107.53999999999999,1,340,365,107.53999999999999,0.9997102389054305,1.5358415501501446,231.39984514134954,355.39349686639366,96.96075760269017,3. Emerging Loyalists
16520,2010-12-09,2011-06-06,3,1046.5700000000002,348.85666666666674,2,179,365,348.85666666666674,0.9987550692163026,2.374419824360228,367.18764179379195,871.8576159352618,237.86584647197031,3. Emerging Loyalists
16523,2011-01-28,2011-12-08,18,9418.47,523.2483333333333,17,314,315,523.2483333333333,0.999780251729931,16.942568605105503,519.6459152429736,8804.13656936692,2402.001610412947,1. VIP Champions
16525,2010-12-08,2011-12-07,26,13027.45,501.0557692307693,25,364,366,501.0557692307693,0.999784538217104,21.6679025884707,499.13302955381977,10815.165863060434,2950.663658528674,1. VIP Champions
16526,2011-06-21,2011-06-21,1,290.36,290.36,0,0,171,290.36,1.0,1.257237751447495,424.2789907588981,533.4195643281296,145.53098335616485,3. Emerging Loyalists
16527,2011-09-19,2011-09-19,1,228.06,228.06,0,0,81,228.06,1.0,2.0117853684252966,424.2789907588981,853.5582657390029,232.87329912850208,3. Emerging Loyalists
16528,2011-12-06,2011-12-06,1,244.41,244.41,0,0,3,244.41,1.0,4.192453598833141,424.2789907588981,1778.7699817164353,485.295557034313,3. Emerging Loyalists
16529,2011-06-02,2011-06-02,1,455.25,455.25,0,0,190,455.25,1.0,1.1649934430356625,424.2789907588981,494.28224225190473,134.85328544522685,3. Emerging Loyalists
16531,2010-12-14,2011-11-17,7,1244.59,177.79857142857142,6,338,360,177.79857142857142,0.9996535150352248,5.80666456954127,201.6282484481099,1170.7876064823042,319.4218642639972,3. Emerging Loyalists
16532,2011-01-05,2011-11-22,3,6748.8,2249.6,2,321,338,2249.6,0.9997109993429625,2.534375776244683,1805.9659112574545,4576.996258214548,1248.7257888908373,1. VIP Champions
16533,2011-10-02,2011-11-20,3,1095.56,365.18666666666667,2,49,68,365.18666666666667,0.9996093376961697,7.529851127581365,379.5487263906996,2857.94540538508,779.7231917201929,1. VIP Champions
16535,2011-12-04,2011-12-04,1,593.75,593.75,0,0,5,593.75,1.0,4.079081616801313,424.2789907588981,1730.6686315996353,472.1722348853134,3. Emerging Loyalists
16536,2011-08-21,2011-08-21,1,548.97,548.97,0,0,110,548.97,1.0,1.6857794512580733,424.2789907588981,715.2408042218643,195.13663265420092,3. Emerging Loyalists
16539,2010-12-01,2011-12-07,4,1388.81,347.2025,3,371,373,347.2025,0.99974313202083,3.1594022678187166,360.79213579520615,1139.8874920425326,310.9914947369587,3. Emerging Loyalists
16542,2011-10-17,2011-10-17,1,119.62,119.62,0,0,53,119.62,1.0,2.473660859963395,424.2789907588981,1049.522333145057,286.3374863073091,3. Emerging Loyalists
16545,2011-06-28,2011-06-28,1,339.3,339.3,0,0,164,339.3,1.0,1.2950154491134576,424.2789907588981,549.4478477670389,149.903923545027,3. Emerging Loyalists
16546,2010-12-02,2011-02-22,2,787.1500000000001,393.57500000000005,1,82,372,393.57500000000005,0.9981608291640598,1.5091183092337566,405.58170473656014,612.0707765081823,166.98911690838005,3. Emerging Loyalists
16549,2011-01-09,2011-11-29,8,4154.64,519.33,7,324,334,519.33,0.9997095795374347,7.087208360371787,511.34296299241794,3623.9941223371457,988.7215684804873,1. VIP Champions
16550,2010-12-06,2011-08-23,5,2298.9700000000003,459.79400000000004,4,260,368,459.79400000000004,0.9990211926522294,4.027747361400615,454.8811126275273,1832.146201136499,499.85800322021623,3. Emerging Loyalists
16551,2011-01-07,2011-09-05,3,922.12,307.37333333333333,2,241,336,307.37333333333333,0.9994547610557515,2.5462396714296602,335.78660121234344,854.9931651413997,233.2647776849945,3. Emerging Loyalists
16552,2010-12-01,2011-04-11,2,379.7300000000001,189.86500000000004,1,131,373,189.86500000000004,0.9988940103975729,1.5068096874340082,281.53189748171246,424.21499044712243,115.73708360689044,3. Emerging Loyalists
16553,2010-12-14,2011-06-29,6,5719.82,953.3033333333333,5,197,360,953.3033333333333,0.9960398776407536,4.938147102899709,893.0924097605509,4410.221695880785,1203.2252717026513,1. VIP Champions
16554,2011-01-12,2011-10-28,3,837.1,279.03333333333336,2,289,331,279.03333333333336,0.9996495062989591,2.578573250766386,314.3344801176488,810.5344822249276,221.13527161465834,3. Emerging Loyalists
16555,2011-08-22,2011-11-04,2,285.89,142.945,1,74,109,142.945,0.9996121637552623,3.7448306475882878,252.95982465073973,947.2917039606494,258.4462633577618,3. Emerging Loyalists
16556,2010-12-14,2011-10-04,7,3313.79,473.3985714285714,6,294,360,473.3985714285714,0.9992436240062007,5.804283644871062,468.64970031792143,2720.175790729036,742.1359923778746,1. VIP Champions
16557,2011-07-25,2011-11-15,2,281.85,140.925,1,113,137,140.925,0.9996739852803914,3.235923955403915,251.72973967378823,814.5782948980027,222.23853080156496,3. Emerging Loyalists
16558,2010-12-08,2011-12-09,20,8338.49,416.92449999999997,19,366,366,416.92449999999997,0.9997951786001129,16.634210079926802,417.1649410166464,6939.20926685117,1893.200054615634,1. VIP Champions
16560,2010-12-16,2011-11-13,2,841.4100000000001,420.70500000000004,1,332,358,420.70500000000004,0.9997083844842998,1.5610187876453467,422.1025985111614,658.9100865898437,179.76812111399883,3. Emerging Loyalists
16561,2011-10-11,2011-12-04,2,511.12,255.56,1,54,59,255.56,0.9997203628722848,5.208684660281188,321.5370621157865,1674.7851631543767,456.9257447674728,3. Emerging Loyalists
16563,2011-10-17,2011-10-17,1,1077.74,1077.74,0,0,53,1077.74,1.0,2.473660859963395,424.2789907588981,1049.522333145057,286.3374863073091,3. Emerging Loyalists
16565,2010-12-10,2010-12-10,1,173.7,173.7,0,0,364,173.7,1.0,0.6967995950248176,424.2789907588981,295.63742893833853,80.65771979037974,3. Emerging Loyalists
16566,2011-02-20,2011-11-24,5,614.66,122.93199999999999,4,277,292,122.93199999999999,0.999694611837571,4.879076560566238,164.6181450203488,803.1845328126777,219.13001077101066,3. Emerging Loyalists
16567,2011-01-07,2011-05-29,2,865.6,432.8,1,142,336,432.8,0.9991448841289122,1.6448957093411947,429.46788454889827,706.4298805943223,192.7327793545805,3. Emerging Loyalists
16569,2011-12-06,2011-12-06,1,124.2,124.2,0,0,3,124.2,1.0,4.192453598833141,424.2789907588981,1778.7699817164353,485.295557034313,3. Emerging Loyalists
16570,2011-02-01,2011-11-24,9,3738.3999999999996,415.37777777777774,8,296,311,415.37777777777774,0.9996642118497847,8.476182633393604,416.0391896708758,3526.4241542994255,962.1018973170495,1. VIP Champions
16571,2011-03-03,2011-11-13,3,1421.69,473.8966666666667,2,255,281,473.8966666666667,0.9996813814968708,2.947077716108035,461.8373673294524,1361.07061372263,371.3361077817288,3. Emerging Loyalists
16572,2011-03-09,2011-08-04,3,1009.5999999999999,336.5333333333333,2,148,275,336.5333333333333,0.9990583140374832,2.9966174689584784,357.8594258814082,1072.3678070276796,292.57033658448887,3. Emerging Loyalists
16573,2011-02-22,2011-09-16,2,663.61,331.805,1,206,290,331.805,0.9995769566381504,1.8564886922142452,367.96668046611717,683.1259813969589,186.37485851135656,3. Emerging Loyalists
16574,2011-09-29,2011-09-29,1,451.44,451.44,0,0,71,451.44,1.0,2.1555261582051517,424.2789907588981,914.5444629576866,249.51194878801928,3. Emerging Loyalists
16581,2011-06-10,2011-06-10,1,105.84,105.84,0,0,182,105.84,1.0,1.202130736845724,424.2789907588981,510.0388157891542,139.1520959773975,3. Emerging Loyalists
16582,2011-08-18,2011-08-18,1,313.62,313.62,0,0,113,313.62,1.0,1.6579856554109837,424.2789907588981,703.4484805705024,191.91937447358197,3. Emerging Loyalists
16583,2010-12-01,2010-12-01,1,233.45,233.45,0,0,373,233.45,1.0,0.6826100599020506,424.2789907588981,289.617107297113,79.01521661434514,3. Emerging Loyalists
16584,2011-03-30,2011-09-20,2,936.08,468.04,1,174,254,468.04,0.9995627858976979,2.063400693319187,450.9273868200721,930.443882601146,253.84973152086562,3. Emerging Loyalists
16586,2011-04-05,2011-04-05,1,463.95,463.95,0,0,248,463.95,1.0,0.9518126670304788,424.2789907588981,403.8341177592267,110.1766418040815,3. Emerging Loyalists
16587,2011-04-21,2011-04-21,1,225.15,225.15,0,0,232,225.15,1.0,1.00241421018981,424.2789907588981,425.3032894217105,116.03400038788027,3. Emerging Loyalists
16589,2011-07-01,2011-09-29,3,459.24,153.08,2,90,161,153.08,0.9992728806808626,4.483123235159301,218.99340182029155,981.7744080471261,267.85405821584015,3. Emerging Loyalists
16591,2011-10-02,2011-10-02,1,213.5,213.5,0,0,68,213.5,1.0,2.202741503595935,424.2789907588981,934.5769420484208,254.9773395912389,3. Emerging Loyalists
16592,2011-02-25,2011-12-05,9,4113.68,457.0755555555556,8,283,287,457.0755555555556,0.9997399729362092,9.048361778680382,454.6385800494257,4113.734350832745,1122.3356722897631,1. VIP Champions
16593,2011-01-16,2011-10-20,3,330.03,110.00999999999999,2,277,327,110.00999999999999,0.9996248645252807,2.604557920487914,186.3913250542895,485.4670019803871,132.44825445081497,3. Emerging Loyalists
16594,2011-09-25,2011-09-25,1,181.09,181.09,0,0,75,181.09,1.0,2.095633484391479,424.2789907588981,889.1332597581696,242.5790996066305,3. Emerging Loyalists
16595,2011-10-09,2011-10-09,1,360.16,360.16,0,0,61,360.16,1.0,2.321387849041361,424.2789907588981,984.9160937512379,268.71119327516493,3. Emerging Loyalists
16596,2010-12-08,2011-11-24,2,250.15,125.075,1,351,366,125.075,0.9997227850354415,1.5323297793129365,242.07783527543108,370.9430759041547,101.20309455369808,3. Emerging Loyalists
16597,2011-12-05,2011-12-05,1,90.04,90.04,0,0,4,90.04,1.0,4.134990653722567,424.2789907588981,1754.389661358887,478.64395999242095,3. Emerging Loyalists
16598,2011-02-27,2011-02-27,1,145.04999999999998,145.04999999999998,0,0,285,145.04999999999998,1.0,0.8523179701187132,424.2789907588981,361.62060816764034,98.6596784742562,3. Emerging Loyalists
16600,2011-01-05,2011-12-05,6,813.52,135.58666666666667,5,334,338,135.58666666666667,0.9997401520913732,5.224437576491933,168.444193368292,880.026173375178,240.09444526423553,3. Emerging Loyalists
16601,2011-10-30,2011-10-30,1,244.79999999999998,244.79999999999998,0,0,40,244.79999999999998,1.0,2.7687949586802034,424.2789907588981,1174.7415306871617,320.50059949631554,3. Emerging Loyalists
16602,2011-11-03,2011-11-03,1,528.08,528.08,0,0,36,528.08,1.0,2.874313809370485,424.2789907588981,1219.5109621640734,332.71488600329394,3. Emerging Loyalists
16603,2011-09-09,2011-09-26,2,482.47,241.235,1,17,91,241.235,0.9991920313745468,4.164480362988825,312.81381097973184,1302.7069730967914,355.4129610122203,3. Emerging Loyalists
16607,2010-12-16,2011-11-22,14,3347.71,239.12214285714285,13,341,358,239.12214285714285,0.9996134999718616,11.815495842114911,247.83783345213402,2928.3268906724575,798.9251247742245,1. VIP Champions
16609,2011-04-01,2011-11-24,7,5493.46,784.78,6,237,252,784.78,0.9996646500869673,7.760643185374533,749.9268354411922,5819.914584996177,1587.8268238439916,1. VIP Champions
16610,2011-05-04,2011-05-04,1,75.66,75.66,0,0,219,75.66,1.0,1.0476684764049053,424.2789907588981,444.5037238189857,121.27238736421945,3. Emerging Loyalists
16611,2011-06-06,2011-06-06,1,129.49,129.49,0,0,186,129.49,1.0,1.1832707704984653,424.2789907588981,502.0369283015926,136.9689691619478,3. Emerging Loyalists
16612,2011-02-01,2011-11-07,4,1187.66,296.915,3,279,311,296.915,0.9996465423945229,3.67458391759501,319.37100741285997,1173.5555675854118,320.17703735505967,3. Emerging Loyalists
16613,2011-09-30,2011-09-30,1,618.59,618.59,0,0,70,618.59,1.0,2.17103808777161,424.2789907588981,921.1258487788666,251.30752513064752,3. Emerging Loyalists
16614,2011-06-10,2011-06-10,1,506.19,506.19,0,0,182,506.19,1.0,1.202130736845724,424.2789907588981,510.0388157891542,139.1520959773975,3. Emerging Loyalists
16616,2011-07-05,2011-11-24,2,500.42,250.21,1,142,157,250.21,0.9997052468465536,2.9495996010579817,318.2791637857416,938.7960945274915,256.1284361206325,3. Emerging Loyalists
16617,2011-04-18,2011-04-18,1,151.85,151.85,0,0,235,151.85,1.0,0.9925206386253387,424.2789907588981,421.1056548633357,114.88877451709779,3. Emerging Loyalists
16618,2011-01-21,2011-11-08,4,2647.59,661.8975,3,291,322,661.8975,0.9996537236906061,3.5712217572626375,620.00211832133,2214.165054498058,604.0828631769893,1. VIP Champions
16619,2011-03-21,2011-03-21,1,226.21,226.21,0,0,263,226.21,1.0,0.9088038042251323,424.2789907588981,385.5863608544863,105.19817047685149,3. Emerging Loyalists
16620,2011-03-24,2011-12-06,2,178.95999999999998,89.47999999999999,1,257,260,89.47999999999999,0.9997356065807053,2.026115871823211,220.40215470385235,446.56030382950996,121.83347685417696,3. Emerging Loyalists
16621,2011-03-07,2011-10-19,4,813.48,203.37,3,226,277,203.37,0.9995353569975084,4.0352638553150415,242.31926583639304,977.8221748760739,266.77578434232646,3. Emerging Loyalists
16623,2011-04-08,2011-04-08,1,129.45,129.45,0,0,245,129.45,1.0,0.9609075988286291,424.2789907588981,407.6929062435669,111.22942149242458,3. Emerging Loyalists
16624,2011-05-26,2011-09-20,2,810.5699999999999,405.28499999999997,1,117,197,405.28499999999997,0.9995002879075764,2.5054690601692373,412.71254388512557,1034.0385094479207,282.11308915458,3. Emerging Loyalists
16625,2011-03-10,2011-03-10,1,333.08,333.08,0,0,274,333.08,1.0,0.8796550300355284,424.2789907588981,373.21914835946217,101.8240673952698,3. Emerging Loyalists
16626,2011-03-18,2011-12-09,17,4413.1,259.59411764705885,16,266,266,259.59411764705885,0.9997876674505581,18.331727463855835,265.9487319803964,4875.299674022667,1330.1108605009097,1. VIP Champions
16627,2011-09-21,2011-09-21,1,322.8,322.8,0,0,79,322.8,1.0,2.0389791439572167,424.2789907588981,865.0960133766099,236.02110223079572,3. Emerging Loyalists
16628,2011-04-19,2011-11-10,5,2188.05,437.61,4,205,234,437.61,0.9995956553083222,5.812575394520556,435.76588540273593,2532.922063263407,691.0482166051493,1. VIP Champions
16629,2011-09-04,2011-09-27,2,417.73,208.865,1,23,96,208.865,0.9992443677356723,4.038464335271149,293.10200370056333,1183.6819885412374,322.939793163306,3. Emerging Loyalists
16633,2011-04-19,2011-11-22,6,2883.1,480.51666666666665,5,217,234,480.51666666666665,0.999656585834547,7.017298437787452,474.11597366731394,3327.013281345719,907.6973303053072,1. VIP Champions
16634,2010-12-02,2011-05-01,2,217.9,108.95,1,150,372,108.95,0.9990666944010692,1.5104878859341508,232.25846881338003,350.8236035482253,95.71396968394653,3. Emerging Loyalists
16637,2011-04-28,2011-11-07,4,1154.47,288.6175,3,193,225,288.6175,0.9996076760346688,4.749426531628801,312.53646974937465,1484.369001529282,404.97517320733414,3. Emerging Loyalists
16638,2010-12-06,2011-11-17,10,1680.72,168.072,9,346,368,168.072,0.9996142896659214,8.205118393589942,185.1352505182344,1519.0566493290466,414.43888213779013,3. Emerging Loyalists
16639,2011-04-18,2011-11-08,3,1257.5100000000002,419.1700000000001,2,204,235,419.1700000000001,0.9996528302364739,3.392979978654546,420.41171170340016,1426.4485206015238,389.1729321393754,3. Emerging Loyalists
16641,2011-08-26,2011-08-26,1,231.10000000000002,231.10000000000002,0,0,105,231.10000000000002,1.0,1.7342327359792438,424.2789907588981,735.7985149623161,200.7453205608356,3. Emerging Loyalists
16642,2011-05-16,2011-12-05,2,688.33,344.165,1,203,207,344.165,0.999732967345153,2.4152399188361344,375.49333903795906,906.9065017015494,247.4281106861266,3. Emerging Loyalists
16643,2011-04-08,2011-04-08,1,487.51,487.51,0,0,245,487.51,1.0,0.9609075988286291,424.2789907588981,407.6929062435669,111.22942149242458,3. Emerging Loyalists
16644,2011-05-11,2011-06-15,2,833.78,416.89,1,35,212,416.89,0.9984038760551747,2.3691040975368844,419.77944297300786,994.5011984091038,271.32626366199634,3. Emerging Loyalists
16647,2011-05-19,2011-06-23,2,214.06,107.03,1,35,204,107.03,0.9984857855258379,2.438738815526528,231.08927913231722,563.5663948720264,153.75583708767547,3. Emerging Loyalists
16648,2011-10-28,2011-10-28,1,290.65999999999997,290.65999999999997,0,0,42,290.65999999999997,1.0,2.7188884414171723,424.2789907588981,1153.5672439105113,314.7236933186189,3. Emerging Loyalists
16650,2011-09-29,2011-09-29,1,518.42,518.42,0,0,71,518.42,1.0,2.1555261582051517,424.2789907588981,914.5444629576866,249.51194878801928,3. Emerging Loyalists
16652,2011-03-11,2011-10-12,5,6773.97,1354.794,4,215,273,1354.794,0.9993899840658279,5.14859930395015,1226.0733397366243,6312.5603435598205,1722.233633201115,1. VIP Champions
16653,2011-09-29,2011-11-23,2,1212.6599999999999,606.3299999999999,1,55,71,606.3299999999999,0.9996754684088233,4.761882146624514,535.1394915045396,2548.271190549188,695.2358650097821,1. VIP Champions
16654,2010-12-06,2011-07-21,4,601.27,150.3175,3,227,368,150.3175,0.9988798353672275,3.1927949858015943,198.62064463819416,634.1549982775066,173.01427744930155,3. Emerging Loyalists
16655,2011-01-12,2011-11-22,6,3794.52,632.42,5,314,331,632.42,0.9996840580994211,5.315576282215827,608.730423942314,3235.75300377095,882.7991097956393,1. VIP Champions
16656,2010-12-10,2011-11-17,15,8625.8,575.0533333333333,14,342,364,575.0533333333333,0.9995285332358373,12.49340291200868,568.4408062134668,7101.760023651887,1937.5482057980776,1. VIP Champions
16657,2011-03-30,2011-11-30,4,933.62,233.405,3,245,254,233.405,0.9997187253698624,4.323433881635472,267.0586859897864,1154.610571393291,315.00834068569236,3. Emerging Loyalists
16658,2010-12-06,2010-12-06,1,123.24,123.24,0,0,368,123.24,1.0,0.690420971948198,424.2789907588981,292.93111317695895,79.91936518105464,3. Emerging Loyalists
16659,2011-06-03,2011-06-03,1,39.12,39.12,0,0,189,39.12,1.0,1.169509634743013,424.2789907588981,496.19836751157305,135.37605515957796,3. Emerging Loyalists
16660,2011-01-24,2011-11-23,3,1267.6499999999999,422.54999999999995,2,303,319,422.54999999999995,0.9997114520636711,2.6584960449000024,422.9702215587306,1124.464661124363,306.7837380295643,3. Emerging Loyalists
16665,2010-12-12,2010-12-12,1,135.39999999999998,135.39999999999998,0,0,362,135.39999999999998,1.0,0.7000333095294387,424.2789907588981,297.00942606476156,81.03203694018596,3. Emerging Loyalists
16666,2011-11-20,2011-11-20,1,118.98,118.98,0,0,19,118.98,1.0,3.4298361975782448,424.2789907588981,1455.2074403768343,397.01912705806683,3. Emerging Loyalists
16667,2011-02-28,2011-10-02,2,570.13,285.065,1,216,284,285.065,0.999615680219763,1.888120526469925,339.50421916774405,641.0248850337617,174.8885644872031,3. Emerging Loyalists
16668,2011-02-28,2011-11-24,6,306.71999999999997,51.12,5,269,284,51.12,0.9996840706042011,6.0233976784206575,93.59110324587857,563.736434012053,153.80222826811197,3. Emerging Loyalists
16669,2011-09-22,2011-11-16,2,1374.87,687.435,1,55,78,687.435,0.9996452210335611,4.534925764831856,584.5286212350605,2650.7939047205173,723.2067764788608,1. VIP Champions
16670,2010-12-16,2011-11-23,10,4095.9,409.59000000000003,9,342,358,409.59000000000003,0.9996620766404651,8.397695507355712,410.56827904084025,3447.8273923640304,940.6586192335479,1. VIP Champions
16671,2011-06-28,2011-11-11,3,1692.2700000000002,564.09,2,136,164,564.09,0.9996321467198104,4.426981571725833,530.1097141396438,2346.7859354890525,640.2653516248779,1. VIP Champions
16672,2011-03-18,2011-12-07,18,8134.9400000000005,451.9411111111111,17,264,266,451.9411111111111,0.9997666033609248,19.42077168944959,450.93422837164013,8757.490696163744,2389.2753809104433,1. VIP Champions
16674,2011-09-02,2011-10-16,2,319.61,159.805,1,44,98,159.805,0.9994693476121537,3.9909860578362206,263.22677153757263,1050.5343752556926,286.61359819635123,3. Emerging Loyalists
16676,2011-01-06,2011-11-06,4,1592.12,398.03,3,304,337,398.03,0.9996508359017584,3.4392568884101657,402.65805481789977,1384.8444887063,377.82225046552384,3. Emerging Loyalists
16678,2011-03-02,2011-12-07,12,3109.9900000000002,259.16583333333335,11,280,282,259.16583333333335,0.9997580349730772,12.296701963237371,268.273209337718,3298.8756999471075,900.020652950284,1. VIP Champions
16679,2010-12-08,2010-12-08,1,129.75,129.75,0,0,366,129.75,1.0,0.6935956186115332,424.2789907588981,294.2780490592949,80.28684495979309,3. Emerging Loyalists
16680,2011-10-27,2011-10-27,1,183.7,183.7,0,0,43,183.7,1.0,2.694603816894278,424.2789907588981,1143.263787926979,311.91263766650934,3. Emerging Loyalists
16681,2011-03-31,2011-09-28,6,1770.34,295.0566666666667,5,181,253,295.0566666666667,0.9989287447120611,6.598374123259707,309.764109885513,2043.9394869831453,557.6408203846341,1. VIP Champions
16682,2011-06-05,2011-12-05,5,1028.0,205.6,4,183,187,205.6,0.9997315177307866,6.880832886066743,235.8504567864436,1622.8475792500244,442.75579644871533,3. Emerging Loyalists
16684,2010-12-16,2011-12-05,16,66653.56,4165.8475,15,354,358,4165.8475,0.9997505173454218,13.526453866157222,4012.243631175902,54271.428376883974,14806.682896567108,1. VIP Champions
16685,2011-10-09,2011-10-09,1,324.24,324.24,0,0,61,324.24,1.0,2.321387849041361,424.2789907588981,984.9160937512379,268.71119327516493,3. Emerging Loyalists
16686,2010-12-19,2011-10-23,7,3062.83,437.54714285714283,6,308,355,437.54714285714283,0.9994606542640387,5.8740124906862805,436.264380599553,2562.6224208832878,699.1512606993329,1. VIP Champions
16688,2011-10-10,2011-12-08,4,1260.86,315.215,3,59,60,315.215,0.9997399193982911,10.827626093107014,334.44446800240877,3621.239648438175,987.9700750558862,1. VIP Champions
16689,2011-09-18,2011-09-25,2,422.6,211.3,1,7,82,211.3,0.9990889969559077,4.4123063870817685,294.58480415545284,1299.7984129123365,354.61942876837117,3. Emerging Loyalists
16690,2011-05-22,2011-09-28,2,225.57999999999998,112.78999999999999,1,129,201,112.78999999999999,0.9995418850412708,2.4684481250513453,234.59684817550567,579.090150021782,157.99112859815807,3. Emerging Loyalists
16692,2011-02-23,2011-03-28,2,1276.0,638.0,1,33,289,638.0,0.9974285057636286,1.8576735950412615,554.4250317124873,1029.9407418422018,280.9951096331944,3. Emerging Loyalists
16693,2011-03-13,2011-10-02,2,482.01,241.005,1,203,271,241.005,0.9996091935161271,1.9603093019579938,312.6737517991878,612.9372641300529,167.22551767826107,3. Emerging Loyalists
16696,2011-04-05,2011-07-27,4,657.9000000000001,164.47500000000002,3,113,248,164.47500000000002,0.9978929470263794,4.397230637086586,210.2819844358192,924.6583843885487,252.27129439483866,3. Emerging Loyalists
16697,2011-04-12,2011-04-12,1,112.75,112.75,0,0,241,112.75,1.0,0.9733080364592908,424.2789907588981,412.95415140647265,112.6648285030391,3. Emerging Loyalists
16698,2011-03-31,2011-04-27,2,1998.0,999.0,1,27,253,999.0,0.9976324206669752,2.0658123448953356,774.2570498706534,1599.4697717450395,436.377711461906,3. Emerging Loyalists
16700,2010-12-08,2011-12-01,13,5076.55,390.50384615384615,12,358,366,390.50384615384615,0.9997167488339417,10.760455602280253,392.21946611907583,4220.460151524379,1151.4532970692196,1. VIP Champions
16701,2010-12-13,2011-12-01,12,5398.299999999999,449.8583333333333,11,353,361,449.8583333333333,0.999717610630994,10.036920494183343,448.4474179683522,4501.031079970158,1228.000476528781,1. VIP Champions
16705,2010-12-16,2011-12-09,12,14034.990000000002,1169.5825000000002,11,358,358,1169.5825000000002,0.9997738449668612,10.108012775637283,1128.4727580394585,11406.617055221488,3112.0272067719593,1. VIP Champions
16706,2011-08-17,2011-11-02,3,531.3499999999999,177.11666666666665,2,77,114,177.11666666666665,0.9995149565301084,5.636147932443776,237.1880907421738,1336.8271672367896,364.72185355678147,3. Emerging Loyalists
16708,2011-10-25,2011-10-25,1,656.63,656.63,0,0,45,656.63,1.0,2.6473131629798625,424.2789907588981,1123.1993570118423,306.43852955943316,3. Emerging Loyalists
16709,2011-03-03,2011-09-16,4,3029.87,757.4675,3,197,281,757.4675,0.999278721461411,3.9881169533326966,698.7218247990995,2786.584355144847,760.2540074058331,1. VIP Champions
16710,2010-12-06,2011-11-20,9,2483.04,275.8933333333333,8,349,368,275.8933333333333,0.999651603074567,7.370397534743192,286.9192506770146,2114.7089378602323,576.9486007257818,1. VIP Champions
16711,2010-12-17,2011-12-06,5,1651.0300000000002,330.206,4,354,357,330.206,0.9997425342004838,4.1347435065728355,343.21937148047283,1419.124067558895,387.1746273805643,3. Emerging Loyalists
16712,2011-03-08,2011-11-30,9,3645.4300000000003,405.0477777777778,8,267,276,405.0477777777778,0.9997028184685639,9.336547349689798,406.47676874918074,3795.0895979756365,1035.4009452461723,1. VIP Champions
16713,2010-12-08,2011-11-21,15,6923.13,461.54200000000003,14,348,366,461.54200000000003,0.9995927846238183,12.436756002487137,459.907752057225,5719.760495988059,1560.502136046215,1. VIP Champions
16714,2011-01-26,2011-05-05,2,1161.53,580.765,1,99,317,580.765,0.9988126512831466,1.725296744520781,519.5716091105965,896.4152057439358,244.56580731464237,3. Emerging Loyalists
16715,2011-09-22,2011-09-22,1,301.71999999999997,301.71999999999997,0,0,78,301.71999999999997,1.0,2.0528535961652343,424.2789907588981,870.9826519567602,237.62713312752643,3. Emerging Loyalists
16716,2011-02-01,2011-03-18,2,901.2,450.6,1,45,311,450.6,0.9976593526199133,1.7505175872572862,440.3072472170848,770.7655800503487,210.28526192715952,3. Emerging Loyalists
16717,2010-12-08,2011-11-16,6,3858.38,643.0633333333334,5,343,366,643.0633333333334,0.9996633610667692,4.88774497544414,618.16238592972,3021.4200958365504,824.323416470503,1. VIP Champions
16718,2010-12-05,2010-12-05,1,623.75,623.75,0,0,369,623.75,1.0,0.6888445217056436,424.2789907588981,292.26225845906635,79.73688390116398,3. Emerging Loyalists
16719,2010-12-06,2011-11-25,7,1790.42,255.77428571428572,6,354,368,255.77428571428572,0.999697895062015,5.700607231094161,272.0652864696154,1550.937339378394,423.1367786590744,3. Emerging Loyalists
16720,2011-11-13,2011-11-13,1,155.24,155.24,0,0,26,155.24,1.0,3.177002983208351,424.2789907588981,1347.9356193536476,367.7525334722575,3. Emerging Loyalists
16721,2011-03-22,2011-03-22,1,292.47,292.47,0,0,262,292.47,1.0,0.9115497730828542,424.2789907588981,386.751417750096,105.5160288514267,3. Emerging Loyalists
16722,2010-12-06,2011-11-22,13,4730.8099999999995,363.9084615384615,12,351,368,363.9084615384615,0.9996286582047105,10.710260249595587,366.975003116697,3930.3977884759765,1072.3166028945009,1. VIP Champions
16723,2011-08-24,2011-09-09,2,589.15,294.575,1,16,107,294.575,0.9990177439321427,3.785143219195186,345.29536180675836,1306.9923973624,356.58213824001456,3. Emerging Loyalists
16725,2010-12-03,2011-02-10,6,781.02,130.17,5,69,371,130.17,0.8257115419432021,3.991344704867821,163.64402480282544,653.1597118800156,178.1992666096805,3. Emerging Loyalists
16726,2010-12-13,2011-11-13,4,1382.02,345.505,3,335,361,345.505,0.9996795171496164,3.2473733415575907,359.3939281804106,1167.086261490729,318.4120393299552,3. Emerging Loyalists
16727,2010-12-10,2010-12-10,1,272.82,272.82,0,0,364,272.82,1.0,0.6967995950248176,424.2789907588981,295.63742893833853,80.65771979037974,3. Emerging Loyalists
16728,2011-03-20,2011-10-24,4,1054.67,263.6675,3,218,264,263.6675,0.999554165991192,4.192894856011007,291.9854947925854,1224.26447914566,334.0117713202056,3. Emerging Loyalists
16729,2011-04-12,2011-11-01,19,7239.92,381.04842105263157,18,203,241,381.04842105263157,0.9975738173264214,22.115854850803398,382.5375760993052,8460.145507990394,2308.1517391752623,1. VIP Champions
16730,2011-01-24,2011-10-18,3,743.11,247.70333333333335,2,267,319,247.70333333333335,0.9996152896502155,2.658240323716343,290.6190618432387,772.5353090323107,210.76809086003385,3. Emerging Loyalists
16732,2011-11-08,2011-11-08,1,603.75,603.75,0,0,31,603.75,1.0,3.0180880823313876,424.2789907588981,1280.5113655930193,349.3574114931846,3. Emerging Loyalists
16734,2011-08-17,2011-10-18,2,650.51,325.255,1,62,114,325.255,0.9995212195430381,3.64215869161267,363.97803858540806,1325.6657767899758,361.67673066296175,3. Emerging Loyalists
16735,2011-01-09,2011-09-22,4,2300.56,575.14,3,256,334,575.14,0.9994251477725775,3.4640796345246083,548.5411479881179,1900.1902194443887,518.4222133806081,3. Emerging Loyalists
16737,2011-10-17,2011-10-17,1,417.59999999999997,417.59999999999997,0,0,53,417.59999999999997,1.0,2.473660859963395,424.2789907588981,1049.522333145057,286.3374863073091,3. Emerging Loyalists
16738,2011-02-15,2011-02-15,1,3.75,3.75,0,0,297,3.75,1.0,0.8243700072402026,424.2789907588981,349.76287468377865,95.42457475912477,3. Emerging Loyalists
16739,2011-06-16,2011-06-16,1,323.0,323.0,0,0,176,323.0,1.0,1.2315755702535105,424.2789907588981,522.5316399904739,142.5604692589507,3. Emerging Loyalists
16742,2011-10-24,2011-10-24,1,464.9,464.9,0,0,46,464.9,1.0,2.6242848892697914,424.2789907588981,1113.4289442832137,303.7729022235032,3. Emerging Loyalists
16743,2010-12-16,2011-11-10,6,2238.09,373.01500000000004,5,329,358,373.01500000000004,0.9996304570414205,4.979163495894912,378.8496128546505,1886.3541627597954,514.6473707056554,3. Emerging Loyalists
16744,2011-06-19,2011-11-28,7,1304.7599999999998,186.39428571428567,6,162,173,186.39428571428567,0.9996676895861432,10.294534224408306,209.3929308176278,2155.60269265123,588.1054999957885,1. VIP Champions
16745,2011-02-01,2011-09-14,17,7194.3,423.1941176470588,16,225,311,423.1941176470588,0.9843123683639066,15.910488471177208,423.2359791131117,6733.891166266561,1837.183839468869,1. VIP Champions
16746,2010-12-16,2011-12-05,17,6697.66,393.98,16,354,358,393.98,0.99975123691123,14.381133451842516,395.14913227865475,5682.692404679105,1550.3889790866965,1. VIP Champions
16747,2011-10-03,2011-11-02,2,836.06,418.03,1,30,67,418.03,0.999535622282495,4.901293732225992,420.4736493461389,2060.8648621064203,562.2585109420936,1. VIP Champions
16748,2011-01-09,2011-11-22,5,1515.9,303.18,4,317,334,303.18,0.9996936384040966,4.370531519165906,319.9319512236567,1398.2726768112411,381.485815790626,3. Emerging Loyalists
16750,2011-04-21,2011-10-26,5,623.93,124.78599999999999,4,188,232,124.78599999999999,0.9994665490093861,5.850446654187057,166.21567618131,972.4359465883844,265.30627862542315,3. Emerging Loyalists
16751,2011-11-09,2011-11-09,1,1764.72,1764.72,0,0,30,1764.72,1.0,3.048586372942482,424.2789907588981,1293.451149553366,352.8877272335484,3. Emerging Loyalists
16752,2010-12-02,2010-12-02,1,207.5,207.5,0,0,372,207.5,1.0,0.6841580715470145,424.2789907588981,290.27389611552127,79.194405997323,3. Emerging Loyalists
16753,2011-10-12,2011-10-12,1,223.92000000000002,223.92000000000002,0,0,58,223.92000000000002,1.0,2.3762413814651504,424.2789907588981,1008.1892951275638,275.06073893985916,3. Emerging Loyalists
16754,2010-12-02,2010-12-02,1,2002.4,2002.4,0,0,372,2002.4,1.0,0.6841580715470145,424.2789907588981,290.27389611552127,79.194405997323,3. Emerging Loyalists
16755,2011-01-28,2011-08-17,3,1496.83,498.9433333333333,2,201,315,498.9433333333333,0.9993069479318191,2.6851047615678576,480.7965813856198,1290.9891900240757,352.2160394754663,3. Emerging Loyalists
16756,2011-05-09,2011-05-09,1,239.4,239.4,0,0,214,239.4,1.0,1.0661811856056052,424.2789907588981,452.35827739487155,123.41531758681471,3. Emerging Loyalists
16757,2011-01-25,2011-01-25,1,106.83000000000001,106.83000000000001,0,0,318,106.83000000000001,1.0,0.7796320406968016,424.2789907588981,330.7814953901391,90.24595181615291,3. Emerging Loyalists
16758,2011-10-05,2011-10-05,1,369.34000000000003,369.34000000000003,0,0,65,369.34000000000003,1.0,2.252071611977849,424.2789907588981,955.5066706467267,260.687523821406,3. Emerging Loyalists
16759,2011-11-09,2011-12-02,2,789.79,394.895,1,23,30,394.895,0.999702721037696,6.73497035588753,406.38552264229077,2736.9944480576887,746.7245674948223,1. VIP Champions
16761,2011-09-04,2011-09-04,1,316.62,316.62,0,0,96,316.62,1.0,1.8288506143964183,424.2789907588981,775.942892924903,211.69776998678694,3. Emerging Loyalists
16762,2011-07-18,2011-11-20,3,1501.38,500.46000000000004,2,125,144,500.46000000000004,0.9996664071125785,4.842906100941466,481.9446306796784,2334.0125922345965,636.7804453168234,1. VIP Champions
16763,2011-05-25,2011-05-25,1,611.85,611.85,0,0,198,611.85,1.0,1.1300819447071566,424.2789907588981,479.47002697520526,130.81212085536703,3. Emerging Loyalists
16764,2011-07-19,2011-12-06,13,2799.25,215.32692307692307,12,140,143,215.32692307692307,0.9997319751183459,22.08174891923483,225.94071446952057,4989.166127548481,1361.1766444748494,1. VIP Champions
16765,2011-02-18,2011-02-18,1,34.0,34.0,0,0,294,34.0,1.0,0.8311837473378637,424.2789907588981,352.65380145570776,96.2132961410625,3. Emerging Loyalists
16766,2011-03-11,2011-03-11,1,1145.6,1145.6,0,0,273,1145.6,1.0,0.8822274272441206,424.2789907588981,374.3105624509547,102.1218340626468,3. Emerging Loyalists
16767,2011-01-27,2011-11-09,8,5580.6,697.575,7,286,316,697.575,0.9995498886890472,7.417408407867324,674.6102218534197,5003.859531608796,1365.1853942184785,1. VIP Champions
16768,2011-03-13,2011-10-23,3,478.09000000000003,159.36333333333334,2,224,271,159.36333333333334,0.999609946481683,3.033550075179659,223.74960603853424,678.7556342196146,185.18251206428192,3. Emerging Loyalists
16769,2011-03-24,2011-03-24,1,380.39,380.39,0,0,260,380.39,1.0,0.9170917954606201,424.2789907588981,389.1027814112977,106.15754312785496,3. Emerging Loyalists
16770,2010-12-02,2011-10-13,5,770.1,154.02,4,315,372,154.02,0.9995147734467045,3.9931830450383523,191.40565782075956,764.3178275342696,208.52614428908774,3. Emerging Loyalists
16771,2011-01-05,2011-11-06,5,2246.8100000000004,449.3620000000001,4,305,338,449.3620000000001,0.99962578935573,4.327279880045375,445.8921994284188,1929.5003432557764,526.4187913575237,3. Emerging Loyalists
16773,2011-10-13,2011-10-13,1,171.59,171.59,0,0,57,171.59,1.0,2.3951065407050205,424.2789907588981,1016.1933858503618,277.2444668562282,3. Emerging Loyalists
16774,2011-06-14,2011-10-03,4,661.52,165.38,3,111,178,165.38,0.9991530108263894,5.6507412994240145,211.0274206015865,1192.461360904307,325.3350384424264,3. Emerging Loyalists
16775,2010-12-07,2011-11-29,11,1695.6599999999999,154.15090909090907,10,357,367,154.15090909090907,0.999705437492353,9.06167670358135,170.4508146531786,1544.5701762491713,421.39964793993397,3. Emerging Loyalists
16776,2011-10-10,2011-10-10,1,388.28,388.28,0,0,60,388.28,1.0,2.339388789492559,424.2789907588981,992.5535145985832,270.7948839392279,3. Emerging Loyalists
16777,2011-03-27,2011-09-20,2,226.35,113.175,1,177,257,113.175,0.9995651946452456,2.044414896385525,234.83129506467714,480.0925977677306,130.98197465471006,3. Emerging Loyalists
16778,2011-03-10,2011-09-26,2,245.94,122.97,1,200,274,122.97,0.9995947490988415,1.9431336237156047,240.7959892969742,467.89878325881347,127.65517913572577,3. Emerging Loyalists
16779,2010-12-08,2011-12-07,21,10629.720000000001,506.17714285714294,20,364,366,506.17714285714294,0.9997771766108324,17.47288264867884,503.62934974440907,8799.856526514492,2400.83390137718,1. VIP Champions
16780,2011-03-25,2011-08-31,2,425.19,212.595,1,159,259,212.595,0.9994948699400727,2.0318044448463426,295.3733982372114,600.140983427735,163.7343534269921,3. Emerging Loyalists
16781,2010-12-02,2010-12-02,1,311.25,311.25,0,0,372,311.25,1.0,0.6841580715470145,424.2789907588981,290.27389611552127,79.194405997323,3. Emerging Loyalists
16782,2010-12-09,2011-11-29,13,2279.9,175.37692307692308,12,355,365,175.37692307692308,0.9996989621147188,10.78505971816522,188.0199883160948,2027.8068021978095,553.2393967436731,1. VIP Champions
16784,2011-11-20,2011-11-20,1,107.6,107.6,0,0,19,107.6,1.0,3.4298361975782448,424.2789907588981,1455.2074403768343,397.01912705806683,3. Emerging Loyalists
16788,2011-03-30,2011-08-08,2,597.48,298.74,1,131,254,298.74,0.9993760880543959,2.063015292357141,347.83165088052226,717.5820149323478,195.77537693679915,3. Emerging Loyalists
16789,2011-12-01,2011-12-01,1,80.8,80.8,0,0,8,80.8,1.0,3.920072215858805,424.2789907588981,1663.204283446571,453.76617409419003,3. Emerging Loyalists
16790,2011-11-02,2011-12-06,6,1545.6200000000001,257.60333333333335,5,34,37,257.60333333333335,0.9997100061310509,20.064968653481838,276.57352896146256,5549.439188994597,1514.0339729887044,1. VIP Champions
16791,2011-01-11,2011-11-10,6,1721.78,286.9633333333333,5,303,332,286.9633333333333,0.9996201204456767,5.301980008947719,302.59191956123436,1604.336308382781,437.7054315340436,3. Emerging Loyalists
16792,2011-03-02,2011-03-02,1,110.38000000000001,110.38000000000001,0,0,282,110.38000000000001,1.0,0.8596035848513769,424.2789907588981,364.711741433473,99.5030214896707,3. Emerging Loyalists
16793,2011-10-13,2011-10-13,1,243.84,243.84,0,0,57,243.84,1.0,2.3951065407050205,424.2789907588981,1016.1933858503618,277.2444668562282,3. Emerging Loyalists
16794,2011-06-12,2011-12-08,9,1222.71,135.85666666666668,8,179,180,135.85666666666668,0.999756143580391,12.937459259943001,157.28812278371456,2034.9086805872196,555.1769772427846,1. VIP Champions
16795,2010-12-09,2010-12-09,1,414.88,414.88,0,0,365,414.88,1.0,0.6951939152545263,424.2789907588981,294.95617274591734,80.47185505981739,3. Emerging Loyalists
16796,2011-09-11,2011-09-11,1,305.62,305.62,0,0,89,305.62,1.0,1.9098965423138645,424.2789907588981,810.3289774268355,221.07920446348734,3. Emerging Loyalists
16800,2011-11-28,2011-11-28,1,1201.49,1201.49,0,0,11,1201.49,1.0,3.772994597165539,424.2789907588981,1600.80233982417,436.74127132343676,3. Emerging Loyalists
16801,2011-03-11,2011-06-29,4,1619.73,404.9325,3,110,273,404.9325,0.9970002933919337,4.072111426646103,408.3435499938211,1662.820435927073,453.66145032568386,3. Emerging Loyalists
16803,2011-10-05,2011-10-05,1,332.3,332.3,0,0,65,332.3,1.0,2.252071611977849,424.2789907588981,955.5066706467267,260.687523821406,3. Emerging Loyalists
16804,2011-03-14,2011-11-16,2,536.99,268.495,1,247,270,268.495,0.9997043968754106,1.9662798721958097,329.41386863898833,647.7198595269972,176.71513082766384,3. Emerging Loyalists
16805,2010-12-14,2011-06-19,2,460.59000000000003,230.29500000000002,1,187,360,230.29500000000002,0.9993325785258136,1.553156544195729,306.1518656095093,475.50177358914067,129.72947624294488,3. Emerging Loyalists
16806,2011-04-14,2011-08-28,4,801.49,200.3725,3,136,239,200.3725,0.9988021740759753,4.52986175553203,239.85026593927978,1086.4885467325303,296.42284832644515,3. Emerging Loyalists
16807,2011-03-14,2011-07-20,3,1121.5900000000001,373.8633333333334,2,128,270,373.8633333333334,0.9988127462366114,3.0400732482496395,386.1165776268194,1173.8226783489988,320.2499122450888,3. Emerging Loyalists
16808,2011-03-10,2011-09-01,2,288.42,144.21,1,175,274,144.21,0.9995157400610812,1.9429800363563396,253.73015014373166,492.99261635096724,134.5014413471173,3. Emerging Loyalists
16809,2011-03-22,2011-11-16,5,914.69,182.93800000000002,4,239,262,182.93800000000002,0.999647756177796,5.321093969557626,216.32335259566557,1151.076886971284,314.0442579950757,3. Emerging Loyalists
16810,2011-05-31,2011-05-31,1,309.54,309.54,0,0,192,309.54,1.0,1.1560648963305065,424.2789907588981,490.4940474668974,133.8197655875493,3. Emerging Loyalists
16811,2011-11-22,2011-12-05,2,547.0699999999999,273.53499999999997,1,13,17,273.53499999999997,0.99971635548762,7.7536356025875035,332.48299155177824,2577.951960550668,703.3335650829397,1. VIP Champions
16812,2010-12-14,2010-12-14,1,479.35,479.35,0,0,360,479.35,1.0,0.703297178082265,424.2789907588981,298.3942169203244,81.40984455810961,3. Emerging Loyalists
16813,2011-05-19,2011-12-01,10,1692.98,169.298,9,196,204,169.298,0.9996889881275722,13.135917835332954,186.27959956455274,2446.953514278689,667.5937197922942,1. VIP Champions
16814,2010-12-05,2011-11-25,21,6509.099999999999,309.95714285714286,20,355,369,309.95714285714286,0.9996018441202122,17.35015097904413,313.51361402597445,5439.5085373364245,1484.041979993568,1. VIP Champions
16816,2010-12-16,2011-08-28,4,417.06,104.265,3,255,358,104.265,0.9992743028402729,3.2688652353554577,160.68782803709053,525.2668548152212,143.30670829807784,3. Emerging Loyalists
16817,2010-12-06,2011-12-07,9,1604.75,178.30555555555554,8,366,368,178.30555555555554,0.9997549295270747,7.371159357190626,196.58281234942856,1449.0432367123394,395.3373690557492,3. Emerging Loyalists
16818,2011-05-18,2011-11-29,11,3349.57,304.50636363636363,10,195,205,304.50636363636363,0.9996573213375283,14.419413175221699,311.7336111664449,4495.015740012874,1226.3593324880521,1. VIP Champions
16820,2011-09-05,2011-09-05,1,497.61,497.61,0,0,95,497.61,1.0,1.8400049138430261,424.2789907588981,780.6754278367323,212.98893083941405,3. Emerging Loyalists
16823,2011-04-26,2011-04-26,1,358.38,358.38,0,0,227,358.38,1.0,1.0193492138630664,424.2789907588981,432.48845568869797,117.99430402565424,3. Emerging Loyalists
16824,2011-06-28,2011-11-24,2,460.64,230.32,1,149,164,230.32,0.9997063933101826,2.860972802440457,306.16708943348146,875.9357158715455,238.97846013228778,3. Emerging Loyalists
16825,2011-06-07,2011-11-01,2,775.1800000000001,387.59000000000003,1,147,185,387.59000000000003,0.9996504412309789,2.6242508464562833,401.9371212776221,1054.7838307350016,287.7729621867047,3. Emerging Loyalists
16826,2011-10-19,2011-10-19,1,341.7,341.7,0,0,51,341.7,1.0,2.514902544631104,424.2789907588981,1067.0203134930694,291.1113987340131,3. Emerging Loyalists
16828,2011-08-19,2011-09-07,2,128.5,64.25,1,19,112,64.25,0.9990296487025689,3.6806015671241346,205.0382715511362,754.6641835915358,205.8923745702626,3. Emerging Loyalists
16829,2011-07-06,2011-07-06,1,197.22,197.22,0,0,156,197.22,1.0,1.341068782843763,424.2789907588981,568.9873097232156,155.23480621768343,3. Emerging Loyalists
16830,2011-11-01,2011-11-01,1,325.91,325.91,0,0,38,325.91,1.0,2.820567850865286,424.2789907588981,1196.7076811321176,326.4935470531423,3. Emerging Loyalists
16832,2011-05-06,2011-06-08,3,199.15,66.38333333333334,2,33,217,66.38333333333334,0.995295235417406,3.590833239271128,153.36787634958904,550.7184682325286,150.25058245703764,3. Emerging Loyalists
16833,2011-01-09,2011-12-08,3,1106.53,368.8433333333333,2,333,334,368.8433333333333,0.9997420224530772,2.5596128420552082,382.3166606227485,978.5826342616498,266.98325780146865,3. Emerging Loyalists
16834,2011-04-26,2011-04-26,1,413.46,413.46,0,0,227,413.46,1.0,1.0193492138630664,424.2789907588981,432.48845568869797,117.99430402565424,3. Emerging Loyalists
16835,2010-12-01,2011-08-03,2,180.85,90.425,1,245,373,90.425,0.9995145503400257,1.507745758315398,220.97761525000047,333.1780620758402,90.89979867474725,3. Emerging Loyalists
16836,2011-08-15,2011-10-31,2,251.87,125.935,1,77,116,125.935,0.9995993426253791,3.603056923624379,242.60153482007382,874.1071397153678,238.47957613187555,3. Emerging Loyalists
16837,2011-04-08,2011-11-08,9,3170.98,352.3311111111111,8,214,245,352.3311111111111,0.9994110633183583,10.255434182538155,357.67725701100403,3668.1355678671357,1000.7645237905974,1. VIP Champions
16838,2011-02-24,2011-05-26,2,588.85,294.425,1,91,288,294.425,0.9988744713348195,1.8655783581917134,345.2040188629253,644.0051467514775,175.7016588081514,3. Emerging Loyalists
16839,2010-12-05,2011-12-01,32,16594.35,518.5734375,31,361,369,518.5734375,0.9996774075206507,26.516024665261323,516.6597755895086,13699.76335307979,3737.6582447471233,1. VIP Champions
16841,2011-02-25,2011-11-03,6,1869.82,311.63666666666666,5,251,287,311.63666666666666,0.999543500309772,5.971793058816977,324.4570566206702,1937.5903986115052,528.6259727023023,1. VIP Champions
16842,2011-02-10,2011-08-31,3,1264.19,421.3966666666667,2,202,302,421.3966666666667,0.9993777342447204,2.7793991908731575,422.0971994581938,1173.1766146439297,320.07364895705615,3. Emerging Loyalists
16843,2011-01-16,2011-10-28,12,10196.57,849.7141666666666,11,285,327,849.7141666666666,0.9991487558044131,10.892563406791243,826.2478471261646,8999.957064546506,2455.4266272862424,1. VIP Champions
16846,2011-10-20,2011-10-20,1,214.32,214.32,0,0,50,214.32,1.0,2.5360434181941702,424.2789907588981,1075.9899419921687,293.55855092547347,3. Emerging Loyalists
16847,2011-10-27,2011-10-27,1,193.44,193.44,0,0,43,193.44,1.0,2.694603816894278,424.2789907588981,1143.263787926979,311.91263766650934,3. Emerging Loyalists
16848,2011-10-18,2011-10-18,1,281.42,281.42,0,0,52,281.42,1.0,2.4941112247051773,424.2789907588981,1058.198993258352,288.7047089646286,3. Emerging Loyalists
16849,2011-06-06,2011-06-06,1,124.57,124.57,0,0,186,124.57,1.0,1.1832707704984653,424.2789907588981,502.0369283015926,136.9689691619478,3. Emerging Loyalists
16850,2011-01-10,2011-01-10,1,332.41,332.41,0,0,333,332.41,1.0,0.7505383440131872,424.2789907588981,318.43765112376974,86.878224206194,3. Emerging Loyalists
16851,2011-10-19,2011-12-05,3,342.45000000000005,114.15000000000002,2,47,51,114.15000000000002,0.9997180633210229,8.597877442786809,189.5251211492802,1629.5137639708335,444.57450817683707,3. Emerging Loyalists
16852,2011-06-16,2011-11-29,2,144.91,72.455,1,166,176,72.455,0.9997194315177683,2.720855698462267,210.03473057880313,571.4741935703235,155.91329398972084,3. Emerging Loyalists
16855,2011-10-27,2011-11-16,2,328.4,164.2,1,20,43,164.2,0.9996043234390231,5.952362291750413,265.9031197918805,1582.7517035079825,431.8165797129818,3. Emerging Loyalists
16856,2011-11-25,2011-11-25,1,35.400000000000006,35.400000000000006,0,0,14,35.400000000000006,1.0,3.6365543175428487,424.2789907588981,1542.9135956869932,420.94768889241357,3. Emerging Loyalists
16858,2010-12-06,2010-12-06,1,375.69000000000005,375.69000000000005,0,0,368,375.69000000000005,1.0,0.690420971948198,424.2789907588981,292.93111317695895,79.91936518105464,3. Emerging Loyalists
16859,2011-03-23,2011-07-18,2,747.81,373.905,1,117,261,373.905,0.999259267310051,2.0190129205107197,393.603600035255,794.6907540307134,216.81268298400693,3. Emerging Loyalists
16861,2011-07-04,2011-10-11,2,173.76,86.88,1,99,158,86.88,0.9995494832055074,2.936145886516231,218.81887701074646,642.4841456272043,175.28668942175455,3. Emerging Loyalists
16863,2010-12-08,2011-11-08,2,502.8,251.4,1,335,366,251.4,0.9997024083452137,1.5322985468455894,319.00381780681704,488.8090864635809,133.3600636041054,3. Emerging Loyalists
16866,2011-07-01,2011-07-22,3,207.73999999999998,69.24666666666666,2,21,161,69.24666666666666,0.9963760876268113,4.47012710517405,155.53529248936115,695.262526767867,189.68602949287023,3. Emerging Loyalists
16869,2011-06-17,2011-11-17,4,825.4200000000001,206.35500000000002,3,153,175,206.35500000000002,0.9996376041394598,5.723003565501827,244.77796965386864,1400.8651930853882,382.1931228861554,3. Emerging Loyalists
16871,2011-03-14,2011-11-17,5,2812.34,562.4680000000001,4,248,270,562.4680000000001,0.9996560212220539,5.19555029177706,543.3519402545658,2823.012331727241,770.1925241161989,1. VIP Champions
16872,2011-06-08,2011-09-23,3,680.02,226.67333333333332,2,107,184,226.67333333333332,0.999285661002265,4.075553053138926,274.70028602738023,1119.5555894170259,305.44441326401216,3. Emerging Loyalists
16873,2010-12-10,2011-12-05,6,7123.62,1187.27,5,360,364,1187.27,0.9997410525406014,4.910704908092303,1100.4301522898404,5403.88774986248,1474.3236858482576,1. VIP Champions
16875,2011-01-04,2011-10-03,4,2095.53,523.8825,3,272,339,523.8825,0.999498572390217,3.421874814098942,506.3210438258885,1732.5672277160945,472.69022218518404,3. Emerging Loyalists
16877,2011-05-15,2011-11-27,6,853.72,142.28666666666666,5,196,208,142.28666666666666,0.9996824710165847,7.676257495846173,174.38163264003828,1338.5983146909875,365.20506948644623,3. Emerging Loyalists
16878,2011-09-16,2011-09-16,1,13.3,13.3,0,0,84,13.3,1.0,1.9723280884394196,424.2789907588981,836.8173708085037,228.30593965310214,3. Emerging Loyalists
16880,2011-06-03,2011-11-09,6,1519.08,253.17999999999998,5,159,189,253.17999999999998,0.9994959566711858,8.24011489905523,272.6536374621554,2246.69730033351,612.9585213714561,1. VIP Champions
16881,2011-10-04,2011-10-04,1,432.0,432.0,0,0,66,432.0,1.0,2.2353845634956913,424.2789907588981,948.4267065579718,258.75592212385556,3. Emerging Loyalists
16882,2011-01-26,2011-10-04,3,705.12,235.04,2,251,317,235.04,0.9995648218220753,2.6718801410072266,281.03348103416494,750.8877769333163,204.8620708257502,3. Emerging Loyalists
16883,2010-12-03,2011-06-05,2,276.73,138.365,1,184,371,138.365,0.9992858037726664,1.5142531550706266,250.17082009903783,378.82195364157417,103.35266105172086,3. Emerging Loyalists
16884,2011-11-02,2011-11-02,1,429.84000000000003,429.84000000000003,0,0,37,429.84000000000003,1.0,2.847187213956218,424.2789907588981,1208.001717638983,329.5748593049245,3. Emerging Loyalists
16885,2010-12-17,2011-11-24,3,471.51,157.17,2,342,357,157.17,0.9997165164366439,2.421342786805004,222.0893501363572,537.7544459788794,146.7136538683738,3. Emerging Loyalists
16887,2011-11-04,2011-11-04,1,194.88,194.88,0,0,35,194.88,1.0,2.9019622745445246,424.2789907588981,1231.2416250641472,335.9153214980395,3. Emerging Loyalists
16889,2011-01-07,2011-05-29,3,1578.6699999999998,526.2233333333332,2,142,336,526.2233333333332,0.9983839581327655,2.5435116631305053,501.4463295671042,1275.4345876879127,347.9723320356255,3. Emerging Loyalists
16891,2010-12-03,2011-12-08,5,809.7,161.94,4,370,371,161.94,0.9997484196380282,4.0031948681599285,198.2300627802054,793.5535700367387,216.5024290751379,3. Emerging Loyalists
16892,2011-06-09,2011-12-08,4,525.54,131.385,3,182,183,131.385,0.9997436805280443,5.541879544696851,183.02620241897927,1014.3091673292865,276.73040214513094,3. Emerging Loyalists
16893,2010-12-08,2010-12-08,1,145.93,145.93,0,0,366,145.93,1.0,0.6935956186115332,424.2789907588981,294.2780490592949,80.28684495979309,3. Emerging Loyalists
16895,2011-10-06,2011-10-06,1,219.14,219.14,0,0,64,219.14,1.0,2.269009670419825,424.2789907588981,962.6931329879034,262.6481810625419,3. Emerging Loyalists
16897,2011-01-30,2011-02-13,2,289.78,144.89,1,14,313,144.89,0.9957875333972571,1.738084453398268,254.14423815577473,441.72414925929894,120.5140458146505,3. Emerging Loyalists
16898,2010-12-06,2011-11-13,3,508.80999999999995,169.60333333333332,2,342,368,169.60333333333332,0.9996953391894373,2.3603379707119885,231.5008311623759,546.420202043941,149.07790161257032,3. Emerging Loyalists
16899,2010-12-14,2011-12-02,6,1281.56,213.59333333333333,5,353,360,213.59333333333333,0.9997300061708025,4.956441950243724,237.57252861078285,1177.5144470319615,321.2571245085381,3. Emerging Loyalists
16900,2011-10-07,2011-11-23,3,887.11,295.7033333333333,2,47,63,295.7033333333333,0.9996308953197637,7.815329373600039,326.95292961124653,2555.244834575361,697.1384597786544,1. VIP Champions
16902,2011-08-15,2011-08-15,1,1706.88,1706.88,0,0,116,1706.88,1.0,1.6310934785508786,424.2789907588981,692.0386949129871,188.8064827881922,3. Emerging Loyalists
16903,2011-11-10,2011-11-10,1,373.24,373.24,0,0,29,373.24,1.0,3.079707336540863,424.2789907588981,1306.6551205803314,356.490120201982,3. Emerging Loyalists
16904,2010-12-07,2011-12-05,15,3754.27,250.28466666666665,14,363,367,250.28466666666665,0.9997504804378112,12.410186189602245,257.91555509977076,3200.780059982772,873.2575645642339,1. VIP Champions
16905,2010-12-03,2011-12-04,6,3102.43,517.0716666666666,5,366,371,517.0716666666666,0.999737792086848,4.832557061406035,506.51046509696846,2447.7407247804103,667.8084916643536,1. VIP Champions
16906,2011-04-05,2011-09-19,4,579.77,144.9425,3,167,248,144.9425,0.9992194899224184,4.4030760687847,194.19333039399612,855.0480057754048,233.2797396622603,3. Emerging Loyalists
16907,2010-12-09,2011-11-10,5,981.65,196.32999999999998,4,336,365,196.32999999999998,0.9996525894584067,4.0581547436044865,227.86280098163763,924.7025066946378,252.2833321284025,3. Emerging Loyalists
16909,2011-09-28,2011-09-28,1,379.14,379.14,0,0,72,379.14,1.0,2.1402343196102858,424.2789907588981,908.056457111809,247.74184897557538,3. Emerging Loyalists
16910,2011-09-09,2011-12-05,8,1510.06,188.7575,7,87,91,188.7575,0.9997091365134119,17.853639964826787,208.54812482120116,3723.343135897482,1015.8266103758136,1. VIP Champions
16912,2011-01-20,2011-11-11,6,2575.38,429.23,5,295,323,429.23,0.9996222375185745,5.423733282946708,428.6665007145337,2324.972767209715,634.3141416541603,1. VIP Champions
16913,2011-02-22,2011-02-22,1,113.44,113.44,0,0,290,113.44,1.0,0.8404458988321237,424.2789907588981,356.5835377439484,97.28543226917472,3. Emerging Loyalists
16914,2011-11-03,2011-11-03,1,208.46,208.46,0,0,36,208.46,1.0,2.874313809370485,424.2789907588981,1219.5109621640734,332.71488600329394,3. Emerging Loyalists
16915,2011-03-01,2011-11-30,6,621.6800000000001,103.61333333333334,5,274,283,103.61333333333334,0.9997147266046849,6.040696821130713,140.10990605755052,846.3614641307682,230.90982106150463,3. Emerging Loyalists
16916,2010-12-02,2011-11-16,2,576.26,288.13,1,349,372,288.13,0.999713274038853,1.5114654490094064,341.37065998673233,515.9699578754838,140.77026860917167,3. Emerging Loyalists
16917,2011-03-08,2011-03-08,1,391.52,391.52,0,0,276,391.52,1.0,0.8745549782454213,424.2789907588981,371.0553035331374,101.23371322293673,3. Emerging Loyalists
16918,2011-01-26,2011-10-21,5,1068.82,213.76399999999998,4,268,317,213.76399999999998,0.9995209285079459,4.562248065697741,242.8851085653471,1108.1021167390406,302.3196026025029,3. Emerging Loyalists
16919,2010-12-06,2011-07-06,11,2596.45,236.04090909090908,10,212,368,236.04090909090908,0.9733933987170116,8.80298304606368,247.39945772999974,2177.8532320025356,594.1760363775561,1. VIP Champions
16921,2011-10-09,2011-10-09,1,169.79,169.79,0,0,61,169.79,1.0,2.321387849041361,424.2789907588981,984.9160937512379,268.71119327516493,3. Emerging Loyalists
16923,2010-12-12,2011-11-27,17,7247.61,426.33,16,350,362,426.33,0.9996585491108039,14.246332324728511,426.2508587135162,6072.511386933652,1656.7419207712767,1. VIP Champions
16924,2011-09-16,2011-11-18,3,846.75,282.25,2,63,84,282.25,0.999611172100192,6.742218326776249,316.7693538951577,2135.7281431930037,582.683196578666,1. VIP Champions
16926,2010-12-03,2010-12-03,1,230.25,230.25,0,0,371,230.25,1.0,0.6857131202602135,424.2789907588981,290.9336706141383,79.3744099529297,3. Emerging Loyalists
16927,2010-12-13,2011-08-16,3,543.05,181.01666666666665,2,246,361,181.01666666666665,0.9993827701589066,2.3980157101946795,240.14021749832443,575.8600142105493,157.10986200724335,3. Emerging Loyalists
16928,2010-12-01,2011-09-20,17,2847.6,167.50588235294117,16,293,373,167.50588235294117,0.9939228273317569,13.812046459924504,177.41386020337004,2450.448479763498,668.5472389314746,1. VIP Champions
16929,2011-07-07,2011-12-06,7,1295.39,185.0557142857143,6,152,155,185.0557142857143,0.9997347765349587,11.122670469986682,208.18377220366102,2315.5594954200947,631.7459518243255,1. VIP Champions
16930,2011-10-02,2011-11-13,2,380.55,190.275,1,42,68,190.275,0.9996181186014547,4.865908794960547,281.7815681948561,1371.1234109371255,374.07877708361013,3. Emerging Loyalists
16931,2010-12-05,2011-12-04,20,4604.22,230.211,19,364,369,230.211,0.9997428294714757,16.51940153553312,236.555681981041,3907.758296156693,1066.1399498426774,1. VIP Champions
16932,2011-10-17,2011-10-17,1,161.94,161.94,0,0,53,161.94,1.0,2.473660859963395,424.2789907588981,1049.522333145057,286.3374863073091,3. Emerging Loyalists
16933,2011-04-14,2011-12-08,2,563.23,281.615,1,238,239,281.615,0.9997384441139471,2.1642845565457876,337.4033314595843,730.2368196050778,199.2279427805778,3. Emerging Loyalists
16934,2011-10-16,2011-10-16,1,950.9300000000001,950.9300000000001,0,0,54,950.9300000000001,1.0,2.4535431316699117,424.2789907588981,1040.9868036883363,284.00876783057555,3. Emerging Loyalists
16936,2011-11-14,2011-11-14,1,262.68,262.68,0,0,25,262.68,1.0,3.2108155440078403,424.2789907588981,1362.281578524629,371.6664910489166,3. Emerging Loyalists
16938,2011-02-04,2011-12-01,4,2736.38,684.095,3,300,308,684.095,0.9997259605322784,3.704122054216314,638.2858965419043,2364.2888662761,645.04061466245,1. VIP Champions
16940,2011-02-23,2011-10-18,3,3049.88,1016.6266666666667,2,237,289,1016.6266666666667,0.9996008322496299,2.8809815808855563,872.659868448846,2514.117007379138,685.9176993577133,1. VIP Champions
16942,2011-04-26,2011-11-27,8,1920.5900000000001,240.07375000000002,7,215,227,240.07375000000002,0.9996701751907832,9.649110780647694,255.5523239433414,2465.8526839812675,672.7499137817209,1. VIP Champions
16943,2011-01-25,2011-05-12,3,816.73,272.24333333333334,2,107,318,272.24333333333334,0.9976286061267267,2.659813117420986,309.1947517396327,822.4002565148003,224.37256907460903,3. Emerging Loyalists
16945,2010-12-16,2011-11-18,13,4345.5,334.2692307692308,12,337,358,334.2692307692308,0.9995737617050741,10.960508003613988,338.8413071617986,3713.8728591019194,1013.2428680707311,1. VIP Champions
16947,2011-04-18,2011-04-18,1,406.48,406.48,0,0,235,406.48,1.0,0.9925206386253387,424.2789907588981,421.1056548633357,114.88877451709779,3. Emerging Loyalists
16948,2011-01-18,2011-07-24,3,435.02,145.00666666666666,2,187,325,145.00666666666666,0.9991337912263903,2.6164943896273334,212.88224711653356,557.0052052316696,151.96577079801827,3. Emerging Loyalists
16949,2011-01-27,2011-12-06,6,1286.27,214.37833333333333,5,313,316,214.37833333333333,0.99974324263684,5.523025539126673,238.26818380903967,1315.9612643386545,359.0290826678759,3. Emerging Loyalists
16950,2010-12-07,2011-10-14,3,1178.56,392.8533333333333,2,311,367,392.8533333333333,0.9996222112235431,2.365579040523411,400.49116406253745,947.3935036211614,258.4740370010444,3. Emerging Loyalists
16951,2011-02-08,2011-07-28,3,1277.75,425.9166666666667,2,170,304,425.9166666666667,0.9990989934204806,2.7637235606779167,425.51863867301455,1176.0158872082036,320.8482777032204,3. Emerging Loyalists
16952,2011-08-22,2011-08-22,1,167.61,167.61,0,0,109,167.61,1.0,1.6952522907697207,424.2789907588981,719.2599310094871,196.2331568778157,3. Emerging Loyalists
16953,2011-11-09,2011-11-09,1,20.8,20.8,0,0,30,20.8,1.0,3.048586372942482,424.2789907588981,1293.451149553366,352.8877272335484,3. Emerging Loyalists
16954,2010-12-15,2011-12-09,8,2085.08,260.635,7,359,359,260.635,0.9997614200514819,6.673542537380611,274.3858335860005,1831.125532090812,499.5795376748305,3. Emerging Loyalists
16955,2010-12-01,2011-06-08,4,518.67,129.6675,3,189,373,129.6675,0.9980221760282467,3.153963678553499,181.6115210767634,572.796141082965,156.27395627945572,3. Emerging Loyalists
16956,2011-11-22,2011-11-22,1,308.74,308.74,0,0,17,308.74,1.0,3.5096376394074467,424.2789907588981,1489.0655155772329,406.2565066143778,3. Emerging Loyalists
16957,2011-03-03,2011-04-14,2,416.64,208.32,1,42,281,208.32,0.9978847902317255,1.90100888903453,292.77012433796995,556.5586088102255,151.84392746732235,3. Emerging Loyalists
16959,2011-09-13,2011-09-13,1,117.35000000000001,117.35000000000001,0,0,87,117.35000000000001,1.0,1.9343887926326349,424.2789907588981,820.7205246734977,223.91429374504304,3. Emerging Loyalists
16960,2011-04-01,2011-11-01,3,507.05,169.01666666666668,2,214,252,169.01666666666668,0.9996342620630801,3.2132069530512526,231.0567505563225,742.4331574370043,202.5554267289026,3. Emerging Loyalists
16961,2011-08-15,2011-08-15,1,234.17,234.17,0,0,116,234.17,1.0,1.6310934785508786,424.2789907588981,692.0386949129871,188.8064827881922,3. Emerging Loyalists
16963,2011-06-05,2011-06-05,1,110.55000000000001,110.55000000000001,0,0,187,110.55000000000001,1.0,1.1786478832508382,424.2789907588981,500.0755343657772,136.43384895392248,3. Emerging Loyalists
16965,2011-04-27,2011-04-27,1,201.19,201.19,0,0,226,201.19,1.0,1.0228051122645758,424.2789907588981,433.9547207746557,118.3943399712593,3. Emerging Loyalists
16966,2011-04-13,2011-12-01,7,2154.97,307.8528571428571,6,232,240,307.8528571428571,0.9997106670600473,8.06243825027347,319.108912160288,2572.795899404263,701.9268550575472,1. VIP Champions
16967,2011-06-03,2011-06-03,1,319.02,319.02,0,0,189,319.02,1.0,1.169509634743013,424.2789907588981,496.19836751157305,135.37605515957796,3. Emerging Loyalists
16968,2011-08-24,2011-12-05,2,439.43,219.715,1,103,107,219.715,0.9997288428199901,3.7878374767795595,299.709143304486,1135.2495251422276,309.7261345422593,3. Emerging Loyalists
16969,2011-06-01,2011-10-31,3,650.41,216.8033333333333,2,152,191,216.8033333333333,0.999594489940567,3.9670350584353073,267.2291344675836,1060.1073450682272,289.2253578760169,3. Emerging Loyalists
16971,2011-11-01,2011-11-01,1,357.21,357.21,0,0,38,357.21,1.0,2.820567850865286,424.2789907588981,1196.7076811321176,326.4935470531423,3. Emerging Loyalists
16976,2011-03-17,2011-03-17,1,251.51999999999998,251.51999999999998,0,0,267,251.51999999999998,1.0,0.8979833991452656,424.2789907588981,380.99549030759806,103.9456594145866,3. Emerging Loyalists
16978,2011-09-23,2011-09-23,1,344.33,344.33,0,0,77,344.33,1.0,2.066918162420053,424.2789907588981,876.9499519328164,239.25517058916418,3. Emerging Loyalists
16979,2011-02-15,2011-12-06,6,1852.0,308.6666666666667,5,294,297,308.6666666666667,0.9997426319038527,5.80976835353713,321.8250872718514,1869.7292074063273,510.11164261722286,3. Emerging Loyalists
16980,2011-02-21,2011-03-29,2,1078.96,539.48,1,36,291,539.48,0.9975359555435312,1.847551027263939,494.4309862029513,913.4864764703851,249.22330205630735,3. Emerging Loyalists
16982,2011-10-10,2011-10-10,1,384.06,384.06,0,0,60,384.06,1.0,2.339388789492559,424.2789907588981,992.5535145985832,270.7948839392279,3. Emerging Loyalists
16983,2010-12-05,2011-11-27,7,1931.25,275.89285714285717,6,357,369,275.89285714285717,0.9997075948904486,5.6876461205428726,290.2387984872191,1650.7755762468564,450.375293628644,3. Emerging Loyalists
16984,2011-08-01,2011-09-12,2,4481.35,2240.675,1,42,130,2240.675,0.9992449411237523,3.3483360679097958,1530.3787150965284,5124.222249319156,1398.023531098351,1. VIP Champions
16985,2010-12-16,2011-11-22,7,5464.12,780.5885714285714,6,341,358,780.5885714285714,0.9996807977196838,5.834023875873929,746.1406333351318,4353.002269636854,1187.6142969180214,1. VIP Champions
16986,2011-11-09,2011-11-10,2,1873.2,936.6,1,1,30,936.6,0.9995102411908787,6.7336736243340996,736.2583852361116,4957.7236693592195,1352.5983092104093,1. VIP Champions
16987,2011-05-18,2011-12-06,6,1625.05,270.84166666666664,5,202,205,270.84166666666664,0.9997384310104735,7.760751016284394,288.30514093546276,2237.464415514908,610.4395458843875,1. VIP Champions
16988,2011-12-04,2011-12-04,1,126.12,126.12,0,0,5,126.12,1.0,4.079081616801313,424.2789907588981,1730.6686315996353,472.1722348853134,3. Emerging Loyalists
16989,2011-07-12,2011-12-02,6,1133.25,188.875,5,143,150,188.875,0.9997035670388679,9.709822150263713,215.66751322788008,2094.0931970323622,571.3240806745259,1. VIP Champions
16990,2011-05-05,2011-05-05,1,179.0,179.0,0,0,218,179.0,1.0,1.051319407547142,424.2789907588981,446.05273719934405,121.6949992359069,3. Emerging Loyalists
16992,2011-02-28,2011-11-29,5,1614.31,322.86199999999997,4,274,284,322.86199999999997,0.9997141507267756,4.9897608206998845,336.89128688171394,1681.0069441175413,458.62321138165004,3. Emerging Loyalists
16996,2010-12-21,2011-11-09,5,1456.96,291.392,4,323,353,291.392,0.999644815571642,4.1735311960315755,309.77461717543093,1292.8540285203997,352.7248168025827,3. Emerging Loyalists
16997,2011-01-18,2011-02-24,3,702.0,234.0,2,37,325,234.0,0.989621801649586,2.5915847453129786,280.2462472325248,726.2818992590209,198.14893577456007,3. Emerging Loyalists
16998,2011-02-08,2011-07-13,3,295.0,98.33333333333333,2,155,304,98.33333333333333,0.9989179932621158,2.7632228751548067,177.55260708266925,490.617425434205,133.85342636437022,3. Emerging Loyalists
16999,2011-09-26,2011-11-16,2,484.82000000000005,242.41000000000003,1,51,74,242.41000000000003,0.9996418331916748,4.661797191099789,313.52933070642393,1461.610153214604,398.765956679139,3. Emerging Loyalists
17001,2010-12-16,2011-12-09,11,3989.57,362.6881818181818,10,358,358,362.6881818181818,0.9997708616645704,9.25329598661713,366.4046572139871,3390.450744076012,925.0047501116803,1. VIP Champions
17002,2011-02-22,2011-09-15,3,1493.73,497.91,2,205,290,497.91,0.9994503008707308,2.872523008946317,480.01439395450296,1378.8523912597318,376.18744759723495,3. Emerging Loyalists
17004,2011-09-08,2011-10-24,2,1412.94,706.47,1,46,92,706.47,0.9995192959557246,4.139962992232166,596.1200408074725,2467.914907870865,673.3125430713529,1. VIP Champions
17006,2011-09-25,2011-12-05,4,781.78,195.445,3,71,75,195.445,0.9997188157286496,9.699224394309217,235.79155134611028,2286.9951667882074,623.9528465227921,1. VIP Champions
17007,2010-12-17,2011-10-20,5,889.9300000000001,177.98600000000002,4,307,357,177.98600000000002,0.999545484498651,4.133928546773435,212.0563761614262,876.6259069390453,239.16676253338812,3. Emerging Loyalists
17010,2011-11-21,2011-11-21,1,195.36,195.36,0,0,18,195.36,1.0,3.4692780746188276,424.2789907588981,1471.9418001612494,401.58470357254896,3. Emerging Loyalists
17011,2011-11-09,2011-11-09,1,270.9,270.9,0,0,30,270.9,1.0,3.048586372942482,424.2789907588981,1293.451149553366,352.8877272335484,3. Emerging Loyalists
17014,2011-10-04,2011-12-01,3,586.33,195.44333333333336,2,58,66,195.44333333333336,0.9996955450141042,7.642097162532666,251.06056331082016,1918.6292185014715,523.45286063154,3. Emerging Loyalists
17015,2011-06-07,2011-11-11,3,1842.56,614.1866666666666,2,157,185,614.1866666666666,0.9996436388947122,4.060959246152185,568.0306654372403,2306.749382905339,629.3423198177535,1. VIP Champions
17017,2010-12-02,2011-12-07,16,8694.26,543.39125,15,370,372,543.39125,0.9997690081436399,13.097245187702097,538.50129441088,7052.883486794247,1924.2133921774048,1. VIP Champions
17018,2011-01-18,2011-10-30,2,920.1,460.05,1,285,325,460.05,0.9996838515132946,1.6917360222473328,446.0618526785659,754.6189043267128,205.88002118771723,3. Emerging Loyalists
17019,2010-12-06,2011-11-28,4,1272.61,318.1525,3,357,368,318.1525,0.9997216866550365,3.195485858592633,336.8640467172612,1076.4442975532963,293.68251115495536,3. Emerging Loyalists
17022,2011-11-08,2011-11-08,1,71.0,71.0,0,0,31,71.0,1.0,3.0180880823313876,424.2789907588981,1280.5113655930193,349.3574114931846,3. Emerging Loyalists
17024,2011-07-05,2011-10-25,3,95.85,31.95,2,112,157,31.95,0.999520208016711,4.563614105702697,127.30337259656673,580.963466885218,158.5022190483498,3. Emerging Loyalists
17025,2010-12-01,2011-10-10,2,357.77,178.885,1,313,373,178.885,0.9996606174584456,1.5079660973571378,274.84559399313446,414.4578377496314,113.0750739586117,3. Emerging Loyalists
17026,2010-12-05,2011-06-07,2,154.82999999999998,77.41499999999999,1,184,369,77.41499999999999,0.9992917185563198,1.52117720014104,213.05513725488208,324.0946171650465,88.4215943520498,3. Emerging Loyalists
17027,2011-01-26,2011-09-22,5,890.29,178.058,4,239,317,178.058,0.9992605170912683,4.561059434776528,212.11841620651202,967.484703528566,263.95544839811737,3. Emerging Loyalists
17029,2011-04-17,2011-08-21,2,716.0,358.0,1,126,236,358.0,0.9994115158834906,2.184860732448027,383.91820322415913,838.8078066964669,228.8489832747727,3. Emerging Loyalists
17030,2011-10-07,2011-10-07,1,146.87,146.87,0,0,63,146.87,1.0,2.286204445354943,424.2789907588981,969.9885147437016,264.6385544044293,3. Emerging Loyalists
17031,2011-07-08,2011-11-28,2,380.35,190.175,1,143,154,190.175,0.9997148266676068,2.989316210176275,281.7206728989674,842.1521742386512,229.76141530701653,3. Emerging Loyalists
17033,2010-12-15,2011-09-14,3,1030.1399999999999,343.37999999999994,2,273,359,343.37999999999994,0.9995171435247958,2.4095463932538106,363.04204840887263,874.7666583430744,238.65951027912178,3. Emerging Loyalists
17034,2011-02-25,2011-11-23,3,745.52,248.50666666666666,2,271,287,248.50666666666666,0.9997082756177145,2.8974801292420262,291.2271494913005,843.8248787468403,230.21777339400882,3. Emerging Loyalists
17035,2011-02-01,2011-04-08,2,433.53,216.765,1,66,311,216.765,0.9982803442522103,1.7516071944173062,297.91273207576967,521.8260848124336,142.36797512161704,3. Emerging Loyalists
17037,2011-09-13,2011-09-13,1,1267.32,1267.32,0,0,87,1267.32,1.0,1.9343887926326349,424.2789907588981,820.7205246734977,223.91429374504304,3. Emerging Loyalists
17038,2011-11-09,2011-11-09,1,112.4,112.4,0,0,30,112.4,1.0,3.048586372942482,424.2789907588981,1293.451149553366,352.8877272335484,3. Emerging Loyalists
17040,2011-07-25,2011-07-25,1,449.73,449.73,0,0,137,449.73,1.0,1.4647840634087945,424.2789907588981,621.4771041028011,169.55541217791958,3. Emerging Loyalists
17041,2010-12-14,2011-11-13,3,1081.57,360.5233333333333,2,334,360,360.5233333333333,0.9996943211417598,2.404355329683065,376.0187902096271,904.0827823014953,246.65772525504602,3. Emerging Loyalists
17042,2011-04-06,2011-12-07,5,1044.38,208.87600000000003,4,245,247,208.87600000000003,0.9997434244115586,5.574243532176281,238.67327883785077,1330.4229808651958,362.97462191665943,3. Emerging Loyalists
17043,2011-03-18,2011-11-07,4,1735.18,433.795,3,234,266,433.795,0.9996293279905936,4.168173007256821,432.1171978772011,1801.139240163204,491.3984831292845,3. Emerging Loyalists
17044,2011-11-14,2011-11-14,1,948.48,948.48,0,0,25,948.48,1.0,3.2108155440078403,424.2789907588981,1362.281578524629,371.6664910489166,3. Emerging Loyalists
17045,2011-04-06,2011-08-18,3,339.44,113.14666666666666,2,134,247,113.14666666666666,0.9991055041647832,3.2623288652722313,188.76564238551833,615.8156039259318,168.01080499979952,3. Emerging Loyalists
17046,2011-07-05,2011-07-05,1,642.02,642.02,0,0,157,642.02,1.0,1.3351337801384466,424.2789907588981,566.4692127652527,154.54780268240796,3. Emerging Loyalists
17047,2011-05-18,2011-09-15,2,1100.9,550.45,1,120,205,550.45,0.9994876952366818,2.4322751543039587,501.1112001619405,1218.8403216973256,332.5319175238248,3. Emerging Loyalists
17048,2011-01-12,2011-08-14,3,925.35,308.45,2,214,331,308.45,0.9993189901745799,2.5777206919126066,336.60159005186193,867.6648836073691,236.72195805948593,3. Emerging Loyalists
17049,2011-03-09,2011-12-07,8,5659.9800000000005,707.4975000000001,7,273,275,707.4975000000001,0.9997502814061101,8.303229040267897,683.6989445443693,5676.908931141318,1548.811094345576,1. VIP Champions
17050,2011-02-13,2011-09-04,6,3228.84,538.14,5,203,299,538.14,0.9985736771167584,5.771433847353039,525.1809053542185,3031.0468531448496,826.949850803433,1. VIP Champions
17051,2011-05-29,2011-05-29,1,247.14000000000001,247.14000000000001,0,0,194,247.14000000000001,1.0,1.147272166054317,424.2789907588981,486.7634767393006,132.80196709875426,3. Emerging Loyalists
17052,2011-11-11,2011-11-11,1,413.75,413.75,0,0,28,413.75,1.0,3.1114702391469247,424.2789907588981,1320.1314528416044,360.16682052790225,3. Emerging Loyalists
17053,2011-08-01,2011-08-01,1,498.48,498.48,0,0,130,498.48,1.0,1.5163196831191623,424.2789907588981,643.3425848216503,175.52089436749282,3. Emerging Loyalists
17054,2011-04-08,2011-11-11,5,1356.33,271.26599999999996,4,217,245,271.26599999999996,0.9996094694965492,5.609001229090178,292.4327012393441,1640.255380677642,447.50510567778525,3. Emerging Loyalists
17058,2011-04-14,2011-09-19,3,1179.89,393.2966666666667,2,158,239,393.2966666666667,0.999393229365369,3.3480397916562907,400.8267477023392,1341.9839008676083,366.12874705373093,3. Emerging Loyalists
17059,2010-12-05,2011-11-10,5,3095.04,619.008,4,340,369,619.008,0.9996536837020671,4.021094923270794,592.070608992832,2380.772120038924,649.5376828043627,1. VIP Champions
17060,2011-03-18,2011-03-18,1,234.24,234.24,0,0,266,234.24,1.0,0.900664272680913,424.2789907588981,382.13292862565476,104.25598270980032,3. Emerging Loyalists
17061,2011-04-21,2011-09-27,9,5232.2300000000005,581.3588888888889,8,159,232,581.3588888888889,0.9972738359347945,10.675541448142917,569.6869388959585,6081.716528649466,1659.2533272052021,1. VIP Champions
17062,2010-12-05,2011-01-30,4,538.37,134.5925,3,56,369,134.5925,0.9702591434129668,3.0942312276829327,185.6681764540054,574.5002695709285,156.73888766031155,3. Emerging Loyalists
17063,2011-02-23,2011-11-18,4,1461.14,365.285,3,268,289,365.285,0.9996818614707066,3.9005598491353033,375.6864445990596,1465.3874616674864,399.7965064571171,3. Emerging Loyalists
17064,2011-01-16,2011-10-12,3,859.3500000000001,286.45000000000005,2,269,327,286.45000000000005,0.9995992289610323,2.6044911261190675,319.9485673248584,833.3032044121028,227.34718199675413,3. Emerging Loyalists
17068,2010-12-06,2011-11-27,21,4552.14,216.76857142857145,20,356,368,216.76857142857145,0.9996385201707403,17.390495589297238,223.22407260464766,3881.9772500560916,1059.1061977235609,1. VIP Champions
17069,2010-12-01,2011-11-11,8,2709.7,338.7125,7,345,373,338.7125,0.9996018643399865,6.461112556001723,345.9025628278859,2234.9153918404286,609.7441047218339,1. VIP Champions
17070,2011-08-17,2011-08-17,1,312.14,312.14,0,0,114,312.14,1.0,1.6489236067821533,424.2789907588981,699.6036437240541,190.87040116152806,3. Emerging Loyalists
17071,2011-02-03,2011-11-11,8,2429.03,303.62875,7,281,309,303.62875,0.9995643177475458,7.554891688442807,313.76686368869736,2370.474670590507,646.7282658940998,1. VIP Champions
17073,2011-08-22,2011-11-22,4,1446.09,361.5225,3,92,109,361.5225,0.9996293382154464,7.8454371128993285,372.5873246281209,2923.1104244333296,797.5019346398682,1. VIP Champions
17075,2011-01-26,2011-11-22,4,834.12,208.53,3,300,317,208.53,0.9997000750621869,3.6176537236216117,246.5694875108232,892.003024625002,243.3620474604407,3. Emerging Loyalists
17076,2010-12-10,2011-11-03,3,841.0799999999999,280.35999999999996,2,328,364,280.35999999999996,0.99967261019055,2.3820903703041676,315.3387078517923,751.1652993579137,204.93778629262832,3. Emerging Loyalists
17078,2011-11-03,2011-11-03,1,378.2,378.2,0,0,36,378.2,1.0,2.874313809370485,424.2789907588981,1219.5109621640734,332.71488600329394,3. Emerging Loyalists
17079,2011-09-22,2011-09-22,1,118.80000000000001,118.80000000000001,0,0,78,118.80000000000001,1.0,2.0528535961652343,424.2789907588981,870.9826519567602,237.62713312752643,3. Emerging Loyalists
17080,2011-03-15,2011-11-17,2,287.62,143.81,1,247,269,143.81,0.9997059873702463,1.972101107182585,253.4865689601769,499.90114330227954,136.3862704535139,3. Emerging Loyalists
17081,2011-10-24,2011-11-14,2,290.15999999999997,145.07999999999998,1,21,46,145.07999999999998,0.9995931409387327,5.796963387419343,254.25993921796322,1473.9355585340002,402.1286536560568,3. Emerging Loyalists
17082,2011-01-25,2011-11-06,2,2003.8500000000001,1001.9250000000001,1,285,318,1001.9250000000001,0.9996940334209914,1.7223566629781009,776.0382372753976,1336.6146286970613,364.6638674146221,3. Emerging Loyalists
17083,2011-02-09,2011-08-22,3,1405.78,468.5933333333333,2,194,303,468.5933333333333,0.9993175932677676,2.7717600590182223,457.82297957813984,1268.9754488954034,346.21010791980814,3. Emerging Loyalists
17084,2011-11-04,2011-11-04,1,2949.75,2949.75,0,0,35,2949.75,1.0,2.9019622745445246,424.2789907588981,1231.2416250641472,335.9153214980395,3. Emerging Loyalists
17085,2010-12-12,2011-08-08,5,1566.65,313.33000000000004,4,239,362,313.33000000000004,0.9987414564085697,4.0826798789878165,328.6778742461789,1341.8865438533624,366.1021854820014,3. Emerging Loyalists
17086,2011-10-07,2011-12-02,6,2050.08,341.68,5,56,63,341.68,0.9996630127197427,16.11080015054971,351.0810069471624,5656.195939579488,1543.1600417186673,1. VIP Champions
17088,2011-03-31,2011-11-11,4,1991.01,497.7525,3,225,253,497.7525,0.9996424558111937,4.336531530543688,484.7981189513032,2102.342328780596,573.5746622718979,1. VIP Champions
17090,2010-12-20,2011-12-05,7,2043.95,291.99285714285713,6,350,354,291.99285714285713,0.999741890122033,5.889557165105828,304.78225374805794,1795.0325063589771,489.73240442678537,3. Emerging Loyalists
17091,2010-12-07,2011-12-07,7,3827.76,546.8228571428572,6,365,367,546.8228571428572,0.9997503858625179,5.713983246773758,534.9753409604533,3056.840135685109,833.986941347338,1. VIP Champions
17092,2011-03-07,2011-10-20,4,1777.78,444.445,3,227,277,444.445,0.9995413331210473,4.035287981760537,440.88945772849587,1779.1159300567197,485.3899409030701,3. Emerging Loyalists
17094,2011-01-21,2011-01-21,1,302.0,302.0,0,0,322,302.0,1.0,0.7716554341012527,424.2789907588981,327.3971887940989,89.32262335233692,3. Emerging Loyalists
17095,2011-01-09,2011-11-17,3,1324.1599999999999,441.3866666666666,2,312,334,441.3866666666666,0.9996997854300862,2.559504703731491,437.228741472412,1119.0890204052384,305.3171208817493,3. Emerging Loyalists
17096,2011-03-23,2011-11-24,4,1022.13,255.5325,3,246,261,255.5325,0.9996983718459392,4.231627198545866,285.2848061643898,1207.2189450971173,329.3612982258414,3. Emerging Loyalists
17097,2010-12-09,2011-12-07,7,954.42,136.34571428571428,6,363,365,136.34571428571428,0.9997503496749542,5.740317231414785,164.18304513810446,942.4627631124125,257.1288004126262,3. Emerging Loyalists
17100,2011-11-21,2011-11-21,1,971.74,971.74,0,0,18,971.74,1.0,3.4692780746188276,424.2789907588981,1471.9418001612494,401.58470357254896,3. Emerging Loyalists
17101,2011-06-14,2011-11-29,4,1621.73,405.4325,3,168,178,405.4325,0.9997043020893994,5.6538591445129525,408.75539317932794,2311.0454175959308,630.5143918504723,1. VIP Champions
17102,2011-03-23,2011-03-23,1,25.5,25.5,0,0,261,25.5,1.0,0.9143123862312016,424.2789907588981,387.92353646853405,105.83581387828322,3. Emerging Loyalists
17105,2011-02-06,2011-07-03,2,665.78,332.89,1,147,306,332.89,0.999288050307964,1.7767562185483277,368.6273944265094,654.9610153745678,178.69070990575693,3. Emerging Loyalists
17107,2011-03-06,2011-11-06,5,10815.43,2163.0860000000002,4,245,278,2163.0860000000002,0.9995969695607881,5.07545425067755,1922.5521192164751,9757.82532562639,2662.193159046851,1. VIP Champions
17109,2011-04-21,2011-11-10,4,885.0400000000001,221.26000000000002,3,203,232,221.26000000000002,0.999628032555984,4.639054268166478,257.0550150138263,1192.492164553489,325.34344249367655,3. Emerging Loyalists
17110,2011-06-27,2011-06-27,1,163.29999999999998,163.29999999999998,0,0,165,163.29999999999998,1.0,1.2894802312161229,424.2789907588981,547.0993711039272,149.2631969181322,3. Emerging Loyalists
17111,2011-10-23,2011-10-23,1,248.61,248.61,0,0,47,248.61,1.0,2.6016537942746067,424.2789907588981,1103.8270461388881,301.15325012883454,3. Emerging Loyalists
17114,2011-01-09,2011-12-04,8,808.62,101.0775,7,329,334,101.0775,0.9997369351031221,7.087402291287136,128.23578362266744,908.8585866722946,247.96069116195744,3. Emerging Loyalists
17115,2011-04-20,2011-12-01,3,837.5,279.1666666666667,2,225,233,279.1666666666667,0.9997236339911592,3.4156949877183544,314.43540752811555,1074.0154454549624,293.01985598080097,3. Emerging Loyalists
17117,2011-02-24,2011-02-24,1,116.19999999999999,116.19999999999999,0,0,288,116.19999999999999,1.0,0.8451548166695868,424.2789907588981,358.58143265159384,97.83051090894703,3. Emerging Loyalists
17118,2011-01-26,2011-01-26,1,157.02,157.02,0,0,317,157.02,1.0,0.7816520260526028,424.2789907588981,331.6385327382462,90.47977430108574,3. Emerging Loyalists
17119,2011-10-11,2011-12-06,2,606.91,303.455,1,56,59,303.455,0.999728481487946,5.2087269594184535,350.70286408167385,1826.7154628874803,498.37635400713356,3. Emerging Loyalists
17120,2011-04-20,2011-04-20,1,307.46,307.46,0,0,233,307.46,1.0,0.9990945099407352,424.2789907588981,423.89481035041103,115.64972999738389,3. Emerging Loyalists
17122,2011-08-12,2011-08-12,1,138.32,138.32,0,0,119,138.32,1.0,1.6050597487098084,424.2789907588981,680.993130290328,185.79296024654275,3. Emerging Loyalists
17123,2011-07-01,2011-07-01,1,345.29999999999995,345.29999999999995,0,0,161,345.29999999999995,1.0,1.3119099479537135,424.2789907588981,556.61582868436,151.8595385643034,3. Emerging Loyalists
17124,2011-06-07,2011-06-07,1,298.89,298.89,0,0,185,298.89,1.0,1.187930064273342,424.2789907588981,504.0137687620464,137.50830359095482,3. Emerging Loyalists
17125,2011-10-20,2011-10-20,1,259.35,259.35,0,0,50,259.35,1.0,2.5360434181941702,424.2789907588981,1075.9899419921687,293.55855092547347,3. Emerging Loyalists
17126,2010-12-12,2011-07-10,3,1004.75,334.9166666666667,2,210,362,334.9166666666667,0.9991246467128089,2.3918334134023977,356.63568102949966,853.0131382978769,232.7245739263033,3. Emerging Loyalists
17128,2011-01-09,2011-01-09,1,157.09,157.09,0,0,334,157.09,1.0,0.7486757776696745,424.2789907588981,317.6474033553227,86.66262368733796,3. Emerging Loyalists
17131,2011-09-25,2011-12-04,4,2463.17,615.7925,3,70,75,615.7925,0.9997109958916901,9.69914852662302,582.0260581857482,5645.157184708503,1540.1483770576128,1. VIP Champions
17133,2011-03-18,2011-11-24,6,4892.24,815.3733333333333,5,251,266,815.3733333333333,0.9996796456170258,6.3470542020441645,770.8609174095114,4892.69602503566,1334.8570457536357,1. VIP Champions
17134,2011-03-20,2011-08-25,2,425.0,212.5,1,158,264,212.5,0.9994765378926259,2.001256430868106,295.3155477061172,591.0021389822039,161.241034644108,3. Emerging Loyalists
17135,2010-12-03,2011-11-23,5,1139.73,227.946,4,355,371,227.946,0.9997024651034824,4.003010856909449,255.1052741126781,1021.1891819279115,278.6074523266401,3. Emerging Loyalists
17138,2011-03-09,2011-03-09,1,380.5,380.5,0,0,275,380.5,1.0,0.8770975903963567,424.2789907588981,372.13408045042763,101.5280321345292,3. Emerging Loyalists
17139,2011-02-24,2011-11-24,9,10668.47,1185.3855555555556,8,273,288,1185.3855555555556,0.9996562625194693,9.022257817676286,1128.8309112672212,10184.60351401533,2778.629550931793,1. VIP Champions
17140,2011-04-06,2011-04-06,1,465.32,465.32,0,0,247,465.32,1.0,0.9548251208689297,424.2789907588981,405.1122386335124,110.5253470262402,3. Emerging Loyalists
17142,2011-04-14,2011-04-14,1,579.0,579.0,0,0,239,579.0,1.0,0.9796290547389268,424.2789907588981,415.6360266627252,113.39651509532337,3. Emerging Loyalists
17144,2011-09-16,2011-12-08,2,984.5699999999999,492.28499999999997,1,83,84,492.28499999999997,0.9997368600095542,4.357437580887083,465.6914513082847,2029.221431028567,553.6253449514097,1. VIP Champions
17146,2010-12-16,2011-08-26,3,749.78,249.92666666666665,2,253,358,249.92666666666665,0.9994312921426186,2.41498245001486,292.3020264127707,705.9042638906212,192.58937719824152,3. Emerging Loyalists
17147,2011-02-01,2011-11-17,4,1714.5900000000001,428.64750000000004,3,289,311,428.64750000000004,0.999682848482272,3.6747173745325328,427.8772722824086,1572.3280466237543,428.9727300719592,3. Emerging Loyalists
17148,2011-10-19,2011-10-19,1,124.88,124.88,0,0,51,124.88,1.0,2.514902544631104,424.2789907588981,1067.0203134930694,291.1113987340131,3. Emerging Loyalists
17152,2011-03-21,2011-05-29,2,1689.5,844.75,1,69,263,844.75,0.9987086105294978,2.005742795143423,680.3260559623511,1364.5590850948267,372.28785515500914,3. Emerging Loyalists
17153,2011-11-15,2011-11-15,1,213.78,213.78,0,0,24,213.78,1.0,3.245355575379693,424.2789907588981,1376.9361881758593,375.66465665038,3. Emerging Loyalists
17154,2011-09-25,2011-09-25,1,329.34,329.34,0,0,75,329.34,1.0,2.095633484391479,424.2789907588981,889.1332597581696,242.5790996066305,3. Emerging Loyalists
17155,2011-06-15,2011-11-22,2,251.7,125.85,1,160,177,125.85,0.9997036644800391,2.709750739748679,242.54977381856844,657.2494290307405,179.3150497537488,3. Emerging Loyalists
17157,2011-06-16,2011-12-02,2,319.0,159.5,1,169,176,159.5,0.9997258568635516,2.7208731858073536,263.0410408851121,715.7013149111574,195.26227216564862,3. Emerging Loyalists
17158,2010-12-14,2011-11-07,3,1266.97,422.3233333333333,2,328,360,422.3233333333333,0.9996810848786605,2.4043234952722305,422.7986449609373,1016.5447158488436,277.3403189838606,3. Emerging Loyalists
17159,2011-06-21,2011-11-18,3,1538.88,512.96,2,150,171,512.96,0.9996681644385481,4.297994206011205,491.4065754109305,2112.0626139119872,576.2266134718045,1. VIP Champions
17160,2011-04-12,2011-11-08,6,3518.03,586.3383333333334,5,210,241,586.3383333333334,0.9995468048729819,6.858069255020965,567.8935437372113,3894.6532524290724,1062.564546861333,1. VIP Champions
17162,2011-02-07,2011-11-11,6,1715.46,285.91,5,277,305,285.91,0.999613986212644,5.684750092010214,301.65847139711906,1714.853023030433,467.85731803303923,3. Emerging Loyalists
17163,2011-09-22,2011-11-18,2,293.1,146.55,1,57,78,146.55,0.999655439238907,4.5349721200804165,255.15510006752697,1157.1212651025637,315.69332441866965,3. Emerging Loyalists
17164,2011-03-11,2011-11-07,5,2467.35,493.46999999999997,4,241,273,493.46999999999997,0.9996002488894334,5.149682534062239,483.8986203818579,2491.9242736372676,679.8629338770282,1. VIP Champions
17165,2011-02-28,2011-02-28,1,158.68,158.68,0,0,284,158.68,1.0,0.8547327473510455,424.2789907588981,362.64514741468184,98.93919991306345,3. Emerging Loyalists
17166,2011-05-20,2011-11-01,2,206.34,103.17,1,165,203,103.17,0.9996577539558887,2.450579094975631,228.73872071101385,560.54232718588,152.930791338454,3. Emerging Loyalists
17169,2011-06-09,2011-10-13,2,835.78,417.89,1,126,183,417.89,0.9995846931400653,2.6449076323961,420.3883959318947,1111.8884769710219,303.3526219455316,3. Emerging Loyalists
17171,2011-02-23,2011-02-23,1,224.91,224.91,0,0,289,224.91,1.0,0.8427937803013454,424.2789907588981,357.57969452413136,97.55721021938834,3. Emerging Loyalists
17172,2011-09-22,2011-09-22,1,317.76,317.76,0,0,78,317.76,1.0,2.0528535961652343,424.2789907588981,870.9826519567602,237.62713312752643,3. Emerging Loyalists
17173,2011-07-31,2011-12-04,7,3766.6000000000004,538.0857142857143,6,126,131,538.0857142857143,0.9997124612655781,12.457384835594151,527.0829033051481,6566.07456673449,1791.3990269373837,1. VIP Champions
17174,2011-05-06,2011-05-06,1,59.9,59.9,0,0,217,59.9,1.0,1.0549958733142821,424.2789907588981,447.61258438458594,122.12056685647126,3. Emerging Loyalists
17175,2011-02-16,2011-10-26,4,1443.69,360.9225,3,252,296,360.9225,0.9995873285008728,3.8253844658156186,372.09311280551276,1423.3992135631872,388.3410004264789,3. Emerging Loyalists
17176,2011-05-22,2011-05-22,1,306.13,306.13,0,0,201,306.13,1.0,1.1175235834512567,424.2789907588981,474.14177813596643,129.35843346743354,3. Emerging Loyalists
17179,2010-12-13,2011-06-14,3,711.79,237.26333333333332,2,183,361,237.26333333333332,0.9988407670669418,2.3967151755363734,282.71644560369697,677.5907955520842,184.86471322810593,3. Emerging Loyalists
17180,2011-01-27,2011-10-14,3,796.03,265.3433333333333,2,260,316,265.3433333333333,0.9996005655777221,2.6789166167907874,303.97175824798154,814.3149942056299,222.16669539986265,3. Emerging Loyalists
17181,2010-12-01,2011-10-13,2,239.92000000000002,119.96000000000001,1,316,373,119.96000000000001,0.9996654311409182,1.50797335869148,238.96304089072467,360.34989937511557,98.31299546429126,3. Emerging Loyalists
17183,2011-08-26,2011-12-02,6,3347.3100000000004,557.8850000000001,5,98,105,557.8850000000001,0.9996883764582408,12.221385528007348,542.6786275065515,6632.284724567458,1809.462911395269,1. VIP Champions
17186,2011-10-10,2011-10-24,2,144.0,72.0,1,14,60,72.0,0.9994181819340442,5.166732305180272,209.7576569825096,1083.7616625904545,295.678882118167,3. Emerging Loyalists
17187,2011-04-27,2011-04-27,1,203.95,203.95,0,0,226,203.95,1.0,1.0228051122645758,424.2789907588981,433.9547207746557,118.3943399712593,3. Emerging Loyalists
17188,2010-12-12,2011-11-28,6,2474.23,412.37166666666667,5,351,362,412.37166666666667,0.9997148062064869,4.933365036682654,413.7268991638586,2041.06581907011,556.8568076764578,1. VIP Champions
17189,2010-12-15,2011-08-25,2,384.4,192.2,1,253,359,192.2,0.9995628093840174,1.5571444196308268,282.9538026407133,440.5999347953091,120.20733033702503,3. Emerging Loyalists
17190,2011-05-16,2011-10-12,2,444.74,222.37,1,149,207,222.37,0.999599973406038,2.4149186207683444,301.3259134103307,727.6775592146374,198.5297087708178,3. Emerging Loyalists
17191,2010-12-06,2011-11-11,5,2095.13,419.026,4,340,368,419.026,0.999657482347183,4.030312686499607,419.7526604322382,1691.734472532011,461.549965223357,3. Emerging Loyalists
17193,2011-06-16,2011-11-04,5,1699.3000000000002,339.86,4,141,176,339.86,0.9994764381481078,7.187985159269814,351.5379075257368,2526.84926221576,689.3913956572645,1. VIP Champions
17194,2010-12-14,2011-03-11,2,262.62,131.31,1,87,360,131.31,0.9983519483166804,1.5516324547589588,245.87465697409084,381.50709756372555,104.0852394226243,3. Emerging Loyalists
17197,2011-11-10,2011-11-10,1,1013.01,1013.01,0,0,29,1013.01,1.0,3.079707336540863,424.2789907588981,1306.6551205803314,356.490120201982,3. Emerging Loyalists
17198,2010-12-03,2011-11-16,3,692.22,230.74,2,348,371,230.74,0.9997018561256155,2.3442585487663643,277.7785720466143,651.1847921843889,177.6604562161847,3. Emerging Loyalists
17201,2011-10-17,2011-10-17,1,342.63,342.63,0,0,53,342.63,1.0,2.473660859963395,424.2789907588981,1049.522333145057,286.3374863073091,3. Emerging Loyalists
17203,2011-10-10,2011-11-04,3,3563.8500000000004,1187.95,2,25,60,1187.95,0.9993733039369632,7.995077891445247,1002.3440213427558,8013.81852465979,2186.381918332064,1. VIP Champions
17204,2011-03-21,2011-06-17,3,1564.56,521.52,2,88,263,521.52,0.9978758429848595,3.1012672733932627,497.8861151628918,1544.0779148315855,421.2653459889739,3. Emerging Loyalists
17205,2011-10-17,2011-10-17,1,384.08,384.08,0,0,53,384.08,1.0,2.473660859963395,424.2789907588981,1049.522333145057,286.3374863073091,3. Emerging Loyalists
17206,2011-10-17,2011-10-17,1,204.24,204.24,0,0,53,204.24,1.0,2.473660859963395,424.2789907588981,1049.522333145057,286.3374863073091,3. Emerging Loyalists
17211,2010-12-05,2011-11-13,8,2317.2200000000003,289.65250000000003,7,343,369,289.65250000000003,0.9996148807108373,6.520208541939139,300.9650233753305,1962.3547162367424,535.3823343679727,1. VIP Champions
17212,2011-03-31,2011-03-31,1,226.85,226.85,0,0,253,226.85,1.0,0.9370310967592066,424.2789907588981,397.56260804269954,108.46560786905226,3. Emerging Loyalists
17213,2010-12-08,2011-10-30,6,2781.23,463.53833333333336,5,326,366,463.53833333333336,0.9995697105024623,4.88728708122398,459.07002992072705,2243.6070266086754,612.1154128615884,1. VIP Champions
17214,2010-12-15,2011-10-10,6,1069.1200000000001,178.1866666666667,5,299,359,178.1866666666667,0.9994086875162345,4.966426774923682,206.1956729170072,1024.0557108484304,279.3895173286005,3. Emerging Loyalists
17217,2011-04-19,2011-04-19,1,113.5,113.5,0,0,234,113.5,1.0,0.9957967248515837,424.2789907588981,422.49562942104603,115.26799638624392,3. Emerging Loyalists
17218,2010-12-06,2011-12-05,10,1960.72,196.072,9,364,368,196.072,0.999745843254159,8.206198222857841,211.27046527917545,1733.727316716319,473.00672518633655,3. Emerging Loyalists
17219,2011-11-08,2011-11-08,1,114.23,114.23,0,0,31,114.23,1.0,3.0180880823313876,424.2789907588981,1280.5113655930193,349.3574114931846,3. Emerging Loyalists
17220,2010-12-10,2011-11-15,10,3198.25,319.825,9,340,364,319.825,0.9995934043139509,8.280750370705006,326.7815807188447,2705.996695677141,738.2675597518573,1. VIP Champions
17221,2011-11-03,2011-12-02,2,335.13,167.565,1,29,36,167.565,0.9997050686876194,6.349980414446092,267.9522464985349,1701.4915172725282,464.2119454181143,3. Emerging Loyalists
17222,2011-10-05,2011-10-05,1,354.15,354.15,0,0,65,354.15,1.0,2.252071611977849,424.2789907588981,955.5066706467267,260.687523821406,3. Emerging Loyalists
17223,2010-12-06,2011-02-02,2,426.79,213.395,1,58,368,213.395,0.9975199428532994,1.5219552119056525,295.8605606043209,450.28652220907435,122.85008790716836,3. Emerging Loyalists
17226,2011-02-04,2011-02-04,1,393.49,393.49,0,0,308,393.49,1.0,0.8003141710000283,424.2789907588981,339.5564887619362,92.64000239048823,3. Emerging Loyalists
17227,2010-12-06,2011-11-21,6,939.3199999999999,156.5533333333333,5,350,368,156.5533333333333,0.999686565214889,4.865486282139667,187.02453815400548,909.9653248118204,248.26263863545486,3. Emerging Loyalists
17228,2010-12-02,2011-11-24,8,1906.0900000000001,238.26125000000002,7,357,372,238.26125000000002,0.9996872209122415,6.476317927945444,253.8921264248384,1644.2861301293722,448.6048008719641,3. Emerging Loyalists
17229,2011-07-20,2011-09-04,2,318.76,159.38,1,46,142,159.38,0.9992123546659546,3.157769610110443,262.9679665300457,830.3922531411185,226.55299740117823,3. Emerging Loyalists
17230,2010-12-15,2011-03-20,4,3638.41,909.6025,3,95,359,909.6025,0.9901738113470102,3.231526650825495,824.0333508532531,2662.885734451323,726.5057478495789,1. VIP Champions
17231,2010-12-13,2011-11-27,10,3174.3199999999997,317.43199999999996,9,349,361,317.43199999999996,0.9996933566176863,8.339362316834048,324.5479532573114,2706.522971399641,738.411141705977,1. VIP Champions
17232,2011-11-25,2011-12-07,2,421.52,210.76,1,12,14,210.76,0.999728144424096,8.03411987947121,294.25596955765394,2364.0877346762227,644.9857406355646,1. VIP Champions
17233,2011-11-04,2011-11-04,1,190.88,190.88,0,0,35,190.88,1.0,2.9019622745445246,424.2789907588981,1231.2416250641472,335.9153214980395,3. Emerging Loyalists
17234,2011-06-10,2011-06-10,1,149.89000000000001,149.89000000000001,0,0,182,149.89000000000001,1.0,1.202130736845724,424.2789907588981,510.0388157891542,139.1520959773975,3. Emerging Loyalists
17235,2010-12-02,2011-11-14,2,550.06,275.03,1,347,372,275.03,0.999710751657068,1.5114616354230348,333.3933762253141,503.9112976687204,137.4803467630194,3. Emerging Loyalists
17236,2010-12-12,2011-11-27,6,916.13,152.68833333333333,5,350,362,152.68833333333333,0.9997108182064168,4.933345356809965,183.59943326067724,905.7594115895031,247.11515412591027,3. Emerging Loyalists
17237,2011-11-17,2011-11-28,2,314.69,157.345,1,11,22,157.345,0.9996709959002432,7.327088363374205,261.7287472587109,1917.7096583998089,523.2019802836875,3. Emerging Loyalists
17238,2010-12-03,2011-12-07,15,3744.65,249.64333333333335,14,369,371,249.64333333333335,0.9997671386235314,12.297560769275163,257.3023487938025,3164.19127036902,863.2751738002056,1. VIP Champions
17239,2011-01-31,2011-01-31,1,382.5,382.5,0,0,312,382.5,1.0,0.7919110238085244,424.2789907588981,335.99120995232647,91.66729991423968,3. Emerging Loyalists
17242,2011-06-12,2011-08-23,2,1135.04,567.52,1,72,180,567.52,0.9992654914933292,2.6759244175219985,511.5060271701396,1368.7514678142472,373.43164818504385,3. Emerging Loyalists
17243,2010-12-05,2011-12-08,26,8676.85,333.725,25,368,369,333.725,0.9997970811749436,21.519748465288618,335.9927657802651,7230.4798057479375,1972.666371157131,1. VIP Champions
17244,2011-10-17,2011-10-17,1,954.9,954.9,0,0,53,954.9,1.0,2.473660859963395,424.2789907588981,1049.522333145057,286.3374863073091,3. Emerging Loyalists
17245,2011-05-19,2011-05-19,1,171.45,171.45,0,0,204,171.45,1.0,1.1052412713362991,424.2789907588981,468.9306511476464,127.93670002209343,3. Emerging Loyalists
17247,2011-11-24,2011-11-24,1,282.19,282.19,0,0,15,282.19,1.0,3.593240994101636,424.2789907588981,1524.5366625309418,415.93397486293435,3. Emerging Loyalists
17248,2011-08-11,2011-08-11,1,318.65,318.65,0,0,120,318.65,1.0,1.596565537835904,424.2789907588981,677.3892150734547,184.80971673520955,3. Emerging Loyalists
17250,2011-03-23,2011-12-06,2,384.52,192.26,1,258,261,192.26,0.9997356200468934,2.019975395778019,282.9903398182465,571.6335236757186,155.95676346190942,3. Emerging Loyalists
17251,2010-12-12,2010-12-12,1,283.28000000000003,283.28000000000003,0,0,362,283.28000000000003,1.0,0.7000333095294387,424.2789907588981,297.00942606476156,81.03203694018596,3. Emerging Loyalists
17252,2011-06-06,2011-08-15,2,353.85999999999996,176.92999999999998,1,70,186,176.92999999999998,0.9992125907631293,2.6128130990268974,273.6550909585106,715.0096062717936,195.0735557307549,3. Emerging Loyalists
17253,2011-11-21,2011-11-21,1,178.26,178.26,0,0,18,178.26,1.0,3.4692780746188276,424.2789907588981,1471.9418001612494,401.58470357254896,3. Emerging Loyalists
17254,2011-11-24,2011-12-05,2,272.44,136.22,1,11,15,136.22,0.9997157523495539,7.938330777829855,248.86461600222543,1975.5696407232745,538.9877157302495,1. VIP Champions
17255,2011-02-13,2011-10-30,2,298.40999999999997,149.20499999999998,1,259,299,149.20499999999998,0.999679189388434,1.811265638493151,256.77187017337167,465.0820653766525,126.88670390414309,3. Emerging Loyalists
17256,2011-01-31,2011-08-24,2,240.0,120.0,1,205,312,120.0,0.9995252791777718,1.7491879679316167,238.98739900908015,418.0338828339554,114.05071375971863,3. Emerging Loyalists
17259,2010-12-06,2011-07-14,2,603.37,301.685,1,220,368,301.685,0.9994467624966225,1.524895036036055,349.62501734444413,533.1414534225624,145.4551073360938,3. Emerging Loyalists
17262,2010-12-08,2011-10-18,4,1253.3600000000001,313.34000000000003,3,314,366,313.34000000000003,0.9995891362353607,3.2097534948576016,332.9000560567583,1068.5271183664713,291.5224950072221,3. Emerging Loyalists
17263,2011-05-15,2011-05-15,1,63.440000000000005,63.440000000000005,0,0,208,63.440000000000005,1.0,1.0892787605192142,424.2789907588981,462.15809316819565,126.08896685199954,3. Emerging Loyalists
17265,2011-06-12,2011-07-24,2,562.9000000000001,281.45000000000005,1,42,180,281.45000000000005,0.9988632785722228,2.674847335019106,337.30285422136797,902.2336407083641,246.15323045881158,3. Emerging Loyalists
17266,2011-07-15,2011-12-07,3,310.64,103.54666666666667,2,145,147,103.54666666666667,0.9997370029266862,4.775968077474628,181.49886883191678,866.8328036389893,236.49494460867294,3. Emerging Loyalists
17267,2011-08-04,2011-08-04,1,317.62,317.62,0,0,127,317.62,1.0,1.539533483744391,424.2789907588981,653.1917127226006,178.20799728699546,3. Emerging Loyalists
17268,2011-04-08,2011-08-24,4,763.64,190.91,3,138,245,190.91,0.9987574809955445,4.443093831375993,232.05613365356362,1031.0471759691115,281.29697416399915,3. Emerging Loyalists
17272,2011-03-22,2011-10-28,4,2148.63,537.1575,3,220,262,537.1575,0.9995757440489136,4.218323749090264,517.255480401094,2181.9510773230286,595.2940371015902,1. VIP Champions
17274,2011-11-04,2011-11-04,1,111.97999999999999,111.97999999999999,0,0,35,111.97999999999999,1.0,2.9019622745445246,424.2789907588981,1231.2416250641472,335.9153214980395,3. Emerging Loyalists
17277,2011-01-21,2011-04-26,2,1065.35,532.675,1,95,322,532.675,0.9987297977982245,1.703090540467858,490.287061317726,835.0032562440039,227.81100115787666,3. Emerging Loyalists
17278,2011-04-12,2011-04-12,1,246.04,246.04,0,0,241,246.04,1.0,0.9733080364592908,424.2789907588981,412.95415140647265,112.6648285030391,3. Emerging Loyalists
17279,2011-10-13,2011-10-13,1,187.82999999999998,187.82999999999998,0,0,57,187.82999999999998,1.0,2.3951065407050205,424.2789907588981,1016.1933858503618,277.2444668562282,3. Emerging Loyalists
17282,2011-02-13,2011-08-01,3,1703.41,567.8033333333334,2,169,299,567.8033333333334,0.9991223572446523,2.801343818315815,532.9205425211411,1492.893667445109,407.30092782241974,3. Emerging Loyalists
17284,2011-01-07,2011-10-10,6,1652.58,275.43,5,276,336,275.43,0.9993757668636374,5.2483262570436615,292.3712529541487,1534.4597236840127,418.64124873154225,3. Emerging Loyalists
17286,2011-11-18,2011-11-18,1,153.92,153.92,0,0,21,153.92,1.0,3.353583092953767,424.2789907588981,1422.8548501045282,388.1924836589292,3. Emerging Loyalists
17287,2010-12-02,2011-11-13,7,1064.11,152.01571428571427,6,346,372,152.01571428571427,0.9996337656195037,5.648533895184604,178.3380727118526,1007.3486485147959,274.8313882815922,3. Emerging Loyalists
17288,2010-12-16,2011-11-30,7,1419.73,202.81857142857143,6,349,358,202.81857142857143,0.99972023957184,5.834254054054517,224.229319915575,1308.2108187553306,356.91455586267665,3. Emerging Loyalists
17289,2011-06-12,2011-11-08,3,944.4100000000001,314.80333333333334,2,149,180,314.80333333333334,0.9996269881175763,4.142448958009847,341.4107811605997,1414.2767346720543,385.8521466002331,3. Emerging Loyalists
17290,2011-11-23,2011-12-06,2,525.24,262.62,1,13,16,262.62,0.9997223519497316,7.844945648381314,325.8362700055279,2556.167828464665,697.3902769547104,1. VIP Champions
17291,2011-02-04,2011-02-04,1,550.8000000000001,550.8000000000001,0,0,308,550.8000000000001,1.0,0.8003141710000283,424.2789907588981,339.5564887619362,92.64000239048823,3. Emerging Loyalists
17293,2010-12-13,2011-12-01,8,1875.1100000000001,234.38875000000002,7,353,361,234.38875000000002,0.9997236516294035,6.642248926484213,250.34502855427132,1662.8539971652683,453.67060672024417,3. Emerging Loyalists
17295,2011-10-06,2011-11-11,2,556.95,278.475,1,36,64,278.475,0.9995995894737769,5.0122038553708315,335.4912191686795,1681.5503821603158,458.7714756712394,3. Emerging Loyalists
17297,2011-11-22,2011-11-22,1,131.78,131.78,0,0,17,131.78,1.0,3.5096376394074467,424.2789907588981,1489.0655155772329,406.2565066143778,3. Emerging Loyalists
17298,2011-08-07,2011-08-30,2,498.42,249.21,1,23,124,249.21,0.9989940680387367,3.4515846163944053,317.6702108268547,1096.4656127767391,299.1448561595323,3. Emerging Loyalists
17299,2011-06-19,2011-11-28,4,669.11,167.2775,3,162,173,167.2775,0.9996983693782013,5.77065984190366,212.5903654905848,1226.7866849121392,334.69989584725516,3. Emerging Loyalists
17301,2011-11-18,2011-11-18,1,197.63,197.63,0,0,21,197.63,1.0,3.353583092953767,424.2789907588981,1422.8548501045282,388.1924836589292,3. Emerging Loyalists
17302,2011-02-07,2011-11-25,5,1135.63,227.12600000000003,4,291,305,227.12600000000003,0.9997008654889737,4.709493971910548,254.39870693253349,1198.0891767606045,326.8704556458543,3. Emerging Loyalists
17303,2010-12-13,2010-12-13,1,250.04,250.04,0,0,361,250.04,1.0,0.7016614482501989,424.2789907588981,297.70021111802123,81.22050139633174,3. Emerging Loyalists
17306,2010-12-21,2011-11-29,15,8631.310000000001,575.4206666666668,14,343,353,575.4206666666668,0.9996894277482332,12.821155275124688,568.7920293679248,7292.570927779446,1989.6064735666007,1. VIP Champions
17309,2011-09-05,2011-09-05,1,82.75,82.75,0,0,95,82.75,1.0,1.8400049138430261,424.2789907588981,780.6754278367323,212.98893083941405,3. Emerging Loyalists
17311,2011-01-27,2011-09-22,2,1384.85,692.425,1,238,316,692.425,0.9996068683527924,1.7311539618508482,587.5672964999061,1017.1694531898045,277.5107638749921,3. Emerging Loyalists
17312,2011-07-03,2011-07-24,3,644.3,214.76666666666665,2,21,159,214.76666666666665,0.9964641556186894,4.509744328680776,265.68746827270496,1198.182553244385,326.895931223459,3. Emerging Loyalists
17313,2011-11-08,2011-11-08,1,2328.84,2328.84,0,0,31,2328.84,1.0,3.0180880823313876,424.2789907588981,1280.5113655930193,349.3574114931846,3. Emerging Loyalists
17314,2011-01-31,2011-11-15,8,2527.92,315.99,7,288,312,315.99,0.999603044212594,7.495688386531088,325.08941076488776,2436.768920854604,664.8150929941627,1. VIP Champions
17315,2010-12-17,2011-12-08,35,6292.26,179.77885714285716,34,356,357,179.77885714285716,0.999811118548416,29.836855794147095,184.3111645590858,5499.265638200758,1500.34529961825,1. VIP Champions
17317,2011-09-11,2011-10-24,3,2600.34,866.7800000000001,2,43,89,866.7800000000001,0.9993225541876523,6.526916887841028,759.2325981958584,4955.44806696397,1351.9774646136696,1. VIP Champions
17320,2010-12-06,2011-08-31,3,1200.62,400.20666666666665,2,268,368,400.20666666666665,0.999466143072446,2.3597968255485897,406.0573107497753,958.212752898117,261.4258147230221,3. Emerging Loyalists
17321,2011-10-03,2011-12-01,2,700.86,350.43,1,59,67,350.43,0.9997095458831379,4.902146578922712,379.3084293253854,1859.4255191739853,507.3005236014875,3. Emerging Loyalists
17323,2011-02-20,2011-11-24,7,921.0699999999999,131.58142857142857,6,277,292,131.58142857142857,0.9996768232575423,6.900725085493487,159.8793696017338,1103.2835764635693,301.0049772090495,3. Emerging Loyalists
17324,2010-12-08,2011-11-22,4,990.2299999999999,247.55749999999998,3,349,366,247.55749999999998,0.9997059565786034,3.2101286134852467,278.7159073555563,894.7139092355743,244.1016485728195,3. Emerging Loyalists
17325,2011-03-04,2011-03-04,1,96.8,96.8,0,0,280,96.8,1.0,0.8645302550880144,424.2789907588981,366.80202410927546,100.07330595924213,3. Emerging Loyalists
17329,2011-01-28,2011-11-25,2,523.11,261.555,1,301,315,261.555,0.9997217459358464,1.7358621208570018,325.18773510431333,564.4810715348582,154.0053851040901,3. Emerging Loyalists
17330,2011-10-03,2011-11-17,2,363.9,181.95,1,45,67,181.95,0.9996411086737659,4.901810992218378,276.71203481212274,1356.3900939211776,370.05913802869526,3. Emerging Loyalists
17331,2011-08-08,2011-08-08,1,175.2,175.2,0,0,123,175.2,1.0,1.5716139060825882,424.2789907588981,666.8027619353702,181.9214519649064,3. Emerging Loyalists
17333,2011-09-15,2011-09-15,1,494.25,494.25,0,0,85,494.25,1.0,1.9595173736611893,424.2789907588981,831.382053671496,226.8230411981164,3. Emerging Loyalists
17334,2011-02-04,2011-02-10,2,307.02,153.51,1,6,308,153.51,0.9950545706367236,1.759842153454771,259.39341266137967,456.49146192998444,124.54295978446285,3. Emerging Loyalists
17337,2011-02-02,2011-07-11,4,2027.8700000000001,506.96750000000003,3,159,310,506.96750000000003,0.9982373358037686,3.679086684105092,492.3883888601935,1811.539564863498,494.2359671326386,3. Emerging Loyalists
17338,2010-12-13,2011-11-22,8,6643.93,830.49125,7,344,361,830.49125,0.9996728724197569,6.641911545098655,796.3576582223706,5289.337124174892,1443.0712415900941,1. VIP Champions
17339,2010-12-09,2011-09-06,2,243.36,121.68,1,271,365,121.68,0.9995939543099428,1.5356629036719531,240.01043998001012,368.57512917128537,100.55705597616007,3. Emerging Loyalists
17340,2010-12-08,2011-11-10,8,12353.29,1544.16125,7,337,366,1544.16125,0.9995906538031095,6.565020594538483,1450.058713687215,9519.665318646548,2597.2168021043694,1. VIP Champions
17341,2010-12-08,2011-07-06,2,781.36,390.68,1,210,366,390.68,0.9994149445123395,1.5318579353098893,403.81878592058257,618.5930116396498,168.76855537640503,3. Emerging Loyalists
17343,2010-12-19,2010-12-19,1,193.64,193.64,0,0,355,193.64,1.0,0.7115915739671147,424.2789907588981,301.9133548353032,82.3699585763832,3. Emerging Loyalists
17344,2011-10-24,2011-10-24,1,160.57,160.57,0,0,46,160.57,1.0,2.6242848892697914,424.2789907588981,1113.4289442832137,303.7729022235032,3. Emerging Loyalists
17345,2011-05-27,2011-11-24,3,537.74,179.24666666666667,2,181,196,179.24666666666667,0.9996979687164955,3.892576750529504,238.80040612437915,929.5489088967616,253.60555899329623,3. Emerging Loyalists
17346,2010-12-01,2011-12-06,14,2676.56,191.18285714285713,13,370,373,191.18285714285713,0.9997578234917257,11.416128523443987,202.15514254579568,2307.8290889779432,629.6368922275218,1. VIP Champions
17347,2011-09-14,2011-09-14,1,228.96,228.96,0,0,86,228.96,1.0,1.9468720018935972,424.2789907588981,826.016888100171,225.35928194802776,3. Emerging Loyalists
17348,2011-02-15,2011-11-25,5,1159.52,231.904,4,283,297,231.904,0.9996996352766852,4.812439270143084,258.51575325781533,1244.0913629285305,339.42107027879155,3. Emerging Loyalists
17349,2011-06-13,2011-06-13,1,110.75,110.75,0,0,179,110.75,1.0,1.2166750305337293,424.2789907588981,516.2096540364022,140.83566406958954,3. Emerging Loyalists
17350,2011-10-19,2011-12-01,3,1286.0700000000002,428.69000000000005,2,43,51,428.69000000000005,0.9996886631443851,8.597624592383477,427.6179288107217,3676.498420887148,1003.0461315625178,1. VIP Champions
17351,2011-03-11,2011-11-03,3,587.15,195.71666666666667,2,237,273,195.71666666666667,0.9996492128974045,3.0159263686185813,251.26746450227688,757.8041717683502,206.74904649918614,3. Emerging Loyalists
17353,2011-07-08,2011-08-02,2,1740.0,870.0,1,25,154,870.0,0.9987410037560841,2.9864043151662156,695.702118174245,2077.647807785842,566.8373429754025,1. VIP Champions
17354,2011-10-20,2011-10-20,1,1393.06,1393.06,0,0,50,1393.06,1.0,2.5360434181941702,424.2789907588981,1075.9899419921687,293.55855092547347,3. Emerging Loyalists
17356,2011-02-01,2011-02-01,1,178.22,178.22,0,0,311,178.22,1.0,0.7939952236689067,424.2789907588981,336.8754921656293,91.90855551990614,3. Emerging Loyalists
17357,2011-11-15,2011-11-15,1,388.14,388.14,0,0,24,388.14,1.0,3.245355575379693,424.2789907588981,1376.9361881758593,375.66465665038,3. Emerging Loyalists
17358,2010-12-19,2011-02-09,2,365.85,182.925,1,52,355,182.925,0.9974362816169072,1.5684918585643257,277.30576394703746,434.95183308388897,118.66637861510249,3. Emerging Loyalists
17359,2011-11-28,2011-11-28,1,127.86,127.86,0,0,11,127.86,1.0,3.772994597165539,424.2789907588981,1600.80233982417,436.74127132343676,3. Emerging Loyalists
17360,2011-06-08,2011-11-22,2,585.79,292.895,1,167,184,292.895,0.9997047730482127,2.634768244254011,344.2723208358284,907.0777783138692,247.47483948177592,3. Emerging Loyalists
17361,2011-02-21,2011-10-21,3,488.2,162.73333333333332,2,242,291,162.73333333333332,0.9996126517690512,2.865008192037613,226.30054633807978,648.352919121186,176.88784624986886,3. Emerging Loyalists
17362,2011-02-03,2011-04-14,2,312.23,156.115,1,70,309,156.115,0.9983851531179975,1.7610608297985786,260.97973511928006,459.6011888897726,125.39137565199324,3. Emerging Loyalists
17364,2011-01-12,2011-12-09,10,4481.18,448.11800000000005,9,331,331,448.11800000000005,0.9997677986022444,8.965545777050506,446.5303345518952,4003.3881552666935,1092.2303079119754,1. VIP Champions
17365,2011-01-11,2011-11-27,7,4801.56,685.9371428571429,6,320,332,685.9371428571429,0.999702354058462,6.212462160918331,660.6400857076129,4104.201534444388,1119.7348675275705,1. VIP Champions
17367,2011-04-15,2011-04-15,1,168.4,168.4,0,0,238,168.4,1.0,0.9828204524325214,424.2789907588981,416.99006965527377,113.76593388194082,3. Emerging Loyalists
17368,2011-01-06,2011-11-16,8,1912.67,239.08375,7,314,337,239.08375,0.9996234529810528,7.0342285073668265,254.645512609097,1791.234724067949,488.6962688435656,3. Emerging Loyalists
17370,2011-06-23,2011-09-28,4,446.18,111.545,3,97,169,111.545,0.9989983726466374,5.863553744926022,166.6842648180695,977.3621451942321,266.6502760624497,3. Emerging Loyalists
17371,2010-12-13,2011-11-22,2,423.89,211.945,1,344,361,211.945,0.9997201163037638,1.5501451179119239,294.9775788139349,457.2580536919009,124.75210631827052,3. Emerging Loyalists
17372,2010-12-12,2011-10-30,8,1342.68,167.835,7,322,362,167.835,0.9994887717181519,6.625279278017094,189.3837206386473,1254.7200399410083,342.3208548402169,3. Emerging Loyalists
17373,2011-01-31,2011-10-30,4,646.9200000000001,161.73000000000002,3,272,312,161.73000000000002,0.9996141096664918,3.6648194028553425,208.0209653473869,762.3592700058023,207.99179792810176,3. Emerging Loyalists
17374,2011-03-03,2011-05-05,2,495.77,247.885,1,63,281,247.885,0.9984579166418406,1.9021007168796225,316.8633481563296,602.7060016810319,164.43415833422114,3. Emerging Loyalists
17375,2010-12-13,2011-05-24,3,400.1,133.36666666666667,2,162,361,133.36666666666667,0.9985179627214048,2.395940607557986,204.07128418279166,488.9426766100563,133.39651053384586,3. Emerging Loyalists
17376,2011-02-01,2011-09-30,2,203.2,101.6,1,241,311,101.6,0.9996228975877441,1.7539628714522693,227.78266456556142,399.5223364084612,109.00027366545868,3. Emerging Loyalists
17377,2010-12-01,2011-11-16,20,4100.92,205.046,19,350,373,205.046,0.9994092681519151,16.36442913927184,212.2134035510881,3472.751204815481,947.4584953116081,1. VIP Champions
17379,2011-11-28,2011-11-28,1,404.66,404.66,0,0,11,404.66,1.0,3.772994597165539,424.2789907588981,1600.80233982417,436.74127132343676,3. Emerging Loyalists
17381,2010-12-02,2011-12-01,20,20275.61,1013.7805000000001,19,364,372,1013.7805000000001,0.9997055674567412,16.40640275465579,994.50787503564,16316.296740511601,4451.517844810368,1. VIP Champions
17382,2011-10-05,2011-10-05,1,65.4,65.4,0,0,65,65.4,1.0,2.252071611977849,424.2789907588981,955.5066706467267,260.687523821406,3. Emerging Loyalists
17383,2011-12-05,2011-12-05,1,199.29,199.29,0,0,4,199.29,1.0,4.134990653722567,424.2789907588981,1754.389661358887,478.64395999242095,3. Emerging Loyalists
17384,2011-05-04,2011-11-20,2,336.4,168.2,1,200,219,168.2,0.9997054785072097,2.314527039989885,268.33893162742805,621.0777131336793,169.4464477447288,3. Emerging Loyalists
17385,2011-11-25,2011-11-25,1,261.11,261.11,0,0,14,261.11,1.0,3.6365543175428487,424.2789907588981,1542.9135956869932,420.94768889241357,3. Emerging Loyalists
17386,2011-06-27,2011-12-02,4,2686.42,671.605,3,158,165,671.605,0.9997164420017666,5.968089606933218,627.9980537679446,3747.948657866759,1022.5396483812547,1. VIP Champions
17387,2011-11-06,2011-11-20,2,784.11,392.055,1,14,33,392.055,0.9996211027908718,6.536270149353048,404.6560962390521,2644.9415626010505,721.6101025648555,1. VIP Champions
17388,2011-02-25,2011-09-23,4,1259.56,314.89,3,210,287,314.89,0.9993586711006961,3.9212075053146838,334.1767699318293,1310.3764583585075,357.50539969766487,3. Emerging Loyalists
17389,2011-01-12,2011-12-09,32,31833.68,994.8025,31,331,331,994.8025,0.9998205678611285,29.039461681116926,983.2239909105894,28552.295408002916,7789.822319389665,1. VIP Champions
17391,2011-06-28,2011-06-29,2,508.8,254.4,1,1,164,254.4,0.9976647738220165,2.8551300691462993,320.8306766834777,916.0133121035517,249.91268973359908,3. Emerging Loyalists
17392,2010-12-16,2011-02-06,2,457.91,228.955,1,52,358,228.955,0.9974031353821243,1.5574192007912715,305.33586864460085,475.5359445173829,129.7387989770961,3. Emerging Loyalists
17394,2011-05-04,2011-05-04,1,203.86999999999998,203.86999999999998,0,0,219,203.86999999999998,1.0,1.0476684764049053,424.2789907588981,444.5037238189857,121.27238736421945,3. Emerging Loyalists
17396,2010-12-03,2011-10-31,4,7330.8,1832.7,3,332,371,1832.7,0.9996399325303774,3.17343690219782,1584.3761807199767,5027.917838860017,1371.7491375572984,1. VIP Champions
17397,2011-11-17,2011-11-17,1,696.41,696.41,0,0,22,696.41,1.0,3.316714022998797,424.2789907588981,1407.2120783138141,383.9247212569519,3. Emerging Loyalists
17398,2011-03-29,2011-08-17,3,653.38,217.79333333333332,2,141,255,217.79333333333332,0.9991277154558821,3.1818381383101944,267.97852049029876,852.6642767439724,232.62939525572185,3. Emerging Loyalists
17400,2010-12-21,2011-08-05,5,2129.96,425.992,4,227,353,425.992,0.9986231370561004,4.1692656738275815,425.7550347942963,1775.0858520271272,484.29042889063135,3. Emerging Loyalists
17402,2010-12-05,2011-12-05,12,2633.85,219.48749999999998,11,365,369,219.48749999999998,0.9997479301913471,9.853879530364024,230.78346900647347,2274.112501189289,620.4381141840549,1. VIP Champions
17403,2011-11-03,2011-11-03,1,281.62,281.62,0,0,36,281.62,1.0,2.874313809370485,424.2789907588981,1219.5109621640734,332.71488600329394,3. Emerging Loyalists
17404,2010-12-14,2011-12-05,15,31906.82,2127.1213333333335,14,356,360,2127.1213333333335,0.9997499208679015,12.612695575593142,2052.439587229489,25886.79570102159,7062.603410609747,1. VIP Champions
17405,2011-07-12,2011-12-08,3,1031.41,343.80333333333334,2,149,150,343.80333333333334,0.9997404922968127,4.710548123545513,363.36249293710443,1711.636509271697,466.9797678987896,3. Emerging Loyalists
17406,2010-12-08,2011-01-10,2,2200.42,1100.21,1,33,366,1100.21,0.9963334228125996,1.5271347184973978,835.8891788395952,1276.515385822226,348.2672023887485,3. Emerging Loyalists
17408,2011-06-29,2011-06-29,1,32.65,32.65,0,0,163,32.65,1.0,1.3005983927885365,424.2789907588981,551.8165734749651,150.55017464758964,3. Emerging Loyalists
17409,2011-04-05,2011-06-08,2,771.85,385.925,1,64,248,385.925,0.9987303882728179,2.1007097679489988,400.9232146010754,842.2233131099918,229.78082387504324,3. Emerging Loyalists
17410,2011-05-08,2011-11-23,5,1214.72,242.94400000000002,4,199,215,242.94400000000002,0.9996708146706652,6.201966964556302,268.0285601709823,1662.3042757380233,453.5206281569726,3. Emerging Loyalists
17411,2011-03-23,2011-11-27,3,778.94,259.6466666666667,2,249,261,259.6466666666667,0.9997155565130411,3.1258173984035116,299.6596346357923,936.6812995437991,255.551464044325,3. Emerging Loyalists
17412,2010-12-02,2011-12-07,7,1258.06,179.72285714285712,6,370,372,179.72285714285712,0.9997504748696879,5.649193372863551,203.36649460927669,1148.856653609217,313.43851953689074,3. Emerging Loyalists
17414,2011-06-08,2011-10-27,2,778.0,389.0,1,141,184,389.0,0.9996346285807599,2.634583375260347,402.7957449496526,1061.1989732699617,289.52318295833805,3. Emerging Loyalists
17415,2011-09-21,2011-09-21,1,507.84,507.84,0,0,79,507.84,1.0,2.0389791439572167,424.2789907588981,865.0960133766099,236.02110223079572,3. Emerging Loyalists
17416,2011-03-03,2011-11-10,7,6893.42,984.7742857142857,6,252,281,984.7742857142857,0.9995634719016803,7.116823214468931,930.5857141187785,6622.8140132936705,1806.8790505530205,1. VIP Champions
17418,2011-01-20,2011-10-28,2,463.46000000000004,231.73000000000002,1,281,323,231.73000000000002,0.9996802080138072,1.700362028501461,307.02571310551195,522.0548643381959,142.43039223486613,3. Emerging Loyalists
17419,2010-12-07,2011-11-28,11,4226.57,384.2336363636363,10,356,367,384.2336363636363,0.9996978479533191,9.0616079093681,386.65002895346754,3503.6709605221463,955.8942234964023,1. VIP Champions
17420,2010-12-01,2011-10-20,3,598.83,199.61,2,323,373,199.61,0.9996403608705172,2.3335065148634904,254.21454488790414,593.2112966689815,161.84375136476396,3. Emerging Loyalists
17422,2011-02-16,2011-11-23,6,1979.37,329.895,5,280,296,329.895,0.9996814777472355,5.825330947484959,340.63731712365046,1984.3251053086492,541.3764383344806,1. VIP Champions
17423,2011-05-06,2011-10-24,2,698.4100000000001,349.20500000000004,1,171,217,349.20500000000004,0.999641851057289,2.330566508896452,378.56246195074897,882.2649953478029,240.7052551876509,3. Emerging Loyalists
17425,2011-10-10,2011-11-20,2,759.1700000000001,379.58500000000004,1,41,60,379.58500000000004,0.9996521586835709,5.167941904177262,397.0624528417326,2051.9956886161976,559.8387655373402,1. VIP Champions
17426,2011-03-02,2011-12-01,4,5037.26,1259.315,3,274,282,1259.315,0.9997242700409208,3.9785265934043355,1112.0867708763456,4424.466792104695,1207.111711196261,1. VIP Champions
17427,2011-09-29,2011-09-29,1,100.8,100.8,0,0,71,100.8,1.0,2.1555261582051517,424.2789907588981,914.5444629576866,249.51194878801928,3. Emerging Loyalists
17428,2010-12-06,2011-12-09,21,17256.85,821.7547619047618,20,368,368,821.7547619047618,0.9997975656026978,17.39326246835116,809.3895740921307,14077.925301331388,3840.830838849961,1. VIP Champions
17429,2011-05-05,2011-08-03,3,524.9200000000001,174.97333333333336,2,90,218,174.97333333333336,0.9986411947312613,3.590349357269119,235.5656826189218,845.7630971855071,230.7465707126702,3. Emerging Loyalists
17430,2010-12-09,2011-11-07,2,265.76,132.88,1,333,365,132.88,0.9997009585236548,1.5358272928229935,246.83071311954325,379.08934591595704,103.42561274535024,3. Emerging Loyalists
17431,2011-01-30,2011-01-30,1,403.3,403.3,0,0,313,403.3,1.0,0.7898377371533565,424.2789907588981,335.1115579827179,91.42730756167276,3. Emerging Loyalists
17432,2011-11-02,2011-11-21,2,365.76,182.88,1,19,37,182.88,0.999634717964906,6.289609262209225,277.2783610638876,1743.972547957621,475.80189558683736,3. Emerging Loyalists
17433,2011-09-12,2011-09-12,1,303.15999999999997,303.15999999999997,0,0,88,303.15999999999997,1.0,1.9220646464272801,424.2789907588981,815.4916483595247,222.4877178136208,3. Emerging Loyalists
17434,2011-09-15,2011-12-07,7,2373.82,339.1171428571429,6,83,85,339.1171428571429,0.9997355180920654,16.179779810262293,347.35057306387796,5620.05578914197,1533.3000516029385,1. VIP Champions
17436,2011-04-27,2011-12-08,2,216.29999999999998,108.14999999999999,1,225,226,108.14999999999999,0.9997383755228177,2.259672828450724,231.77130644627053,523.7273235911637,142.8866834097391,3. Emerging Loyalists
17438,2011-03-31,2011-03-31,1,388.45000000000005,388.45000000000005,0,0,253,388.45000000000005,1.0,0.9370310967592066,424.2789907588981,397.56260804269954,108.46560786905226,3. Emerging Loyalists
17440,2011-04-06,2011-07-06,2,186.42000000000002,93.21000000000001,1,91,247,93.21000000000001,0.9990991126358961,2.1081364631587935,222.67354924050045,469.4262285348841,128.07190665738926,3. Emerging Loyalists
17442,2011-02-22,2011-11-03,6,2248.56,374.76,5,254,290,374.76,0.9995459922919285,5.921898594970155,380.3960056202023,2252.666571214535,614.5870965481635,1. VIP Champions
17443,2011-05-04,2011-05-04,1,534.24,534.24,0,0,219,534.24,1.0,1.0476684764049053,424.2789907588981,444.5037238189857,121.27238736421945,3. Emerging Loyalists
17444,2011-06-20,2011-07-15,3,2940.04,980.0133333333333,2,25,172,980.0133333333333,0.9963430617344331,4.265920502947214,844.9452015346934,3604.4690590937143,983.3946141579795,1. VIP Champions
17446,2011-02-02,2011-06-16,2,120.9,60.45,1,134,310,60.45,0.999187035240865,1.7578244465554684,202.72425030736605,356.353643099918,97.22271092213114,3. Emerging Loyalists
17447,2011-09-29,2011-10-30,2,541.53,270.765,1,31,71,270.765,0.9995192826205411,4.761138166862802,330.79619185566156,1574.9663744968602,429.69253578488366,3. Emerging Loyalists
17449,2010-12-15,2011-12-07,6,2520.86,420.1433333333334,5,357,359,420.1433333333334,0.9997478951269763,4.968112421427749,420.6140333240957,2089.6578035842654,570.1139878822114,1. VIP Champions
17450,2010-12-07,2011-12-01,27,194550.79,7205.584814814815,26,359,367,7205.584814814815,0.9996890740148868,22.453110599007452,7042.133240024016,158117.79649120593,43138.72221477063,1. VIP Champions
17451,2011-08-26,2011-12-08,5,1721.4,344.28000000000003,4,104,105,344.28000000000003,0.9997441476401834,10.124411678962161,355.34647696017504,3597.674021413655,981.5407479302442,1. VIP Champions
17453,2011-10-06,2011-11-22,2,486.7199999999999,243.35999999999996,1,47,64,243.35999999999996,0.9996662099513173,5.01253790454201,314.1078360173664,1574.4774341507152,429.5591399101624,3. Emerging Loyalists
17454,2010-12-15,2011-05-31,4,517.53,129.3825,3,167,359,129.3825,0.9975417548881791,3.2555726371384175,181.37677046102453,590.4852509254471,161.1000138938106,3. Emerging Loyalists
17455,2011-05-20,2011-05-20,1,131.7,131.7,0,0,203,131.7,1.0,1.1093052671581816,424.2789907588981,470.6549191934031,128.40712600765818,3. Emerging Loyalists
17456,2010-12-09,2010-12-09,1,249.86,249.86,0,0,365,249.86,1.0,0.6951939152545263,424.2789907588981,294.95617274591734,80.47185505981739,3. Emerging Loyalists
17457,2011-01-04,2011-08-05,5,1737.7,347.54,4,213,339,347.54,0.9985219226509523,4.311905927485119,358.1555123348964,1544.3328765983094,421.33490631092474,3. Emerging Loyalists
17458,2011-11-24,2011-11-24,1,316.5,316.5,0,0,15,316.5,1.0,3.593240994101636,424.2789907588981,1524.5366625309418,415.93397486293435,3. Emerging Loyalists
17459,2011-10-10,2011-10-27,2,657.3,328.65,1,17,60,328.65,0.9994547148914005,5.166921171076839,366.045433880829,1891.3279018948629,516.0043384580383,3. Emerging Loyalists
17460,2010-12-01,2011-09-06,6,622.4300000000001,103.73833333333334,5,279,373,103.73833333333334,0.9990125466552974,4.807198426622578,140.22067917829202,674.0686283258347,183.90377273349438,3. Emerging Loyalists
17461,2011-11-10,2011-11-17,2,757.46,378.73,1,7,29,378.73,0.9995862992402614,6.802930791801542,396.54179806188426,2697.6464082715415,735.9893802123158,1. VIP Champions
17462,2011-02-28,2011-10-10,2,675.6899999999999,337.84499999999997,1,224,284,337.84499999999997,0.9996346258142554,1.888156311788778,371.6447563377939,701.7233924224081,191.44872474238127,3. Emerging Loyalists
17463,2011-01-30,2011-11-23,5,1896.4099999999999,379.282,4,297,313,379.282,0.9996940988272829,4.610824095141686,385.5065555448371,1777.5029151412116,484.94986771768237,3. Emerging Loyalists
17464,2011-07-04,2011-07-04,1,289.96000000000004,289.96000000000004,0,0,158,289.96000000000004,1.0,1.3292510775936641,424.2789907588981,563.9733056666175,153.86685312839694,3. Emerging Loyalists
17466,2011-09-22,2011-11-29,2,763.28,381.64,1,68,78,381.64,0.9997042860635793,4.535193715421519,398.3138511722451,1806.4304746017083,492.84207200846896,3. Emerging Loyalists
17468,2011-11-25,2011-11-29,2,137.0,68.5,1,4,14,68.5,0.9996712637318237,8.033662768902609,207.62632162640548,1667.9998498942523,455.07453161902123,3. Emerging Loyalists
17469,2011-05-19,2011-11-23,5,1870.97,374.194,4,188,204,374.194,0.9996669658473857,6.451875532346249,381.1223923587689,2458.954238088808,670.8678350551495,1. VIP Champions
17470,2010-12-07,2011-10-26,5,1125.07,225.01399999999998,4,323,367,225.01399999999998,0.9995842372161867,4.0392614076072,252.57886561001453,1020.2320642357372,278.34632527348236,3. Emerging Loyalists
17472,2011-02-13,2011-06-01,3,710.29,236.76333333333332,2,108,299,236.76333333333332,0.9979751433108697,2.7981272546603377,282.33796781444687,790.017562767017,215.53771265015016,3. Emerging Loyalists
17475,2011-09-21,2011-09-21,1,194.37,194.37,0,0,79,194.37,1.0,2.0389791439572167,424.2789907588981,865.0960133766099,236.02110223079572,3. Emerging Loyalists
17480,2011-09-23,2011-09-23,1,511.82,511.82,0,0,77,511.82,1.0,2.066918162420053,424.2789907588981,876.9499519328164,239.25517058916418,3. Emerging Loyalists
17481,2011-09-07,2011-12-06,4,1255.59,313.8975,3,90,93,313.8975,0.9997288325021523,8.621348047816568,333.35926120859835,2874.006215842323,784.1050061410485,1. VIP Champions
17483,2011-06-09,2011-10-05,3,414.04,138.01333333333335,2,118,183,138.01333333333335,0.999404807652644,4.092216362385688,207.58860443755577,849.497483724176,231.7654102557774,3. Emerging Loyalists
17486,2011-03-23,2011-03-23,1,396.87,396.87,0,0,261,396.87,1.0,0.9143123862312016,424.2789907588981,387.92353646853405,105.83581387828322,3. Emerging Loyalists
17489,2011-05-11,2011-10-12,2,376.64,188.32,1,154,212,188.32,0.9996034091871179,2.371950459541454,280.59106516023223,665.5481059500388,181.57914858586,3. Emerging Loyalists
17490,2011-06-16,2011-12-09,6,2092.32,348.72,5,176,176,348.72,0.9997546811659673,8.67966440664308,357.31974910732566,3101.4155081174904,846.1482834078275,1. VIP Champions
17491,2010-12-07,2011-12-08,10,3558.87,355.887,9,366,367,355.887,0.9997625004533965,8.225158578190431,360.44187052988246,2964.6915433278673,808.8463650403422,1. VIP Champions
17492,2011-04-05,2011-04-05,1,374.57,374.57,0,0,248,374.57,1.0,0.9518126670304788,424.2789907588981,403.8341177592267,110.1766418040815,3. Emerging Loyalists
17495,2011-11-01,2011-12-02,2,497.56000000000006,248.78000000000003,1,31,38,248.78000000000003,0.9997057869219582,6.231248453105095,317.40836105453343,1977.8503588236847,539.6099560268328,1. VIP Champions
17496,2010-12-16,2010-12-16,1,271.05,271.05,0,0,358,271.05,1.0,0.706591624434012,424.2789907588981,299.79198129355296,81.79119169522181,3. Emerging Loyalists
17498,2011-09-25,2011-09-25,1,272.22,272.22,0,0,75,272.22,1.0,2.095633484391479,424.2789907588981,889.1332597581696,242.5790996066305,3. Emerging Loyalists
17499,2011-02-23,2011-02-23,1,622.88,622.88,0,0,289,622.88,1.0,0.8427937803013454,424.2789907588981,357.57969452413136,97.55721021938834,3. Emerging Loyalists
17500,2011-11-10,2011-11-22,3,1138.0,379.3333333333333,2,12,29,379.3333333333333,0.9995610339387914,10.527162235595691,390.2571246412152,4108.300064695161,1120.8530551187234,1. VIP Champions
17501,2011-05-03,2011-05-03,1,288.6,288.6,0,0,220,288.6,1.0,1.0440428147848846,424.2789907588981,442.96543176601,120.85270055456803,3. Emerging Loyalists
17502,2011-11-10,2011-11-30,4,689.1,172.275,3,20,29,172.275,0.9996350085169203,14.252620345162521,216.70673812972524,3088.6388648015286,842.6624767556008,1. VIP Champions
17503,2011-11-01,2011-12-07,2,558.96,279.48,1,36,38,279.48,0.9997308747502641,6.23140482760384,336.1032168923608,2094.3952083162376,571.4064773507378,1. VIP Champions
17504,2011-01-21,2011-05-17,6,2997.0299999999997,499.50499999999994,5,116,322,499.50499999999994,0.9811411039492589,5.337075066472902,490.9431491954247,2620.2004406265874,714.8600692869918,1. VIP Champions
17505,2011-05-18,2011-07-01,2,1145.8400000000001,572.9200000000001,1,44,205,572.9200000000001,0.9986898696495108,2.4303336282977934,514.7943731481289,1251.1220767203802,341.3392351910823,3. Emerging Loyalists
17506,2011-09-25,2011-09-25,1,302.2,302.2,0,0,75,302.2,1.0,2.095633484391479,424.2789907588981,889.1332597581696,242.5790996066305,3. Emerging Loyalists
17507,2011-02-03,2011-03-23,2,605.5799999999999,302.78999999999996,1,48,309,302.78999999999996,0.9977889759614385,1.760009227383661,350.2979103640141,616.5275545738793,168.205043990691,3. Emerging Loyalists
17508,2011-03-04,2011-03-04,1,387.31,387.31,0,0,280,387.31,1.0,0.8645302550880144,424.2789907588981,366.80202410927546,100.07330595924213,3. Emerging Loyalists
17509,2011-10-07,2011-10-13,3,6115.139999999999,2038.3799999999999,2,6,63,2038.3799999999999,0.99873429518876,7.80831956090516,1646.08175396665,12853.132358346867,3506.6748885995457,1. VIP Champions
17510,2011-11-15,2011-11-15,1,308.48,308.48,0,0,24,308.48,1.0,3.245355575379693,424.2789907588981,1376.9361881758593,375.66465665038,3. Emerging Loyalists
17511,2010-12-01,2011-12-07,28,91062.38,3252.2278571428574,27,371,373,3252.2278571428574,0.99978766218211,22.976166006158916,3186.5309705775626,73214.26456375678,19974.790259300684,1. VIP Champions
17512,2011-02-11,2011-11-11,10,2924.99,292.49899999999997,9,273,301,292.49899999999997,0.9994969471690616,9.689936129583145,301.2754779132206,2919.340138388745,796.4733007608436,1. VIP Champions
17513,2011-09-28,2011-09-28,1,513.2,513.2,0,0,72,513.2,1.0,2.1402343196102858,424.2789907588981,908.056457111809,247.74184897557538,3. Emerging Loyalists
17514,2011-08-03,2011-08-03,1,208.65,208.65,0,0,128,208.65,1.0,1.5317169762500076,424.2789907588981,649.8753328116243,177.30320102172362,3. Emerging Loyalists
17515,2011-01-25,2011-11-08,4,639.02,159.755,3,287,318,159.755,0.9996525419709501,3.6081332315228694,206.394184764635,744.6977168423507,203.17325850555224,3. Emerging Loyalists
17516,2011-02-27,2011-11-24,4,768.0799999999999,192.01999999999998,3,270,285,192.01999999999998,0.9997020689934809,3.944718782084943,232.9704255253887,919.0028132403222,250.72830481274707,3. Emerging Loyalists
17517,2011-02-04,2011-02-04,1,153.94,153.94,0,0,308,153.94,1.0,0.8003141710000283,424.2789907588981,339.5564887619362,92.64000239048823,3. Emerging Loyalists
17519,2010-12-06,2011-11-22,6,1844.02,307.33666666666664,5,351,368,307.33666666666664,0.9996908875756547,4.8655073191204,320.6464612671614,1560.1077041454296,425.63869702039733,3. Emerging Loyalists
17520,2011-10-17,2011-10-17,1,546.81,546.81,0,0,53,546.81,1.0,2.473660859963395,424.2789907588981,1049.522333145057,286.3374863073091,3. Emerging Loyalists
17521,2011-05-24,2011-11-10,3,723.21,241.07000000000002,2,170,199,241.07000000000002,0.9996459245352569,3.848796125946317,285.59792317252095,1099.2081802847126,299.8931012053599,3. Emerging Loyalists
17522,2011-05-05,2011-12-08,5,1070.71,214.142,4,217,218,214.142,0.9997469398901829,6.1375961804619905,243.21081880204795,1492.7297925264827,407.2562184048243,3. Emerging Loyalists
17523,2011-11-20,2011-11-28,3,652.74,217.58,2,8,19,217.58,0.9996263378362343,11.724750787801373,267.8170366335521,3140.0880112558693,856.6991664030201,1. VIP Champions
17524,2010-12-13,2010-12-13,1,145.0,145.0,0,0,361,145.0,1.0,0.7016614482501989,424.2789907588981,297.70021111802123,81.22050139633174,3. Emerging Loyalists
17525,2010-12-15,2010-12-15,1,422.70000000000005,422.70000000000005,0,0,359,422.70000000000005,1.0,0.7049405522394269,424.2789907588981,299.0914660491643,81.60007258525764,3. Emerging Loyalists
17526,2010-12-09,2011-12-05,4,1195.9,298.975,3,361,365,298.975,0.9997384471109271,3.217630487568718,321.06780133714796,1033.0775461590638,281.85091292080676,3. Emerging Loyalists
17527,2011-05-05,2011-10-17,4,939.37,234.8425,3,165,218,234.8425,0.9994487077079933,4.864508922140796,268.24273514811847,1304.869178427473,356.0028678867242,3. Emerging Loyalists
17528,2011-09-29,2011-12-08,7,3628.5,518.3571428571429,6,70,71,518.3571428571429,0.9997459648264254,17.798414813699562,509.26168616653365,9064.05073911605,2472.9130790603995,1. VIP Champions
17530,2010-12-09,2011-12-08,9,2385.0,265.0,8,364,365,265.0,0.9997598121885521,7.422153104361496,276.8353553649462,2054.7143922189534,560.5804998778519,1. VIP Champions
17531,2011-06-02,2011-06-02,1,296.7,296.7,0,0,190,296.7,1.0,1.1649934430356625,424.2789907588981,494.28224225190473,134.85328544522685,3. Emerging Loyalists
17534,2011-10-17,2011-10-17,1,223.36,223.36,0,0,53,223.36,1.0,2.473660859963395,424.2789907588981,1049.522333145057,286.3374863073091,3. Emerging Loyalists
17535,2011-03-04,2011-03-04,1,164.4,164.4,0,0,280,164.4,1.0,0.8645302550880144,424.2789907588981,366.80202410927546,100.07330595924213,3. Emerging Loyalists
17536,2011-06-15,2011-06-15,1,76.5,76.5,0,0,177,76.5,1.0,1.2265683361242166,424.2789907588981,520.4071757476034,141.98085915267464,3. Emerging Loyalists
17537,2011-02-09,2011-11-10,2,897.6200000000001,448.81000000000006,1,274,303,448.81000000000006,0.9996984511379817,1.7918220544345946,439.21722142067733,786.9991040290523,214.71419717053084,3. Emerging Loyalists
17538,2011-11-14,2011-11-14,1,98.42,98.42,0,0,25,98.42,1.0,3.2108155440078403,424.2789907588981,1362.281578524629,371.6664910489166,3. Emerging Loyalists
17540,2011-01-27,2011-11-15,2,578.9000000000001,289.45000000000005,1,292,316,289.45000000000005,0.999707561351051,1.7313283454894413,342.1744778924631,592.4163726782715,161.62687504863717,3. Emerging Loyalists
17542,2011-03-15,2011-03-15,1,170.75,170.75,0,0,269,170.75,1.0,0.8926692472826567,424.2789907588981,378.74080731859084,103.33052218586509,3. Emerging Loyalists
17545,2011-10-27,2011-10-27,1,645.96,645.96,0,0,43,645.96,1.0,2.694603816894278,424.2789907588981,1143.263787926979,311.91263766650934,3. Emerging Loyalists
17548,2011-04-20,2011-04-20,1,103.3,103.3,0,0,233,103.3,1.0,0.9990945099407352,424.2789907588981,423.89481035041103,115.64972999738389,3. Emerging Loyalists
17549,2011-10-19,2011-11-16,2,148.85999999999999,74.42999999999999,1,28,51,74.42999999999999,0.9996164829120866,5.55547092855242,211.2374126726047,1173.523305125286,320.16823530155136,3. Emerging Loyalists
17550,2011-04-10,2011-05-26,2,267.15999999999997,133.57999999999998,1,46,243,133.57999999999998,0.9983919437340422,2.133656098387972,247.25698019076404,527.5613636530177,143.93271107303138,3. Emerging Loyalists
17551,2010-12-15,2010-12-15,1,306.84,306.84,0,0,359,306.84,1.0,0.7049405522394269,424.2789907588981,299.0914660491643,81.60007258525764,3. Emerging Loyalists
17552,2010-12-02,2011-10-10,3,930.41,310.13666666666666,2,312,372,310.13666666666666,0.9996127271702395,2.338733748894067,337.87832179426556,790.2074341999387,215.5895146052943,3. Emerging Loyalists
17553,2011-08-02,2011-08-02,1,1487.6,1487.6,0,0,129,1487.6,1.0,1.5239794396280912,424.2789907588981,646.5924585827177,176.40754599382984,3. Emerging Loyalists
17554,2011-07-14,2011-12-08,5,1952.45,390.49,4,147,148,390.49,0.9997455576188117,8.117826522778989,395.1641225632045,3207.873794994269,875.1929233341949,1. VIP Champions
17555,2011-01-09,2011-11-20,2,483.26,241.63,1,315,334,241.63,0.9997160197465348,1.6540047182757882,313.05434739849215,517.7933676738537,141.26774309035662,3. Emerging Loyalists
17556,2011-05-18,2011-05-18,1,157.9,157.9,0,0,205,157.9,1.0,1.1012069441294743,424.2789907588981,467.2189708719436,127.4697083135532,3. Emerging Loyalists
17557,2011-09-19,2011-11-25,3,541.46,180.48666666666668,2,67,81,180.48666666666668,0.999662085234198,6.877449603405201,239.7390310417194,1648.7931039586201,449.8344226878738,3. Emerging Loyalists
17560,2011-02-02,2011-09-06,4,854.95,213.7375,3,216,310,213.7375,0.9992488609795058,3.682814744227884,250.8588342878765,923.866613635211,252.05527836537223,3. Emerging Loyalists
17561,2011-11-20,2011-11-20,1,167.62,167.62,0,0,19,167.62,1.0,3.4298361975782448,424.2789907588981,1455.2074403768343,397.01912705806683,3. Emerging Loyalists
17562,2011-06-19,2011-11-25,7,1122.38,160.34,6,159,173,160.34,0.9996366773147266,10.294214861391175,185.8575681692535,1913.2577403499529,521.9873791424027,3. Emerging Loyalists
17564,2011-09-20,2011-11-15,3,454.01,151.33666666666667,2,56,80,151.33666666666667,0.9995791540773048,6.923045231260242,217.6737759284396,1506.9653964117942,411.14006813708465,3. Emerging Loyalists
17566,2011-11-14,2011-12-01,2,901.21,450.605,1,17,25,450.605,0.999694117083609,7.093307765651852,440.31029198187923,3123.2564134114987,852.107060770689,1. VIP Champions
17567,2010-12-02,2011-12-02,8,4331.48,541.435,7,365,372,541.435,0.9997295975085839,6.476592458123361,531.5905029353191,3442.895042120892,939.3129434669585,1. VIP Champions
17569,2011-01-11,2011-01-11,1,344.14,344.14,0,0,332,344.14,1.0,0.752410200908424,424.2789907588981,319.2318406781259,87.09490014863384,3. Emerging Loyalists
17571,2011-02-14,2011-10-20,4,1498.51,374.6275,3,248,298,374.6275,0.9995579056755678,3.804423382822451,383.3817345202541,1458.546435355884,397.9300933128094,3. Emerging Loyalists
17572,2010-12-01,2011-09-29,4,226.75,56.6875,3,302,373,56.6875,0.9995067115048413,3.158655128388147,121.49888972019113,383.77309110814764,104.70346247039315,3. Emerging Loyalists
17573,2011-09-07,2011-11-10,3,380.6,126.86666666666667,2,64,93,126.86666666666667,0.9995526499300723,6.367183619009298,199.1510729225406,1268.0314492205266,345.95255980916517,3. Emerging Loyalists
17574,2011-04-11,2011-04-11,1,185.65,185.65,0,0,242,185.65,1.0,0.9701780185407576,424.2789907588981,411.62615056294015,112.30251470433072,3. Emerging Loyalists
17576,2010-12-09,2011-12-01,18,3622.68,201.26,17,357,365,201.26,0.999707747290629,14.989389392174532,209.3777425847527,3138.4445136573418,856.2507767344513,1. VIP Champions
17578,2011-05-05,2011-05-05,1,143.45999999999998,143.45999999999998,0,0,218,143.45999999999998,1.0,1.051319407547142,424.2789907588981,446.05273719934405,121.6949992359069,3. Emerging Loyalists
17579,2011-06-13,2011-12-05,3,448.9,149.63333333333333,2,175,179,149.63333333333333,0.9997317799532823,4.159591134171591,216.38442825972766,900.0707493619518,245.56313642104908,3. Emerging Loyalists
17580,2010-12-16,2011-04-01,3,215.72,71.90666666666667,2,106,358,71.90666666666667,0.9968201922223847,2.4086731013561025,157.5487943281716,379.4835430493518,103.53316016260963,3. Emerging Loyalists
17581,2010-12-02,2011-12-09,10,11045.039999999999,1104.504,9,372,372,1104.504,0.9997677986022444,8.131937289063647,1059.2013729831472,8613.359141589066,2349.952475879156,1. VIP Champions
17582,2011-04-17,2011-04-17,1,175.27,175.27,0,0,236,175.27,1.0,0.9892660378020449,424.2789907588981,419.72479611070554,114.51203968098552,3. Emerging Loyalists
17584,2011-08-04,2011-12-02,2,1242.3000000000002,621.1500000000001,1,120,127,621.1500000000001,0.9997221359931582,3.4012202622483394,544.1641743552434,1850.8222158066922,504.95331460713686,3. Emerging Loyalists
17585,2011-01-05,2011-08-22,4,1133.07,283.2675,3,229,338,283.2675,0.9991682113079935,3.429149410125251,308.1297476644519,1056.6229424455976,288.27472056536857,3. Emerging Loyalists
17588,2011-04-21,2011-08-31,3,1240.2,413.40000000000003,2,132,232,413.40000000000003,0.9991981943425795,3.4252431451836416,416.04407801545415,1425.0521263166825,388.79195879865836,3. Emerging Loyalists
17589,2011-04-13,2011-10-10,4,2404.17,601.0425,3,180,240,601.0425,0.9994234204914066,4.51800849124906,569.8766842132976,2574.707698240538,702.4484444090228,1. VIP Champions
17590,2011-10-30,2011-12-07,3,1479.22,493.0733333333333,2,38,40,493.0733333333333,0.9997300593974998,9.46599120749686,476.35325213982384,4509.155696418107,1230.2170870547766,1. VIP Champions
17591,2010-12-07,2011-09-27,7,2225.9700000000003,317.9957142857143,6,294,367,317.9957142857143,0.9991553263416986,5.710582237701018,328.2711599288733,1874.619455039334,511.4458316767918,3. Emerging Loyalists
17593,2010-12-22,2011-12-06,5,3927.34,785.4680000000001,4,349,352,785.4680000000001,0.9997424295111265,4.1838540390398675,735.5037465621955,3077.2403207831967,839.5526520870853,1. VIP Champions
17594,2011-03-30,2011-09-15,2,993.18,496.59,1,169,254,496.59,0.9995458681283443,2.063365769913168,468.3129937962927,966.3010010048281,263.63250300240855,3. Emerging Loyalists
17595,2011-11-02,2011-11-27,2,388.78999999999996,194.39499999999998,1,25,37,194.39499999999998,0.9996761816897822,6.289870148134193,284.29045438547007,1788.1500424386738,487.8546860054585,3. Emerging Loyalists
17596,2010-12-06,2011-11-16,7,2827.9300000000003,403.99000000000007,6,345,368,403.99000000000007,0.9996501327321106,5.700334874530672,405.95153551729004,2314.059695278485,631.3367666274513,1. VIP Champions
17597,2011-05-10,2011-05-10,1,2044.3700000000001,2044.3700000000001,0,0,213,2044.3700000000001,1.0,1.0699625163159032,424.2789907588981,453.96261657236244,123.85302380111743,3. Emerging Loyalists
17600,2011-11-22,2011-11-22,1,161.67000000000002,161.67000000000002,0,0,17,161.67000000000002,1.0,3.5096376394074467,424.2789907588981,1489.0655155772329,406.2565066143778,3. Emerging Loyalists
17601,2011-04-14,2011-04-14,1,116.00999999999999,116.00999999999999,0,0,239,116.00999999999999,1.0,0.9796290547389268,424.2789907588981,415.6360266627252,113.39651509532337,3. Emerging Loyalists
17602,2011-01-19,2011-12-07,6,5102.97,850.495,5,322,324,850.495,0.9997472801135976,5.41060773133495,801.9852103879964,4339.227379741579,1183.8561421630354,1. VIP Champions
17603,2011-09-22,2011-09-22,1,394.72,394.72,0,0,78,394.72,1.0,2.0528535961652343,424.2789907588981,870.9826519567602,237.62713312752643,3. Emerging Loyalists
17604,2011-01-31,2011-05-06,2,309.36,154.68,1,95,312,154.68,0.9987884414654427,1.7478984881279798,260.10588762327734,454.63868772991265,124.03747391685505,3. Emerging Loyalists
17608,2011-11-06,2011-11-06,1,193.42,193.42,0,0,33,193.42,1.0,2.958886235150211,424.2789907588981,1255.3932656199272,342.5045286340289,3. Emerging Loyalists
17609,2011-01-16,2011-10-30,4,1112.22,278.055,3,287,327,278.055,0.9996205999030611,3.526009094248967,303.8362824555435,1071.3294951010441,292.2870575939553,3. Emerging Loyalists
17611,2010-12-13,2011-12-02,14,3984.2200000000003,284.58714285714285,13,354,361,284.58714285714285,0.9997234433804953,11.734344808913963,291.16270805362905,3416.603611798434,932.1399450159423,1. VIP Champions
17612,2011-02-15,2011-10-17,6,2048.45,341.4083333333333,5,244,297,341.4083333333333,0.9993898227401933,5.807718086349902,350.8402600314174,2037.5813236041654,555.9061450356945,1. VIP Champions
17613,2011-02-07,2011-11-17,11,4559.150000000001,414.46818181818185,10,283,305,414.46818181818185,0.9995583393958523,10.562489063195157,415.0601797261107,4384.06860892486,1196.0900169856839,1. VIP Champions
17614,2011-10-13,2011-10-13,1,390.07,390.07,0,0,57,390.07,1.0,2.3951065407050205,424.2789907588981,1016.1933858503618,277.2444668562282,3. Emerging Loyalists
17615,2011-05-01,2011-08-01,3,329.6,109.86666666666667,2,92,222,109.86666666666667,0.9986360467740286,3.5409723111229217,186.28282808803783,659.6223362974132,179.962441696275,3. Emerging Loyalists
17616,2010-12-07,2011-06-19,3,571.1999999999999,190.39999999999998,2,194,367,190.39999999999998,0.99893151929124,2.3639445366676846,247.24298400991762,584.4687012796604,159.45853981802304,3. Emerging Loyalists
17618,2010-12-12,2011-12-04,3,971.5799999999999,323.85999999999996,2,357,362,323.85999999999996,0.9997352389105422,2.393295127739349,348.26627551654946,833.5039803496876,227.40195898954738,3. Emerging Loyalists
17619,2011-01-31,2011-01-31,1,218.52,218.52,0,0,312,218.52,1.0,0.7919110238085244,424.2789907588981,335.99120995232647,91.66729991423968,3. Emerging Loyalists
17620,2011-10-11,2011-10-11,1,81.44,81.44,0,0,59,81.44,1.0,2.3576710842016273,424.2789907588981,1000.3103081465034,272.91114263727815,3. Emerging Loyalists
17621,2010-12-20,2011-11-18,3,1379.9,459.9666666666667,2,333,354,459.9666666666667,0.9997041793807225,2.4384869923726433,451.2929761209451,1100.4720520200626,300.2379188850662,3. Emerging Loyalists
17623,2011-11-07,2011-11-07,1,527.0500000000001,527.0500000000001,0,0,32,527.0500000000001,1.0,2.988193962005838,424.2789907588981,1267.82791839167,345.89703120907694,3. Emerging Loyalists
17624,2011-05-05,2011-11-25,2,843.48,421.74,1,204,218,421.74,0.999715127115251,2.3226151556341863,422.73286482360925,981.8457586239726,267.87352454273537,3. Emerging Loyalists
17625,2011-03-27,2011-11-21,4,2047.0,511.75,3,239,257,511.75,0.9996862752907385,4.283503663188606,496.327668929566,2126.0213880016577,580.0349367047083,1. VIP Champions
17628,2011-09-19,2011-09-19,1,75.75,75.75,0,0,81,75.75,1.0,2.0117853684252966,424.2789907588981,853.5582657390029,232.87329912850208,3. Emerging Loyalists
17629,2010-12-15,2011-12-04,8,1814.12,226.765,7,354,359,226.765,0.9997384409550011,6.673389148807338,243.36189430230596,1624.048624670207,443.0834734458549,3. Emerging Loyalists
17630,2011-04-21,2011-06-23,2,503.6,251.8,1,63,232,251.8,0.9988288482925285,2.212608630527561,319.2473989903718,706.3695502795724,192.71631964702777,3. Emerging Loyalists
17631,2011-04-21,2011-12-08,3,528.33,176.11,2,231,232,176.11,0.9997414068006213,3.4271052729965428,236.4260887931503,810.2570955769543,221.0595931912389,3. Emerging Loyalists
17633,2011-08-11,2011-11-08,4,1324.84,331.21,3,89,120,331.21,0.9994989750184431,7.387762334269246,347.61933150677123,2568.129003969579,700.6536023925735,1. VIP Champions
17634,2011-01-06,2011-11-03,9,2361.97,262.44111111111107,8,301,337,262.44111111111107,0.999466000079285,7.931745420965536,274.46660680275795,2176.9992517157234,593.9430479399027,1. VIP Champions
17636,2011-11-20,2011-11-20,1,285.56,285.56,0,0,19,285.56,1.0,3.4298361975782448,424.2789907588981,1455.2074403768343,397.01912705806683,3. Emerging Loyalists
17637,2011-08-16,2011-11-08,2,547.06,273.53,1,84,115,273.53,0.999635808958643,3.622775249479832,332.4799467869838,1204.5001221682567,328.61953133000816,3. Emerging Loyalists
17639,2011-03-08,2011-03-08,1,108.5,108.5,0,0,276,108.5,1.0,0.8745549782454213,424.2789907588981,371.0553035331374,101.23371322293673,3. Emerging Loyalists
17640,2011-09-14,2011-09-14,1,621.66,621.66,0,0,86,621.66,1.0,1.9468720018935972,424.2789907588981,826.016888100171,225.35928194802776,3. Emerging Loyalists
17642,2011-06-16,2011-08-12,2,712.29,356.145,1,57,176,356.145,0.999124335310712,2.7192360731403458,382.7885954854239,1040.8925572306923,283.98305490106196,3. Emerging Loyalists
17643,2010-12-01,2010-12-01,1,101.55,101.55,0,0,373,101.55,1.0,0.6826100599020506,424.2789907588981,289.617107297113,79.01521661434514,3. Emerging Loyalists
17644,2011-03-24,2011-12-08,8,2895.6400000000003,361.95500000000004,7,259,260,361.95500000000004,0.999755668291769,8.681889384335246,367.19201983412364,3187.9204990104954,869.7491357795095,1. VIP Champions
17646,2010-12-09,2011-05-04,3,1008.3900000000001,336.13000000000005,2,146,365,336.13000000000005,0.9981370980267494,2.372950672324274,357.5541204647465,848.4582905491346,231.4818908373412,3. Emerging Loyalists
17647,2011-10-05,2011-10-05,1,133.06,133.06,0,0,65,133.06,1.0,2.252071611977849,424.2789907588981,955.5066706467267,260.687523821406,3. Emerging Loyalists
17648,2011-04-04,2011-10-10,3,1797.5,599.1666666666666,2,189,249,599.1666666666666,0.9995374592812867,3.2432100137747097,556.6611926481678,1805.3691542763106,492.5525157174365,3. Emerging Loyalists
17649,2011-07-24,2011-07-24,1,868.49,868.49,0,0,138,868.49,1.0,1.457706418721658,424.2789907588981,618.4742081579927,168.7361426404127,3. Emerging Loyalists
17650,2011-11-18,2011-11-18,1,166.08,166.08,0,0,21,166.08,1.0,3.353583092953767,424.2789907588981,1422.8548501045282,388.1924836589292,3. Emerging Loyalists
17651,2011-06-15,2011-11-28,9,3945.0,438.3333333333333,8,166,177,438.3333333333333,0.9996475907067256,13.093837415770961,437.28901394130963,5725.791252250309,1562.1474860631984,1. VIP Champions
17652,2011-03-03,2011-11-14,12,4867.72,405.6433333333334,11,256,281,405.6433333333334,0.9994568148918381,12.328123991331474,406.67124620174644,5013.493546884419,1367.8138087171023,1. VIP Champions
17653,2011-08-11,2011-11-03,4,1207.5600000000002,301.89000000000004,3,84,120,301.89000000000004,0.999433389022358,7.387277557632507,323.46884710865265,2389.5541548390106,651.9336544668091,1. VIP Champions
17654,2011-03-07,2011-03-07,1,117.55,117.55,0,0,277,117.55,1.0,0.8720270650055437,424.2789907588981,369.9827630549961,100.94109577709972,3. Emerging Loyalists
17655,2010-12-08,2011-11-29,7,2638.94,376.99142857142857,6,356,366,376.99142857142857,0.9997164830642891,5.726925857087278,381.56318050623463,2185.1840445536154,596.1760761786874,1. VIP Champions
17656,2011-08-03,2011-09-27,5,1674.69,334.938,4,55,128,334.938,0.9976793411501859,8.92366074015841,347.2967811102832,3099.1586507772226,845.5325529585002,1. VIP Champions
17658,2011-05-12,2011-11-14,2,595.42,297.71,1,186,211,297.71,0.9996915637564789,2.380632872530728,347.2044293328687,826.5662779580994,225.5091700504091,3. Emerging Loyalists
17659,2010-12-02,2011-11-22,12,2999.46,249.955,11,355,372,249.955,0.9996400199367702,9.785783775491879,259.5704307456811,2540.1001097885246,693.0065777887936,1. VIP Champions
17660,2011-07-21,2011-07-21,1,196.0,196.0,0,0,141,196.0,1.0,1.4368779999873487,424.2789907588981,609.6371476782963,166.32515851535913,3. Emerging Loyalists
17663,2011-02-25,2011-11-14,7,1802.91,257.55857142857144,6,262,287,257.55857142857144,0.9996023810729376,6.997135386729705,273.6770678024271,1914.9554956567874,522.4505717506696,3. Emerging Loyalists
17664,2011-05-11,2011-11-21,2,604.64,302.32,1,194,212,302.32,0.9997065781418936,2.372195268280041,350.01170247333727,830.2961044498921,226.52676549196767,3. Emerging Loyalists
17666,2011-10-05,2011-12-06,2,728.1600000000001,364.08000000000004,1,62,65,364.08000000000004,0.9997290138190884,4.975432088309866,387.62063721419145,1928.5801564866053,526.167740038179,3. Emerging Loyalists
17667,2011-02-14,2011-10-04,4,2055.51,513.8775,3,232,298,513.8775,0.9994610436397798,3.8040547156429234,498.0800616838975,1894.7238074163483,516.9308314158827,3. Emerging Loyalists
17668,2011-11-01,2011-12-08,2,347.75,173.875,1,37,38,173.875,0.9997354946327179,6.231433623711426,271.79473966911115,1693.670879521993,462.0782683308457,3. Emerging Loyalists
17669,2011-04-04,2011-10-28,7,3406.7200000000003,486.67428571428576,6,207,249,486.67428571428576,0.9993639635546816,7.8315098543305695,480.6419212353106,3764.151942558712,1026.9603335463928,1. VIP Champions
17670,2011-04-26,2011-04-26,1,205.7,205.7,0,0,227,205.7,1.0,1.0193492138630664,424.2789907588981,432.48845568869797,117.99430402565424,3. Emerging Loyalists
17671,2010-12-09,2011-11-24,4,1572.71,393.1775,3,350,365,393.1775,0.9997111866185948,3.2175427504295815,398.6611167025563,1282.7091859244713,349.9570350830678,3. Emerging Loyalists
17672,2011-02-03,2011-10-20,2,3178.17,1589.085,1,259,309,1589.085,0.9996630913105448,1.7633149968269746,1133.5910566154218,1998.8781103989093,545.3468835209829,1. VIP Champions
17673,2011-01-23,2011-12-08,6,1629.12,271.52,5,319,320,271.52,0.9997509747935572,5.46626982996099,288.90626973735345,1579.239625951867,430.8583919475811,3. Emerging Loyalists
17674,2010-12-06,2011-09-26,2,551.04,275.52,1,294,368,275.52,0.9996351389519147,1.5251824493654689,333.6917631751687,508.9408206925858,138.85253383755526,3. Emerging Loyalists
17675,2010-12-07,2011-12-08,29,20374.28,702.5613793103448,28,366,367,702.5613793103448,0.9998021592743035,24.129787639719208,696.3222330029747,16802.107611176856,4584.059915744869,1. VIP Champions
17676,2010-12-08,2011-12-05,6,1387.68,231.28,5,362,366,231.28,0.9997411172059311,4.888125155606083,253.2461867082385,1237.8990558098556,337.73164490992787,3. Emerging Loyalists
17677,2010-12-06,2011-12-08,18,16363.23,909.0683333333333,17,367,368,909.0683333333333,0.9997814884911433,14.887575877617564,891.4223244555067,13271.117494333579,3620.712302928405,1. VIP Champions
17678,2011-03-21,2011-03-21,1,298.11,298.11,0,0,263,298.11,1.0,0.9088038042251323,424.2789907588981,385.5863608544863,105.19817047685149,3. Emerging Loyalists
17679,2011-09-15,2011-10-18,2,1992.1100000000001,996.0550000000001,1,33,85,996.0550000000001,0.9994482144531653,4.327885128725403,772.4636834067315,3343.134087896441,912.0955132493019,1. VIP Champions
17680,2011-11-16,2011-11-16,1,184.4,184.4,0,0,23,184.4,1.0,3.280646809701304,424.2789907588981,1391.9095174564682,379.74977740718487,3. Emerging Loyalists
17682,2010-12-06,2011-11-29,6,2474.33,412.3883333333333,5,358,368,412.3883333333333,0.9997192637604962,4.865645426346095,413.7416689132908,2013.1202590367539,549.2325188350547,1. VIP Champions
17684,2011-10-27,2011-10-27,1,239.41,239.41,0,0,43,239.41,1.0,2.694603816894278,424.2789907588981,1143.263787926979,311.91263766650934,3. Emerging Loyalists
17685,2010-12-02,2011-11-23,7,3191.53,455.9328571428572,6,356,372,455.9328571428572,0.9996886964670154,5.648844287615045,452.8725677519041,2558.206617362901,697.946512558085,1. VIP Champions
17686,2011-02-10,2011-12-02,5,5739.46,1147.892,4,295,302,1147.892,0.9997272091584037,4.747705422462433,1047.7926535094439,4974.610862683087,1357.2055827618462,1. VIP Champions
17690,2010-12-01,2011-11-09,14,4757.95,339.8535714285714,13,343,373,339.8535714285714,0.9994176540152855,11.412244164280654,343.82763904515275,3923.84496721144,1070.5288197193815,1. VIP Champions
17691,2010-12-06,2010-12-16,2,290.4,145.2,1,10,368,145.2,0.9941153488002848,1.5167606895299024,254.3330135730297,385.76231703724653,105.24617598324296,3. Emerging Loyalists
17692,2010-12-15,2011-08-04,4,740.9399999999999,185.23499999999999,3,232,359,185.23499999999999,0.9990296693670155,3.26042858791939,227.38171349806143,741.3618390591757,202.263142704395,3. Emerging Loyalists
17693,2011-07-25,2011-07-25,1,200.47,200.47,0,0,137,200.47,1.0,1.4647840634087945,424.2789907588981,621.4771041028011,169.55541217791958,3. Emerging Loyalists
17694,2011-07-21,2011-07-21,1,283.12,283.12,0,0,141,283.12,1.0,1.4368779999873487,424.2789907588981,609.6371476782963,166.32515851535913,3. Emerging Loyalists
17695,2011-06-21,2011-07-31,2,765.34,382.67,1,40,171,382.67,0.998901268962761,2.7752766924390477,398.9410727198986,1107.1718607761659,302.06580414046,3. Emerging Loyalists
17696,2010-12-10,2011-11-01,7,2285.71,326.53000000000003,6,326,364,326.53000000000003,0.9995472155201532,5.752406523165232,335.9803526288069,1932.6955721173035,527.2905344081403,3. Emerging Loyalists
17697,2011-04-17,2011-04-17,1,338.95,338.95,0,0,236,338.95,1.0,0.9892660378020449,424.2789907588981,419.72479611070554,114.51203968098552,3. Emerging Loyalists
17698,2011-03-24,2011-03-24,1,154.95,154.95,0,0,260,154.95,1.0,0.9170917954606201,424.2789907588981,389.1027814112977,106.15754312785496,3. Emerging Loyalists
17700,2011-03-03,2011-11-23,4,2534.6400000000003,633.6600000000001,3,265,281,633.6600000000001,0.9996980580186867,3.989790523676292,596.7432744198336,2380.880661347813,649.5672957478574,1. VIP Champions
17701,2011-04-01,2011-04-01,1,417.95,417.95,0,0,252,417.95,1.0,0.9399505673323167,424.2789907588981,398.80127807100905,108.80354985567728,3. Emerging Loyalists
17702,2011-05-17,2011-11-09,4,1824.37,456.0925,3,176,206,456.0925,0.9996072573700479,5.0776152290342935,450.4833447348767,2287.3810916521156,624.0581370458664,1. VIP Champions
17703,2011-07-24,2011-11-04,3,798.74,266.24666666666667,2,103,138,266.24666666666667,0.9995676084897617,4.982815319440561,304.6555414538934,1518.042299108919,414.1621405353544,3. Emerging Loyalists
17704,2011-04-14,2011-06-24,2,885.19,442.595,1,71,239,442.595,0.9989030296419764,2.1624760088694965,435.43257878119533,941.6125050945119,256.8968275085063,3. Emerging Loyalists
17705,2011-02-11,2011-12-06,9,1823.52,202.61333333333334,8,298,301,202.61333333333334,0.9997471208719999,8.70601587117097,219.08438086657668,1907.3520969500823,520.3761632275598,3. Emerging Loyalists
17706,2010-12-08,2011-12-05,12,10504.49,875.3741666666666,11,362,366,875.3741666666666,0.9997477406387912,9.921841805200451,850.4924828274222,8438.451871125844,2302.2331405399723,1. VIP Champions
17707,2011-01-07,2011-06-07,2,152.4,76.2,1,151,336,76.2,0.9992076588711334,1.6449990556183711,212.3152594098345,349.25840122254726,95.28694103925444,3. Emerging Loyalists
17708,2011-01-19,2011-06-05,2,267.08,133.54,1,137,324,133.54,0.99915434137481,1.6951427854207124,247.23262207240856,419.09459562668894,114.34010429975145,3. Emerging Loyalists
17709,2011-06-23,2011-06-23,1,137.45,137.45,0,0,169,137.45,1.0,1.267804583635346,424.2789907588981,537.9028492243096,146.7541422037949,3. Emerging Loyalists
17711,2011-02-23,2011-11-29,2,385.1,192.55,1,279,289,192.55,0.9997261863832291,1.8619529399689483,283.16693617632376,527.2435093155055,143.84599199222598,3. Emerging Loyalists
17712,2011-10-26,2011-10-26,1,522.91,522.91,0,0,44,522.91,1.0,2.6707491637760614,424.2789907588981,1133.1427597770783,309.15135315853354,3. Emerging Loyalists
17714,2011-01-23,2011-01-23,1,153.0,153.0,0,0,320,153.0,1.0,0.7756232298355311,424.2789907588981,329.080641163776,89.78191374057185,3. Emerging Loyalists
17715,2011-05-23,2011-05-23,1,326.4,326.4,0,0,200,326.4,1.0,1.1216785755829184,424.2789907588981,475.904654004199,129.83939268939588,3. Emerging Loyalists
17716,2011-03-17,2011-11-17,9,5655.99,628.4433333333333,8,245,267,628.4433333333333,0.999572197172474,9.58541117591872,613.2727352794967,5878.471330634331,1603.8026547747356,1. VIP Champions
17718,2011-04-21,2011-04-21,1,139.35,139.35,0,0,232,139.35,1.0,1.00241421018981,424.2789907588981,425.3032894217105,116.03400038788027,3. Emerging Loyalists
17719,2011-03-29,2011-11-02,15,5396.04,359.736,14,218,255,359.736,0.9986871773577779,16.6829043620434,362.5666691277933,6048.665065923608,1650.2360128929452,1. VIP Champions
17720,2010-12-07,2011-11-13,4,1195.94,298.985,3,341,367,298.985,0.9996806007902267,3.2026840125155775,321.0760382008581,1028.305094347729,280.548861680901,3. Emerging Loyalists
17722,2010-12-08,2011-09-04,4,2424.04,606.01,3,270,366,606.01,0.9993447342154862,3.208968702177284,573.9683462613076,1841.84645919299,502.5044905037259,3. Emerging Loyalists
17723,2011-05-09,2011-08-04,6,3276.4000000000005,546.0666666666667,5,87,214,546.0666666666667,0.992168907328527,7.457015560544464,532.205398184175,3968.663935665156,1082.756621225488,1. VIP Champions
17724,2011-07-24,2011-09-29,3,1033.0,344.3333333333333,2,67,138,344.3333333333333,0.9991604349208854,4.980785571097941,363.7636793937095,1811.8288856136858,494.31490149518527,3. Emerging Loyalists
17725,2011-03-17,2011-11-23,11,3439.08,312.64363636363635,10,251,267,312.64363636363635,0.9996114349562395,11.757825690427948,319.3798694972504,3755.212834580296,1024.5215081612305,1. VIP Champions
17727,2011-11-24,2011-11-24,1,1060.25,1060.25,0,0,15,1060.25,1.0,3.593240994101636,424.2789907588981,1524.5366625309418,415.93397486293435,3. Emerging Loyalists
17728,2011-09-14,2011-12-06,3,2876.0099999999998,958.67,2,83,86,958.67,0.999729277361271,6.655985405555892,828.7892463042383,5516.4091276826775,1505.02249754893,1. VIP Champions
17730,2011-01-17,2011-12-06,13,5298.4800000000005,407.5753846153847,12,323,326,407.5753846153847,0.9997538205190932,11.850673840961145,408.42384997433686,4840.097834915513,1320.5068665648,1. VIP Champions
17731,2011-06-09,2011-09-21,3,1240.11,413.36999999999995,2,104,183,413.36999999999995,0.9992584514165314,4.09161708431581,416.0213693480991,1702.2001422651397,464.40527708215893,3. Emerging Loyalists
17732,2010-12-02,2010-12-02,1,303.97,303.97,0,0,372,303.97,1.0,0.6841580715470145,424.2789907588981,290.27389611552127,79.194405997323,3. Emerging Loyalists
17733,2011-03-23,2011-11-01,2,692.19,346.095,1,223,261,346.095,0.9996749011143571,2.0198527125932633,376.66861824861076,760.8151303182128,207.57051572886854,3. Emerging Loyalists
17734,2011-04-20,2011-10-17,3,700.63,233.54333333333332,2,180,233,233.54333333333332,0.9995580508020273,3.4151292496984276,279.9005708516764,955.8966265228471,260.7939141113624,3. Emerging Loyalists
17735,2010-12-07,2011-12-07,18,13110.02,728.3344444444444,17,365,367,728.3344444444444,0.9997723168717733,14.921587998936523,717.267028633289,10702.763086487344,2919.9972043890534,1. VIP Champions
17736,2011-08-18,2011-11-30,3,377.44,125.81333333333333,2,104,113,125.81333333333333,0.9997043451607983,5.668196522314731,198.35374637985376,1124.3080154183854,306.74100093262604,3. Emerging Loyalists
17737,2011-10-12,2011-11-30,2,168.24,84.12,1,49,58,84.12,0.9997026318165114,5.249617979116407,217.13816684421866,1139.8924246177885,310.99284047411476,3. Emerging Loyalists
17738,2011-03-02,2011-11-20,3,1879.05,626.35,2,263,282,626.35,0.9997001966874658,2.9387358179575203,577.237768457064,1696.3493056426437,462.8090139075965,3. Emerging Loyalists
17739,2010-12-14,2011-11-28,7,2791.35,398.7642857142857,6,349,360,398.7642857142857,0.9997111731559928,5.806999486952127,401.2310422303202,2329.948456380737,635.671641427993,1. VIP Champions
17742,2011-01-11,2011-08-18,2,355.11,177.555,1,219,332,177.555,0.9995241270151991,1.6619358914328923,274.03568655781487,455.4297430238867,124.25329475006005,3. Emerging Loyalists
17744,2010-12-16,2011-12-06,6,2322.4,387.06666666666666,5,355,358,387.06666666666666,0.9997443951474378,4.979731022078489,391.3019886009422,1948.5786516371152,531.6238591225305,1. VIP Champions
17746,2011-04-13,2011-04-13,1,110.25,110.25,0,0,240,110.25,1.0,0.976458316065277,424.2789907588981,414.29074885830886,113.0294876841512,3. Emerging Loyalists
17747,2011-08-19,2011-08-19,1,71.4,71.4,0,0,112,71.4,1.0,1.6671478597205698,424.2789907588981,707.3358113681004,192.97994126084953,3. Emerging Loyalists
17749,2011-03-28,2011-06-14,2,674.52,337.26,1,78,256,337.26,0.9988931214378854,2.0493273683080844,371.2885188568451,760.8917232319048,207.59141230408466,3. Emerging Loyalists
17750,2011-06-28,2011-12-04,9,1797.57,199.73,8,159,164,199.73,0.9997149913089542,13.825454757256404,216.41529596910445,2992.039883199108,816.3077164057224,1. VIP Champions
17752,2010-12-15,2010-12-15,1,80.64,80.64,0,0,359,80.64,1.0,0.7049405522394269,424.2789907588981,299.0914660491643,81.60007258525764,3. Emerging Loyalists
17754,2011-03-24,2011-12-09,5,1772.26,354.452,4,260,260,354.452,0.9997511669191614,5.353998850787474,364.11135666314004,1949.45178513312,531.8620730628738,1. VIP Champions
17757,2010-12-02,2011-12-08,30,5605.29,186.843,29,371,372,186.843,0.9998039485260529,24.68380329270676,191.9867744719979,4738.963775868052,1292.9148169883736,1. VIP Champions
17758,2011-04-03,2011-11-20,6,3456.7,576.1166666666667,5,231,250,576.1166666666667,0.999649170643458,6.665239221966585,558.83525641044,3724.7706696446185,1016.2160793864911,1. VIP Champions
17759,2011-06-23,2011-11-22,2,834.99,417.495,1,152,169,417.495,0.9997023089936659,2.8008465970622094,420.14785951313445,1176.7697025803338,321.0539384995455,3. Emerging Loyalists
17760,2010-12-01,2011-11-18,2,287.59,143.795,1,352,373,143.795,0.9997158212608981,1.5080493710813294,253.4774346657936,382.2564859310588,104.28969241480326,3. Emerging Loyalists
17761,2011-11-07,2011-11-07,1,712.78,712.78,0,0,32,712.78,1.0,2.988193962005838,424.2789907588981,1267.82791839167,345.89703120907694,3. Emerging Loyalists
17763,2011-03-21,2011-03-21,1,15.0,15.0,0,0,263,15.0,1.0,0.9088038042251323,424.2789907588981,385.5863608544863,105.19817047685149,3. Emerging Loyalists
17764,2011-05-12,2011-10-20,2,818.82,409.41,1,161,211,409.41,0.999627605907417,2.380480565395754,415.22447484053396,988.4337926345494,269.6709146874907,3. Emerging Loyalists
17765,2011-03-28,2011-07-04,3,371.88,123.96,2,98,256,123.96,0.9983196495386671,3.1694811789389976,196.95085537436677,624.232029284992,170.307028724534,3. Emerging Loyalists
17767,2011-11-24,2011-11-24,1,271.2,271.2,0,0,15,271.2,1.0,3.593240994101636,424.2789907588981,1524.5366625309418,415.93397486293435,3. Emerging Loyalists
17768,2011-06-26,2011-12-01,3,2273.18,757.7266666666666,2,158,166,757.7266666666666,0.9997174824668735,4.389673300956154,676.6840691751537,2970.4219916405395,810.4097830958184,1. VIP Champions
17769,2011-01-23,2011-11-27,10,3997.98,399.798,9,308,320,399.798,0.9996840890555292,9.218324860543449,401.42842107872826,3700.4975937587446,1009.5937414765583,1. VIP Champions
17770,2011-03-02,2011-05-25,4,1143.27,285.8175,3,84,282,285.8175,0.9939769118497924,3.9556542694141528,310.2301479105365,1227.163209083298,334.8026216123949,3. Emerging Loyalists
17771,2011-01-20,2011-10-14,2,245.81,122.905,1,267,323,122.905,0.9996554574112322,1.7003199300539138,240.75640735464654,409.36291771328416,111.68504484720376,3. Emerging Loyalists
17772,2011-11-29,2011-11-29,1,182.77,182.77,0,0,10,182.77,1.0,3.8207786682348264,424.2789907588981,1621.076117271799,442.27249470856646,3. Emerging Loyalists
17774,2011-02-07,2011-09-04,4,1225.41,306.3525,3,209,305,306.3525,0.9992148258313315,3.731928483554221,327.1445475393008,1220.8800552013745,333.0884108406806,3. Emerging Loyalists
17775,2011-03-30,2011-03-30,1,56.4,56.4,0,0,254,56.4,1.0,0.9341297056839797,424.2789907588981,396.3316087655054,108.1297586664711,3. Emerging Loyalists
17777,2011-08-31,2011-11-15,3,665.86,221.95333333333335,2,76,100,221.95333333333335,0.9996050529955134,6.1037104985936645,271.1274556968595,1654.88349779391,451.4960434141261,3. Emerging Loyalists
17779,2011-07-19,2011-11-18,3,658.5699999999999,219.5233333333333,2,122,143,219.5233333333333,0.9996559912323943,4.865703691031688,269.28805364110406,1310.2758765522592,357.477958317277,3. Emerging Loyalists
17781,2011-03-31,2011-07-03,2,188.01999999999998,94.00999999999999,1,94,253,94.00999999999999,0.9990987333443512,2.068848660443676,223.16071160760995,461.6857392730614,125.96009620036234,3. Emerging Loyalists
17783,2011-04-06,2011-09-28,2,283.47,141.735,1,175,247,141.735,0.9995830709170956,2.10915763321724,252.2229915704866,531.9780479437794,145.13769951176232,3. Emerging Loyalists
17785,2011-10-17,2011-10-17,1,131.94,131.94,0,0,53,131.94,1.0,2.473660859963395,424.2789907588981,1049.522333145057,286.3374863073091,3. Emerging Loyalists
17786,2011-01-26,2011-09-15,2,278.74,139.37,1,232,317,139.37,0.9995905057613118,1.7266403696712687,250.78281782271915,433.0117372726222,118.13706909947861,3. Emerging Loyalists
17787,2010-12-03,2011-07-10,4,1865.19,466.2975,3,219,371,466.2975,0.9987231980735682,3.17052665535785,458.8890641510705,1454.9200097431874,396.94070836936726,3. Emerging Loyalists
17788,2011-08-02,2011-09-27,2,1117.9,558.95,1,56,129,558.95,0.9993977290498559,3.3657648950380783,506.287300312479,1704.044022195343,464.90833635740535,3. Emerging Loyalists
17789,2011-03-03,2011-03-03,1,225.9,225.9,0,0,281,225.9,1.0,0.8620598810499035,424.2789907588981,365.7538963055888,99.78734893750149,3. Emerging Loyalists
17790,2010-12-10,2011-11-13,12,1965.5500000000002,163.79583333333335,11,338,364,163.79583333333335,0.9995296860392427,9.965500441069828,178.1636650341739,1775.490082480677,484.400713663335,3. Emerging Loyalists
17791,2011-11-10,2011-11-10,1,106.1,106.1,0,0,29,106.1,1.0,3.079707336540863,424.2789907588981,1306.6551205803314,356.490120201982,3. Emerging Loyalists
17793,2011-11-14,2011-11-14,1,323.04,323.04,0,0,25,323.04,1.0,3.2108155440078403,424.2789907588981,1362.281578524629,371.6664910489166,3. Emerging Loyalists
17795,2011-03-20,2011-06-13,2,350.39,175.195,1,85,264,175.195,0.9989370836718221,2.000176279221106,272.59855757484183,545.2451686110876,148.7573213744328,3. Emerging Loyalists
17796,2010-12-05,2011-10-30,4,697.9,174.475,3,329,369,174.475,0.9996358409478658,3.187915781439302,218.51884814595516,696.6196845464289,190.05629807559902,3. Emerging Loyalists
17797,2011-06-10,2011-11-17,2,780.4300000000001,390.21500000000003,1,160,182,390.21500000000003,0.9996925723620304,2.6557334104446646,403.5356227947002,1071.6830357604808,292.3835128484397,3. Emerging Loyalists
17799,2010-12-13,2011-11-17,9,3055.93,339.54777777777775,8,339,361,339.54777777777775,0.9996259005609963,7.490199531930325,345.8437996909972,2590.4390665665123,706.7403782920642,1. VIP Champions
17800,2011-01-09,2011-11-02,9,1199.01,133.22333333333333,8,297,334,133.22333333333333,0.999449480773786,7.9906645697976675,154.85046143226594,1237.3580957836277,337.5840566888763,3. Emerging Loyalists
17802,2010-12-02,2011-09-18,3,1285.04,428.34666666666664,2,290,372,428.34666666666664,0.9995418526174317,2.338567927967538,427.3580407287699,999.4058078073462,272.664370991455,3. Emerging Loyalists
17805,2011-09-27,2011-09-27,1,512.31,512.31,0,0,73,512.31,1.0,2.1251579208431304,424.2789907588981,901.6598578586016,245.99668730227404,3. Emerging Loyalists
17806,2011-11-28,2011-11-28,1,546.04,546.04,0,0,11,546.04,1.0,3.772994597165539,424.2789907588981,1600.80233982417,436.74127132343676,3. Emerging Loyalists
17809,2010-12-01,2011-11-23,10,5411.91,541.191,9,357,373,541.191,0.9996664317851571,8.112714910208656,533.4047218177905,4327.360439866889,1180.618526700679,1. VIP Champions
17811,2011-01-10,2011-12-05,38,7837.7300000000005,206.25605263157897,37,329,333,206.25605263157897,0.9997533692505906,34.33999975751324,209.9754525434196,7210.556989424762,1967.2308992610301,1. VIP Champions
17812,2010-12-06,2011-11-27,4,732.16,183.04,3,356,368,183.04,0.9997191729483176,3.195477823842182,225.5737219136866,720.8158260167288,196.65764623955863,3. Emerging Loyalists
17813,2011-09-29,2011-11-25,5,1770.88,354.17600000000004,4,57,71,354.17600000000004,0.9995862343158279,12.581925519430358,363.8735364903109,4578.229734612817,1249.0623139176475,1. VIP Champions
17816,2010-12-09,2011-11-03,4,36.56,9.14,3,329,365,9.14,0.999648400084624,3.217340673709918,82.33466199442213,264.8986568908125,72.27136874067276,3. Emerging Loyalists
17817,2011-03-07,2011-12-05,2,387.67999999999995,193.83999999999997,1,273,277,193.83999999999997,0.9997344123959826,1.9265528002056536,283.95248549328784,547.0494560524489,149.2495787702207,3. Emerging Loyalists
17819,2010-12-03,2011-09-29,7,3704.87,529.2671428571429,6,300,371,529.2671428571429,0.9991961482707713,5.658894238574095,519.1169095762076,2937.6276887471904,801.4626287960688,1. VIP Champions
17824,2011-10-19,2011-10-19,1,298.4,298.4,0,0,51,298.4,1.0,2.514902544631104,424.2789907588981,1067.0203134930694,291.1113987340131,3. Emerging Loyalists
17827,2010-12-10,2011-12-04,3,1995.46,665.1533333333333,2,359,364,665.1533333333333,0.9997352794738761,2.3822397030905247,606.6101680881319,1445.0908267179645,394.2590469401504,3. Emerging Loyalists
17828,2011-06-08,2011-11-17,4,1820.09,455.0225,3,162,184,455.0225,0.9996424513145971,5.519412428484819,449.6020003178922,2481.53886842621,677.0295203054411,1. VIP Champions
17829,2011-02-14,2011-02-14,1,889.24,889.24,0,0,298,889.24,1.0,0.822123518022097,424.2789907588981,348.8097365055701,95.16453342276375,3. Emerging Loyalists
17830,2011-02-24,2011-12-08,3,398.7,132.9,2,287,288,132.9,0.9997417885973786,2.889459871377591,203.71803824615824,588.6350965880396,160.59524279411775,3. Emerging Loyalists
17831,2011-11-06,2011-11-06,1,35.400000000000006,35.400000000000006,0,0,33,35.400000000000006,1.0,2.958886235150211,424.2789907588981,1255.3932656199272,342.5045286340289,3. Emerging Loyalists
17832,2011-10-21,2011-10-21,1,155.37,155.37,0,0,49,155.37,1.0,2.5575427354210354,424.2789907588981,1085.1116506071885,296.0471945999969,3. Emerging Loyalists
17835,2011-11-16,2011-12-07,3,350.64,116.88,2,21,23,116.88,0.9997274051080014,11.215887008206622,191.59160987858561,2148.8698481186198,586.2686017056984,1. VIP Champions
17836,2011-10-23,2011-10-23,1,110.21000000000001,110.21000000000001,0,0,47,110.21000000000001,1.0,2.6016537942746067,424.2789907588981,1103.8270461388881,301.15325012883454,3. Emerging Loyalists
17837,2011-06-29,2011-10-28,8,1593.38,199.1725,7,121,163,199.1725,0.998861836120717,12.301446951770785,218.0879632516611,2682.7975107600455,731.9382077373715,1. VIP Champions
17838,2010-12-02,2011-11-13,5,2779.3,555.86,4,346,372,555.86,0.9996663753788991,3.993788713189857,537.6580427833512,2147.292622823897,585.8382928766545,1. VIP Champions
17839,2011-10-28,2011-10-28,1,338.8,338.8,0,0,42,338.8,1.0,2.7188884414171723,424.2789907588981,1153.5672439105113,314.7236933186189,3. Emerging Loyalists
17841,2010-12-01,2011-12-08,112,40991.57,365.99616071428574,111,372,373,365.99616071428574,0.9998734369895779,92.34226819627142,366.33140211670866,33827.87258297726,9229.139482441959,1. VIP Champions
17843,2011-02-09,2011-02-09,1,205.48,205.48,0,0,303,205.48,1.0,0.811072260262944,424.2789907588981,344.1209200169002,93.88530011374142,3. Emerging Loyalists
17844,2011-08-25,2011-08-25,1,51.559999999999995,51.559999999999995,0,0,106,51.559999999999995,1.0,1.7243205267196806,424.2789907588981,731.5929728214777,199.59793729214562,3. Emerging Loyalists
17846,2011-09-15,2011-09-15,1,2033.1,2033.1,0,0,85,2033.1,1.0,1.9595173736611893,424.2789907588981,831.382053671496,226.8230411981164,3. Emerging Loyalists
17848,2010-12-16,2011-09-19,9,901.1999999999999,100.13333333333333,8,277,358,100.13333333333333,0.9984949080664762,7.534294831258882,124.2192408805821,935.9043845094718,255.33950104841904,3. Emerging Loyalists
17849,2011-01-10,2011-05-05,4,605.8,151.45,3,115,333,151.45,0.9949989140228852,3.457317809015967,199.5534694533671,689.9197637920497,188.22838226410963,3. Emerging Loyalists
17850,2010-12-01,2010-12-02,2,5391.21,2695.605,1,1,373,2695.605,0.9925175050367205,1.4971908690712041,1807.4096846829395,2706.0372765781613,738.2786312963336,1. VIP Champions
17852,2011-11-28,2011-11-28,1,114.34,114.34,0,0,11,114.34,1.0,3.772994597165539,424.2789907588981,1600.80233982417,436.74127132343676,3. Emerging Loyalists
17854,2011-04-26,2011-06-07,2,311.26,155.63,1,42,227,155.63,0.9984417028661059,2.249116827657289,260.6843929342199,586.3096548559788,159.96080070643293,3. Emerging Loyalists
17855,2010-12-02,2010-12-02,1,208.97,208.97,0,0,372,208.97,1.0,0.6841580715470145,424.2789907588981,290.27389611552127,79.194405997323,3. Emerging Loyalists
17856,2011-03-03,2011-12-08,4,1418.03,354.5075,3,280,281,354.5075,0.9997447717509071,3.989976957974772,366.8091647354605,1463.5601152684596,399.29795796702246,3. Emerging Loyalists
17857,2010-12-09,2011-12-05,20,26879.04,1343.952,19,361,365,1343.952,0.9997539106275167,16.67185316872527,1313.8850489929296,21904.89861739353,5976.236436175026,1. VIP Champions
17858,2010-12-05,2011-12-04,12,5155.66,429.6383333333333,11,364,369,429.6383333333333,0.9997409598195429,9.853810827842151,429.34272062309003,4230.661949331013,1154.2366176785229,1. VIP Champions
17859,2011-02-08,2011-02-08,1,148.21,148.21,0,0,304,148.21,1.0,0.8088975662396487,424.2789907588981,343.1982430314871,93.6335693974592,3. Emerging Loyalists
17860,2010-12-06,2010-12-06,1,252.8,252.8,0,0,368,252.8,1.0,0.690420971948198,424.2789907588981,292.93111317695895,79.91936518105464,3. Emerging Loyalists
17861,2011-01-24,2011-12-06,7,2100.8,300.11428571428576,6,316,319,300.11428571428576,0.999744935959323,6.4209070117891205,312.1185042500872,2004.0838924485172,546.7671587254958,1. VIP Champions
17862,2011-01-20,2011-01-20,1,330.9,330.9,0,0,323,330.9,1.0,0.7696867207042927,424.2789907588981,326.56190506094316,89.09473582964984,3. Emerging Loyalists
17863,2010-12-05,2011-10-11,6,3160.0,526.6666666666666,5,310,369,526.6666666666666,0.9994301816925041,4.853131860034238,515.0134098450887,2499.4279876640708,681.9101457795756,1. VIP Champions
17864,2011-03-09,2011-11-27,3,597.5,199.16666666666666,2,263,275,199.16666666666666,0.9997167875844943,2.998592522172186,253.87896124810243,761.2795547354021,207.69722300893113,3. Emerging Loyalists
17865,2010-12-10,2011-11-09,16,10526.32,657.895,15,334,364,657.895,0.9993305390372064,13.33339919600444,648.3042834996668,8644.099812380691,2358.3393449565365,1. VIP Champions
17866,2011-07-20,2011-07-20,1,329.65,329.65,0,0,142,329.65,1.0,1.4300668363440447,424.2789907588981,606.7473140418216,165.53673536972215,3. Emerging Loyalists
17867,2011-02-24,2011-11-09,4,1197.1000000000001,299.27500000000003,3,258,288,299.27500000000003,0.9996468026351054,3.911349858439399,321.3149072484521,1256.7750169807016,342.8815069972813,3. Emerging Loyalists
17869,2010-12-06,2011-08-24,4,428.18,107.045,3,261,368,107.045,0.9992608606366292,3.194012885619506,162.97767614850832,520.5527976866584,142.02058867406106,3. Emerging Loyalists
17870,2010-12-08,2011-12-07,9,1894.35,210.48333333333332,8,364,366,210.48333333333332,0.9997548837990119,7.405052581125305,226.3695940953996,1676.2787470444264,457.3332340063004,3. Emerging Loyalists
17871,2011-05-19,2011-05-19,1,155.9,155.9,0,0,204,155.9,1.0,1.1052412713362991,424.2789907588981,468.9306511476464,127.93670002209343,3. Emerging Loyalists
17873,2010-12-01,2011-09-20,5,1859.16,371.832,4,293,373,371.832,0.9993479176403236,3.983482760412607,379.08713421303514,1510.0870638318456,411.9917416783864,3. Emerging Loyalists
17874,2011-03-29,2011-06-07,3,683.46,227.82000000000002,2,70,255,227.82000000000002,0.9972044252580609,3.175713197516541,275.56826175739377,875.1257656796481,238.75748427054785,3. Emerging Loyalists
17877,2011-06-22,2011-06-22,1,237.61,237.61,0,0,170,237.61,1.0,1.2624990574284662,424.2789907588981,535.6518259198098,146.14000343392408,3. Emerging Loyalists
17878,2011-10-27,2011-10-27,1,379.45,379.45,0,0,43,379.45,1.0,2.694603816894278,424.2789907588981,1143.263787926979,311.91263766650934,3. Emerging Loyalists
17879,2011-06-19,2011-06-19,1,178.51999999999998,178.51999999999998,0,0,173,178.51999999999998,1.0,1.2468456070555445,424.2789907588981,529.010395793692,144.32804541479413,3. Emerging Loyalists
17880,2010-12-10,2010-12-10,1,458.92,458.92,0,0,364,458.92,1.0,0.6967995950248176,424.2789907588981,295.63742893833853,80.65771979037974,3. Emerging Loyalists
17881,2011-02-08,2011-02-08,1,133.35000000000002,133.35000000000002,0,0,304,133.35000000000002,1.0,0.8088975662396487,424.2789907588981,343.1982430314871,93.6335693974592,3. Emerging Loyalists
17883,2011-04-07,2011-12-06,4,671.77,167.9425,3,243,246,167.9425,0.9997381362502195,4.4333356595081135,213.13811692730883,944.9128141742481,257.7972392254224,3. Emerging Loyalists
17884,2010-12-03,2011-12-06,4,717.4499999999999,179.36249999999998,3,368,371,179.36249999999998,0.999740855391524,3.173757289890844,222.5446152842841,706.30259508445,192.69805249666697,3. Emerging Loyalists
17885,2011-11-27,2011-11-27,1,190.19,190.19,0,0,12,190.19,1.0,3.726390973513975,424.2789907588981,1581.029401415577,431.3466900915543,3. Emerging Loyalists
17886,2011-04-04,2011-11-08,3,899.61,299.87,2,218,249,299.87,0.9996576890099761,3.243600124476833,330.10691118833057,1070.734818221132,292.1248139926697,3. Emerging Loyalists
17887,2011-08-02,2011-08-02,1,111.35,111.35,0,0,129,111.35,1.0,1.5239794396280912,424.2789907588981,646.5924585827177,176.40754599382984,3. Emerging Loyalists
17888,2010-12-17,2011-11-18,8,726.05,90.75625,7,336,357,90.75625,0.9996456529692037,6.704100330816287,118.78181747764728,796.3252218468549,217.2586090888109,3. Emerging Loyalists
17889,2011-01-21,2011-05-11,2,203.87,101.935,1,110,322,101.935,0.9989172886167786,1.7034102604163448,227.98666380678853,388.3548223665753,105.95348009273609,3. Emerging Loyalists
17890,2010-12-13,2011-01-21,2,602.0899999999999,301.04499999999996,1,39,361,301.04499999999996,0.9967646711214032,1.5455624663817826,349.23528745075646,539.764952219942,147.26217321388015,3. Emerging Loyalists
17891,2011-06-30,2011-06-30,1,203.85999999999999,203.85999999999999,0,0,162,203.85999999999999,1.0,1.3062296821660044,424.2789907588981,554.2058112487085,151.20202198491504,3. Emerging Loyalists
17892,2011-07-07,2011-10-14,3,244.1,81.36666666666666,2,99,155,81.36666666666666,0.9994224211553874,4.6039176106354125,164.70959410078314,758.3094009212061,206.88688639174416,3. Emerging Loyalists
17893,2011-04-28,2011-04-28,1,112.25,112.25,0,0,225,112.25,1.0,1.0262845234377114,424.2789907588981,435.43096183562886,118.79709762703588,3. Emerging Loyalists
17894,2010-12-08,2011-09-29,8,1119.81,139.97625,7,295,366,139.97625,0.9990382530659149,6.56139258721136,163.8659122973534,1075.1885822444815,293.3399187644093,3. Emerging Loyalists
17895,2011-10-26,2011-10-26,1,98.0,98.0,0,0,44,98.0,1.0,2.6707491637760614,424.2789907588981,1133.1427597770783,309.15135315853354,3. Emerging Loyalists
17896,2011-11-16,2011-11-16,1,256.32,256.32,0,0,23,256.32,1.0,3.280646809701304,424.2789907588981,1391.9095174564682,379.74977740718487,3. Emerging Loyalists
17897,2010-12-01,2011-06-20,3,566.6,188.86666666666667,2,201,373,188.86666666666667,0.998968873193829,2.3319390302664917,246.08231878955075,573.8489638438347,156.56119420984942,3. Emerging Loyalists
17898,2011-05-16,2011-09-15,2,152.06,76.03,1,122,207,76.03,0.9994907303438748,2.4146547020888462,212.21173740682374,512.4180695678305,139.80121941646885,3. Emerging Loyalists
17899,2011-07-03,2011-07-03,1,155.8,155.8,0,0,159,155.8,1.0,1.323419986926405,424.2789907588981,561.4992964032892,153.1918778837639,3. Emerging Loyalists
17900,2011-06-02,2011-06-02,1,112.19999999999999,112.19999999999999,0,0,190,112.19999999999999,1.0,1.1649934430356625,424.2789907588981,494.28224225190473,134.85328544522685,3. Emerging Loyalists
17901,2011-11-10,2011-11-10,1,110.38,110.38,0,0,29,110.38,1.0,3.079707336540863,424.2789907588981,1306.6551205803314,356.490120201982,3. Emerging Loyalists
17904,2011-11-18,2011-11-18,1,191.67,191.67,0,0,21,191.67,1.0,3.353583092953767,424.2789907588981,1422.8548501045282,388.1924836589292,3. Emerging Loyalists
17905,2010-12-01,2011-09-29,4,800.24,200.06,3,302,373,200.06,0.9995067115048413,3.158655128388147,239.59286394833802,756.7912284356215,206.47268873289056,3. Emerging Loyalists
17906,2011-04-06,2011-04-06,1,72.9,72.9,0,0,247,72.9,1.0,0.9548251208689297,424.2789907588981,405.1122386335124,110.5253470262402,3. Emerging Loyalists
17908,2010-12-01,2010-12-01,1,243.28,243.28,0,0,373,243.28,1.0,0.6826100599020506,424.2789907588981,289.617107297113,79.01521661434514,3. Emerging Loyalists
17911,2011-11-30,2011-11-30,1,366.23,366.23,0,0,9,366.23,1.0,3.869788612275297,424.2789907588981,1641.8700068664398,447.9456184611968,3. Emerging Loyalists
17912,2010-12-10,2011-02-02,4,311.01,77.7525,3,54,364,77.7525,0.9697410998620939,3.1282935832494205,138.84984312559254,434.3630732849798,118.50574935021275,3. Emerging Loyalists
17913,2010-12-19,2011-10-12,2,411.6,205.8,1,297,355,205.8,0.9996598658195006,1.5719884966783375,291.235562881575,457.8189546734765,124.90513496002453,3. Emerging Loyalists
17914,2011-12-06,2011-12-06,1,336.43,336.43,0,0,3,336.43,1.0,4.192453598833141,424.2789907588981,1778.7699817164353,485.295557034313,3. Emerging Loyalists
17917,2010-12-12,2011-10-25,3,341.28,113.75999999999999,2,317,362,113.75999999999999,0.9996501610610964,2.3930914574128144,189.2299084736651,452.8444774553367,123.5479658390333,3. Emerging Loyalists
17919,2011-09-12,2011-09-12,1,1304.04,1304.04,0,0,88,1304.04,1.0,1.9220646464272801,424.2789907588981,815.4916483595247,222.4877178136208,3. Emerging Loyalists
17920,2010-12-01,2011-12-05,17,4204.1,247.3,16,369,373,247.3,0.9997525762854363,13.893059553882797,254.1290014141885,3530.6293510160863,963.2491863448762,1. VIP Champions
17921,2011-03-18,2011-10-06,4,826.52,206.63,3,202,266,206.63,0.9994319122756019,4.167349839277056,245.00448340589736,1021.0193945437244,278.5611298318637,3. Emerging Loyalists
17923,2011-03-02,2011-03-02,1,207.50000000000003,207.50000000000003,0,0,282,207.50000000000003,1.0,0.8596035848513769,424.2789907588981,364.711741433473,99.5030214896707,3. Emerging Loyalists
17924,2010-12-01,2011-11-28,5,2962.5,592.5,4,362,373,592.5,0.9997189875843774,3.9849618756426017,569.2295323937169,2268.3579850788274,618.8681297959696,1. VIP Champions
17925,2010-12-02,2010-12-02,1,244.08,244.08,0,0,372,244.08,1.0,0.6841580715470145,424.2789907588981,290.27389611552127,79.194405997323,3. Emerging Loyalists
17926,2011-05-20,2011-07-29,2,397.29,198.645,1,70,203,198.645,0.9991141480878474,2.449246489720626,286.87850446073935,702.6361700267688,191.69775464535346,3. Emerging Loyalists
17928,2011-04-07,2011-10-25,2,212.54,106.27,1,201,246,106.27,0.9996554547464447,2.1160074554734414,230.62647488356316,488.00734028317805,133.14132601396275,3. Emerging Loyalists
17929,2011-02-04,2011-11-28,4,843.0,210.75,3,297,308,210.75,0.9997172666824106,3.7040898423079485,248.39807125447336,920.0887725825808,251.02458328007845,3. Emerging Loyalists
17930,2011-04-14,2011-11-04,5,1740.48,348.096,4,204,239,348.096,0.9995546399837798,5.7179682907388365,358.6345993497262,2050.6612670435616,559.4746999936963,1. VIP Champions
17931,2011-03-29,2011-07-28,2,408.36,204.18,1,121,255,204.18,0.9993109597913877,2.056513130873454,290.2490590881782,596.9010012385036,162.85040048340406,3. Emerging Loyalists
17932,2011-05-12,2011-11-10,3,1331.57,443.8566666666666,2,182,211,443.8566666666666,0.9996510774349397,3.68384270253202,439.09842175130746,1617.5695166618812,441.31580119913093,3. Emerging Loyalists
17934,2011-10-12,2011-10-19,2,704.25,352.125,1,7,58,352.125,0.9993358288552372,5.247691830920919,380.34060459069866,1995.9102836781328,544.5371817965078,1. VIP Champions
17935,2011-07-21,2011-07-24,2,145.79,72.895,1,3,141,72.895,0.9981646112185989,3.169482615621804,210.30266988071335,666.5506562057722,181.85267084551805,3. Emerging Loyalists
17936,2011-12-04,2011-12-04,1,389.84,389.84,0,0,5,389.84,1.0,4.079081616801313,424.2789907588981,1730.6686315996353,472.1722348853134,3. Emerging Loyalists
17937,2010-12-12,2011-12-01,7,4301.22,614.46,6,354,362,614.46,0.9997250978548746,5.780130814575922,596.0733385451629,3445.3818718720418,939.991416480186,1. VIP Champions
17939,2011-07-03,2011-07-03,1,99.14,99.14,0,0,159,99.14,1.0,1.323419986926405,424.2789907588981,561.4992964032892,153.1918778837639,3. Emerging Loyalists
17940,2011-02-10,2011-10-21,9,4106.4400000000005,456.27111111111117,8,253,302,456.27111111111117,0.9991786841871189,8.677610216974383,453.89391050577643,3938.7144352273817,1074.5856043726942,1. VIP Champions
17941,2011-08-01,2011-08-01,1,304.56,304.56,0,0,130,304.56,1.0,1.5163196831191623,424.2789907588981,643.3425848216503,175.52089436749282,3. Emerging Loyalists
17942,2011-12-02,2011-12-02,1,77.50000000000001,77.50000000000001,0,0,7,77.50000000000001,1.0,3.971679781989077,424.2789907588981,1685.100289519846,459.73998440883395,3. Emerging Loyalists
17946,2011-03-25,2011-04-20,2,149.57999999999998,74.78999999999999,1,26,259,74.78999999999999,0.997504223803025,2.0277577970935505,211.456635737804,428.78284186450276,116.98331444102477,3. Emerging Loyalists
17947,2011-11-02,2011-11-02,1,176.68,176.68,0,0,37,176.68,1.0,2.847187213956218,424.2789907588981,1208.001717638983,329.5748593049245,3. Emerging Loyalists
17948,2011-07-15,2011-07-15,1,358.56000000000006,358.56000000000006,0,0,147,358.56000000000006,1.0,1.3969571915637824,424.2789907588981,592.6995873700663,161.70414351675146,3. Emerging Loyalists
17949,2010-12-03,2011-12-08,29,58510.48,2017.6027586206897,28,370,371,2017.6027586206897,0.9998022784220606,23.910408467487354,1981.8801239457441,47387.5632971372,12928.58220183809,1. VIP Champions
17950,2010-12-09,2011-09-28,2,482.20000000000005,241.10000000000002,1,293,365,241.10000000000002,0.9996378802146015,1.535730386455341,312.7316023302821,480.2714245034822,131.0307633239766,3. Emerging Loyalists
17951,2010-12-01,2011-10-31,3,1008.5400000000001,336.18,2,334,373,336.18,0.9996674146428411,2.3335696677297015,357.5919682436715,834.4657705171944,227.66436081771403,3. Emerging Loyalists
17954,2010-12-03,2011-12-04,12,2332.7200000000003,194.39333333333335,11,366,371,194.39333333333335,0.9997411205531072,9.809018207509041,207.07345618262406,2031.187301987185,554.1616866098177,1. VIP Champions
17955,2011-05-04,2011-05-25,3,557.3,185.76666666666665,2,21,219,185.76666666666665,0.9931785261116042,3.5583097299328825,243.73575649620022,867.287313872981,236.61894703700833,3. Emerging Loyalists
17956,2011-04-04,2011-04-04,1,12.75,12.75,0,0,249,12.75,1.0,0.9488191618705273,424.2789907588981,402.56403641113087,109.830129977573,3. Emerging Loyalists
17957,2011-10-04,2011-10-04,1,111.68,111.68,0,0,66,111.68,1.0,2.2353845634956913,424.2789907588981,948.4267065579718,258.75592212385556,3. Emerging Loyalists
17958,2011-08-15,2011-08-15,1,508.4599999999999,508.4599999999999,0,0,116,508.4599999999999,1.0,1.6310934785508786,424.2789907588981,692.0386949129871,188.8064827881922,3. Emerging Loyalists
17960,2011-06-21,2011-06-21,1,73.78,73.78,0,0,171,73.78,1.0,1.257237751447495,424.2789907588981,533.4195643281296,145.53098335616485,3. Emerging Loyalists
17961,2010-12-02,2011-11-18,35,1296.44,37.04114285714286,34,351,372,37.04114285714286,0.9990486769829268,28.799923808766124,44.21938420995195,1273.514896117172,347.4485893371695,3. Emerging Loyalists
17962,2011-07-20,2011-07-20,1,102.83,102.83,0,0,142,102.83,1.0,1.4300668363440447,424.2789907588981,606.7473140418216,165.53673536972215,3. Emerging Loyalists
17964,2010-12-02,2011-11-08,2,471.7,235.85,1,341,372,235.85,0.9997029749190345,1.51144987778097,309.534599296126,467.8460322751111,127.64078727040136,3. Emerging Loyalists
17965,2010-12-05,2011-11-02,13,2622.57,201.73615384615385,12,332,369,201.73615384615385,0.9993077384588264,10.68237476579724,213.0402929873077,2275.7762499056666,620.8920288938706,1. VIP Champions
17966,2011-03-23,2011-11-02,4,1098.43,274.6075,3,224,261,274.6075,0.9996021093520884,4.231219728654296,300.99662369147416,1273.5828524216986,347.4671296166875,3. Emerging Loyalists
17967,2010-12-03,2010-12-03,1,123.07,123.07,0,0,371,123.07,1.0,0.6857131202602135,424.2789907588981,290.9336706141383,79.3744099529297,3. Emerging Loyalists
17968,2010-12-01,2010-12-01,1,277.35,277.35,0,0,373,277.35,1.0,0.6826100599020506,424.2789907588981,289.617107297113,79.01521661434514,3. Emerging Loyalists
17969,2010-12-13,2011-06-26,2,228.2,114.1,1,195,361,114.1,0.9993663515680907,1.5495965777065708,235.3945765516475,364.7666302351204,99.51799660834496,3. Emerging Loyalists
17970,2011-05-12,2011-05-12,1,582.59,582.59,0,0,211,582.59,1.0,1.0776062180448671,424.2789907588981,457.2056786275893,124.73781701371118,3. Emerging Loyalists
17972,2011-04-12,2011-04-12,1,136.04,136.04,0,0,241,136.04,1.0,0.9733080364592908,424.2789907588981,412.95415140647265,112.6648285030391,3. Emerging Loyalists
17973,2011-10-19,2011-10-19,1,337.04,337.04,0,0,51,337.04,1.0,2.514902544631104,424.2789907588981,1067.0203134930694,291.1113987340131,3. Emerging Loyalists
17974,2011-05-04,2011-11-15,3,740.7900000000001,246.93000000000004,2,195,219,246.93000000000004,0.999672411924311,3.5815756951797297,290.0336828625319,1038.77758932391,283.4060356467561,3. Emerging Loyalists
17975,2010-12-08,2011-11-24,13,4488.81,345.29307692307697,12,351,366,345.29307692307697,0.9996498711553375,10.759735764093843,349.30519329840683,3758.431580916581,1025.3996674017592,1. VIP Champions
17976,2010-12-02,2010-12-02,1,353.19,353.19,0,0,372,353.19,1.0,0.6841580715470145,424.2789907588981,290.27389611552127,79.194405997323,3. Emerging Loyalists
17977,2011-11-10,2011-11-10,1,288.14,288.14,0,0,29,288.14,1.0,3.079707336540863,424.2789907588981,1306.6551205803314,356.490120201982,3. Emerging Loyalists
17978,2010-12-09,2010-12-09,1,300.91999999999996,300.91999999999996,0,0,365,300.91999999999996,1.0,0.6951939152545263,424.2789907588981,294.95617274591734,80.47185505981739,3. Emerging Loyalists
17979,2011-03-25,2011-11-04,3,757.7099999999999,252.56999999999996,2,224,259,252.56999999999996,0.9996476073277267,3.14466587580598,294.3029123252728,925.4843255396046,252.49663301371535,3. Emerging Loyalists
17980,2010-12-15,2011-06-27,3,811.45,270.48333333333335,2,194,359,270.48333333333335,0.9989859598140468,2.4082658631471663,307.86250992147245,741.4147731866879,202.27758453620078,3. Emerging Loyalists
17984,2011-07-17,2011-07-17,1,152.68,152.68,0,0,145,152.68,1.0,1.4100153525591947,424.2789907588981,598.239890738367,163.2156849959168,3. Emerging Loyalists
17985,2011-11-17,2011-11-17,1,634.95,634.95,0,0,22,634.95,1.0,3.316714022998797,424.2789907588981,1407.2120783138141,383.9247212569519,3. Emerging Loyalists
17986,2011-10-14,2011-10-14,1,20.8,20.8,0,0,56,20.8,1.0,2.4142736409162047,424.2789907588981,1024.3255837837376,279.4631458122238,3. Emerging Loyalists
17987,2011-06-07,2011-06-07,1,198.57,198.57,0,0,185,198.57,1.0,1.187930064273342,424.2789907588981,504.0137687620464,137.50830359095482,3. Emerging Loyalists
17988,2011-01-17,2011-11-28,5,201.12,40.224000000000004,4,315,326,40.224000000000004,0.9997148323853551,4.459152279280692,93.35136656253965,416.2679589813161,113.56892296689236,3. Emerging Loyalists
17990,2010-12-13,2011-04-17,3,630.84,210.28,2,125,361,210.28,0.9975746724204624,2.393677185545443,262.2912609105009,627.8406072094133,171.2915443459658,3. Emerging Loyalists
17991,2011-04-27,2011-04-28,2,93.35000000000001,46.675000000000004,1,1,226,46.675000000000004,0.9964110280607252,2.2521521442047354,194.33592329869919,437.67406635317235,119.40907594211686,3. Emerging Loyalists
17994,2011-02-22,2011-08-10,4,678.49,169.6225,3,169,290,169.6225,0.9987839392139896,3.886199792697639,214.52191003061168,833.6750022900646,227.44861830394635,3. Emerging Loyalists
17995,2011-03-03,2011-03-03,1,76.1,76.1,0,0,281,76.1,1.0,0.8620598810499035,424.2789907588981,365.7538963055888,99.78734893750149,3. Emerging Loyalists
17997,2011-06-28,2011-09-26,8,1970.6699999999998,246.33374999999998,7,90,164,246.33374999999998,0.9952702533544322,12.204599669745122,261.28630268310894,3188.8947234351954,870.0149300023269,1. VIP Champions
17999,2010-12-08,2011-11-02,2,382.06,191.03,1,329,366,191.03,0.9996941646070793,1.5322859112173677,282.24132767881565,432.4744099655337,117.99047198041116,3. Emerging Loyalists
18001,2011-09-14,2011-11-27,2,417.23,208.615,1,74,86,208.615,0.9996987648944785,4.301033897863404,292.9497654608416,1259.9868716182136,343.7577859998764,3. Emerging Loyalists
18004,2010-12-12,2010-12-12,1,169.47,169.47,0,0,362,169.47,1.0,0.7000333095294387,424.2789907588981,297.00942606476156,81.03203694018596,3. Emerging Loyalists
18005,2011-10-23,2011-12-06,2,249.72,124.86,1,44,47,124.86,0.9997272453553859,5.747743013161811,241.94691038927039,1390.6486637460157,379.4057831245951,3. Emerging Loyalists
18006,2011-11-16,2011-11-16,1,444.68,444.68,0,0,23,444.68,1.0,3.280646809701304,424.2789907588981,1391.9095174564682,379.74977740718487,3. Emerging Loyalists
18008,2011-01-25,2011-09-30,8,2116.19,264.52375,7,248,318,264.52375,0.9988636672192153,7.374005553949322,277.9478159860438,2049.588738789171,559.1820858828223,1. VIP Champions
18009,2011-04-18,2011-04-18,1,257.34,257.34,0,0,235,257.34,1.0,0.9925206386253387,424.2789907588981,421.1056548633357,114.88877451709779,3. Emerging Loyalists
18010,2011-03-28,2011-03-28,1,174.8,174.8,0,0,256,174.8,1.0,0.9283804943927815,424.2789907588981,393.89233920121615,107.46426133172503,3. Emerging Loyalists
18011,2010-12-01,2010-12-01,1,102.78999999999999,102.78999999999999,0,0,373,102.78999999999999,1.0,0.6826100599020506,424.2789907588981,289.617107297113,79.01521661434514,3. Emerging Loyalists
18013,2011-07-07,2011-07-07,1,187.29,187.29,0,0,155,187.29,1.0,1.3470567862856289,424.2789907588981,571.5278937801913,155.92794482908096,3. Emerging Loyalists
18014,2011-11-11,2011-11-11,1,166.42,166.42,0,0,28,166.42,1.0,3.1114702391469247,424.2789907588981,1320.1314528416044,360.16682052790225,3. Emerging Loyalists
18015,2011-12-05,2011-12-05,1,120.03,120.03,0,0,4,120.03,1.0,4.134990653722567,424.2789907588981,1754.389661358887,478.64395999242095,3. Emerging Loyalists
18016,2010-12-10,2011-11-07,5,1483.56,296.712,4,332,364,296.712,0.9996395798046326,4.06747487196542,314.35868717344255,1278.6460608620157,348.84850696490065,3. Emerging Loyalists
18017,2011-02-02,2011-09-19,3,523.0,174.33333333333334,2,229,310,174.33333333333334,0.9994946230282455,2.721043046245971,235.08123104868167,639.6661490479577,174.517865327744,3. Emerging Loyalists
18018,2011-05-24,2011-08-23,2,122.14,61.07,1,91,199,61.07,0.9993330995608307,2.4863527200948883,203.1018011418759,504.98271572527426,137.772657982523,3. Emerging Loyalists
18019,2011-10-19,2011-10-19,1,38.45,38.45,0,0,51,38.45,1.0,2.514902544631104,424.2789907588981,1067.0203134930694,291.1113987340131,3. Emerging Loyalists
18022,2011-11-04,2011-11-04,1,668.11,668.11,0,0,35,668.11,1.0,2.9019622745445246,424.2789907588981,1231.2416250641472,335.9153214980395,3. Emerging Loyalists
18024,2011-07-10,2011-07-10,1,389.78,389.78,0,0,152,389.78,1.0,1.3653459970273794,424.2789907588981,579.287621655478,158.04500408934467,3. Emerging Loyalists
18027,2011-09-02,2011-09-02,1,115.31,115.31,0,0,98,115.31,1.0,1.8069428665799745,424.2789907588981,766.6478957915418,209.16184861537155,3. Emerging Loyalists
18030,2011-10-28,2011-12-05,2,230.64999999999998,115.32499999999999,1,38,42,115.32499999999999,0.999721963555053,6.006713696267383,236.14054392628395,1418.4286394460394,386.9848961748016,3. Emerging Loyalists
18032,2011-01-09,2011-01-09,1,73.5,73.5,0,0,334,73.5,1.0,0.7486757776696745,424.2789907588981,317.6474033553227,86.66262368733796,3. Emerging Loyalists
18033,2011-10-05,2011-10-05,1,97.97,97.97,0,0,65,97.97,1.0,2.252071611977849,424.2789907588981,955.5066706467267,260.687523821406,3. Emerging Loyalists
18034,2011-11-18,2011-11-18,1,422.88,422.88,0,0,21,422.88,1.0,3.353583092953767,424.2789907588981,1422.8548501045282,388.1924836589292,3. Emerging Loyalists
18035,2011-10-27,2011-11-04,2,730.4,365.2,1,8,43,365.2,0.9994844951912047,5.9516487482741836,388.3026645281447,2311.0410672904627,630.5132049719342,1. VIP Champions
18036,2011-04-08,2011-11-07,3,405.62,135.20666666666668,2,213,245,135.20666666666668,0.9996528993728536,3.28490949484395,205.46408244723196,674.9309152803124,184.13902745006706,3. Emerging Loyalists
18037,2010-12-12,2011-07-08,6,70.02,11.67,5,208,362,11.67,0.9967844728760299,4.9189045086315,58.631106339850064,288.4008133211414,78.68337940736852,3. Emerging Loyalists
18040,2011-04-08,2011-11-20,2,357.2,178.6,1,226,245,178.6,0.9997085988849975,2.1228600577567374,274.67204239985165,583.0903077931101,159.08247757178341,3. Emerging Loyalists
18041,2010-12-02,2011-11-28,20,4183.39,209.16950000000003,19,361,372,209.16950000000003,0.99966206154333,16.405688768897512,216.20209360099517,3546.944258801975,967.7003252460828,1. VIP Champions
18042,2011-10-17,2011-10-17,1,165.04999999999998,165.04999999999998,0,0,53,165.04999999999998,1.0,2.473660859963395,424.2789907588981,1049.522333145057,286.3374863073091,3. Emerging Loyalists
18043,2010-12-08,2011-11-15,3,559.51,186.50333333333333,2,342,366,186.50333333333333,0.9996992630423469,2.3712004229604386,244.29338043902868,579.2685670234602,158.03980548111863,3. Emerging Loyalists
18044,2010-12-14,2011-12-05,10,2088.6,208.85999999999999,9,356,360,208.85999999999999,0.9997454126446642,8.359238495876555,223.20679122070808,1865.8388017132243,509.050236917031,3. Emerging Loyalists
18045,2011-10-25,2011-10-25,1,189.4,189.4,0,0,45,189.4,1.0,2.6473131629798625,424.2789907588981,1123.1993570118423,306.43852955943316,3. Emerging Loyalists
18048,2011-05-20,2011-05-20,1,172.29000000000002,172.29000000000002,0,0,203,172.29000000000002,1.0,1.1093052671581816,424.2789907588981,470.6549191934031,128.40712600765818,3. Emerging Loyalists
18050,2010-12-15,2010-12-15,1,74.4,74.4,0,0,359,74.4,1.0,0.7049405522394269,424.2789907588981,299.0914660491643,81.60007258525764,3. Emerging Loyalists
18053,2011-09-30,2011-09-30,1,300.02,300.02,0,0,70,300.02,1.0,2.17103808777161,424.2789907588981,921.1258487788666,251.30752513064752,3. Emerging Loyalists
18055,2010-12-05,2011-12-02,10,6784.19,678.419,9,362,369,678.419,0.999727975083349,8.18731453524214,661.4934093611627,5415.854605429526,1477.5885609574918,1. VIP Champions
18056,2011-02-24,2011-02-24,1,363.65,363.65,0,0,288,363.65,1.0,0.8451548166695868,424.2789907588981,358.58143265159384,97.83051090894703,3. Emerging Loyalists
18058,2011-11-30,2011-11-30,1,170.16,170.16,0,0,9,170.16,1.0,3.869788612275297,424.2789907588981,1641.8700068664398,447.9456184611968,3. Emerging Loyalists
18059,2011-10-03,2011-11-16,3,306.46,102.15333333333332,2,44,67,102.15333333333332,0.9995675306782688,7.584917033048915,180.44417739253987,1368.6541146191755,373.4050876552862,3. Emerging Loyalists
18061,2010-12-08,2011-11-18,10,2119.41,211.94099999999997,9,345,366,211.94099999999997,0.9996224420858627,8.242913834912489,226.08259824493877,1863.5793769061677,508.43380599477115,3. Emerging Loyalists
18062,2011-01-06,2011-06-19,3,720.52,240.17333333333332,2,164,337,240.17333333333332,0.9987700796691252,2.53822749846607,284.91918633713243,723.1897136014878,197.3053056388199,3. Emerging Loyalists
18064,2011-04-18,2011-07-29,2,814.0,407.0,1,102,235,407.0,0.9992565220285576,2.1917087836222953,413.75689820961657,906.8346280903326,247.408501661604,3. Emerging Loyalists
18065,2010-12-10,2011-12-04,6,2392.83,398.805,5,359,364,398.805,0.999737508039822,4.9106874975865225,401.704323126044,1972.644397301521,538.189631857454,1. VIP Champions
18066,2011-09-25,2011-09-25,1,318.0,318.0,0,0,75,318.0,1.0,2.095633484391479,424.2789907588981,889.1332597581696,242.5790996066305,3. Emerging Loyalists
18067,2011-10-30,2011-10-30,1,396.33,396.33,0,0,40,396.33,1.0,2.7687949586802034,424.2789907588981,1174.7415306871617,320.50059949631554,3. Emerging Loyalists
18068,2011-02-23,2011-02-23,1,101.69999999999999,101.69999999999999,0,0,289,101.69999999999999,1.0,0.8427937803013454,424.2789907588981,357.57969452413136,97.55721021938834,3. Emerging Loyalists
18069,2011-01-16,2011-11-13,5,2036.67,407.334,4,301,327,407.334,0.999654671338536,4.4476229688810776,409.67804644412695,1822.093489211228,497.11535718749406,3. Emerging Loyalists
18071,2010-12-09,2011-03-27,2,453.0,226.5,1,108,365,226.5,0.9986631235109502,1.5342328806896761,303.8408891305336,466.16268260205106,127.18152490052323,3. Emerging Loyalists
18072,2011-06-07,2011-06-07,1,247.44,247.44,0,0,185,247.44,1.0,1.187930064273342,424.2789907588981,504.0137687620464,137.50830359095482,3. Emerging Loyalists
18073,2011-05-26,2011-08-17,10,3877.5200000000004,387.75200000000007,9,83,197,387.75200000000007,0.9462141803075234,12.760499761598233,390.18467832836063,4978.951494788329,1358.3898221503264,1. VIP Champions
18074,2010-12-01,2010-12-01,1,489.6,489.6,0,0,373,489.6,1.0,0.6826100599020506,424.2789907588981,289.617107297113,79.01521661434514,3. Emerging Loyalists
18075,2010-12-14,2011-11-16,10,2611.75,261.175,9,337,360,261.175,0.9996009964892077,8.358030979372003,272.037639799945,2273.6990210031827,620.3253058393551,1. VIP Champions
18077,2010-12-08,2011-12-01,11,2633.01,239.36454545454546,10,358,366,239.36454545454546,0.9997198693037292,9.082641211423386,250.52254123546558,2275.4063574157544,620.7911124269974,1. VIP Champions
18078,2011-03-25,2011-05-06,2,336.13,168.065,1,42,259,168.065,0.9981208897862077,2.0290113749990493,268.25672297797837,544.2959423422869,148.4983473105548,3. Emerging Loyalists
18079,2011-04-15,2011-10-25,3,3651.97,1217.3233333333333,2,193,238,1217.3233333333333,0.9995990703239399,3.3596387349943653,1024.5783298685674,3442.213044062273,939.1268763356512,1. VIP Champions
18080,2011-04-11,2011-11-21,2,1231.5,615.75,1,224,242,615.75,0.9997100837111496,2.1433436742020793,540.875828377254,1159.282785281197,316.2830443655503,3. Emerging Loyalists
18081,2011-07-29,2011-11-03,3,343.45000000000005,114.48333333333335,2,97,133,114.48333333333335,0.9995538848102249,5.106107110223903,189.7774396754469,969.0239340868873,264.37539125688085,3. Emerging Loyalists
18082,2011-11-14,2011-11-14,1,703.37,703.37,0,0,25,703.37,1.0,3.2108155440078403,424.2789907588981,1362.281578524629,371.6664910489166,3. Emerging Loyalists
18084,2011-11-23,2011-11-23,1,90.47999999999999,90.47999999999999,0,0,16,90.47999999999999,1.0,3.550947296457084,424.2789907588981,1506.5923351788492,411.03828715319645,3. Emerging Loyalists
18085,2010-12-01,2011-01-13,2,689.95,344.975,1,43,373,344.975,0.9968164066044742,1.5036756677186986,375.98659093465744,565.3618881769482,154.24569521015323,3. Emerging Loyalists
18086,2011-03-10,2011-03-10,1,101.34,101.34,0,0,274,101.34,1.0,0.8796550300355284,424.2789907588981,373.21914835946217,101.8240673952698,3. Emerging Loyalists
18087,2011-02-22,2011-09-02,2,4055.7199999999993,2027.8599999999997,1,192,290,2027.8599999999997,0.9995346058746487,1.8564100352253807,1400.7843911510151,2600.4302009198195,709.4662243324353,1. VIP Champions
18088,2011-10-09,2011-10-09,1,167.67000000000002,167.67000000000002,0,0,61,167.67000000000002,1.0,2.321387849041361,424.2789907588981,984.9160937512379,268.71119327516493,3. Emerging Loyalists
18092,2010-12-09,2011-12-07,10,9068.26,906.826,9,363,365,906.826,0.9997570181333898,8.263020782190955,874.6886235719578,7227.570274521088,1971.8725739872016,1. VIP Champions
18093,2011-02-10,2011-09-07,4,2106.52,526.63,3,209,302,526.63,0.999238638625229,3.7621987742296463,508.5841221302483,1913.394560871081,522.0247074038963,3. Emerging Loyalists
18094,2011-02-21,2011-09-19,5,3017.3,603.46,4,210,291,603.46,0.9991488528386263,4.889960072025439,578.6734059234552,2829.6898497086654,772.014327857948,1. VIP Champions
18095,2011-01-11,2011-01-31,2,580.05,290.025,1,20,332,290.025,0.9959474965841022,1.6559889309512263,342.524625843823,567.2169889755812,154.7518158354623,3. Emerging Loyalists
18096,2011-10-07,2011-11-28,3,911.15,303.71666666666664,2,52,63,303.71666666666664,0.9996723978474346,7.815653849289119,333.0186669802945,2602.7586264696697,710.1014804846317,1. VIP Champions
18097,2010-12-20,2011-12-02,5,2697.8,539.5600000000001,4,347,354,539.5600000000001,0.9997303002539415,4.164019797461227,523.6128659097443,2180.3343398535862,594.8529483049072,1. VIP Champions
18099,2011-08-04,2011-08-04,1,168.31,168.31,0,0,127,168.31,1.0,1.539533483744391,424.2789907588981,653.1917127226006,178.20799728699546,3. Emerging Loyalists
18101,2011-07-19,2011-11-28,2,223.65,111.825,1,132,143,111.825,0.9997134188415425,3.1444476287778556,234.00920857017985,735.8297010006846,200.75382893798235,3. Emerging Loyalists
18102,2010-12-07,2011-12-09,26,259657.3,9986.81923076923,25,367,367,9986.81923076923,0.9998087120186991,21.61872362606423,9747.3421922974,210725.0969439525,57491.3869436029,1. VIP Champions
18104,2011-11-02,2011-11-02,1,754.64,754.64,0,0,37,754.64,1.0,2.847187213956218,424.2789907588981,1208.001717638983,329.5748593049245,3. Emerging Loyalists
18105,2011-11-02,2011-11-02,1,113.48000000000002,113.48000000000002,0,0,37,113.48000000000002,1.0,2.847187213956218,424.2789907588981,1208.001717638983,329.5748593049245,3. Emerging Loyalists
18106,2011-01-14,2011-01-14,1,430.7,430.7,0,0,329,430.7,1.0,0.758082215269023,424.2789907588981,321.6383572066108,87.7514615878349,3. Emerging Loyalists
18108,2011-03-30,2011-03-30,1,271.0,271.0,0,0,254,271.0,1.0,0.9341297056839797,424.2789907588981,396.3316087655054,108.1297586664711,3. Emerging Loyalists
18109,2010-12-05,2011-12-08,25,8052.97,322.1188,24,368,369,322.1188,0.9997952900924425,20.686469657604352,324.781045666738,6718.57324654999,1833.0047053155665,1. VIP Champions
18110,2011-11-20,2011-11-20,1,236.3,236.3,0,0,19,236.3,1.0,3.4298361975782448,424.2789907588981,1455.2074403768343,397.01912705806683,3. Emerging Loyalists
18112,2011-06-26,2011-11-27,2,352.69,176.345,1,154,166,176.345,0.9997138731315413,2.836641098877109,273.29885347756175,775.2507600504448,211.50893780932472,3. Emerging Loyalists
18113,2010-12-06,2010-12-06,1,76.32000000000001,76.32000000000001,0,0,368,76.32000000000001,1.0,0.690420971948198,424.2789907588981,292.93111317695895,79.91936518105464,3. Emerging Loyalists
18114,2011-02-22,2011-02-22,1,220.1,220.1,0,0,290,220.1,1.0,0.8404458988321237,424.2789907588981,356.5835377439484,97.28543226917472,3. Emerging Loyalists
18116,2010-12-10,2011-10-03,8,1418.03,177.25375,7,297,364,177.25375,0.9991112074023529,6.592183458812931,198.01102291583354,1305.324989928386,356.12722533513625,3. Emerging Loyalists
18117,2011-11-14,2011-11-14,1,320.72,320.72,0,0,25,320.72,1.0,3.2108155440078403,424.2789907588981,1362.281578524629,371.6664910489166,3. Emerging Loyalists
18118,2010-12-05,2011-11-29,26,5653.82,217.45461538461538,25,359,369,217.45461538461538,0.9996527092013607,21.516640986165665,222.63416889814093,4790.339483434668,1306.931470562387,1. VIP Champions
18119,2010-12-07,2010-12-07,1,181.12,181.12,0,0,367,181.12,1.0,0.6920046542897554,424.2789907588981,293.6030363225176,80.1026836092718,3. Emerging Loyalists
18120,2011-05-09,2011-05-09,1,111.15,111.15,0,0,214,111.15,1.0,1.0661811856056052,424.2789907588981,452.35827739487155,123.41531758681471,3. Emerging Loyalists
18121,2011-07-08,2011-07-13,2,673.1,336.55,1,5,154,336.55,0.9980520052238072,2.984344093164519,370.8561622560354,1106.7623972424617,301.9540916449059,3. Emerging Loyalists
18122,2011-07-12,2011-12-01,6,1826.21,304.36833333333334,5,142,150,304.36833333333334,0.999695288079759,9.70974173920669,318.01596889328573,3087.8529268973925,842.4480520818641,1. VIP Champions
18123,2011-11-08,2011-11-15,2,589.4399999999999,294.71999999999997,1,7,31,294.71999999999997,0.9995707482699532,6.66671299633149,345.38365998579695,2302.573734747849,628.203092419384,1. VIP Champions
18125,2011-01-27,2011-11-10,4,1142.99,285.7475,3,287,316,285.7475,0.9996593614487205,3.6269035067115247,310.1724898645656,1124.965691175238,306.9204322958998,3. Emerging Loyalists
18126,2011-10-10,2011-10-10,1,206.82999999999998,206.82999999999998,0,0,60,206.82999999999998,1.0,2.339388789492559,424.2789907588981,992.5535145985832,270.7948839392279,3. Emerging Loyalists
18127,2011-07-29,2011-11-20,2,348.73,174.365,1,114,133,174.365,0.9996885858452706,3.300062783236496,272.0931266189657,897.9244007297043,244.97755567380074,3. Emerging Loyalists
18129,2011-04-10,2011-04-10,1,112.55000000000001,112.55000000000001,0,0,243,112.55000000000001,1.0,0.9670680674603128,424.2789907588981,410.3066636572195,111.94252373332652,3. Emerging Loyalists
18130,2011-10-13,2011-11-24,3,1059.3899999999999,353.12999999999994,2,42,57,353.12999999999994,0.9996334508305872,8.18762923482916,370.42236529924924,3032.8809873586997,827.4502511891687,1. VIP Champions
18133,2011-05-11,2011-05-11,1,931.4999999999999,931.4999999999999,0,0,212,931.4999999999999,1.0,1.0737707643151575,424.2789907588981,455.5783761900457,124.2938458139448,3. Emerging Loyalists
18135,2011-06-02,2011-11-10,5,681.9100000000001,136.382,4,161,190,136.382,0.9995586533229746,6.79994359122345,176.20757010930677,1198.2015370898373,326.9011105192354,3. Emerging Loyalists
18136,2011-01-24,2011-10-07,3,784.33,261.4433333333333,2,256,319,261.4433333333333,0.99957734831895,2.6581394277239045,301.0196314918309,800.1521509873561,218.3026967044442,3. Emerging Loyalists
18138,2011-02-17,2011-02-17,1,152.65,152.65,0,0,295,152.65,1.0,0.8289000198640772,424.2789907588981,351.68486386796127,95.94894430737395,3. Emerging Loyalists
18139,2011-11-21,2011-11-22,2,8438.34,4219.17,1,1,18,4219.17,0.9996132020879879,7.663680753999094,2735.1890994894384,20961.61606030532,5718.883974255727,1. VIP Champions
18142,2011-05-08,2011-07-05,2,1019.52,509.76,1,58,215,509.76,0.9988698166455869,2.345168704658773,476.332904264833,1117.0810200811097,304.7692852167451,3. Emerging Loyalists
18143,2011-07-21,2011-08-15,2,1000.1600000000001,500.08000000000004,1,25,141,500.08000000000004,0.998871696218683,3.1717278300787637,470.438239622808,1492.1020569449222,407.0849555142567,3. Emerging Loyalists
18144,2010-12-01,2011-12-02,11,2888.75,262.6136363636364,10,366,373,262.6136363636364,0.9997276380311259,8.938854678258757,272.3687495420256,2434.6646710552236,664.2409979233968,1. VIP Champions
18145,2011-01-31,2011-11-27,4,2861.55,715.3875,3,300,312,715.3875,0.9997146686402031,3.6651880756005797,664.0611023068473,2433.9088336452332,664.0347854615951,1. VIP Champions
18146,2011-05-03,2011-07-22,2,160.35000000000002,80.17500000000001,1,80,220,80.17500000000001,0.9991283539589597,2.305185626748592,214.7358474214099,495.00598902351277,135.05074273104205,3. Emerging Loyalists
18147,2011-08-23,2011-10-25,2,179.33999999999997,89.66999999999999,1,63,108,89.66999999999999,0.9995557096457401,3.7657800662373924,220.51785576604087,830.4217454931692,226.56104369584463,3. Emerging Loyalists
18149,2011-03-11,2011-10-20,3,612.0799999999999,204.02666666666664,2,223,273,204.02666666666664,0.9995995782895455,3.0157766217666793,257.5577653596132,776.7366875259894,211.9143381755155,3. Emerging Loyalists
18150,2011-05-22,2011-11-07,3,566.58,188.86,2,169,201,188.86,0.9996340963651829,3.8202370189786534,246.0772724190274,940.0735056244632,256.4769476967433,3. Emerging Loyalists
18151,2011-02-23,2011-07-28,2,653.35,326.675,1,155,289,326.675,0.9993878851015833,1.8613228663802646,364.8427517870274,679.0901565342932,185.2737786106657,3. Emerging Loyalists
18154,2011-10-27,2011-12-06,2,399.18999999999994,199.59499999999997,1,40,43,199.59499999999997,0.9997267721344265,5.953091439254183,287.45700977168184,1711.257864025405,466.8764634481825,3. Emerging Loyalists
18155,2011-02-21,2011-09-25,3,371.62,123.87333333333333,2,216,291,123.87333333333333,0.9995042773170261,2.8646975780289665,196.88525255756343,564.0167061512733,153.87869392995816,3. Emerging Loyalists
18156,2010-12-05,2011-11-27,2,734.94,367.47,1,357,369,367.47,0.9997264620372703,1.521838990746177,389.68498774481793,593.0378084585101,161.7964191865706,3. Emerging Loyalists
18158,2011-09-12,2011-11-30,2,453.4,226.7,1,79,88,226.7,0.9997103900840759,4.246278811838538,303.9626797223109,1290.7102864945123,352.1399472065785,3. Emerging Loyalists
18159,2011-02-11,2011-02-11,1,530.15,530.15,0,0,301,530.15,1.0,0.8154569175020315,424.2789907588981,345.98123796512397,94.39284411562132,3. Emerging Loyalists
18160,2011-05-23,2011-10-13,2,638.06,319.03,1,143,200,319.03,0.9995983481430178,2.4777658608766036,360.18730641633715,892.4598113595006,243.48667097840138,3. Emerging Loyalists
18161,2011-01-24,2011-11-24,5,1618.69,323.738,4,304,319,323.738,0.9996990193410935,4.539537546625328,337.6461074302587,1532.7571821515487,418.176750314173,3. Emerging Loyalists
18164,2011-11-02,2011-11-02,1,399.65000000000003,399.65000000000003,0,0,37,399.65000000000003,1.0,2.847187213956218,424.2789907588981,1208.001717638983,329.5748593049245,3. Emerging Loyalists
18165,2011-06-15,2011-06-15,1,302.46000000000004,302.46000000000004,0,0,177,302.46000000000004,1.0,1.2265683361242166,424.2789907588981,520.4071757476034,141.98085915267464,3. Emerging Loyalists
18167,2011-08-26,2011-11-16,3,1384.8600000000001,461.62000000000006,2,82,105,461.62000000000006,0.999617564788059,5.928349639196336,452.54447601073207,2682.8418810785183,731.9503131352816,1. VIP Champions
18168,2010-12-02,2011-06-16,6,1169.94,194.99,5,196,372,194.99,0.9952497958305366,4.799952880879548,221.08653429455597,1061.204947210829,289.5248128076107,3. Emerging Loyalists
18169,2011-10-10,2011-10-10,1,202.65,202.65,0,0,60,202.65,1.0,2.339388789492559,424.2789907588981,992.5535145985832,270.7948839392279,3. Emerging Loyalists
18170,2011-05-06,2011-11-06,3,980.31,326.77,2,184,217,326.77,0.9996377489218915,3.6065001904219094,350.4690162499849,1263.96657384255,344.8435541585713,3. Emerging Loyalists
18171,2011-01-10,2011-10-12,5,1231.31,246.262,4,275,333,246.262,0.9994722564183512,4.3804343288990015,270.88757224868954,1186.6052207502682,323.7373283240092,3. Emerging Loyalists
18172,2011-02-23,2011-11-25,14,7561.68,540.12,13,275,289,540.12,0.9996174055952659,14.093098431822007,534.6671398643854,7535.116630369527,2055.779364415113,1. VIP Champions
18173,2011-03-10,2011-09-14,4,2106.84,526.71,3,188,274,526.71,0.9992384161072432,4.069352623296603,508.6500170399294,2069.8762811812985,564.7170647093394,1. VIP Champions
18174,2011-12-02,2011-12-02,1,104.0,104.0,0,0,7,104.0,1.0,3.971679781989077,424.2789907588981,1685.100289519846,459.73998440883395,3. Emerging Loyalists
18176,2010-12-16,2010-12-16,1,476.35,476.35,0,0,358,476.35,1.0,0.706591624434012,424.2789907588981,299.79198129355296,81.79119169522181,3. Emerging Loyalists
18177,2011-03-29,2011-11-08,6,1341.42,223.57000000000002,5,224,255,223.57000000000002,0.9995592751081253,6.56177752030581,246.4137006209006,1616.9118814295914,441.1363808920311,3. Emerging Loyalists
18178,2010-12-10,2011-08-03,4,1590.81,397.7025,3,236,364,397.7025,0.9990355408024552,3.222794694558041,402.3882975313928,1296.8148704364153,353.80543936970224,3. Emerging Loyalists
18179,2011-01-07,2011-11-30,6,1793.17,298.8616666666667,5,327,336,298.8616666666667,0.9997203673871652,5.25013596269772,313.13604368088534,1644.0068041459003,448.52859334646246,3. Emerging Loyalists
18180,2011-07-20,2011-12-05,6,1843.75,307.2916666666667,5,138,142,307.2916666666667,0.9997257424597038,10.078261723024234,320.60658294369443,3231.1570530310296,881.5452127221798,1. VIP Champions
18181,2011-11-15,2011-11-15,1,382.8,382.8,0,0,24,382.8,1.0,3.245355575379693,424.2789907588981,1376.9361881758593,375.66465665038,3. Emerging Loyalists
18183,2011-03-10,2011-04-26,2,632.07,316.035,1,47,274,316.035,0.9981186738518256,1.9402642494554891,358.3634923044709,695.3198724283823,189.7016749077071,3. Emerging Loyalists
18184,2011-11-24,2011-11-24,1,49.8,49.8,0,0,15,49.8,1.0,3.593240994101636,424.2789907588981,1524.5366625309418,415.93397486293435,3. Emerging Loyalists
18185,2011-04-04,2011-04-04,1,304.25,304.25,0,0,249,304.25,1.0,0.9488191618705273,424.2789907588981,402.56403641113087,109.830129977573,3. Emerging Loyalists
18188,2011-02-22,2011-11-24,3,2001.04,667.0133333333333,2,275,290,667.0133333333333,0.9997109871992723,2.8732722482793793,608.0181054641423,1747.001548881525,476.62828725396287,3. Emerging Loyalists
18189,2011-03-17,2011-09-23,2,1090.24,545.12,1,190,267,545.12,0.9995817694042404,1.983594726757276,497.86548089107333,987.5633425300084,269.4334328474013,3. Emerging Loyalists
18190,2011-01-13,2011-05-31,2,284.46000000000004,142.23000000000002,1,138,330,142.23000000000002,0.9991382795763635,1.6696224727874123,252.52442328513564,421.62045204454336,115.02922482117408,3. Emerging Loyalists
18191,2011-03-23,2011-03-23,1,207.79999999999998,207.79999999999998,0,0,261,207.79999999999998,1.0,0.9143123862312016,424.2789907588981,387.92353646853405,105.83581387828322,3. Emerging Loyalists
18192,2011-09-29,2011-09-29,1,957.97,957.97,0,0,71,957.97,1.0,2.1555261582051517,424.2789907588981,914.5444629576866,249.51194878801928,3. Emerging Loyalists
18193,2011-06-27,2011-06-27,1,243.76,243.76,0,0,165,243.76,1.0,1.2894802312161229,424.2789907588981,547.0993711039272,149.2631969181322,3. Emerging Loyalists
18194,2011-09-18,2011-09-18,1,973.8399999999999,973.8399999999999,0,0,82,973.8399999999999,1.0,1.9984586904163386,424.2789907588981,847.9040362431933,231.3306755847199,3. Emerging Loyalists
18196,2011-02-22,2011-09-05,2,689.13,344.565,1,195,290,344.565,0.999544217340201,1.8564278863542958,375.7369202215138,697.5284966320975,190.30424608005572,3. Emerging Loyalists
18198,2011-01-07,2011-12-05,17,5425.56,319.15058823529415,16,332,336,319.15058823529415,0.9997490770036356,15.162376669438114,323.2071262821327,4900.588190936347,1337.0102376145,1. VIP Champions
18200,2011-08-25,2011-08-25,1,163.8,163.8,0,0,106,163.8,1.0,1.7243205267196806,424.2789907588981,731.5929728214777,199.59793729214562,3. Emerging Loyalists
18202,2011-02-01,2011-05-24,2,1396.99,698.495,1,112,311,698.495,0.998992858307645,1.7528573890673447,591.2636409603496,1036.4008419442102,282.7575960197009,3. Emerging Loyalists
18203,2011-07-05,2011-07-05,1,160.42000000000002,160.42000000000002,0,0,157,160.42000000000002,1.0,1.3351337801384466,424.2789907588981,566.4692127652527,154.54780268240796,3. Emerging Loyalists
18204,2011-05-31,2011-09-29,3,1993.6999999999998,664.5666666666666,2,121,192,664.5666666666666,0.9993716742203588,3.9509524293715903,606.1660874820785,2394.93337593999,653.4012484376111,1. VIP Champions
18205,2011-09-26,2011-11-03,2,517.36,258.68,1,38,74,258.68,0.9995583901871251,4.661408057360774,323.4369953475136,1507.6718161614588,411.33279815245334,3. Emerging Loyalists
18209,2011-11-11,2011-11-11,1,139.10000000000002,139.10000000000002,0,0,28,139.10000000000002,1.0,3.1114702391469247,424.2789907588981,1320.1314528416044,360.16682052790225,3. Emerging Loyalists
18210,2011-03-17,2011-12-08,6,2621.38,436.8966666666667,5,266,267,436.8966666666667,0.9997503841145884,6.328609656848329,435.46058545334785,2755.860066276884,751.8716077510597,1. VIP Champions
18211,2011-03-06,2011-11-14,5,600.07,120.01400000000001,4,253,278,120.01400000000001,0.9996430435047139,5.075688191157228,162.1037998597853,822.7883426900271,224.47844926064764,3. Emerging Loyalists
18212,2011-01-17,2011-01-17,1,248.42,248.42,0,0,326,248.42,1.0,0.7638403956982291,424.2789907588981,324.08143218772204,88.41799714106641,3. Emerging Loyalists
18213,2011-04-17,2011-04-17,1,232.48000000000002,232.48000000000002,0,0,236,232.48000000000002,1.0,0.9892660378020449,424.2789907588981,419.72479611070554,114.51203968098552,3. Emerging Loyalists
18215,2011-09-11,2011-09-11,1,299.34000000000003,299.34000000000003,0,0,89,299.34000000000003,1.0,1.9098965423138645,424.2789907588981,810.3289774268355,221.07920446348734,3. Emerging Loyalists
18216,2011-11-08,2011-11-08,1,481.75,481.75,0,0,31,481.75,1.0,3.0180880823313876,424.2789907588981,1280.5113655930193,349.3574114931846,3. Emerging Loyalists
18217,2011-09-30,2011-11-10,2,621.75,310.875,1,41,70,310.875,0.9996013399379539,4.795794690157961,355.2212950366146,1703.5684005676308,464.77857418178365,3. Emerging Loyalists
18218,2011-03-03,2011-05-12,2,662.0799999999999,331.03999999999996,1,70,281,331.03999999999996,0.9985966474529233,1.9023650044082359,367.5008314525686,699.120720846296,190.73864701153948,3. Emerging Loyalists
18219,2010-12-06,2011-12-07,9,2069.77,229.97444444444443,8,366,368,229.97444444444443,0.9997549295270747,7.371159357190626,244.412402292493,1801.6027661717494,491.5249452996771,3. Emerging Loyalists
18220,2011-04-27,2011-04-27,1,305.28000000000003,305.28000000000003,0,0,226,305.28000000000003,1.0,1.0228051122645758,424.2789907588981,433.9547207746557,118.3943399712593,3. Emerging Loyalists
18221,2011-05-12,2011-11-17,5,1041.6100000000001,208.32200000000003,4,189,211,208.32200000000003,0.9996306749105655,6.290326802182838,238.19591515760672,1498.3301492863627,408.7841440395679,3. Emerging Loyalists
18222,2011-09-08,2011-09-08,1,443.0,443.0,0,0,92,443.0,1.0,1.8742993989985457,424.2789907588981,795.2258573871122,216.9586733504308,3. Emerging Loyalists
18223,2010-12-16,2011-12-05,13,6484.54,498.8107692307692,12,354,358,498.8107692307692,0.9997481108058058,10.96241977319739,495.02490217715217,5426.670775851916,1480.5394986864087,1. VIP Champions
18224,2011-03-21,2011-03-21,1,158.95000000000002,158.95000000000002,0,0,263,158.95000000000002,1.0,0.9088038042251323,424.2789907588981,385.5863608544863,105.19817047685149,3. Emerging Loyalists
18225,2010-12-09,2011-12-06,12,5509.12,459.0933333333333,11,362,365,459.0933333333333,0.9997545131816609,9.944772706332197,457.17303023262014,4546.481873128545,1240.4006565465293,1. VIP Champions
18226,2011-01-06,2011-10-26,11,5228.05,475.27727272727276,10,293,337,475.27727272727276,0.9992070227972815,9.726474267041041,472.19996519673714,4592.840810383739,1253.0486023236829,1. VIP Champions
18227,2011-05-06,2011-05-06,1,93.75,93.75,0,0,217,93.75,1.0,1.0549958733142821,424.2789907588981,447.61258438458594,122.12056685647126,3. Emerging Loyalists
18228,2011-09-21,2011-10-14,2,779.9,389.95,1,23,79,389.95,0.9993804248508976,4.503082797893085,403.37425026059515,1816.4276474615062,495.56956551332473,3. Emerging Loyalists
18229,2010-12-01,2011-11-28,20,7276.9,363.84499999999997,19,362,373,363.84499999999997,0.9996624490322094,16.368574748790408,365.8207738033468,5987.9646806604305,1633.6753403038645,1. VIP Champions
18230,2011-02-10,2011-11-30,7,2810.2000000000003,401.4571428571429,6,293,302,401.4571428571429,0.9997139535613454,6.714950682808469,403.6635544900081,2710.5808608475736,739.518241409851,1. VIP Champions
18231,2011-02-24,2011-05-31,5,2083.27,416.654,4,96,288,416.654,0.989776236536844,4.884800589203093,417.70878561357586,2040.4241220805038,556.6817357440443,1. VIP Champions
18232,2011-05-26,2011-09-19,4,592.97,148.2425,3,116,197,148.2425,0.9989873990342908,5.246185372986043,196.91149541834096,1033.0342070365084,281.83908886045157,3. Emerging Loyalists
18233,2011-01-18,2011-01-18,1,440.0,440.0,0,0,325,440.0,1.0,0.7657792774182269,424.2789907588981,324.9040589670836,88.64243151157247,3. Emerging Loyalists
18235,2011-05-06,2011-09-29,3,1796.48,598.8266666666667,2,146,217,598.8266666666667,0.9994262295756031,3.605737069417836,556.4038277514778,2006.2459072894799,547.3570136293597,1. VIP Champions
18236,2011-04-13,2011-11-10,6,882.24,147.04,5,211,240,147.04,0.9995644267750994,6.880387879301841,178.59396517810302,1228.795753327875,335.24802291593534,3. Emerging Loyalists
18237,2011-07-28,2011-12-07,5,987.0999999999999,197.42,4,132,134,197.42,0.9997389876684369,8.677731996312389,228.8020183308543,1985.482595290508,541.6922322545947,1. VIP Champions
18239,2010-12-02,2011-05-05,5,1561.6100000000001,312.322,4,154,372,312.322,0.9933532473607963,3.9685669991814554,327.80931361497665,1300.9332240367205,354.92903529557674,3. Emerging Loyalists
18240,2011-10-24,2011-10-24,1,422.58,422.58,0,0,46,422.58,1.0,2.6242848892697914,424.2789907588981,1113.4289442832137,303.7729022235032,3. Emerging Loyalists
18241,2011-05-06,2011-11-30,17,2073.09,121.9464705882353,16,208,217,121.9464705882353,0.9996363844769531,21.46967631907598,133.61242708933318,2868.6155618141224,782.6342929649297,1. VIP Champions
18242,2011-05-10,2011-09-28,3,2232.49,744.1633333333333,2,141,213,744.1633333333333,0.9994107092753938,3.6568328785019992,666.4172283454299,2436.9764314137424,664.8717073700643,1. VIP Champions
18245,2010-12-19,2011-12-02,5,2567.06,513.412,4,348,355,513.412,0.9997303519041315,4.154198266811009,501.0819895360586,2081.5939324609067,567.9139502894434,1. VIP Champions
18246,2011-04-20,2011-11-16,2,596.1,298.05,1,210,233,298.05,0.9996995209209217,2.2072034524995425,347.4114733388903,766.8078033915514,209.20547564338435,3. Emerging Loyalists
18248,2011-06-06,2011-08-09,2,804.02,402.01,1,64,186,402.01,0.9991465373916575,2.6126403779104783,410.718222944771,1073.0590132091465,292.75891593556196,3. Emerging Loyalists
18249,2011-11-22,2011-11-22,1,95.34,95.34,0,0,17,95.34,1.0,3.5096376394074467,424.2789907588981,1489.0655155772329,406.2565066143778,3. Emerging Loyalists
18250,2011-02-02,2011-02-02,1,349.27,349.27,0,0,310,349.27,1.0,0.7960904231280017,424.2789907588981,337.7644412775727,92.15108437911223,3. Emerging Loyalists
18251,2011-09-13,2011-09-13,1,4314.72,4314.72,0,0,87,4314.72,1.0,1.9343887926326349,424.2789907588981,820.7205246734977,223.91429374504304,3. Emerging Loyalists
18252,2011-06-21,2011-10-20,2,526.67,263.335,1,121,171,263.335,0.9996016392284381,2.7772225516894116,326.271671371132,906.1290437093044,247.2159995569219,3. Emerging Loyalists
18255,2011-09-11,2011-09-11,1,103.3,103.3,0,0,89,103.3,1.0,1.9098965423138645,424.2789907588981,810.3289774268355,221.07920446348734,3. Emerging Loyalists
18257,2011-02-16,2011-10-31,7,2337.63,333.94714285714286,6,257,296,333.94714285714286,0.9994769155383402,6.823727428144242,342.6804076167639,2338.3576965421607,637.9659048405313,1. VIP Champions
18259,2010-12-08,2011-11-15,3,2338.6000000000004,779.5333333333334,2,342,366,779.5333333333334,0.9996992630423469,2.3712004229604386,693.1907471569807,1643.6941928508952,448.4433047065011,3. Emerging Loyalists
18260,2010-12-16,2011-06-20,6,2643.2000000000003,440.53333333333336,5,186,358,440.53333333333336,0.9950756798622088,4.95647613167655,438.6833447794549,2174.323527763403,593.2130395862322,1. VIP Champions
18261,2011-09-05,2011-10-27,2,324.24,162.12,1,52,95,162.12,0.9995469136840832,4.0643254399875355,264.6364976373958,1075.568849696869,293.4436657957991,3. Emerging Loyalists
18262,2011-07-22,2011-07-22,1,149.48,149.48,0,0,140,149.48,1.0,1.4437543549396572,424.2789907588981,612.5546406175617,167.12112785128096,3. Emerging Loyalists
18263,2011-04-01,2011-11-14,3,1213.1599999999999,404.3866666666666,2,227,252,404.3866666666666,0.9996778569152157,3.2133470835843037,409.22138506790594,1314.9703442482848,358.75873342532327,3. Emerging Loyalists
18265,2011-07-04,2011-09-28,2,801.51,400.755,1,86,158,400.755,0.999478104027938,2.935936212375906,409.95398698136796,1203.598755786479,328.37361471075275,3. Emerging Loyalists
18268,2011-07-28,2011-07-28,1,25.5,25.5,0,0,134,25.5,1.0,1.4864354644020528,424.2789907588981,630.6633386647369,172.0616602395608,3. Emerging Loyalists
18269,2010-12-08,2010-12-08,1,168.6,168.6,0,0,366,168.6,1.0,0.6935956186115332,424.2789907588981,294.2780490592949,80.28684495979309,3. Emerging Loyalists
18270,2011-03-18,2011-11-01,2,283.15000000000003,141.57500000000002,1,228,266,141.57500000000002,0.9996760512560582,1.9897042791227522,252.12555909706472,501.65530381164604,136.86485189477432,3. Emerging Loyalists
18272,2011-04-07,2011-12-07,6,3078.58,513.0966666666667,5,244,246,513.0966666666667,0.9997454070256185,6.750537942708015,502.9878798573877,3395.4387676995566,926.3656150508067,1. VIP Champions
18273,2011-03-27,2011-12-07,3,204.0,68.0,2,255,257,68.0,0.9997393331891459,3.1642510354481352,154.59162120149762,489.16669745844473,133.45762935388635,3. Emerging Loyalists
18274,2011-11-09,2011-11-09,1,175.92,175.92,0,0,30,175.92,1.0,3.048586372942482,424.2789907588981,1293.451149553366,352.8877272335484,3. Emerging Loyalists
18276,2011-10-27,2011-10-27,1,335.86,335.86,0,0,43,335.86,1.0,2.694603816894278,424.2789907588981,1143.263787926979,311.91263766650934,3. Emerging Loyalists
18277,2011-10-12,2011-10-12,1,110.38,110.38,0,0,58,110.38,1.0,2.3762413814651504,424.2789907588981,1008.1892951275638,275.06073893985916,3. Emerging Loyalists
18278,2011-09-27,2011-09-27,1,173.9,173.9,0,0,73,173.9,1.0,2.1251579208431304,424.2789907588981,901.6598578586016,245.99668730227404,3. Emerging Loyalists
18280,2011-03-07,2011-03-07,1,180.60000000000002,180.60000000000002,0,0,277,180.60000000000002,1.0,0.8720270650055437,424.2789907588981,369.9827630549961,100.94109577709972,3. Emerging Loyalists
18281,2011-06-12,2011-06-12,1,80.82,80.82,0,0,180,80.82,1.0,1.211787985719136,424.2789907588981,514.1361835946731,140.26996642270092,3. Emerging Loyalists
18282,2011-08-05,2011-12-02,2,178.05,89.025,1,119,126,89.025,0.9997220395564047,3.418665733043929,220.12508110755883,752.5340717659269,205.31122365385423,3. Emerging Loyalists
18283,2011-01-06,2011-12-06,14,2094.88,149.6342857142857,13,334,337,149.6342857142857,0.9997557854665536,12.428472342883413,162.5623426554599,2020.40157968772,551.2190559351728,1. VIP Champions
18287,2011-05-22,2011-10-28,3,1837.28,612.4266666666666,2,159,201,612.4266666666666,0.9995869068003082,3.820056677668469,566.69842361908,2164.8200973702615,590.6202521017448,1. VIP Champions
