CustomerID,first_order,last_order,order_count,total_historical_spend,mean_order_spend,frequency,recency,T,monetary_value
12346,2011-01-18,2011-01-18,1,77183.6,77183.6,0,0,325,77183.6
12347,2010-12-07,2011-12-07,7,4310.0,615.7142857142857,6,365,367,615.7142857142857
12348,2010-12-16,2011-09-25,4,1797.24,449.31,3,283,358,449.31
12349,2011-11-21,2011-11-21,1,1757.55,1757.55,0,0,18,1757.55
12350,2011-02-02,2011-02-02,1,334.4,334.4,0,0,310,334.4
12352,2011-02-16,2011-11-03,7,2506.04,358.0057142857143,6,260,296,358.0057142857143
12353,2011-05-19,2011-05-19,1,89.0,89.0,0,0,204,89.0
12354,2011-04-21,2011-04-21,1,1079.4,1079.4,0,0,232,1079.4
12355,2011-05-09,2011-05-09,1,459.4,459.4,0,0,214,459.4
12356,2011-01-18,2011-11-17,3,2811.43,937.1433333333333,2,303,325,937.1433333333333
12357,2011-11-06,2011-11-06,1,6207.67,6207.67,0,0,33,6207.67
12358,2011-07-12,2011-12-08,2,1168.06,584.03,1,149,150,584.03
12359,2011-01-12,2011-10-13,4,6372.58,1593.145,3,274,331,1593.145
12360,2011-05-23,2011-10-18,3,2662.06,887.3533333333334,2,148,200,887.3533333333334
12361,2011-02-25,2011-02-25,1,189.9,189.9,0,0,287,189.9
12362,2011-02-17,2011-12-06,10,5226.23,522.6229999999999,9,292,295,522.6229999999999
12363,2011-04-11,2011-08-22,2,552.0,276.0,1,133,242,276.0
12364,2011-08-19,2011-12-02,4,1313.1,328.275,3,105,112,328.275
12365,2011-02-21,2011-02-21,1,641.38,641.38,0,0,291,641.38
12367,2011-12-05,2011-12-05,1,168.9,168.9,0,0,4,168.9
12370,2010-12-14,2011-10-19,4,3545.6899999999996,886.4224999999999,3,309,360,886.4224999999999
12371,2011-10-11,2011-10-26,2,1887.96,943.98,1,15,59,943.98
12372,2011-02-16,2011-09-29,3,1298.04,432.68,2,225,296,432.68
12373,2011-02-01,2011-02-01,1,364.6,364.6,0,0,311,364.6
12374,2011-11-14,2011-11-14,1,742.9300000000001,742.9300000000001,0,0,25,742.9300000000001
12375,2011-09-02,2011-11-29,2,457.5,228.75,1,88,98,228.75
12377,2010-12-20,2011-01-28,2,1628.12,814.06,1,39,354,814.06
12378,2011-08-02,2011-08-02,1,4008.62,4008.62,0,0,129,4008.62
12379,2011-06-22,2011-09-19,2,852.24,426.12,1,89,170,426.12
12380,2011-06-07,2011-11-18,4,2724.8100000000004,681.2025000000001,3,164,185,681.2025000000001
12381,2011-08-12,2011-12-05,5,1845.31,369.062,4,115,119,369.062
12383,2010-12-22,2011-06-08,5,1850.56,370.11199999999997,4,168,352,370.11199999999997
12384,2011-08-10,2011-11-11,2,585.27,292.635,1,93,121,292.635
12386,2010-12-08,2011-01-06,2,401.9,200.95,1,29,366,200.95
12388,2011-01-17,2011-11-24,6,2780.66,463.4433333333333,5,311,326,463.4433333333333
12390,2011-09-21,2011-09-21,1,549.84,549.84,0,0,79,549.84
12391,2011-11-18,2011-11-18,1,460.89,460.89,0,0,21,460.89
12393,2011-01-11,2011-09-28,4,1582.6,395.65,3,260,332,395.65
12394,2011-05-06,2011-10-07,2,1272.48,636.24,1,154,217,636.24
12395,2010-12-03,2011-11-20,11,3018.63,274.4209090909091,10,352,371,274.4209090909091
12397,2011-07-27,2011-11-04,2,2409.8999999999996,1204.9499999999998,1,100,135,1204.9499999999998
12398,2011-10-25,2011-10-25,1,1635.6599999999999,1635.6599999999999,0,0,45,1635.6599999999999
12399,2011-03-23,2011-08-12,4,1108.65,277.1625,3,142,261,277.1625
12401,2011-02-09,2011-02-09,1,84.3,84.3,0,0,303,84.3
12402,2011-01-20,2011-01-20,1,225.6,225.6,0,0,323,225.6
12403,2011-10-21,2011-10-21,1,427.7,427.7,0,0,49,427.7
12405,2011-07-14,2011-07-14,1,1710.39,1710.39,0,0,148,1710.39
12406,2011-06-09,2011-11-17,2,3415.3,1707.65,1,161,183,1707.65
12407,2011-03-20,2011-10-21,5,1708.12,341.62399999999997,4,215,264,341.62399999999997
12408,2011-03-24,2011-11-07,4,2888.55,722.1375,3,228,260,722.1375
12409,2011-06-10,2011-09-22,3,11072.67,3690.89,2,104,182,3690.89
12410,2011-02-04,2011-02-04,1,693.3299999999999,693.3299999999999,0,0,308,693.3299999999999
12412,2011-06-23,2011-09-26,3,1226.88,408.96000000000004,2,95,169,408.96000000000004
12413,2011-01-06,2011-10-04,3,758.1,252.70000000000002,2,271,337,252.70000000000002
12414,2011-02-02,2011-05-06,3,562.41,187.47,2,93,310,187.47
12415,2011-01-06,2011-11-15,16,124914.53,7807.158125,15,313,337,7807.158125
12417,2010-12-17,2011-12-06,9,3649.1,405.4555555555555,8,354,357,405.4555555555555
12418,2011-08-19,2011-08-19,1,668.58,668.58,0,0,112,668.58
12420,2011-10-07,2011-10-07,1,600.39,600.39,0,0,63,600.39
12421,2011-01-24,2011-11-24,4,807.04,201.76,3,304,319,201.76
12422,2011-01-19,2011-09-05,3,803.56,267.8533333333333,2,229,324,267.8533333333333
12423,2010-12-21,2011-12-09,8,1859.31,232.41375,7,353,353,232.41375
12424,2011-06-30,2011-06-30,1,1760.96,1760.96,0,0,162,1760.96
12425,2011-09-22,2011-09-22,1,777.2,777.2,0,0,78,777.2
12426,2011-05-29,2011-05-29,1,582.73,582.73,0,0,194,582.73
12427,2010-12-03,2011-11-18,3,825.8,275.26666666666665,2,350,371,275.26666666666665
12428,2011-03-01,2011-11-14,7,7956.46,1136.6371428571429,6,258,283,1136.6371428571429
12429,2010-12-09,2011-11-30,4,3750.4,937.6,3,356,365,937.6
12430,2011-10-27,2011-10-27,1,256.4,256.4,0,0,43,256.4
12431,2010-12-01,2011-11-04,14,6487.45,463.3892857142857,13,338,373,463.3892857142857
12432,2011-06-20,2011-10-28,3,5059.320000000001,1686.4400000000003,2,130,172,1686.4400000000003
12433,2010-12-01,2011-12-09,6,13375.87,2229.311666666667,5,373,373,2229.311666666667
12434,2011-03-24,2011-09-16,2,806.14,403.07,1,176,260,403.07
12435,2011-03-17,2011-09-21,2,7829.89,3914.945,1,188,267,3914.945
12436,2011-09-01,2011-09-01,1,509.01,509.01,0,0,99,509.01
12437,2011-01-12,2011-12-08,15,4951.41,330.094,14,330,331,330.094
12438,2011-07-22,2011-11-25,2,2906.85,1453.425,1,126,140,1453.425
12441,2010-12-08,2010-12-08,1,173.55,173.55,0,0,366,173.55
12442,2011-12-06,2011-12-06,1,172.06,172.06,0,0,3,172.06
12444,2011-06-21,2011-11-18,5,5005.46,1001.092,4,150,171,1001.092
12445,2011-11-17,2011-11-17,1,133.4,133.4,0,0,22,133.4
12446,2011-10-13,2011-10-13,1,1002.3100000000001,1002.3100000000001,0,0,57,1002.3100000000001
12447,2011-04-10,2011-04-10,1,476.49,476.49,0,0,243,476.49
12448,2011-10-26,2011-10-26,1,449.45,449.45,0,0,44,449.45
12449,2011-06-05,2011-11-17,4,4067.29,1016.8225,3,165,187,1016.8225
12450,2011-06-19,2011-07-06,2,197.88,98.94,1,17,173,98.94
12451,2011-01-19,2011-11-29,5,9035.52,1807.104,4,314,324,1807.104
12452,2011-11-23,2011-11-23,1,430.57,430.57,0,0,16,430.57
12453,2011-07-28,2011-07-28,1,707.09,707.09,0,0,134,707.09
12454,2011-10-14,2011-10-14,1,3528.34,3528.34,0,0,56,3528.34
12455,2011-02-16,2011-09-27,6,2466.86,411.1433333333334,5,223,296,411.1433333333334
12456,2011-03-30,2011-10-26,3,3181.04,1060.3466666666666,2,210,254,1060.3466666666666
12457,2011-04-14,2011-10-04,7,2363.23,337.6042857142857,6,173,239,337.6042857142857
12458,2011-02-28,2011-09-29,2,947.4000000000001,473.70000000000005,1,213,284,473.70000000000005
12461,2011-07-08,2011-09-06,2,826.88,413.44,1,60,154,413.44
12462,2011-02-09,2011-11-21,2,1189.5900000000001,594.7950000000001,1,285,303,594.7950000000001
12463,2011-04-12,2011-10-17,4,1344.78,336.195,3,188,241,336.195
12464,2011-02-03,2011-11-29,7,1212.05,173.15,6,299,309,173.15
12465,2011-06-23,2011-11-22,2,742.19,371.095,1,152,169,371.095
12468,2011-01-27,2011-06-05,2,729.5400000000001,364.77000000000004,1,129,316,364.77000000000004
12471,2010-12-10,2011-12-07,20,19824.05,991.2025,19,362,364,991.2025
12472,2010-12-05,2011-11-07,7,6572.110000000001,938.8728571428572,6,337,369,938.8728571428572
12473,2011-06-01,2011-11-10,4,3938.55,984.6375,3,162,191,984.6375
12474,2011-01-14,2011-11-22,17,7375.79,433.87,16,312,329,433.87
12475,2011-10-17,2011-10-17,1,723.38,723.38,0,0,53,723.38
12476,2010-12-13,2011-11-24,10,6816.42,681.642,9,346,361,681.642
12477,2011-02-11,2011-11-17,6,13219.74,2203.29,5,279,301,2203.29
12478,2011-12-06,2011-12-06,1,680.99,680.99,0,0,3,680.99
12479,2011-11-28,2011-11-28,1,527.2,527.2,0,0,11,527.2
12480,2011-01-07,2011-11-11,4,3281.63,820.4075,3,308,336,820.4075
12481,2010-12-09,2011-11-17,8,5596.32,699.54,7,343,365,699.54
12483,2011-01-04,2011-11-22,8,2484.98,310.6225,7,322,339,310.6225
12484,2011-01-07,2011-11-07,6,4541.72,756.9533333333334,5,304,336,756.9533333333334
12488,2011-09-25,2011-11-30,3,1298.66,432.8866666666667,2,66,75,432.8866666666667
12489,2011-01-07,2011-01-07,1,334.93,334.93,0,0,336,334.93
12490,2011-01-14,2011-12-04,10,5417.93,541.793,9,324,329,541.793
12491,2011-11-01,2011-11-01,1,460.40000000000003,460.40000000000003,0,0,38,460.40000000000003
12492,2011-08-26,2011-10-07,2,263.21000000000004,131.60500000000002,1,42,105,131.60500000000002
12493,2011-05-26,2011-06-27,2,433.74,216.87,1,32,197,216.87
12494,2010-12-09,2011-11-24,7,1246.1000000000001,178.01428571428573,6,350,365,178.01428571428573
12497,2011-09-19,2011-09-19,1,1043.1,1043.1,0,0,81,1043.1
12498,2011-10-13,2011-11-18,2,403.7,201.85,1,36,57,201.85
12500,2011-01-10,2011-11-16,10,4257.82,425.782,9,310,333,425.782
12501,2011-01-07,2011-01-07,1,2169.39,2169.39,0,0,336,2169.39
12502,2011-02-03,2011-09-05,5,3723.87,744.774,4,214,309,744.774
12504,2011-11-09,2011-11-21,2,482.04999999999995,241.02499999999998,1,12,30,241.02499999999998
12506,2011-04-21,2011-04-21,1,73.5,73.5,0,0,232,73.5
12507,2011-02-14,2011-07-28,3,1304.81,434.93666666666667,2,164,298,434.93666666666667
12508,2011-11-10,2011-11-13,2,398.27,199.135,1,3,29,199.135
12509,2011-02-28,2011-02-28,1,176.5,176.5,0,0,284,176.5
12510,2011-01-18,2011-07-20,2,982.5699999999999,491.28499999999997,1,183,325,491.28499999999997
12512,2011-10-04,2011-10-04,1,138.03,138.03,0,0,66,138.03
12513,2011-08-19,2011-08-19,1,612.29,612.29,0,0,112,612.29
12514,2011-03-17,2011-03-17,1,1017.68,1017.68,0,0,267,1017.68
12515,2010-12-21,2010-12-21,1,383.7,383.7,0,0,353,383.7
12516,2011-06-12,2011-09-23,2,1312.06,656.03,1,103,180,656.03
12517,2011-06-02,2011-11-11,4,2502.84,625.71,3,162,190,625.71
12518,2011-08-21,2011-12-09,5,2056.89,411.378,4,110,110,411.378
12519,2011-10-07,2011-10-07,1,340.84,340.84,0,0,63,340.84
12520,2011-03-11,2011-09-21,5,2634.26,526.8520000000001,4,194,273,526.8520000000001
12521,2011-07-20,2011-07-20,1,599.68,599.68,0,0,142,599.68
12522,2011-10-19,2011-10-31,2,192.72,96.36,1,12,51,96.36
12523,2011-01-12,2011-11-20,11,1789.77,162.70636363636365,10,312,331,162.70636363636365
12524,2011-01-10,2011-11-30,8,4485.719999999999,560.7149999999999,7,324,333,560.7149999999999
12526,2011-09-06,2011-12-09,3,1316.6599999999999,438.8866666666666,2,94,94,438.8866666666666
12527,2011-01-18,2011-09-19,3,348.71000000000004,116.23666666666668,2,244,325,116.23666666666668
12528,2011-01-31,2011-11-30,6,1933.48,322.24666666666667,5,303,312,322.24666666666667
12530,2011-01-07,2011-10-11,4,1662.28,415.57,3,277,336,415.57
12531,2011-11-25,2011-11-25,1,125.22,125.22,0,0,14,125.22
12532,2011-11-09,2011-11-09,1,349.83000000000004,349.83000000000004,0,0,30,349.83000000000004
12534,2011-08-01,2011-08-01,1,1089.18,1089.18,0,0,130,1089.18
12535,2011-06-06,2011-09-09,2,716.3499999999999,358.17499999999995,1,95,186,358.17499999999995
12536,2011-10-11,2011-10-27,2,12601.830000000002,6300.915000000001,1,16,59,6300.915000000001
12538,2011-11-10,2011-11-10,1,363.95,363.95,0,0,29,363.95
12539,2011-01-10,2011-11-17,4,5568.35,1392.0875,3,311,333,1392.0875
12540,2010-12-13,2011-11-20,17,13400.24,788.2494117647059,16,342,361,788.2494117647059
12541,2011-03-04,2011-11-10,3,981.18,327.06,2,251,280,327.06
12544,2011-11-03,2011-11-03,1,372.7,372.7,0,0,36,372.7
12545,2011-03-25,2011-09-25,2,1000.39,500.195,1,184,259,500.195
12546,2011-09-23,2011-10-24,2,1161.5,580.75,1,31,77,580.75
12547,2011-03-04,2011-05-26,2,207.8,103.9,1,83,280,103.9
12548,2011-06-26,2011-06-26,1,95.19999999999999,95.19999999999999,0,0,166,95.19999999999999
12550,2011-09-21,2011-09-21,1,964.83,964.83,0,0,79,964.83
12551,2010-12-17,2010-12-17,1,168.0,168.0,0,0,357,168.0
12552,2011-10-31,2011-11-01,2,437.82,218.91,1,1,39,218.91
12553,2011-01-14,2011-12-01,10,3692.2799999999997,369.22799999999995,9,321,329,369.22799999999995
12556,2011-07-11,2011-10-20,2,603.71,301.855,1,101,151,301.855
12557,2010-12-03,2011-11-23,5,11990.960000000001,2398.192,4,355,371,2398.192
12558,2011-12-02,2011-12-02,1,269.96,269.96,0,0,7,269.96
12559,2011-01-24,2011-02-02,2,561.71,280.855,1,9,319,280.855
12560,2011-07-19,2011-12-04,3,2134.01,711.3366666666667,2,138,143,711.3366666666667
12561,2011-02-10,2011-02-10,1,238.85,238.85,0,0,302,238.85
12562,2011-05-25,2011-12-01,7,3781.74,540.2485714285714,6,190,198,540.2485714285714
12564,2011-03-23,2011-03-23,1,456.9,456.9,0,0,261,456.9
12565,2011-02-24,2011-02-24,1,145.92,145.92,0,0,288,145.92
12566,2011-09-14,2011-09-14,1,351.65,351.65,0,0,86,351.65
12567,2010-12-05,2011-11-17,9,9401.28,1044.5866666666668,8,347,369,1044.5866666666668
12569,2011-04-01,2011-12-07,26,4124.6900000000005,158.6419230769231,25,250,252,158.6419230769231
12571,2011-08-10,2011-10-31,2,519.61,259.805,1,82,121,259.805
12572,2011-10-19,2011-12-01,2,1020.4200000000001,510.21000000000004,1,43,51,510.21000000000004
12573,2011-04-26,2011-04-26,1,160.54000000000002,160.54000000000002,0,0,227,160.54000000000002
12574,2011-01-28,2011-01-28,1,218.45,218.45,0,0,315,218.45
12576,2011-02-08,2011-11-04,5,1315.83,263.166,4,269,304,263.166
12577,2010-12-15,2011-11-04,2,657.8,328.9,1,324,359,328.9
12578,2011-01-13,2011-11-18,2,2794.51,1397.255,1,309,330,1397.255
12579,2011-09-22,2011-09-22,1,440.42,440.42,0,0,78,440.42
12580,2011-04-07,2011-04-07,1,415.7,415.7,0,0,246,415.7
12581,2011-10-31,2011-10-31,1,197.71,197.71,0,0,39,197.71
12582,2011-02-24,2011-04-15,2,511.36,255.68,1,50,288,255.68
12583,2010-12-01,2011-12-07,15,7281.38,485.42533333333336,14,371,373,485.42533333333336
12584,2011-03-04,2011-12-06,9,2338.15,259.7944444444445,8,277,280,259.7944444444445
12585,2010-12-23,2011-04-19,2,2040.1,1020.05,1,117,351,1020.05
12586,2011-11-22,2011-11-22,1,196.94000000000003,196.94000000000003,0,0,17,196.94000000000003
12587,2011-12-02,2011-12-02,1,144.0,144.0,0,0,7,144.0
12588,2011-10-31,2011-10-31,1,214.89999999999998,214.89999999999998,0,0,39,214.89999999999998
12589,2011-07-18,2011-11-11,2,646.6800000000001,323.34000000000003,1,116,144,323.34000000000003
12590,2011-05-12,2011-05-12,1,9864.26,9864.26,0,0,211,9864.26
12591,2011-01-26,2011-01-26,1,452.84999999999997,452.84999999999997,0,0,317,452.84999999999997
12592,2011-05-10,2011-09-08,2,437.6,218.8,1,121,213,218.8
12593,2011-05-05,2011-08-23,3,418.1,139.36666666666667,2,110,218,139.36666666666667
12594,2011-01-21,2011-11-02,9,3338.2200000000003,370.91333333333336,8,285,322,370.91333333333336
12596,2011-04-11,2011-10-19,2,618.27,309.135,1,191,242,309.135
12597,2011-03-16,2011-11-20,4,3811.22,952.805,3,249,268,952.805
12598,2011-02-28,2011-11-30,7,3023.08,431.86857142857144,6,275,284,431.86857142857144
12599,2011-02-08,2011-11-10,7,1032.58,147.51142857142855,6,275,304,147.51142857142855
12600,2010-12-03,2011-11-11,10,2599.04,259.904,9,343,371,259.904
12601,2011-01-11,2011-06-03,5,577.06,115.41199999999999,4,143,332,115.41199999999999
12602,2011-10-12,2011-10-12,1,153.12,153.12,0,0,58,153.12
12603,2011-11-18,2011-11-18,1,739.1999999999999,739.1999999999999,0,0,21,739.1999999999999
12604,2011-03-23,2011-09-21,2,254.18,127.09,1,182,261,127.09
12607,2011-10-10,2011-10-10,1,1579.51,1579.51,0,0,60,1579.51
12609,2011-01-25,2011-09-22,3,1126.85,375.6166666666666,2,240,318,375.6166666666666
12610,2011-08-05,2011-11-17,5,2099.54,419.908,4,104,126,419.908
12611,2011-10-18,2011-10-18,1,1193.32,1193.32,0,0,52,1193.32
12612,2011-09-26,2011-09-26,1,704.0400000000001,704.0400000000001,0,0,74,704.0400000000001
12613,2011-03-22,2011-10-13,3,3344.38,1114.7933333333333,2,205,262,1114.7933333333333
12614,2011-03-07,2011-03-07,1,315.6,315.6,0,0,277,315.6
12615,2011-06-24,2011-12-07,4,2291.19,572.7975,3,166,168,572.7975
12616,2011-02-15,2011-09-05,2,713.3,356.65,1,202,297,356.65
12617,2011-11-10,2011-11-10,1,355.53,355.53,0,0,29,355.53
12618,2011-11-18,2011-11-18,1,177.31,177.31,0,0,21,177.31
12619,2011-03-31,2011-11-23,9,3641.24,404.5822222222222,8,237,253,404.5822222222222
12620,2011-05-19,2011-11-25,3,1339.4099999999999,446.46999999999997,2,190,204,446.46999999999997
12621,2010-12-09,2011-12-08,17,13689.67,805.2747058823529,16,364,365,805.2747058823529
12622,2011-04-21,2011-04-21,1,180.1,180.1,0,0,232,180.1
12623,2011-03-08,2011-03-08,1,305.1,305.1,0,0,276,305.1
12624,2011-06-15,2011-08-25,2,641.13,320.565,1,71,177,320.565
12625,2011-01-24,2011-05-12,2,2683.8199999999997,1341.9099999999999,1,108,319,1341.9099999999999
12626,2011-01-17,2011-11-16,9,6620.48,735.6088888888888,8,303,326,735.6088888888888
12627,2011-07-22,2011-11-29,7,4478.53,639.79,6,130,140,639.79
12628,2011-10-06,2011-12-05,3,786.46,262.15333333333336,2,60,64,262.15333333333336
12630,2011-10-27,2011-11-30,2,1270.88,635.44,1,34,43,635.44
12631,2011-10-13,2011-10-13,1,640.5,640.5,0,0,57,640.5
12633,2011-02-25,2011-10-12,4,2163.98,540.995,3,229,287,540.995
12635,2011-07-08,2011-09-11,2,1689.1799999999998,844.5899999999999,1,65,154,844.5899999999999
12637,2011-01-20,2011-10-03,7,6021.900000000001,860.2714285714286,6,256,323,860.2714285714286
12638,2011-11-06,2011-11-06,1,671.69,671.69,0,0,33,671.69
12639,2011-04-15,2011-04-15,1,486.1,486.1,0,0,238,486.1
12640,2011-09-19,2011-11-16,3,1174.5800000000002,391.5266666666667,2,58,81,391.5266666666667
12641,2011-08-16,2011-08-16,1,185.9,185.9,0,0,115,185.9
12642,2011-08-24,2011-11-14,3,1013.26,337.75333333333333,2,82,107,337.75333333333333
12643,2011-01-11,2011-08-03,5,3344.6400000000003,668.9280000000001,4,204,332,668.9280000000001
12644,2011-08-02,2011-08-02,1,477.91,477.91,0,0,129,477.91
12645,2011-01-27,2011-11-06,4,1775.18,443.795,3,283,316,443.795
12646,2011-10-21,2011-12-05,2,1346.9699999999998,673.4849999999999,1,45,49,673.4849999999999
12647,2010-12-05,2011-11-17,11,3722.8199999999997,338.4381818181818,10,347,369,338.4381818181818
12648,2011-07-08,2011-07-08,1,318.05,318.05,0,0,154,318.05
12649,2011-05-11,2011-08-24,2,623.51,311.755,1,105,212,311.755
12650,2011-12-06,2011-12-06,1,314.44,314.44,0,0,3,314.44
12651,2011-01-09,2011-01-09,1,114.0,114.0,0,0,334,114.0
12652,2011-01-12,2011-01-12,1,919.98,919.98,0,0,331,919.98
12653,2011-02-16,2011-07-14,2,2209.85,1104.925,1,148,296,1104.925
12654,2011-02-17,2011-11-29,4,601.98,150.495,3,285,295,150.495
12656,2011-04-20,2011-11-22,5,4051.17,810.234,4,216,233,810.234
12657,2011-09-22,2011-11-28,3,1643.18,547.7266666666667,2,67,78,547.7266666666667
12658,2011-11-21,2011-11-21,1,686.05,686.05,0,0,18,686.05
12659,2011-11-10,2011-11-10,1,91.68,91.68,0,0,29,91.68
12660,2011-11-28,2011-11-28,1,245.1,245.1,0,0,11,245.1
12662,2010-12-01,2011-12-09,10,3849.78,384.978,9,373,373,384.978
12664,2011-01-21,2011-12-01,9,4881.88,542.4311111111111,8,314,322,542.4311111111111
12665,2011-01-19,2011-01-19,1,63.0,63.0,0,0,324,63.0
12667,2011-10-12,2011-10-12,1,620.13,620.13,0,0,58,620.13
12668,2010-12-19,2011-11-28,4,3807.1499999999996,951.7874999999999,3,344,355,951.7874999999999
12669,2011-03-28,2011-07-12,3,2744.0299999999997,914.6766666666666,2,106,256,914.6766666666666
12670,2011-04-21,2011-11-29,5,2996.0499999999997,599.2099999999999,4,222,232,599.2099999999999
12672,2011-01-14,2011-01-14,1,225.89999999999998,225.89999999999998,0,0,329,225.89999999999998
12673,2011-01-17,2011-12-04,2,610.52,305.26,1,321,326,305.26
12674,2011-05-16,2011-11-01,4,1970.6,492.65,3,169,207,492.65
12676,2011-02-01,2011-11-15,6,1331.39,221.89833333333334,5,287,311,221.89833333333334
12678,2010-12-21,2011-10-28,9,17628.46,1958.7177777777777,8,311,353,1958.7177777777777
12679,2011-03-01,2011-10-12,4,1113.02,278.255,3,225,283,278.255
12680,2011-08-18,2011-12-09,4,862.81,215.7025,3,113,113,215.7025
12681,2010-12-07,2011-11-25,20,13787.539999999999,689.377,19,353,367,689.377
12682,2010-12-03,2011-12-06,27,12288.22,455.11925925925925,26,368,371,455.11925925925925
12683,2010-12-09,2011-12-05,11,8476.57,770.5972727272728,10,361,365,770.5972727272728
12684,2011-05-10,2011-12-02,7,2283.63,326.23285714285714,6,206,213,326.23285714285714
12685,2011-09-07,2011-11-11,6,2863.08,477.18,5,65,93,477.18
12686,2010-12-03,2010-12-03,1,89.14,89.14,0,0,371,89.14
12688,2011-08-18,2011-08-18,1,4873.8099999999995,4873.8099999999995,0,0,113,4873.8099999999995
12689,2011-08-04,2011-11-14,2,1247.61,623.805,1,102,127,623.805
12690,2011-05-18,2011-05-18,1,389.01,389.01,0,0,205,389.01
12691,2010-12-17,2011-11-11,6,1035.8,172.63333333333333,5,329,357,172.63333333333333
12693,2011-01-24,2011-08-04,4,855.9100000000001,213.97750000000002,3,192,319,213.97750000000002
12694,2011-06-09,2011-09-30,2,869.6700000000001,434.83500000000004,1,113,183,434.83500000000004
12695,2011-05-13,2011-12-02,4,582.1,145.525,3,203,210,145.525
12697,2011-06-23,2011-11-11,3,957.5899999999999,319.19666666666666,2,141,169,319.19666666666666
12700,2011-05-08,2011-12-02,4,4939.99,1234.9975,3,208,215,1234.9975
12701,2011-04-11,2011-09-21,2,797.71,398.855,1,163,242,398.855
12702,2011-11-20,2011-11-20,1,219.0,219.0,0,0,19,219.0
12703,2011-09-29,2011-09-29,1,283.55,283.55,0,0,71,283.55
12704,2011-06-23,2011-12-02,7,2340.84,334.4057142857143,6,162,169,334.4057142857143
12705,2010-12-17,2011-11-24,8,6868.29,858.53625,7,342,357,858.53625
12707,2011-02-21,2011-02-21,1,603.42,603.42,0,0,291,603.42
12708,2010-12-06,2011-11-10,10,2712.91,271.291,9,339,368,271.291
12709,2010-12-08,2011-11-24,15,9736.52,649.1013333333334,14,351,366,649.1013333333334
12710,2011-05-22,2011-09-04,3,1149.02,383.00666666666666,2,105,201,383.00666666666666
12712,2010-12-03,2011-11-11,13,4396.13,338.1638461538462,12,343,371,338.1638461538462
12713,2011-12-09,2011-12-09,1,848.55,848.55,0,0,0,848.55
12714,2011-02-18,2011-11-30,5,4708.86,941.7719999999999,4,285,294,941.7719999999999
12715,2011-08-25,2011-08-25,1,353.86,353.86,0,0,106,353.86
12716,2011-07-29,2011-12-06,2,1053.49,526.745,1,130,133,526.745
12717,2011-04-08,2011-07-11,2,1030.98,515.49,1,94,245,515.49
12718,2011-09-29,2011-09-29,1,238.25,238.25,0,0,71,238.25
12719,2011-10-05,2011-12-04,2,644.95,322.475,1,60,65,322.475
12720,2010-12-05,2011-12-07,21,5781.7300000000005,275.3204761904762,20,367,369,275.3204761904762
12721,2010-12-20,2011-11-08,6,2656.13,442.68833333333333,5,323,354,442.68833333333333
12722,2011-07-12,2011-09-15,4,997.63,249.4075,3,65,150,249.4075
12723,2011-10-05,2011-12-06,3,725.0699999999999,241.68999999999997,2,62,65,241.68999999999997
12724,2011-01-11,2011-12-04,4,1031.41,257.8525,3,327,332,257.8525
12725,2010-12-03,2010-12-03,1,427.8,427.8,0,0,371,427.8
12726,2010-12-17,2011-11-11,7,2609.1,372.7285714285714,6,329,357,372.7285714285714
12727,2011-01-23,2011-11-29,6,3980.7,663.4499999999999,5,310,320,663.4499999999999
12728,2011-01-11,2011-09-29,4,836.3299999999999,209.08249999999998,3,261,332,209.08249999999998
12729,2011-08-18,2011-08-18,1,453.01,453.01,0,0,113,453.01
12731,2010-12-10,2011-11-16,11,18895.91,1717.81,10,341,364,1717.81
12732,2011-06-13,2011-06-13,1,236.26000000000002,236.26000000000002,0,0,179,236.26000000000002
12733,2011-04-19,2011-04-19,1,383.95,383.95,0,0,234,383.95
12734,2010-12-22,2010-12-22,1,110.39999999999999,110.39999999999999,0,0,352,110.39999999999999
12735,2011-01-06,2011-01-28,2,779.5699999999999,389.78499999999997,1,22,337,389.78499999999997
12736,2011-01-11,2011-01-11,1,234.0,234.0,0,0,332,234.0
12738,2010-12-02,2010-12-02,1,155.35,155.35,0,0,372,155.35
12739,2011-09-01,2011-09-22,2,1013.04,506.52,1,21,99,506.52
12740,2011-10-07,2011-10-07,1,427.6,427.6,0,0,63,427.6
12743,2011-07-28,2011-07-28,1,546.43,546.43,0,0,134,546.43
12744,2011-01-25,2011-10-19,6,21279.29,3546.5483333333336,5,267,318,3546.5483333333336
12747,2010-12-05,2011-12-07,11,4196.01,381.4554545454546,10,367,369,381.4554545454546
12748,2010-12-01,2011-12-09,113,33719.73,298.40469026548675,112,373,373,298.40469026548675
12749,2011-05-10,2011-12-06,4,4090.88,1022.72,3,210,213,1022.72
12750,2011-08-03,2011-08-03,1,275.88,275.88,0,0,128,275.88
12752,2011-09-19,2011-09-19,1,4366.78,4366.78,0,0,81,4366.78
12753,2010-12-12,2011-11-17,6,21429.39,3571.565,5,340,362,3571.565
12754,2011-02-04,2011-04-18,3,3010.74,1003.5799999999999,2,73,308,1003.5799999999999
12755,2010-12-09,2011-03-04,2,3811.95,1905.975,1,85,365,1905.975
12756,2011-09-14,2011-09-14,1,112.07999999999998,112.07999999999998,0,0,86,112.07999999999998
12757,2011-05-12,2011-11-24,9,7857.1,873.0111111111112,8,196,211,873.0111111111112
12758,2011-03-08,2011-08-15,2,2791.59,1395.795,1,160,276,1395.795
12759,2011-03-09,2011-10-18,3,1531.44,510.48,2,223,275,510.48
12762,2011-11-14,2011-12-02,2,1898.52,949.26,1,18,25,949.26
12763,2010-12-05,2011-07-24,2,494.08,247.04,1,231,369,247.04
12764,2011-01-27,2011-01-27,1,1693.88,1693.88,0,0,316,1693.88
12766,2010-12-08,2011-12-06,7,6989.63,998.5185714285715,6,363,366,998.5185714285715
12769,2011-04-15,2011-04-15,1,1143.6,1143.6,0,0,238,1143.6
12770,2011-05-13,2011-05-13,1,1351.45,1351.45,0,0,210,1351.45
12772,2011-10-11,2011-10-11,1,892.47,892.47,0,0,59,892.47
12775,2011-02-01,2011-11-22,5,1386.04,277.20799999999997,4,294,311,277.20799999999997
12778,2011-01-31,2011-11-20,6,822.23,137.03833333333333,5,293,312,137.03833333333333
12779,2010-12-03,2011-11-02,8,3981.3599999999997,497.66999999999996,7,334,371,497.66999999999996
12781,2011-02-28,2011-10-07,2,826.74,413.37,1,221,284,413.37
12782,2010-12-17,2011-12-05,5,2330.92,466.184,4,353,357,466.184
12783,2011-09-25,2011-12-07,5,2225.91,445.18199999999996,4,73,75,445.18199999999996
12784,2011-11-24,2011-11-30,2,574.42,287.21,1,6,15,287.21
12785,2010-12-10,2010-12-10,1,311.95,311.95,0,0,364,311.95
12787,2011-05-31,2011-11-30,3,463.65999999999997,154.5533333333333,2,183,192,154.5533333333333
12789,2011-10-05,2011-10-05,1,91.85,91.85,0,0,65,91.85
12790,2011-05-31,2011-05-31,1,324.92,324.92,0,0,192,324.92
12791,2010-12-01,2010-12-01,1,192.60000000000002,192.60000000000002,0,0,373,192.60000000000002
12792,2011-03-28,2011-03-28,1,400.53999999999996,400.53999999999996,0,0,256,400.53999999999996
12793,2010-12-03,2011-01-09,2,545.48,272.74,1,37,371,272.74
12794,2011-09-02,2011-10-17,2,860.41,430.205,1,45,98,430.205
12795,2011-11-21,2011-11-21,1,430.48,430.48,0,0,18,430.48
12797,2010-12-09,2010-12-09,1,254.03,254.03,0,0,365,254.03
12798,2011-06-22,2011-11-29,3,6977.04,2325.68,2,160,170,2325.68
12802,2011-06-06,2011-06-06,1,427.58,427.58,0,0,186,427.58
12808,2010-12-06,2011-11-03,3,483.65000000000003,161.21666666666667,2,332,368,161.21666666666667
12809,2011-06-15,2011-06-15,1,489.31,489.31,0,0,177,489.31
12811,2011-02-28,2011-03-24,3,514.85,171.61666666666667,2,24,284,171.61666666666667
12812,2011-10-26,2011-10-26,1,229.64000000000001,229.64000000000001,0,0,44,229.64000000000001
12814,2011-08-30,2011-08-30,1,125.92,125.92,0,0,101,125.92
12815,2011-05-25,2011-07-15,2,1063.46,531.73,1,51,198,531.73
12816,2011-06-16,2011-09-05,2,572.2,286.1,1,81,176,286.1
12817,2011-03-03,2011-03-03,1,166.04,166.04,0,0,281,166.04
12818,2011-03-23,2011-03-23,1,1542.08,1542.08,0,0,261,1542.08
12820,2011-01-17,2011-12-06,4,942.34,235.585,3,323,326,235.585
12821,2011-05-09,2011-05-09,1,92.72,92.72,0,0,214,92.72
12822,2011-09-13,2011-09-30,2,948.88,474.44,1,17,87,474.44
12823,2011-02-16,2011-09-26,5,1759.5,351.9,4,222,296,351.9
12824,2011-10-11,2011-10-11,1,397.12,397.12,0,0,59,397.12
12826,2010-12-09,2011-12-07,7,1474.72,210.67428571428573,6,363,365,210.67428571428573
12827,2011-10-26,2011-12-04,3,430.15,143.38333333333333,2,39,44,143.38333333333333
12828,2011-08-01,2011-12-07,6,1018.71,169.785,5,128,130,169.785
12829,2010-12-14,2011-01-07,2,293.0,146.5,1,24,360,146.5
12830,2011-06-21,2011-11-02,5,6814.64,1362.928,4,134,171,1362.928
12831,2011-03-22,2011-03-22,1,215.05,215.05,0,0,262,215.05
12832,2011-09-02,2011-11-07,2,383.03000000000003,191.51500000000001,1,66,98,191.51500000000001
12833,2011-07-17,2011-07-17,1,417.38,417.38,0,0,145,417.38
12834,2011-03-02,2011-03-02,1,312.38,312.38,0,0,282,312.38
12836,2011-02-01,2011-10-11,4,2612.86,653.215,3,252,311,653.215
12837,2011-06-19,2011-06-19,1,134.1,134.1,0,0,173,134.1
12838,2010-12-01,2011-11-06,2,683.1300000000001,341.56500000000005,1,340,373,341.56500000000005
12839,2010-12-07,2011-12-07,14,5591.42,399.38714285714286,13,365,367,399.38714285714286
12840,2011-04-27,2011-07-19,4,2726.77,681.6925,3,83,226,681.6925
12841,2010-12-03,2011-12-05,24,4022.35,167.59791666666666,23,367,371,167.59791666666666
12842,2011-02-04,2011-09-30,2,1118.99,559.495,1,238,308,559.495
12843,2011-03-20,2011-10-05,8,1702.26,212.7825,7,199,264,212.7825
12844,2011-08-01,2011-11-10,2,325.96000000000004,162.98000000000002,1,101,130,162.98000000000002
12845,2011-02-22,2011-03-17,4,354.09,88.5225,3,23,290,88.5225
12847,2011-11-17,2011-11-17,1,871.54,871.54,0,0,22,871.54
12849,2011-03-16,2011-11-08,2,1050.8899999999999,525.4449999999999,1,237,268,525.4449999999999
12851,2011-09-04,2011-09-04,1,135.18,135.18,0,0,96,135.18
12852,2011-02-18,2011-02-18,1,311.55,311.55,0,0,294,311.55
12853,2011-01-28,2011-07-28,3,1957.1,652.3666666666667,2,181,315,652.3666666666667
12854,2011-01-25,2011-09-22,3,1324.5,441.5,2,240,318,441.5
12855,2010-12-02,2010-12-02,1,38.1,38.1,0,0,372,38.1
12856,2011-10-07,2011-12-02,6,2179.93,363.32166666666666,5,56,63,363.32166666666666
12857,2011-02-10,2011-05-13,2,1106.4,553.2,1,92,302,553.2
12863,2011-10-18,2011-10-18,1,521.2,521.2,0,0,52,521.2
12864,2011-07-24,2011-07-24,1,147.12,147.12,0,0,138,147.12
12865,2011-08-08,2011-11-13,2,1568.23,784.115,1,97,123,784.115
12866,2011-03-01,2011-03-01,1,559.12,559.12,0,0,283,559.12
12867,2010-12-14,2011-11-13,7,4036.8199999999997,576.6885714285714,6,334,360,576.6885714285714
12868,2010-12-01,2011-06-07,6,1607.0600000000002,267.84333333333336,5,188,373,267.84333333333336
12871,2011-05-16,2011-09-16,2,380.64,190.32,1,123,207,190.32
12872,2010-12-09,2011-01-17,2,599.97,299.985,1,39,365,299.985
12873,2011-03-02,2011-03-02,1,374.0,374.0,0,0,282,374.0
12875,2010-12-12,2011-07-19,2,343.2300000000001,171.61500000000004,1,219,362,171.61500000000004
12876,2011-05-27,2011-10-13,2,2218.02,1109.01,1,139,196,1109.01
12877,2010-12-16,2011-12-06,12,1535.77,127.98083333333334,11,355,358,127.98083333333334
12878,2011-03-18,2011-04-17,2,854.99,427.495,1,30,266,427.495
12879,2011-09-09,2011-10-26,3,573.22,191.07333333333335,2,47,91,191.07333333333335
12881,2011-03-09,2011-03-09,1,298.0,298.0,0,0,275,298.0
12882,2011-11-06,2011-11-30,2,1463.04,731.52,1,24,33,731.52
12883,2011-09-11,2011-11-15,2,703.47,351.735,1,65,89,351.735
12884,2011-09-12,2011-09-12,1,309.05,309.05,0,0,88,309.05
12885,2011-08-08,2011-10-07,2,1175.22,587.61,1,60,123,587.61
12886,2011-05-04,2011-10-03,2,1378.4,689.2,1,152,219,689.2
12888,2011-03-29,2011-05-09,2,354.12,177.06,1,41,255,177.06
12890,2011-11-15,2011-11-15,1,380.46999999999997,380.46999999999997,0,0,24,380.46999999999997
12891,2011-02-20,2011-06-07,3,331.0,110.33333333333333,2,107,292,110.33333333333333
12893,2011-11-09,2011-11-09,1,188.14,188.14,0,0,30,188.14
12895,2011-09-14,2011-10-28,2,372.8,186.4,1,44,86,186.4
12897,2011-02-11,2011-05-19,2,216.5,108.25,1,97,301,108.25
12901,2011-03-14,2011-12-01,23,17654.54,767.5886956521739,22,262,270,767.5886956521739
12902,2011-03-20,2011-03-20,1,138.68,138.68,0,0,264,138.68
12904,2011-06-20,2011-11-21,2,509.58,254.79,1,154,172,254.79
12906,2011-09-22,2011-11-28,2,2919.8100000000004,1459.9050000000002,1,67,78,1459.9050000000002
12908,2011-01-31,2011-06-16,2,750.0,375.0,1,136,312,375.0
12909,2011-03-31,2011-10-31,4,2178.67,544.6675,3,214,253,544.6675
12910,2011-04-12,2011-11-16,6,3075.04,512.5066666666667,5,218,241,512.5066666666667
12912,2011-10-30,2011-12-07,5,1662.3,332.46,4,38,40,332.46
12913,2010-12-06,2011-12-05,5,2483.63,496.726,4,364,368,496.726
12915,2010-12-02,2011-07-14,2,363.65,181.825,1,224,372,181.825
12916,2011-01-23,2011-07-24,4,3006.15,751.5375,3,182,320,751.5375
12917,2011-08-03,2011-08-03,1,594.0,594.0,0,0,128,594.0
12919,2011-06-23,2011-12-01,6,1335.19,222.53166666666667,5,161,169,222.53166666666667
12920,2011-11-22,2011-11-22,1,164.23,164.23,0,0,17,164.23
12921,2010-12-01,2011-11-30,23,16587.09,721.1778260869565,22,364,373,721.1778260869565
12922,2011-07-01,2011-07-01,1,405.38,405.38,0,0,161,405.38
12923,2011-10-06,2011-10-06,1,176.97,176.97,0,0,64,176.97
12924,2011-01-16,2011-09-12,4,933.7,233.425,3,239,327,233.425
12925,2011-09-26,2011-12-05,2,694.05,347.025,1,70,74,347.025
12928,2010-12-15,2011-11-04,5,2062.7,412.53999999999996,4,324,359,412.53999999999996
12929,2011-02-01,2011-02-01,1,117.85,117.85,0,0,311,117.85
12930,2011-06-21,2011-09-22,2,415.8,207.9,1,93,171,207.9
12931,2010-12-17,2011-11-18,12,42055.96,3504.6633333333334,11,336,357,3504.6633333333334
12933,2011-03-01,2011-11-15,3,607.53,202.51,2,259,283,202.51
12935,2011-01-24,2011-12-07,6,2160.7,360.1166666666666,5,317,319,360.1166666666666
12936,2011-09-22,2011-11-22,3,1063.9,354.6333333333334,2,61,78,354.6333333333334
12937,2011-03-17,2011-11-24,4,1504.27,376.0675,3,252,267,376.0675
12938,2011-11-14,2011-11-14,1,114.14,114.14,0,0,25,114.14
12939,2011-01-09,2011-10-06,6,11581.8,1930.3,5,270,334,1930.3
12940,2011-09-13,2011-10-16,2,913.54,456.77,1,33,87,456.77
12942,2010-12-09,2011-07-31,3,683.9,227.96666666666667,2,234,365,227.96666666666667
12944,2010-12-20,2011-11-04,2,604.51,302.255,1,319,354,302.255
12945,2011-02-24,2011-02-24,1,462.95,462.95,0,0,288,462.95
12947,2010-12-01,2011-07-19,6,1603.99,267.33166666666665,5,230,373,267.33166666666665
12948,2011-03-20,2011-11-23,7,2064.95,294.99285714285713,6,248,264,294.99285714285713
12949,2011-04-01,2011-11-09,5,4167.22,833.4440000000001,4,222,252,833.4440000000001
12950,2011-11-15,2011-12-07,3,1843.0,614.3333333333334,2,22,24,614.3333333333334
12951,2011-01-13,2011-12-01,6,1064.0700000000002,177.34500000000003,5,322,330,177.34500000000003
12952,2011-09-22,2011-12-04,3,1387.79,462.59666666666664,2,73,78,462.59666666666664
12953,2011-11-30,2011-11-30,1,329.85,329.85,0,0,9,329.85
12955,2011-03-17,2011-12-08,11,4757.16,432.4690909090909,10,266,267,432.4690909090909
12956,2011-02-06,2011-02-06,1,108.07,108.07,0,0,306,108.07
12957,2011-01-04,2011-11-30,7,4017.54,573.9342857142857,6,330,339,573.9342857142857
12962,2011-08-18,2011-12-02,2,266.39000000000004,133.19500000000002,1,106,113,133.19500000000002
12963,2010-12-09,2011-12-01,7,1856.63,265.23285714285714,6,357,365,265.23285714285714
12965,2011-09-11,2011-09-11,1,771.91,771.91,0,0,89,771.91
12966,2011-11-30,2011-11-30,1,160.18,160.18,0,0,9,160.18
12967,2010-12-03,2010-12-16,2,1660.9,830.45,1,13,371,830.45
12968,2011-08-19,2011-08-19,1,135.95,135.95,0,0,112,135.95
12970,2011-01-21,2011-12-02,2,452.24,226.12,1,315,322,226.12
12971,2010-12-02,2011-12-06,71,11189.91,157.60436619718308,70,369,372,157.60436619718308
12974,2011-05-26,2011-05-26,1,144.8,144.8,0,0,197,144.8
12976,2011-05-12,2011-05-12,1,738.6,738.6,0,0,211,738.6
12977,2011-07-06,2011-07-06,1,39.239999999999995,39.239999999999995,0,0,156,39.239999999999995
12980,2010-12-16,2011-07-05,9,7374.900000000001,819.4333333333334,8,201,358,819.4333333333334
12981,2011-07-29,2011-11-10,2,372.22,186.11,1,104,133,186.11
12982,2011-04-11,2011-04-11,1,390.54,390.54,0,0,242,390.54
12984,2011-11-21,2011-11-21,1,97.5,97.5,0,0,18,97.5
12985,2011-11-11,2011-12-09,2,1239.38,619.69,1,28,28,619.69
12987,2011-05-26,2011-09-27,2,558.7,279.35,1,124,197,279.35
12988,2011-02-20,2011-02-20,1,535.32,535.32,0,0,292,535.32
12989,2010-12-10,2011-12-06,13,6924.11,532.6238461538461,12,361,364,532.6238461538461
12990,2011-02-02,2011-11-08,3,409.5,136.5,2,279,310,136.5
12991,2011-08-19,2011-11-16,2,503.76,251.88,1,89,112,251.88
12993,2011-02-14,2011-11-16,4,414.76,103.69,3,275,298,103.69
12994,2011-03-16,2011-12-05,3,974.4200000000001,324.8066666666667,2,264,268,324.8066666666667
12995,2011-09-15,2011-09-15,1,211.32,211.32,0,0,85,211.32
12997,2011-01-26,2011-11-17,4,1226.89,306.7225,3,295,317,306.7225
12999,2011-04-08,2011-05-27,3,455.88,151.96,2,49,245,151.96
13000,2010-12-10,2011-08-25,3,534.85,178.28333333333333,2,258,364,178.28333333333333
13001,2011-01-17,2011-12-05,13,9818.82,755.2938461538462,12,322,326,755.2938461538462
13002,2011-01-25,2011-01-25,1,120.94999999999999,120.94999999999999,0,0,318,120.94999999999999
13003,2011-05-09,2011-08-26,3,149.05,49.68333333333334,2,109,214,49.68333333333334
13004,2010-12-17,2011-11-28,17,5655.91,332.7005882352941,16,346,357,332.7005882352941
13005,2011-04-07,2011-06-19,2,513.7,256.85,1,73,246,256.85
13006,2011-10-14,2011-10-14,1,81.57,81.57,0,0,56,81.57
13008,2011-01-20,2011-01-20,1,229.46999999999997,229.46999999999997,0,0,323,229.46999999999997
13011,2010-12-02,2010-12-02,1,50.550000000000004,50.550000000000004,0,0,372,50.550000000000004
13012,2011-02-18,2011-11-30,8,1661.8400000000001,207.73000000000002,7,285,294,207.73000000000002
13013,2010-12-03,2011-12-08,12,4810.94,400.91166666666663,11,370,371,400.91166666666663
13014,2011-03-03,2011-11-29,10,3466.2799999999997,346.628,9,271,281,346.628
13015,2011-04-04,2011-10-17,4,3346.2799999999997,836.5699999999999,3,196,249,836.5699999999999
13016,2011-08-08,2011-09-27,2,789.89,394.945,1,50,123,394.945
13017,2011-12-02,2011-12-02,1,204.0,204.0,0,0,7,204.0
13018,2011-02-17,2011-11-23,20,7277.7,363.885,19,279,295,363.885
13021,2010-12-16,2011-12-05,8,2616.38,327.0475,7,354,358,327.0475
13023,2011-08-02,2011-10-06,2,689.9000000000001,344.95000000000005,1,65,129,344.95000000000005
13026,2011-03-09,2011-12-08,5,975.36,195.072,4,274,275,195.072
13027,2010-12-20,2011-08-18,6,6912.0,1152.0,5,241,354,1152.0
13028,2011-10-25,2011-11-17,2,661.3199999999999,330.65999999999997,1,23,45,330.65999999999997
13029,2010-12-21,2011-11-09,3,1247.5,415.8333333333333,2,323,353,415.8333333333333
13030,2010-12-06,2011-11-28,2,799.48,399.74,1,357,368,399.74
13032,2011-09-13,2011-10-18,2,1010.1800000000001,505.09000000000003,1,35,87,505.09000000000003
13033,2010-12-17,2010-12-17,1,190.55,190.55,0,0,357,190.55
13034,2010-12-05,2011-10-16,2,642.77,321.385,1,315,369,321.385
13035,2011-03-24,2011-09-27,2,921.88,460.94,1,187,260,460.94
13037,2011-03-28,2011-07-24,3,881.0699999999999,293.69,2,118,256,293.69
13038,2011-02-22,2011-09-20,3,908.46,302.82,2,210,290,302.82
13040,2011-11-06,2011-12-01,2,676.99,338.495,1,25,33,338.495
13043,2011-03-11,2011-03-11,1,516.42,516.42,0,0,273,516.42
13044,2011-02-21,2011-02-21,1,560.47,560.47,0,0,291,560.47
13045,2011-09-01,2011-09-01,1,305.28000000000003,305.28000000000003,0,0,99,305.28000000000003
13046,2011-03-18,2011-11-09,2,629.31,314.655,1,236,266,314.655
13047,2010-12-01,2011-11-08,8,3237.54,404.6925,7,342,373,404.6925
13048,2011-01-16,2011-11-25,4,1835.91,458.9775,3,313,327,458.9775
13049,2011-01-25,2011-10-06,2,656.6800000000001,328.34000000000003,1,254,318,328.34000000000003
13050,2010-12-08,2011-11-25,17,5836.86,343.3447058823529,16,352,366,343.3447058823529
13052,2011-05-11,2011-05-11,1,348.15000000000003,348.15000000000003,0,0,212,348.15000000000003
13055,2011-05-10,2011-09-22,2,1214.4099999999999,607.2049999999999,1,135,213,607.2049999999999
13058,2011-07-11,2011-11-15,3,271.4,90.46666666666665,2,127,151,90.46666666666665
13059,2011-04-04,2011-04-04,1,183.4,183.4,0,0,249,183.4
13060,2011-03-31,2011-03-31,1,307.53,307.53,0,0,253,307.53
13061,2011-09-28,2011-09-28,1,248.61,248.61,0,0,72,248.61
13062,2011-06-01,2011-06-01,1,346.98,346.98,0,0,191,346.98
13064,2011-01-16,2011-11-27,4,1119.49,279.8725,3,315,327,279.8725
13065,2010-12-01,2010-12-01,1,205.86,205.86,0,0,373,205.86
13066,2011-11-07,2011-11-15,2,470.8,235.4,1,8,32,235.4
13067,2011-09-18,2011-09-18,1,115.46000000000001,115.46000000000001,0,0,82,115.46000000000001
13068,2011-01-24,2011-11-29,2,344.0,172.0,1,309,319,172.0
13069,2010-12-05,2011-12-09,20,4436.12,221.80599999999998,19,369,369,221.80599999999998
13070,2011-05-31,2011-05-31,1,228.8,228.8,0,0,192,228.8
13072,2011-03-18,2011-03-18,1,177.15,177.15,0,0,266,177.15
13075,2011-08-02,2011-08-02,1,919.61,919.61,0,0,129,919.61
13077,2010-12-08,2011-12-08,3,729.2700000000001,243.09000000000003,2,365,366,243.09000000000003
13078,2010-12-08,2011-12-06,25,12627.94,505.11760000000004,24,363,366,505.11760000000004
13079,2011-07-22,2011-12-05,5,220.10000000000002,44.02,4,136,140,44.02
13080,2011-06-13,2011-06-13,1,58.08,58.08,0,0,179,58.08
13081,2010-12-03,2011-11-28,9,28337.38,3148.597777777778,8,360,371,3148.597777777778
13082,2011-01-05,2011-08-05,7,3613.63,516.2328571428571,6,212,338,516.2328571428571
13083,2011-09-25,2011-12-05,2,303.75,151.875,1,71,75,151.875
13085,2011-02-17,2011-07-05,2,416.08000000000004,208.04000000000002,1,138,295,208.04000000000002
13089,2010-12-05,2011-12-07,66,58825.83,891.3004545454546,65,367,369,891.3004545454546
13090,2010-12-02,2011-12-01,13,8910.82,685.4476923076923,12,364,372,685.4476923076923
13091,2011-11-11,2011-11-11,1,345.82,345.82,0,0,28,345.82
13092,2010-12-15,2011-09-30,5,477.83,95.566,4,289,359,95.566
13093,2010-12-01,2011-03-09,7,7832.47,1118.9242857142858,6,98,373,1118.9242857142858
13094,2010-12-06,2011-11-18,12,1927.3200000000002,160.61,11,347,368,160.61
13095,2011-09-30,2011-09-30,1,74.39999999999999,74.39999999999999,0,0,70,74.39999999999999
13097,2010-12-14,2011-11-07,9,6010.42,667.8244444444445,8,328,360,667.8244444444445
13098,2011-01-26,2011-12-08,26,28882.44,1110.863076923077,25,316,317,1110.863076923077
13099,2011-09-01,2011-09-01,1,207.35999999999999,207.35999999999999,0,0,99,207.35999999999999
13101,2011-04-19,2011-04-19,1,101.19,101.19,0,0,234,101.19
13102,2010-12-09,2011-12-08,20,6424.09,321.2045,19,364,365,321.2045
13103,2011-10-31,2011-10-31,1,243.94,243.94,0,0,39,243.94
13104,2010-12-20,2011-12-06,6,1098.48,183.08,5,351,354,183.08
13106,2011-07-29,2011-07-29,1,76.5,76.5,0,0,133,76.5
13107,2011-01-10,2011-10-26,4,1531.6200000000001,382.90500000000003,3,289,333,382.90500000000003
13108,2010-12-02,2010-12-02,1,350.06,350.06,0,0,372,350.06
13109,2011-07-05,2011-10-11,2,786.54,393.27,1,98,157,393.27
13110,2011-02-01,2011-11-08,6,1488.67,248.11166666666668,5,280,311,248.11166666666668
13113,2010-12-08,2011-12-09,23,12245.96,532.4330434782609,22,366,366,532.4330434782609
13115,2011-06-08,2011-11-28,4,2294.78,573.695,3,173,184,573.695
13116,2011-07-24,2011-07-24,1,501.14,501.14,0,0,138,501.14
13117,2010-12-02,2011-11-18,8,984.91,123.11375,7,351,372,123.11375
13118,2011-02-24,2011-11-20,4,1197.81,299.4525,3,269,288,299.4525
13120,2011-04-15,2011-04-15,1,30.599999999999998,30.599999999999998,0,0,238,30.599999999999998
13121,2011-03-15,2011-03-15,1,283.73,283.73,0,0,269,283.73
13122,2011-04-13,2011-09-06,2,922.39,461.195,1,146,240,461.195
13124,2010-12-15,2011-09-11,3,3866.33,1288.7766666666666,2,270,359,1288.7766666666666
13126,2010-12-08,2011-12-05,7,2099.64,299.9485714285714,6,362,366,299.9485714285714
13127,2011-09-23,2011-09-23,1,259.17,259.17,0,0,77,259.17
13130,2011-09-06,2011-09-06,1,64.0,64.0,0,0,94,64.0
13131,2011-06-05,2011-11-16,3,1073.3,357.76666666666665,2,164,187,357.76666666666665
13132,2011-03-23,2011-03-23,1,77.3,77.3,0,0,261,77.3
13133,2011-02-08,2011-03-11,2,109.80000000000001,54.900000000000006,1,31,304,54.900000000000006
13134,2011-04-13,2011-09-15,4,1793.58,448.395,3,155,240,448.395
13135,2011-05-27,2011-05-27,1,3096.0,3096.0,0,0,196,3096.0
13136,2011-05-11,2011-10-14,4,2607.61,651.9025,3,156,212,651.9025
13137,2011-02-04,2011-11-29,8,3650.41,456.30125,7,298,308,456.30125
13138,2010-12-02,2011-11-17,6,962.39,160.39833333333334,5,350,372,160.39833333333334
13139,2011-03-25,2011-11-23,6,5064.94,844.1566666666666,5,243,259,844.1566666666666
13140,2010-12-08,2011-08-23,3,423.72,141.24,2,258,366,141.24
13141,2011-01-28,2011-09-16,4,2388.75,597.1875,3,231,315,597.1875
13142,2011-11-20,2011-11-20,1,307.09,307.09,0,0,19,307.09
13144,2011-01-11,2011-01-11,1,110.95,110.95,0,0,332,110.95
13145,2010-12-02,2011-10-31,4,618.52,154.63,3,333,372,154.63
13146,2011-11-13,2011-11-13,1,228.91,228.91,0,0,26,228.91
13147,2011-09-01,2011-11-29,4,712.8000000000001,178.20000000000002,3,89,99,178.20000000000002
13148,2010-12-10,2011-11-10,7,3707.12,529.5885714285714,6,335,364,529.5885714285714
13149,2011-02-23,2011-11-25,4,1676.06,419.015,3,275,289,419.015
13151,2011-02-17,2011-02-17,1,1257.8700000000001,1257.8700000000001,0,0,295,1257.8700000000001
13153,2011-12-04,2011-12-04,1,486.22,486.22,0,0,5,486.22
13155,2010-12-06,2011-11-06,4,971.76,242.94,3,335,368,242.94
13157,2011-02-14,2011-10-21,4,1741.22,435.305,3,249,298,435.305
13158,2011-01-25,2011-09-06,4,1201.06,300.265,3,224,318,300.265
13159,2011-08-16,2011-12-01,4,1437.85,359.4625,3,107,115,359.4625
13160,2011-11-17,2011-11-17,1,91.8,91.8,0,0,22,91.8
13161,2011-01-30,2011-01-30,1,112.75,112.75,0,0,313,112.75
13162,2011-01-09,2011-08-09,4,1688.29,422.0725,3,212,334,422.0725
13165,2010-12-23,2011-10-24,2,1021.48,510.74,1,305,351,510.74
13166,2011-03-01,2011-03-01,1,417.2,417.2,0,0,283,417.2
13167,2011-07-19,2011-11-21,4,791.3299999999999,197.83249999999998,3,125,143,197.83249999999998
13168,2011-01-25,2011-11-03,4,1319.19,329.7975,3,282,318,329.7975
13169,2011-04-01,2011-10-07,2,712.88,356.44,1,189,252,356.44
13170,2011-11-13,2011-11-13,1,116.00999999999999,116.00999999999999,0,0,26,116.00999999999999
13171,2011-02-13,2011-11-18,3,468.40999999999997,156.13666666666666,2,278,299,156.13666666666666
13173,2010-12-07,2011-12-05,2,353.65,176.825,1,363,367,176.825
13174,2010-12-05,2011-11-23,3,2817.03,939.0100000000001,2,353,369,939.0100000000001
13176,2011-10-24,2011-10-24,1,492.84,492.84,0,0,46,492.84
13177,2011-10-06,2011-10-06,1,282.45,282.45,0,0,64,282.45
13178,2010-12-14,2011-11-13,11,5725.47,520.4972727272727,10,334,360,520.4972727272727
13182,2011-10-25,2011-10-25,1,121.18,121.18,0,0,45,121.18
13183,2011-01-09,2011-12-02,9,3957.78,439.75333333333333,8,327,334,439.75333333333333
13184,2011-02-22,2011-11-25,9,1701.29,189.03222222222223,8,276,290,189.03222222222223
13185,2011-03-17,2011-03-17,1,71.4,71.4,0,0,267,71.4
13186,2011-08-03,2011-10-31,3,1575.89,525.2966666666667,2,89,128,525.2966666666667
13187,2011-01-06,2011-01-06,1,236.02,236.02,0,0,337,236.02
13188,2011-11-28,2011-11-28,1,114.60000000000001,114.60000000000001,0,0,11,114.60000000000001
13189,2011-08-16,2011-11-21,2,260.68,130.34,1,97,115,130.34
13192,2011-05-18,2011-09-05,2,911.94,455.97,1,110,205,455.97
13193,2011-10-09,2011-10-09,1,117.88,117.88,0,0,61,117.88
13194,2011-07-27,2011-07-27,1,60.7,60.7,0,0,135,60.7
13196,2011-03-22,2011-11-28,3,1797.78,599.26,2,251,262,599.26
13198,2010-12-13,2011-11-29,6,3401.24,566.8733333333333,5,351,361,566.8733333333333
13199,2010-12-08,2011-12-06,33,9817.119999999999,297.4884848484848,32,363,366,297.4884848484848
13200,2011-08-05,2011-11-20,4,870.09,217.5225,3,107,126,217.5225
13203,2011-04-11,2011-11-30,4,869.46,217.365,3,233,242,217.365
13207,2011-07-12,2011-11-24,2,250.26000000000005,125.13000000000002,1,135,150,125.13000000000002
13208,2011-02-03,2011-10-12,6,1223.9,203.98333333333335,5,251,309,203.98333333333335
13209,2010-12-13,2011-11-09,6,5891.61,981.935,5,331,361,981.935
13210,2011-09-07,2011-09-07,1,353.48,353.48,0,0,93,353.48
13211,2010-12-13,2011-11-29,3,1197.42,399.14000000000004,2,351,361,399.14000000000004
13212,2011-10-09,2011-11-20,2,788.08,394.04,1,42,61,394.04
13213,2011-05-24,2011-10-14,4,1520.5800000000002,380.14500000000004,3,143,199,380.14500000000004
13216,2011-03-17,2011-03-17,1,333.74,333.74,0,0,267,333.74
13217,2011-07-06,2011-08-09,3,533.98,177.99333333333334,2,34,156,177.99333333333334
13218,2011-08-04,2011-08-04,1,62.63999999999999,62.63999999999999,0,0,127,62.63999999999999
13220,2011-04-17,2011-09-22,4,819.29,204.8225,3,158,236,204.8225
13221,2010-12-15,2011-04-13,2,847.4100000000001,423.70500000000004,1,119,359,423.70500000000004
13223,2011-04-21,2011-05-23,2,163.20000000000002,81.60000000000001,1,32,232,81.60000000000001
13224,2011-07-11,2011-10-10,2,2155.95,1077.975,1,91,151,1077.975
13225,2010-12-13,2011-12-06,7,6463.84,923.4057142857143,6,358,361,923.4057142857143
13226,2011-03-11,2011-03-11,1,108.21000000000001,108.21000000000001,0,0,273,108.21000000000001
13227,2011-05-22,2011-05-22,1,257.7,257.7,0,0,201,257.7
13228,2011-09-19,2011-09-19,1,358.0,358.0,0,0,81,358.0
13229,2011-04-28,2011-04-28,1,160.95,160.95,0,0,225,160.95
13230,2010-12-09,2011-12-05,13,2806.97,215.92076923076922,12,361,365,215.92076923076922
13232,2011-04-10,2011-11-27,7,1357.6,193.94285714285712,6,231,243,193.94285714285712
13233,2011-01-07,2011-09-26,2,605.12,302.56,1,262,336,302.56
13235,2011-05-11,2011-05-11,1,1031.07,1031.07,0,0,212,1031.07
13236,2011-08-25,2011-11-15,2,744.85,372.425,1,82,106,372.425
13238,2010-12-14,2011-11-22,4,700.73,175.1825,3,343,360,175.1825
13239,2011-03-23,2011-03-23,1,329.56,329.56,0,0,261,329.56
13240,2010-12-09,2011-09-04,4,663.65,165.9125,3,269,365,165.9125
13242,2011-05-10,2011-08-19,2,270.4,135.2,1,101,213,135.2
13243,2011-05-20,2011-05-20,1,600.07,600.07,0,0,203,600.07
13244,2011-09-08,2011-09-08,1,121.74000000000001,121.74000000000001,0,0,92,121.74000000000001
13245,2011-10-20,2011-10-20,1,430.5,430.5,0,0,50,430.5
13246,2011-01-13,2011-11-21,6,1987.3,331.21666666666664,5,312,330,331.21666666666664
13247,2011-09-18,2011-11-22,4,501.12,125.28,3,65,82,125.28
13248,2011-06-03,2011-08-07,2,465.67999999999995,232.83999999999997,1,65,189,232.83999999999997
13249,2011-03-23,2011-09-08,3,711.4100000000001,237.13666666666668,2,169,261,237.13666666666668
13253,2011-01-04,2011-07-06,2,1030.4,515.2,1,183,339,515.2
13255,2010-12-01,2011-11-30,2,399.51,199.755,1,364,373,199.755
13258,2011-05-18,2011-11-28,3,698.58,232.86,2,194,205,232.86
13259,2011-10-09,2011-10-09,1,292.32,292.32,0,0,61,292.32
13260,2011-10-09,2011-10-09,1,557.62,557.62,0,0,61,557.62
13261,2011-02-27,2011-03-16,2,944.1,472.05,1,17,285,472.05
13262,2011-03-21,2011-03-21,1,200.29,200.29,0,0,263,200.29
13263,2011-01-18,2011-12-08,33,7454.07,225.88090909090909,32,324,325,225.88090909090909
13265,2011-03-11,2011-10-17,5,2107.6600000000003,421.53200000000004,4,220,273,421.53200000000004
13266,2011-03-28,2011-11-28,12,3834.26,319.5216666666667,11,245,256,319.5216666666667
13267,2010-12-08,2011-12-07,14,4521.49,322.9635714285714,13,364,366,322.9635714285714
13268,2011-03-17,2011-11-22,10,3214.69,321.469,9,250,267,321.469
13269,2010-12-05,2011-12-08,13,5346.23,411.2484615384615,12,368,369,411.2484615384615
13270,2010-12-08,2010-12-08,1,590.0,590.0,0,0,366,590.0
13271,2011-11-02,2011-11-02,1,217.38,217.38,0,0,37,217.38
13272,2011-09-11,2011-11-08,2,276.56,138.28,1,58,89,138.28
13273,2011-08-18,2011-08-18,1,138.98,138.98,0,0,113,138.98
13276,2011-09-01,2011-10-07,2,590.9300000000001,295.46500000000003,1,36,99,295.46500000000003
13277,2011-07-29,2011-11-24,4,258.4,64.6,3,118,133,64.6
13278,2011-10-30,2011-10-30,1,542.73,542.73,0,0,40,542.73
13279,2011-09-22,2011-09-22,1,137.75,137.75,0,0,78,137.75
13280,2011-01-06,2011-08-09,3,814.86,271.62,2,215,337,271.62
13282,2011-05-03,2011-11-21,3,1132.14,377.38000000000005,2,202,220,377.38000000000005
13283,2011-06-07,2011-10-11,2,93.66,46.83,1,126,185,46.83
13284,2011-01-13,2011-01-13,1,201.19,201.19,0,0,330,201.19
13285,2011-02-22,2011-11-16,4,2709.12,677.28,3,267,290,677.28
13291,2011-07-07,2011-07-07,1,361.11,361.11,0,0,155,361.11
13292,2011-02-28,2011-11-01,2,578.94,289.47,1,246,284,289.47
13294,2011-04-04,2011-06-03,2,873.74,436.87,1,60,249,436.87
13295,2010-12-15,2010-12-15,1,201.20000000000002,201.20000000000002,0,0,359,201.20000000000002
13296,2011-07-25,2011-07-25,1,87.4,87.4,0,0,137,87.4
13297,2011-10-03,2011-12-02,3,2089.85,696.6166666666667,2,60,67,696.6166666666667
13298,2011-12-08,2011-12-08,1,360.0,360.0,0,0,1,360.0
13299,2011-03-16,2011-03-16,1,142.5,142.5,0,0,268,142.5
13300,2011-06-23,2011-06-23,1,371.89,371.89,0,0,169,371.89
13301,2011-02-20,2011-08-28,4,618.09,154.5225,3,189,292,154.5225
13302,2011-07-07,2011-07-07,1,63.75,63.75,0,0,155,63.75
13304,2010-12-23,2010-12-23,1,300.42,300.42,0,0,351,300.42
13305,2010-12-02,2011-12-05,10,2000.86,200.08599999999998,9,368,372,200.08599999999998
13307,2011-08-11,2011-08-11,1,15.0,15.0,0,0,120,15.0
13308,2011-05-20,2011-11-17,3,1385.51,461.83666666666664,2,181,203,461.83666666666664
13309,2011-02-04,2011-12-02,5,1456.79,291.358,4,301,308,291.358
13310,2011-01-19,2011-11-11,3,1132.03,377.3433333333333,2,296,324,377.3433333333333
13311,2011-07-12,2011-12-05,2,598.57,299.285,1,146,150,299.285
13313,2011-01-04,2011-11-17,5,1555.3200000000002,311.064,4,317,339,311.064
13314,2011-09-27,2011-12-08,3,775.94,258.6466666666667,2,72,73,258.6466666666667
13316,2011-03-30,2011-11-02,4,5977.73,1494.4325,3,217,254,1494.4325
13317,2010-12-16,2011-10-04,4,2273.6800000000003,568.4200000000001,3,292,358,568.4200000000001
13318,2011-11-02,2011-12-08,3,640.76,213.58666666666667,2,36,37,213.58666666666667
13319,2010-12-09,2011-12-04,17,10845.55,637.9735294117646,16,360,365,637.9735294117646
13320,2011-05-10,2011-09-22,3,1548.7,516.2333333333333,2,135,213,516.2333333333333
13321,2011-09-14,2011-09-28,2,567.36,283.68,1,14,86,283.68
13322,2011-11-22,2011-11-22,1,199.48000000000002,199.48000000000002,0,0,17,199.48000000000002
13323,2011-09-16,2011-12-06,5,787.85,157.57,4,81,84,157.57
13324,2010-12-14,2011-11-03,6,7121.95,1186.9916666666666,5,324,360,1186.9916666666666
13325,2011-09-19,2011-09-19,1,675.3,675.3,0,0,81,675.3
13327,2010-12-09,2011-11-01,7,3627.77,518.2528571428571,6,327,365,518.2528571428571
13328,2011-01-27,2011-01-27,1,1308.48,1308.48,0,0,316,1308.48
13329,2010-12-08,2011-11-08,2,789.0,394.5,1,335,366,394.5
13330,2011-01-28,2011-09-08,3,1140.9299999999998,380.30999999999995,2,223,315,380.30999999999995
13332,2011-11-25,2011-11-25,1,350.9,350.9,0,0,14,350.9
13334,2011-02-07,2011-09-18,3,3536.82,1178.94,2,223,305,1178.94
13336,2011-09-23,2011-09-23,1,795.12,795.12,0,0,77,795.12
13338,2011-07-05,2011-07-05,1,487.02,487.02,0,0,157,487.02
13339,2011-05-23,2011-05-23,1,860.12,860.12,0,0,200,860.12
13340,2011-03-08,2011-10-25,5,10736.48,2147.296,4,231,276,2147.296
13341,2011-03-24,2011-03-24,1,775.85,775.85,0,0,260,775.85
13343,2011-06-15,2011-06-15,1,353.43,353.43,0,0,177,353.43
13344,2011-03-07,2011-10-03,2,2543.7200000000003,1271.8600000000001,1,210,277,1271.8600000000001
13345,2011-02-25,2011-02-25,1,389.5,389.5,0,0,287,389.5
13347,2011-09-30,2011-09-30,1,341.36,341.36,0,0,70,341.36
13348,2011-10-06,2011-10-06,1,233.76,233.76,0,0,64,233.76
13349,2011-11-29,2011-11-29,1,247.32,247.32,0,0,10,247.32
13350,2011-09-21,2011-11-23,2,979.1200000000001,489.56000000000006,1,63,79,489.56000000000006
13351,2011-10-04,2011-10-04,1,373.94,373.94,0,0,66,373.94
13352,2011-10-10,2011-10-10,1,397.97999999999996,397.97999999999996,0,0,60,397.97999999999996
13354,2011-09-29,2011-09-29,1,743.53,743.53,0,0,71,743.53
13355,2011-08-09,2011-08-09,1,674.7,674.7,0,0,122,674.7
13356,2011-09-20,2011-09-20,1,768.24,768.24,0,0,80,768.24
13357,2011-03-27,2011-03-27,1,609.95,609.95,0,0,257,609.95
13358,2011-03-16,2011-03-16,1,439.03,439.03,0,0,268,439.03
13359,2011-10-07,2011-10-07,1,439.56,439.56,0,0,63,439.56
13362,2011-02-25,2011-11-30,4,3090.7400000000002,772.6850000000001,3,278,287,772.6850000000001
13363,2011-10-27,2011-11-22,2,992.5,496.25,1,26,43,496.25
13364,2011-09-29,2011-09-29,1,134.95999999999998,134.95999999999998,0,0,71,134.95999999999998
13365,2011-05-06,2011-11-06,2,2225.37,1112.685,1,184,217,1112.685
13366,2011-10-20,2011-10-20,1,56.160000000000004,56.160000000000004,0,0,50,56.160000000000004
13368,2011-01-06,2011-03-28,2,623.4,311.7,1,81,337,311.7
13369,2010-12-09,2010-12-09,1,308.28000000000003,308.28000000000003,0,0,365,308.28000000000003
13370,2010-12-03,2010-12-03,1,754.87,754.87,0,0,371,754.87
13372,2011-09-11,2011-09-11,1,378.64,378.64,0,0,89,378.64
13373,2011-03-08,2011-10-10,3,3312.25,1104.0833333333333,2,216,276,1104.0833333333333
13375,2011-09-12,2011-09-12,1,778.65,778.65,0,0,88,778.65
13376,2011-04-19,2011-09-01,3,1019.76,339.92,2,135,234,339.92
13379,2011-07-26,2011-11-13,3,572.56,190.85333333333332,2,110,136,190.85333333333332
13381,2011-02-14,2011-11-08,6,3639.31,606.5516666666666,5,267,298,606.5516666666666
13382,2011-03-04,2011-03-04,1,222.99,222.99,0,0,280,222.99
13384,2011-06-14,2011-11-09,6,4151.93,691.9883333333333,5,148,178,691.9883333333333
13385,2011-01-14,2011-01-14,1,534.57,534.57,0,0,329,534.57
13388,2011-07-31,2011-07-31,1,677.1,677.1,0,0,131,677.1
13389,2011-04-21,2011-11-28,3,797.96,265.9866666666667,2,221,232,265.9866666666667
13390,2011-09-26,2011-09-26,1,544.08,544.08,0,0,74,544.08
13391,2011-05-20,2011-05-20,1,59.8,59.8,0,0,203,59.8
13394,2011-02-03,2011-12-08,8,2520.02,315.0025,7,308,309,315.0025
13395,2011-06-07,2011-06-07,1,307.72,307.72,0,0,185,307.72
13396,2011-01-24,2011-11-10,2,1360.99,680.495,1,290,319,680.495
13397,2011-01-04,2011-09-28,5,1544.13,308.826,4,267,339,308.826
13398,2011-05-31,2011-05-31,1,457.34,457.34,0,0,192,457.34
13402,2010-12-02,2011-08-04,2,621.23,310.615,1,245,372,310.615
13403,2011-11-22,2011-11-22,1,75.0,75.0,0,0,17,75.0
13404,2011-05-11,2011-12-08,2,252.49,126.245,1,211,212,126.245
13405,2011-01-26,2011-09-26,3,572.451,190.817,2,243,317,190.817
13408,2010-12-01,2011-12-08,41,28117.04,685.7814634146341,40,372,373,685.7814634146341
13410,2011-02-21,2011-11-15,5,1003.0600000000001,200.61200000000002,4,267,291,200.61200000000002
13411,2011-08-24,2011-08-24,1,213.55,213.55,0,0,107,213.55
13414,2011-02-16,2011-07-29,3,1390.5,463.5,2,163,296,463.5
13416,2011-09-19,2011-10-27,2,712.5,356.25,1,38,81,356.25
13417,2011-05-18,2011-12-05,2,640.8299999999999,320.41499999999996,1,201,205,320.41499999999996
13418,2010-12-02,2011-11-28,13,6127.43,471.34076923076924,12,361,372,471.34076923076924
13419,2011-10-07,2011-10-07,1,221.06,221.06,0,0,63,221.06
13420,2011-06-22,2011-07-13,2,159.85,79.925,1,21,170,79.925
13421,2011-02-22,2011-10-30,2,1851.08,925.54,1,250,290,925.54
13422,2011-10-06,2011-10-06,1,2626.3,2626.3,0,0,64,2626.3
13425,2011-02-18,2011-08-23,3,1624.21,541.4033333333333,2,186,294,541.4033333333333
13426,2010-12-15,2011-12-09,10,3641.32,364.132,9,359,359,364.132
13427,2011-05-08,2011-11-20,3,582.6,194.20000000000002,2,196,215,194.20000000000002
13428,2011-11-29,2011-11-29,1,218.47,218.47,0,0,10,218.47
13429,2011-09-25,2011-11-29,4,1006.8000000000001,251.70000000000002,3,65,75,251.70000000000002
13430,2011-09-14,2011-11-21,2,679.45,339.725,1,68,86,339.725
13431,2011-09-12,2011-10-03,2,1269.1,634.55,1,21,88,634.55
13434,2011-09-04,2011-09-26,2,534.24,267.12,1,22,96,267.12
13435,2011-06-03,2011-12-04,7,3809.89,544.27,6,184,189,544.27
13436,2011-12-08,2011-12-08,1,196.89,196.89,0,0,1,196.89
13437,2011-06-02,2011-11-25,7,3408.06,486.86571428571426,6,176,190,486.86571428571426
13439,2011-03-29,2011-03-29,1,283.71,283.71,0,0,255,283.71
13441,2011-09-09,2011-09-09,1,296.64,296.64,0,0,91,296.64
13447,2011-11-04,2011-11-16,3,1129.14,376.38000000000005,2,12,35,376.38000000000005
13448,2010-12-01,2011-11-23,5,3539.3700000000003,707.874,4,357,373,707.874
13449,2011-11-16,2011-11-16,1,291.88,291.88,0,0,23,291.88
13450,2011-05-05,2011-11-13,6,2043.72,340.62,5,192,218,340.62
13451,2011-01-09,2011-11-13,5,2976.15,595.23,4,308,334,595.23
13452,2011-03-14,2011-03-25,2,590.0,295.0,1,11,270,295.0
13453,2011-02-23,2011-06-27,2,356.98,178.49,1,124,289,178.49
13455,2010-12-08,2011-11-15,2,1058.3400000000001,529.1700000000001,1,342,366,529.1700000000001
13456,2011-05-16,2011-11-22,6,1766.72,294.4533333333333,5,190,207,294.4533333333333
13458,2010-12-15,2011-12-02,14,9646.57,689.0407142857142,13,352,359,689.0407142857142
13460,2011-10-21,2011-11-10,2,183.44,91.72,1,20,49,91.72
13461,2011-06-29,2011-11-01,3,1445.0,481.6666666666667,2,125,163,481.6666666666667
13462,2011-04-01,2011-04-01,1,151.5,151.5,0,0,252,151.5
13464,2011-10-12,2011-10-12,1,674.68,674.68,0,0,58,674.68
13466,2011-06-08,2011-06-08,1,307.9,307.9,0,0,184,307.9
13467,2011-11-03,2011-11-29,2,1083.71,541.855,1,26,36,541.855
13468,2010-12-01,2011-12-08,36,5704.97,158.4713888888889,35,372,373,158.4713888888889
13470,2011-08-16,2011-09-01,2,165.0,82.5,1,16,115,82.5
13471,2011-10-23,2011-12-08,4,2531.58,632.895,3,46,47,632.895
13473,2011-01-11,2011-10-10,2,422.64,211.32,1,272,332,211.32
13474,2011-04-17,2011-04-17,1,229.59,229.59,0,0,236,229.59
13475,2011-02-14,2011-06-01,4,1431.78,357.945,3,107,298,357.945
13476,2011-03-03,2011-06-14,2,1238.47,619.235,1,103,281,619.235
13477,2011-02-21,2011-11-02,6,1454.58,242.42999999999998,5,254,291,242.42999999999998
13479,2011-04-19,2011-05-23,2,300.95,150.475,1,34,234,150.475
13481,2011-03-28,2011-10-25,4,1804.56,451.14,3,211,256,451.14
13482,2011-04-21,2011-04-21,1,184.64,184.64,0,0,232,184.64
13483,2011-10-05,2011-10-05,1,140.34,140.34,0,0,65,140.34
13484,2011-04-12,2011-04-12,1,313.8,313.8,0,0,241,313.8
13485,2011-04-20,2011-04-20,1,454.24,454.24,0,0,233,454.24
13486,2011-07-07,2011-09-22,3,1122.4099999999999,374.1366666666666,2,77,155,374.1366666666666
13487,2010-12-21,2011-10-13,3,575.4,191.79999999999998,2,296,353,191.79999999999998
13488,2010-12-07,2011-11-22,12,8968.31,747.3591666666666,11,350,367,747.3591666666666
13489,2011-02-18,2011-08-26,4,449.52,112.38,3,189,294,112.38
13491,2010-12-02,2011-10-19,10,1215.82,121.582,9,321,372,121.582
13492,2011-05-09,2011-07-26,3,1269.8400000000001,423.28000000000003,2,78,214,423.28000000000003
13493,2011-02-25,2011-03-09,2,618.63,309.315,1,12,287,309.315
13494,2011-02-01,2011-02-01,1,316.26000000000005,316.26000000000005,0,0,311,316.26000000000005
13495,2010-12-06,2011-12-02,5,2044.87,408.974,4,361,368,408.974
13496,2010-12-15,2011-11-29,2,653.3299999999999,326.66499999999996,1,349,359,326.66499999999996
13497,2010-12-06,2011-03-02,2,348.05,174.025,1,86,368,174.025
13499,2011-03-15,2011-11-22,5,1159.1100000000001,231.82200000000003,4,252,269,231.82200000000003
13500,2011-08-09,2011-11-16,3,1166.77,388.92333333333335,2,99,122,388.92333333333335
13501,2011-02-24,2011-02-24,1,1340.32,1340.32,0,0,288,1340.32
13502,2011-01-20,2011-11-23,3,292.0,97.33333333333333,2,307,323,97.33333333333333
13503,2011-09-29,2011-09-29,1,216.85,216.85,0,0,71,216.85
13504,2011-10-06,2011-10-06,1,295.93,295.93,0,0,64,295.93
13505,2011-04-21,2011-09-28,4,4393.63,1098.4075,3,160,232,1098.4075
13506,2010-12-05,2011-01-27,2,458.52,229.26,1,53,369,229.26
13507,2011-07-17,2011-12-06,4,2479.16,619.79,3,142,145,619.79
13508,2011-04-10,2011-04-10,1,110.97,110.97,0,0,243,110.97
13509,2011-02-28,2011-12-01,7,979.72,139.96,6,276,284,139.96
13510,2011-06-09,2011-12-08,4,1791.56,447.89,3,182,183,447.89
13512,2011-03-24,2011-03-24,1,251.21,251.21,0,0,260,251.21
13513,2011-08-05,2011-08-05,1,205.1,205.1,0,0,126,205.1
13514,2011-09-27,2011-09-27,1,152.20000000000002,152.20000000000002,0,0,73,152.20000000000002
13515,2011-04-06,2011-09-28,4,891.12,222.78,3,175,247,222.78
13516,2011-04-15,2011-11-18,3,1389.41,463.1366666666667,2,217,238,463.1366666666667
13517,2011-06-13,2011-10-11,3,2128.42,709.4733333333334,2,120,179,709.4733333333334
13518,2011-09-15,2011-09-15,1,659.4399999999999,659.4399999999999,0,0,85,659.4399999999999
13519,2011-09-22,2011-09-22,1,122.75,122.75,0,0,78,122.75
13520,2010-12-03,2011-10-12,6,3624.35,604.0583333333333,5,313,371,604.0583333333333
13521,2011-11-29,2011-12-08,3,1093.65,364.55,2,9,10,364.55
13522,2011-11-09,2011-11-09,1,125.80000000000001,125.80000000000001,0,0,30,125.80000000000001
13523,2010-12-08,2011-11-06,4,3964.88,991.22,3,333,366,991.22
13524,2011-05-04,2011-10-30,5,680.1800000000001,136.036,4,179,219,136.036
13525,2011-04-05,2011-11-25,2,628.78,314.39,1,234,248,314.39
13527,2011-01-17,2011-11-06,6,2287.51,381.2516666666667,5,293,326,381.2516666666667
13529,2011-05-19,2011-09-22,2,307.76,153.88,1,126,204,153.88
13531,2010-12-08,2011-05-18,2,483.79999999999995,241.89999999999998,1,161,366,241.89999999999998
13532,2011-11-06,2011-11-06,1,210.31,210.31,0,0,33,210.31
13533,2011-03-17,2011-06-10,2,270.78999999999996,135.39499999999998,1,85,267,135.39499999999998
13534,2010-12-16,2011-12-07,18,5870.08,326.11555555555555,17,356,358,326.11555555555555
13536,2011-09-25,2011-12-08,7,3448.29,492.61285714285714,6,74,75,492.61285714285714
13538,2011-01-28,2011-10-27,7,1280.8500000000001,182.97857142857146,6,272,315,182.97857142857146
13539,2011-02-03,2011-09-15,3,631.34,210.4466666666667,2,224,309,210.4466666666667
13544,2011-04-13,2011-10-31,2,291.40999999999997,145.70499999999998,1,201,240,145.70499999999998
13546,2011-05-23,2011-11-27,3,626.99,208.99666666666667,2,188,200,208.99666666666667
13548,2011-04-10,2011-09-04,2,682.41,341.205,1,147,243,341.205
13549,2011-04-11,2011-11-14,7,918.2,131.17142857142858,6,217,242,131.17142857142858
13551,2011-01-24,2011-01-24,1,91.80000000000001,91.80000000000001,0,0,319,91.80000000000001
13552,2011-01-28,2011-10-04,8,3740.0699999999997,467.50874999999996,7,249,315,467.50874999999996
13555,2011-05-22,2011-09-27,2,4149.28,2074.64,1,128,201,2074.64
13557,2011-03-04,2011-11-11,2,584.06,292.03,1,252,280,292.03
13558,2011-10-02,2011-12-04,4,605.06,151.265,3,63,68,151.265
13560,2011-12-02,2011-12-02,1,174.37,174.37,0,0,7,174.37
13561,2011-05-08,2011-05-08,1,141.85999999999999,141.85999999999999,0,0,215,141.85999999999999
13562,2011-04-08,2011-09-19,3,1799.33,599.7766666666666,2,164,245,599.7766666666666
13563,2011-07-22,2011-09-16,2,777.53,388.765,1,56,140,388.765
13564,2010-12-06,2011-07-18,3,1749.02,583.0066666666667,2,224,368,583.0066666666667
13565,2011-01-09,2011-11-20,2,240.21999999999997,120.10999999999999,1,315,334,120.10999999999999
13566,2011-09-18,2011-10-30,2,874.71,437.355,1,42,82,437.355
13568,2011-06-19,2011-06-19,1,192.85,192.85,0,0,173,192.85
13569,2010-12-07,2011-11-22,2,373.75,186.875,1,350,367,186.875
13570,2011-04-10,2011-04-10,1,239.49,239.49,0,0,243,239.49
13571,2011-03-31,2011-11-27,12,2092.32,174.36,11,241,253,174.36
13572,2011-05-18,2011-05-18,1,1384.25,1384.25,0,0,205,1384.25
13573,2011-03-31,2011-10-20,2,294.4,147.2,1,203,253,147.2
13575,2011-06-16,2011-11-16,5,732.0699999999999,146.414,4,153,176,146.414
13576,2010-12-01,2011-11-29,18,6717.34,373.18555555555554,17,363,373,373.18555555555554
13577,2011-04-12,2011-11-14,4,1687.6,421.9,3,216,241,421.9
13579,2010-12-05,2011-11-25,2,467.03999999999996,233.51999999999998,1,355,369,233.51999999999998
13581,2011-02-03,2011-02-03,1,118.0,118.0,0,0,309,118.0
13583,2011-07-07,2011-07-07,1,781.03,781.03,0,0,155,781.03
13584,2011-02-06,2011-02-06,1,142.4,142.4,0,0,306,142.4
13587,2011-10-07,2011-10-07,1,712.4,712.4,0,0,63,712.4
13588,2011-03-29,2011-11-24,9,2478.95,275.43888888888887,8,240,255,275.43888888888887
13589,2011-06-13,2011-11-25,2,379.65,189.825,1,165,179,189.825
13590,2011-02-09,2011-11-28,6,1981.92,330.32,5,292,303,330.32
13591,2011-03-18,2011-10-06,3,1117.1299999999999,372.3766666666666,2,202,266,372.3766666666666
13592,2011-03-20,2011-11-04,4,247.95999999999998,61.989999999999995,3,229,264,61.989999999999995
13593,2011-01-07,2011-08-23,5,2037.0800000000002,407.41600000000005,4,228,336,407.41600000000005
13594,2011-10-18,2011-10-18,1,396.97,396.97,0,0,52,396.97
13596,2011-11-27,2011-12-04,2,697.04,348.52,1,7,12,348.52
13598,2011-10-23,2011-10-23,1,180.17000000000002,180.17000000000002,0,0,47,180.17000000000002
13599,2010-12-08,2011-12-08,15,5153.67,343.57800000000003,14,365,366,343.57800000000003
13600,2011-01-31,2011-01-31,1,219.52,219.52,0,0,312,219.52
13601,2011-05-12,2011-10-25,2,693.3199999999999,346.65999999999997,1,166,211,346.65999999999997
13602,2011-10-06,2011-10-06,1,428.89,428.89,0,0,64,428.89
13603,2011-11-13,2011-11-13,1,164.34,164.34,0,0,26,164.34
13606,2011-02-01,2011-11-10,3,280.53999999999996,93.51333333333332,2,282,311,93.51333333333332
13607,2011-10-30,2011-10-30,1,678.01,678.01,0,0,40,678.01
13610,2011-02-27,2011-11-27,7,1131.88,161.69714285714286,6,273,285,161.69714285714286
13611,2010-12-15,2011-09-11,3,1171.8000000000002,390.6000000000001,2,270,359,390.6000000000001
13614,2011-01-13,2011-11-15,4,1610.46,402.615,3,306,330,402.615
13615,2011-01-25,2011-01-25,1,417.69,417.69,0,0,318,417.69
13617,2011-06-12,2011-10-30,3,544.1800000000001,181.39333333333335,2,140,180,181.39333333333335
13618,2011-06-19,2011-06-19,1,177.34,177.34,0,0,173,177.34
13621,2011-08-15,2011-08-15,1,213.85,213.85,0,0,116,213.85
13623,2011-02-15,2011-11-09,5,747.7800000000001,149.556,4,267,297,149.556
13626,2011-04-01,2011-04-01,1,257.23,257.23,0,0,252,257.23
13627,2010-12-17,2011-10-11,5,1638.47,327.694,4,298,357,327.694
13629,2011-01-05,2011-11-16,11,7792.36,708.3963636363636,10,315,338,708.3963636363636
13630,2011-02-27,2011-12-04,7,2031.78,290.2542857142857,6,280,285,290.2542857142857
13631,2011-03-17,2011-09-01,7,3070.42,438.63142857142856,6,168,267,438.63142857142856
13632,2011-04-10,2011-11-15,5,2121.27,424.254,4,219,243,424.254
13634,2011-01-16,2011-11-06,5,1575.1599999999999,315.032,4,294,327,315.032
13635,2011-10-03,2011-10-03,1,1071.03,1071.03,0,0,67,1071.03
13636,2011-02-27,2011-11-03,5,949.12,189.824,4,249,285,189.824
13637,2011-04-27,2011-10-18,3,810.5,270.1666666666667,2,174,226,270.1666666666667
13638,2011-11-24,2011-11-24,1,122.64,122.64,0,0,15,122.64
13639,2011-09-26,2011-09-26,1,1033.34,1033.34,0,0,74,1033.34
13642,2011-05-08,2011-05-08,1,354.8,354.8,0,0,215,354.8
13643,2011-06-07,2011-11-08,3,519.44,173.14666666666668,2,154,185,173.14666666666668
13644,2011-08-26,2011-11-23,4,2624.26,656.065,3,89,105,656.065
13645,2011-08-11,2011-08-11,1,252.1,252.1,0,0,120,252.1
13647,2011-04-19,2011-11-30,4,1678.1200000000001,419.53000000000003,3,225,234,419.53000000000003
13649,2010-12-08,2011-03-28,2,346.6,173.3,1,110,366,173.3
13650,2011-03-17,2011-11-23,5,1836.34,367.268,4,251,267,367.268
13651,2011-10-31,2011-11-04,2,94.2,47.1,1,4,39,47.1
13652,2010-12-06,2011-10-25,3,1095.08,365.02666666666664,2,323,368,365.02666666666664
13654,2011-03-11,2011-10-27,5,2707.33,541.466,4,230,273,541.466
13655,2011-04-12,2011-08-17,2,932.97,466.485,1,127,241,466.485
13656,2011-01-06,2011-06-28,2,379.65,189.825,1,173,337,189.825
13657,2011-05-22,2011-11-29,2,382.14,191.07,1,191,201,191.07
13658,2011-05-19,2011-11-30,3,2639.17,879.7233333333334,2,195,204,879.7233333333334
13659,2011-01-23,2011-05-18,2,1573.2,786.6,1,115,320,786.6
13662,2011-03-25,2011-09-15,3,897.76,299.25333333333333,2,174,259,299.25333333333333
13663,2011-06-13,2011-06-13,1,189.47,189.47,0,0,179,189.47
13666,2011-02-25,2011-10-10,2,84.65,42.325,1,227,287,42.325
13667,2011-07-13,2011-07-13,1,305.02,305.02,0,0,149,305.02
13668,2010-12-12,2011-12-07,21,6363.59,303.02809523809526,20,360,362,303.02809523809526
13669,2011-07-13,2011-10-20,2,218.54999999999998,109.27499999999999,1,99,149,109.27499999999999
13670,2011-09-25,2011-09-25,1,349.7,349.7,0,0,75,349.7
13672,2011-01-11,2011-02-11,2,186.39000000000001,93.19500000000001,1,31,332,93.19500000000001
13673,2011-11-07,2011-11-21,2,396.91999999999996,198.45999999999998,1,14,32,198.45999999999998
13675,2011-02-28,2011-07-11,2,486.82000000000005,243.41000000000003,1,133,284,243.41000000000003
13678,2011-07-11,2011-07-11,1,232.6,232.6,0,0,151,232.6
13680,2011-01-04,2011-12-08,4,3722.42,930.605,3,338,339,930.605
13681,2011-07-07,2011-11-22,4,827.83,206.9575,3,138,155,206.9575
13682,2011-06-05,2011-06-05,1,59.5,59.5,0,0,187,59.5
13684,2011-02-27,2011-02-27,1,67.23,67.23,0,0,285,67.23
13685,2011-10-10,2011-12-07,6,3119.44,519.9066666666666,5,58,60,519.9066666666666
13686,2011-06-10,2011-06-10,1,72.0,72.0,0,0,182,72.0
13689,2011-10-07,2011-10-07,1,910.0,910.0,0,0,63,910.0
13690,2011-10-11,2011-10-11,1,172.25,172.25,0,0,59,172.25
13692,2011-04-17,2011-11-15,3,1488.3200000000002,496.10666666666674,2,212,236,496.10666666666674
13694,2010-12-01,2011-12-06,35,65039.62,1858.2748571428572,34,370,373,1858.2748571428572
13695,2011-03-25,2011-11-08,14,2504.13,178.86642857142857,13,228,259,178.86642857142857
13697,2011-11-01,2011-11-01,1,151.29999999999998,151.29999999999998,0,0,38,151.29999999999998
13699,2011-07-07,2011-07-07,1,308.58000000000004,308.58000000000004,0,0,155,308.58000000000004
13700,2011-01-16,2011-11-13,8,2265.12,283.14,7,301,327,283.14
13703,2011-01-25,2011-01-25,1,99.5,99.5,0,0,318,99.5
13704,2011-09-12,2011-12-04,9,2308.06,256.4511111111111,8,83,88,256.4511111111111
13705,2010-12-01,2011-12-02,3,711.86,237.28666666666666,2,366,373,237.28666666666666
13706,2011-02-10,2011-02-10,1,330.79,330.79,0,0,302,330.79
13707,2011-01-28,2011-03-17,2,806.41,403.205,1,48,315,403.205
13708,2011-03-13,2011-03-13,1,296.88,296.88,0,0,271,296.88
13709,2011-01-28,2011-12-06,8,6328.05,791.00625,7,312,315,791.00625
13710,2011-11-08,2011-11-08,1,180.48,180.48,0,0,31,180.48
13711,2011-05-05,2011-05-05,1,252.06,252.06,0,0,218,252.06
13712,2011-04-07,2011-04-07,1,228.84,228.84,0,0,246,228.84
13715,2010-12-02,2011-03-03,4,1079.3400000000001,269.83500000000004,3,91,372,269.83500000000004
13716,2011-03-15,2011-03-15,1,138.28,138.28,0,0,269,138.28
13717,2011-02-14,2011-11-07,6,1445.01,240.835,5,266,298,240.835
13718,2011-02-17,2011-04-07,2,306.55,153.275,1,49,295,153.275
13719,2011-04-19,2011-11-24,5,1041.68,208.336,4,219,234,208.336
13720,2011-03-30,2011-08-15,4,799.9,199.975,3,138,254,199.975
13721,2011-11-03,2011-11-03,1,524.14,524.14,0,0,36,524.14
13722,2011-03-02,2011-07-31,2,2375.41,1187.705,1,151,282,1187.705
13723,2011-05-06,2011-05-06,1,199.85000000000002,199.85000000000002,0,0,217,199.85000000000002
13725,2011-02-04,2011-10-21,8,1980.56,247.57,7,259,308,247.57
13726,2011-08-31,2011-11-01,2,1079.66,539.83,1,62,100,539.83
13727,2011-11-06,2011-11-11,2,333.48,166.74,1,5,33,166.74
13728,2011-02-02,2011-11-03,6,1016.14,169.35666666666665,5,274,310,169.35666666666665
13730,2011-07-01,2011-07-27,2,752.5999999999999,376.29999999999995,1,26,161,376.29999999999995
13731,2011-04-07,2011-05-04,2,610.59,305.295,1,27,246,305.295
13732,2011-11-11,2011-11-11,1,491.86,491.86,0,0,28,491.86
13735,2011-04-19,2011-11-15,4,2885.24,721.31,3,210,234,721.31
13736,2011-03-24,2011-12-04,2,731.9,365.95,1,255,260,365.95
13737,2011-05-23,2011-05-23,1,339.59999999999997,339.59999999999997,0,0,200,339.59999999999997
13739,2011-11-21,2011-11-21,1,216.9,216.9,0,0,18,216.9
13740,2011-04-13,2011-04-13,1,350.75,350.75,0,0,240,350.75
13741,2011-05-06,2011-09-29,3,668.4300000000001,222.81000000000003,2,146,217,222.81000000000003
13742,2011-01-23,2011-11-23,11,3131.02,284.6381818181818,10,304,320,284.6381818181818
13743,2011-03-25,2011-12-07,7,1341.6,191.65714285714284,6,257,259,191.65714285714284
13744,2011-02-20,2011-09-05,2,1156.36,578.18,1,197,292,578.18
13745,2011-06-30,2011-06-30,1,300.04,300.04,0,0,162,300.04
13747,2010-12-01,2010-12-01,1,79.6,79.6,0,0,373,79.6
13748,2010-12-01,2011-09-05,4,948.25,237.0625,3,278,373,237.0625
13750,2011-01-07,2011-10-17,5,1647.26,329.452,4,283,336,329.452
13751,2011-02-24,2011-02-24,1,296.25,296.25,0,0,288,296.25
13752,2011-04-07,2011-08-07,6,1186.2800000000002,197.71333333333337,5,122,246,197.71333333333337
13753,2011-02-25,2011-02-25,1,741.26,741.26,0,0,287,741.26
13754,2011-01-26,2011-07-11,2,282.6,141.3,1,166,317,141.3
13755,2011-10-07,2011-12-06,8,2161.35,270.16875,7,60,63,270.16875
13756,2010-12-07,2011-12-07,12,5189.52,432.46000000000004,11,365,367,432.46000000000004
13758,2010-12-01,2011-11-28,7,3190.55,455.79285714285714,6,362,373,455.79285714285714
13759,2011-09-29,2011-11-06,2,659.4100000000001,329.70500000000004,1,38,71,329.70500000000004
13760,2011-03-28,2011-10-16,2,286.79,143.395,1,202,256,143.395
13761,2011-06-13,2011-10-20,2,1070.65,535.325,1,129,179,535.325
13762,2011-05-05,2011-05-05,1,306.72,306.72,0,0,218,306.72
13763,2011-10-07,2011-10-07,1,1714.96,1714.96,0,0,63,1714.96
13764,2011-01-06,2011-09-30,3,1521.76,507.25333333333333,2,267,337,507.25333333333333
13767,2010-12-01,2011-12-07,31,17220.36,555.4954838709677,30,371,373,555.4954838709677
13769,2010-12-07,2011-12-07,9,2796.51,310.72333333333336,8,365,367,310.72333333333336
13771,2011-04-06,2011-10-06,3,2634.45,878.15,2,183,247,878.15
13772,2011-04-14,2011-11-06,3,1132.13,377.3766666666667,2,206,239,377.3766666666667
13774,2011-09-19,2011-09-19,1,345.0,345.0,0,0,81,345.0
13777,2010-12-01,2011-12-09,24,25977.16,1082.3816666666667,23,373,373,1082.3816666666667
13778,2011-08-28,2011-08-28,1,178.7,178.7,0,0,103,178.7
13780,2011-06-22,2011-12-02,2,360.01000000000005,180.00500000000002,1,163,170,180.00500000000002
13781,2011-04-03,2011-04-03,1,127.84,127.84,0,0,250,127.84
13782,2011-01-16,2011-11-27,6,912.0,152.0,5,315,327,152.0
13784,2011-01-11,2011-11-30,11,2462.79,223.89,10,323,332,223.89
13786,2010-12-07,2010-12-07,1,230.39999999999998,230.39999999999998,0,0,367,230.39999999999998
13787,2010-12-10,2011-09-25,2,309.04,154.52,1,289,364,154.52
13790,2011-12-05,2011-12-05,1,348.8,348.8,0,0,4,348.8
13791,2011-06-24,2011-08-04,2,1516.0,758.0,1,41,168,758.0
13792,2011-02-25,2011-10-04,2,195.55,97.775,1,221,287,97.775
13798,2010-12-02,2011-12-08,53,37153.85,701.0160377358491,52,371,372,701.0160377358491
13799,2011-02-18,2011-08-15,2,688.8599999999999,344.42999999999995,1,178,294,344.42999999999995
13800,2011-02-03,2011-02-03,1,558.32,558.32,0,0,309,558.32
13801,2011-10-04,2011-10-04,1,324.8,324.8,0,0,66,324.8
13802,2011-02-01,2011-07-24,3,4599.42,1533.14,2,173,311,1533.14
13803,2011-03-29,2011-03-29,1,277.07,277.07,0,0,255,277.07
13804,2011-02-23,2011-11-09,6,2635.79,439.29833333333335,5,259,289,439.29833333333335
13805,2011-08-02,2011-10-18,2,924.6,462.3,1,77,129,462.3
13806,2011-10-07,2011-10-07,1,256.38,256.38,0,0,63,256.38
13807,2010-12-07,2010-12-07,1,112.6,112.6,0,0,367,112.6
13808,2011-09-04,2011-12-04,5,1747.66,349.53200000000004,4,91,96,349.53200000000004
13809,2011-02-07,2011-02-07,1,155.05,155.05,0,0,305,155.05
13810,2011-10-14,2011-11-11,2,1499.01,749.505,1,28,56,749.505
13811,2011-04-14,2011-06-09,3,814.5,271.5,2,56,239,271.5
13812,2011-08-26,2011-10-28,3,539.0,179.66666666666666,2,63,105,179.66666666666666
13813,2011-07-28,2011-10-31,4,1366.8600000000001,341.71500000000003,3,95,134,341.71500000000003
13814,2011-07-25,2011-09-08,2,1579.12,789.56,1,45,137,789.56
13815,2011-01-25,2011-11-17,4,4027.36,1006.84,3,296,318,1006.84
13816,2011-10-06,2011-11-16,2,571.6700000000001,285.83500000000004,1,41,64,285.83500000000004
13817,2010-12-23,2011-11-10,2,382.98,191.49,1,322,351,191.49
13819,2011-01-24,2011-02-11,3,1140.35,380.1166666666666,2,18,319,380.1166666666666
13821,2011-03-23,2011-07-18,2,385.64,192.82,1,117,261,192.82
13822,2011-10-30,2011-12-04,2,632.0,316.0,1,35,40,316.0
13823,2011-09-09,2011-11-21,2,957.66,478.83,1,73,91,478.83
13824,2011-02-02,2011-11-07,5,1698.94,339.788,4,278,310,339.788
13826,2011-06-16,2011-06-16,1,189.5,189.5,0,0,176,189.5
13827,2011-07-19,2011-10-13,3,412.05,137.35,2,86,143,137.35
13828,2011-11-17,2011-11-17,1,209.49,209.49,0,0,22,209.49
13831,2010-12-05,2011-11-23,6,2202.99,367.16499999999996,5,353,369,367.16499999999996
13832,2011-11-20,2011-11-20,1,52.199999999999996,52.199999999999996,0,0,19,52.199999999999996
13833,2011-07-03,2011-07-03,1,384.8,384.8,0,0,159,384.8
13835,2011-05-08,2011-11-14,4,834.5699999999999,208.64249999999998,3,190,215,208.64249999999998
13837,2011-01-26,2011-05-12,2,271.24,135.62,1,106,317,135.62
13838,2010-12-05,2011-12-04,3,691.73,230.57666666666668,2,364,369,230.57666666666668
13841,2011-04-01,2011-04-01,1,85.0,85.0,0,0,252,85.0
13842,2010-12-08,2011-10-12,9,3385.62,376.18,8,308,366,376.18
13844,2011-11-28,2011-11-28,1,361.62,361.62,0,0,11,361.62
13845,2011-10-06,2011-10-06,1,312.98,312.98,0,0,64,312.98
13846,2010-12-14,2011-11-15,3,865.06,288.3533333333333,2,336,360,288.3533333333333
13848,2010-12-08,2011-09-08,3,1255.0,418.3333333333333,2,274,366,418.3333333333333
13849,2011-06-22,2011-10-19,2,1537.9499999999998,768.9749999999999,1,119,170,768.9749999999999
13850,2011-08-02,2011-08-02,1,1595.48,1595.48,0,0,129,1595.48
13851,2011-02-24,2011-09-05,3,2651.46,883.82,2,193,288,883.82
13853,2011-10-13,2011-10-13,1,1090.14,1090.14,0,0,57,1090.14
13854,2010-12-09,2011-12-01,25,8109.52,324.3808,24,357,365,324.3808
13856,2011-05-20,2011-06-24,3,388.5,129.5,2,35,203,129.5
13858,2011-10-13,2011-10-13,1,216.17,216.17,0,0,57,216.17
13859,2011-01-17,2011-01-17,1,201.16,201.16,0,0,326,201.16
13860,2011-09-14,2011-12-08,4,1245.9,311.475,3,85,86,311.475
13862,2011-01-11,2011-11-21,8,2209.36,276.17,7,314,332,276.17
13863,2011-04-06,2011-04-06,1,305.78,305.78,0,0,247,305.78
13865,2011-02-23,2011-10-12,4,501.56,125.39,3,231,289,125.39
13866,2011-09-26,2011-09-26,1,145.67000000000002,145.67000000000002,0,0,74,145.67000000000002
13867,2011-05-05,2011-11-08,3,1015.2900000000001,338.43,2,187,218,338.43
13868,2011-11-01,2011-12-02,2,3192.54,1596.27,1,31,38,1596.27
13869,2010-12-17,2011-08-08,4,3104.95,776.2375,3,234,357,776.2375
13870,2011-02-25,2011-12-07,6,2770.94,461.8233333333333,5,285,287,461.8233333333333
13871,2011-02-04,2011-11-17,12,6403.25,533.6041666666666,11,286,308,533.6041666666666
13873,2011-02-03,2011-08-12,3,389.6,129.86666666666667,2,190,309,129.86666666666667
13874,2010-12-16,2010-12-16,1,540.45,540.45,0,0,358,540.45
13875,2011-02-11,2011-10-17,5,1786.79,357.358,4,248,301,357.358
13876,2011-10-07,2011-10-07,1,122.7,122.7,0,0,63,122.7
13877,2011-09-14,2011-09-14,1,117.24,117.24,0,0,86,117.24
13878,2011-10-16,2011-10-16,1,1281.53,1281.53,0,0,54,1281.53
13880,2010-12-07,2011-11-18,10,3219.77,321.977,9,346,367,321.977
13881,2011-02-01,2011-12-06,16,17159.52,1072.47,15,308,311,1072.47
13882,2011-10-06,2011-12-07,5,1191.13,238.22600000000003,4,62,64,238.22600000000003
13883,2011-03-31,2011-11-29,3,2674.48,891.4933333333333,2,243,253,891.4933333333333
13884,2011-03-01,2011-12-02,4,787.6,196.9,3,276,283,196.9
13885,2011-05-23,2011-06-03,2,506.79999999999995,253.39999999999998,1,11,200,253.39999999999998
13886,2011-09-29,2011-09-29,1,243.56,243.56,0,0,71,243.56
13887,2011-05-19,2011-05-19,1,349.55,349.55,0,0,204,349.55
13888,2011-05-05,2011-08-12,2,605.63,302.815,1,99,218,302.815
13889,2011-09-08,2011-09-08,1,416.90000000000003,416.90000000000003,0,0,92,416.90000000000003
13890,2010-12-16,2011-12-08,9,1883.81,209.3122222222222,8,357,358,209.3122222222222
13892,2011-04-07,2011-11-13,4,632.9699999999999,158.24249999999998,3,220,246,158.24249999999998
13893,2011-02-15,2011-02-15,1,821.1,821.1,0,0,297,821.1
13894,2011-02-02,2011-11-16,2,564.62,282.31,1,287,310,282.31
13895,2011-06-28,2011-11-11,4,2593.07,648.2675,3,136,164,648.2675
13897,2011-10-20,2011-10-20,1,311.16,311.16,0,0,50,311.16
13898,2011-01-18,2011-01-18,1,155.93,155.93,0,0,325,155.93
13899,2011-03-10,2011-11-23,2,388.52,194.26,1,258,274,194.26
13900,2011-03-22,2011-06-09,3,740.95,246.98333333333335,2,79,262,246.98333333333335
13901,2011-01-25,2011-09-28,5,2867.2000000000003,573.44,4,246,318,573.44
13904,2011-02-18,2011-11-02,2,332.64,166.32,1,257,294,166.32
13908,2011-03-08,2011-09-21,4,2369.55,592.3875,3,197,276,592.3875
13911,2011-02-04,2011-10-13,9,2580.91,286.7677777777778,8,251,308,286.7677777777778
13914,2011-11-03,2011-11-28,2,626.45,313.225,1,25,36,313.225
13917,2011-06-01,2011-10-21,2,272.03999999999996,136.01999999999998,1,142,191,136.01999999999998
13918,2011-03-31,2011-10-21,2,1212.84,606.42,1,204,253,606.42
13919,2011-08-10,2011-10-11,2,384.81,192.405,1,62,121,192.405
13922,2010-12-23,2010-12-23,1,172.25,172.25,0,0,351,172.25
13923,2011-10-17,2011-10-17,1,351.13,351.13,0,0,53,351.13
13924,2011-09-28,2011-12-08,6,1838.85,306.47499999999997,5,71,72,306.47499999999997
13925,2011-07-28,2011-09-08,3,678.25,226.08333333333334,2,42,134,226.08333333333334
13926,2011-11-16,2011-11-16,1,223.85000000000002,223.85000000000002,0,0,23,223.85000000000002
13927,2011-09-26,2011-09-26,1,348.99,348.99,0,0,74,348.99
13928,2011-07-29,2011-11-29,4,464.57000000000005,116.14250000000001,3,123,133,116.14250000000001
13929,2011-01-17,2011-06-23,2,842.65,421.325,1,157,326,421.325
13930,2011-07-26,2011-10-13,2,337.34,168.67,1,79,136,168.67
13931,2011-03-04,2011-09-05,2,1237.5300000000002,618.7650000000001,1,185,280,618.7650000000001
13932,2011-02-18,2011-02-18,1,307.4,307.4,0,0,294,307.4
13933,2011-07-14,2011-08-22,2,608.79,304.395,1,39,148,304.395
13934,2011-03-21,2011-03-21,1,922.1,922.1,0,0,263,922.1
13936,2011-06-13,2011-06-13,1,376.58,376.58,0,0,179,376.58
13937,2011-06-23,2011-06-23,1,158.85,158.85,0,0,169,158.85
13938,2011-11-04,2011-11-04,1,71.66,71.66,0,0,35,71.66
13939,2011-02-01,2011-11-16,3,568.55,189.51666666666665,2,288,311,189.51666666666665
13940,2011-07-18,2011-11-22,4,839.14,209.785,3,127,144,209.785
13941,2010-12-02,2011-11-18,5,5112.96,1022.592,4,351,372,1022.592
13946,2011-03-17,2011-09-21,3,561.57,187.19000000000003,2,188,267,187.19000000000003
13947,2011-10-05,2011-10-05,1,90.6,90.6,0,0,65,90.6
13948,2010-12-14,2010-12-14,1,102.0,102.0,0,0,360,102.0
13949,2011-09-06,2011-12-07,6,2427.32,404.55333333333334,5,92,94,404.55333333333334
13950,2011-04-07,2011-11-28,4,745.06,186.265,3,235,246,186.265
13951,2011-02-18,2011-06-16,3,674.45,224.8166666666667,2,118,294,224.8166666666667
13952,2011-04-15,2011-05-06,2,3251.071,1625.5355,1,21,238,1625.5355
13953,2010-12-22,2011-12-02,7,3515.68,502.23999999999995,6,345,352,502.23999999999995
13954,2011-09-30,2011-12-08,2,439.91999999999996,219.95999999999998,1,69,70,219.95999999999998
13955,2011-02-07,2011-07-08,2,322.96,161.48,1,151,305,161.48
13956,2011-03-13,2011-12-04,5,1026.42,205.28400000000002,4,266,271,205.28400000000002
13959,2010-12-12,2011-09-21,3,598.2,199.4,2,283,362,199.4
13960,2011-09-29,2011-11-18,2,230.22,115.11,1,50,71,115.11
13962,2011-04-08,2011-11-18,2,169.55,84.775,1,224,245,84.775
13963,2010-12-07,2011-02-04,4,664.54,166.135,3,59,367,166.135
13967,2011-07-17,2011-07-17,1,80.7,80.7,0,0,145,80.7
13969,2010-12-09,2011-12-02,17,9053.94,532.584705882353,16,358,365,532.584705882353
13971,2011-02-27,2011-11-21,8,2758.26,344.7825,7,267,285,344.7825
13972,2011-05-22,2011-09-30,2,190.25,95.125,1,131,201,95.125
13973,2011-02-25,2011-02-25,1,264.7,264.7,0,0,287,264.7
13974,2011-10-21,2011-10-21,1,413.59000000000003,413.59000000000003,0,0,49,413.59000000000003
13975,2011-03-08,2011-11-08,5,2526.2799999999997,505.256,4,245,276,505.256
13976,2011-05-17,2011-05-17,1,357.98,357.98,0,0,206,357.98
13978,2011-10-25,2011-11-25,2,196.79000000000002,98.39500000000001,1,31,45,98.39500000000001
13979,2011-09-27,2011-09-27,1,869.87,869.87,0,0,73,869.87
13980,2011-10-10,2011-10-10,1,200.14,200.14,0,0,60,200.14
13982,2010-12-09,2011-10-31,4,1871.81,467.9525,3,326,365,467.9525
13983,2010-12-08,2011-11-10,10,2603.43,260.34299999999996,9,337,366,260.34299999999996
13984,2010-12-08,2011-11-13,5,920.51,184.102,4,340,366,184.102
13985,2011-03-20,2011-12-05,15,7060.13,470.67533333333336,14,260,264,470.67533333333336
13986,2011-11-22,2011-11-22,1,320.46,320.46,0,0,17,320.46
13988,2011-03-30,2011-11-20,6,4147.96,691.3266666666667,5,235,254,691.3266666666667
13989,2011-04-14,2011-10-05,2,1266.08,633.04,1,174,239,633.04
13990,2011-05-10,2011-05-10,1,311.3,311.3,0,0,213,311.3
13991,2011-07-19,2011-11-27,5,855.97,171.19400000000002,4,131,143,171.19400000000002
13992,2011-11-09,2011-11-09,1,76.8,76.8,0,0,30,76.8
13993,2011-01-13,2011-10-28,9,3466.36,385.1511111111111,8,288,330,385.1511111111111
13994,2011-07-14,2011-12-06,6,2313.14,385.5233333333333,5,145,148,385.5233333333333
13995,2011-04-08,2011-11-24,5,1393.69,278.738,4,230,245,278.738
13999,2010-12-13,2011-11-29,12,3901.81,325.1508333333333,11,351,361,325.1508333333333
14000,2011-05-12,2011-05-12,1,635.66,635.66,0,0,211,635.66
14001,2010-12-01,2011-10-25,3,2043.08,681.0266666666666,2,328,373,681.0266666666666
14002,2011-07-06,2011-07-28,2,529.73,264.865,1,22,156,264.865
14004,2011-02-24,2011-10-27,7,4582.64,654.6628571428572,6,245,288,654.6628571428572
14005,2011-05-08,2011-11-30,5,2874.7200000000003,574.9440000000001,4,206,215,574.9440000000001
14006,2011-01-31,2011-08-16,3,962.19,320.73,2,197,312,320.73
14009,2011-05-18,2011-05-25,2,695.61,347.805,1,7,205,347.805
14012,2011-03-07,2011-03-07,1,328.8,328.8,0,0,277,328.8
14013,2011-03-09,2011-08-21,3,473.02,157.67333333333332,2,165,275,157.67333333333332
14014,2011-09-23,2011-09-23,1,505.18,505.18,0,0,77,505.18
14015,2011-10-18,2011-10-18,1,917.34,917.34,0,0,52,917.34
14016,2010-12-17,2011-07-01,4,4341.21,1085.3025,3,196,357,1085.3025
14019,2011-07-24,2011-10-24,3,1421.61,473.86999999999995,2,92,138,473.86999999999995
14020,2011-09-12,2011-11-23,2,642.8,321.4,1,72,88,321.4
14021,2011-03-28,2011-07-07,3,631.9,210.63333333333333,2,101,256,210.63333333333333
14022,2011-04-28,2011-04-28,1,440.0,440.0,0,0,225,440.0
14023,2011-04-03,2011-12-02,2,584.0699999999999,292.03499999999997,1,243,250,292.03499999999997
14024,2011-08-07,2011-08-10,2,327.7,163.85,1,3,124,163.85
14027,2011-10-10,2011-10-10,1,104.82,104.82,0,0,60,104.82
14029,2011-07-18,2011-10-07,2,467.65999999999997,233.82999999999998,1,81,144,233.82999999999998
14030,2010-12-08,2011-11-21,7,2360.09,337.1557142857143,6,348,366,337.1557142857143
14031,2010-12-02,2011-12-02,17,17286.86,1016.8741176470588,16,365,372,1016.8741176470588
14032,2010-12-08,2011-12-07,11,2975.59,270.5081818181818,10,364,366,270.5081818181818
14034,2011-07-05,2011-11-17,2,651.8199999999999,325.90999999999997,1,135,157,325.90999999999997
14035,2011-02-15,2011-11-11,5,1428.02,285.604,4,269,297,285.604
14036,2011-02-28,2011-02-28,1,626.65,626.65,0,0,284,626.65
14037,2010-12-10,2011-06-16,2,147.2,73.6,1,188,364,73.6
14038,2011-05-16,2011-09-22,3,1560.38,520.1266666666667,2,129,207,520.1266666666667
14039,2011-11-06,2011-11-06,1,152.2,152.2,0,0,33,152.2
14040,2011-01-12,2011-10-30,11,3614.92,328.6290909090909,10,291,331,328.6290909090909
14041,2011-03-18,2011-03-18,1,141.41,141.41,0,0,266,141.41
14044,2011-02-03,2011-11-13,4,652.82,163.205,3,283,309,163.205
14045,2010-12-01,2011-08-22,3,1659.75,553.25,2,264,373,553.25
14046,2011-02-28,2011-02-28,1,154.99,154.99,0,0,284,154.99
14047,2010-12-02,2011-12-01,5,1308.6100000000001,261.72200000000004,4,364,372,261.72200000000004
14048,2011-02-07,2011-02-07,1,409.93,409.93,0,0,305,409.93
14049,2011-01-26,2011-11-23,4,5681.719999999999,1420.4299999999998,3,301,317,1420.4299999999998
14050,2011-08-25,2011-11-08,2,746.36,373.18,1,75,106,373.18
14051,2010-12-08,2011-12-09,22,15610.390000000001,709.5631818181819,21,366,366,709.5631818181819
14052,2011-11-20,2011-11-20,1,225.36,225.36,0,0,19,225.36
14053,2011-07-03,2011-08-07,2,260.25,130.125,1,35,159,130.125
14054,2011-10-05,2011-10-05,1,92.46,92.46,0,0,65,92.46
14055,2011-08-25,2011-08-25,1,725.6400000000001,725.6400000000001,0,0,106,725.6400000000001
14056,2011-02-28,2011-12-08,23,8214.65,357.1586956521739,22,283,284,357.1586956521739
14057,2010-12-14,2011-11-16,14,6217.96,444.14,13,337,360,444.14
14059,2011-03-18,2011-03-18,1,183.6,183.6,0,0,266,183.6
14060,2010-12-02,2011-12-05,19,6140.42,323.18,18,368,372,323.18
14062,2010-12-10,2011-11-30,11,10464.85,951.35,10,355,364,951.35
14064,2011-03-10,2011-11-10,5,1353.7399999999998,270.74799999999993,4,245,274,270.74799999999993
14066,2011-03-18,2011-03-18,1,152.55,152.55,0,0,266,152.55
14067,2011-09-04,2011-10-07,2,374.7,187.35,1,33,96,187.35
14068,2011-01-23,2011-01-23,1,265.85,265.85,0,0,320,265.85
14071,2011-03-20,2011-12-06,7,1438.82,205.54571428571427,6,261,264,205.54571428571427
14073,2011-11-07,2011-11-07,1,151.04,151.04,0,0,32,151.04
14075,2011-03-23,2011-12-05,3,942.26,314.08666666666664,2,257,261,314.08666666666664
14076,2011-08-02,2011-08-02,1,122.47,122.47,0,0,129,122.47
14077,2011-03-10,2011-10-30,5,499.41999999999996,99.88399999999999,4,234,274,99.88399999999999
14078,2010-12-01,2011-08-30,6,1049.37,174.89499999999998,5,272,373,174.89499999999998
14079,2011-08-07,2011-08-07,1,375.1,375.1,0,0,124,375.1
14080,2011-11-07,2011-11-07,1,45.599999999999994,45.599999999999994,0,0,32,45.599999999999994
14081,2010-12-05,2011-02-10,2,934.52,467.26,1,67,369,467.26
14082,2010-12-10,2010-12-10,1,182.25,182.25,0,0,364,182.25
14083,2010-12-03,2011-12-05,8,1018.4300000000001,127.30375000000001,7,367,371,127.30375000000001
14085,2010-12-06,2011-12-07,16,4448.54,278.03375,15,366,368,278.03375
14087,2011-12-07,2011-12-07,1,194.42,194.42,0,0,2,194.42
14088,2011-01-21,2011-11-29,12,50491.81,4207.650833333333,11,312,322,4207.650833333333
14089,2011-10-14,2011-10-14,1,161.0,161.0,0,0,56,161.0
14090,2011-01-19,2011-01-19,1,76.32000000000001,76.32000000000001,0,0,324,76.32000000000001
14092,2010-12-16,2011-12-02,12,4076.91,339.7425,11,351,358,339.7425
14093,2011-11-27,2011-11-27,1,442.85,442.85,0,0,12,442.85
14096,2011-08-30,2011-12-05,17,65164.79,3833.2229411764706,16,97,101,3833.2229411764706
14098,2011-11-03,2011-11-03,1,147.35,147.35,0,0,36,147.35
14099,2010-12-20,2011-11-23,11,3104.17,282.1972727272727,10,338,354,282.1972727272727
14100,2011-07-25,2011-07-25,1,194.9,194.9,0,0,137,194.9
14101,2011-01-17,2011-09-27,6,5976.79,996.1316666666667,5,253,326,996.1316666666667
14102,2011-10-26,2011-12-04,5,1360.28,272.056,4,39,44,272.056
14104,2011-06-27,2011-07-08,2,216.20999999999998,108.10499999999999,1,11,165,108.10499999999999
14105,2011-04-14,2011-04-14,1,1266.23,1266.23,0,0,239,1266.23
14107,2010-12-10,2011-10-19,7,2703.23,386.17571428571426,6,313,364,386.17571428571426
14108,2011-08-30,2011-11-09,2,597.91,298.955,1,71,101,298.955
14109,2011-09-28,2011-09-28,1,144.2,144.2,0,0,72,144.2
14110,2011-03-18,2011-12-06,12,5683.150000000001,473.59583333333336,11,263,266,473.59583333333336
14111,2011-04-12,2011-11-25,4,692.85,173.2125,3,227,241,173.2125
14112,2011-03-09,2011-11-17,5,2915.15,583.03,4,253,275,583.03
14113,2010-12-20,2011-12-06,4,1840.42,460.105,3,351,354,460.105
14114,2011-01-13,2011-03-11,2,386.53,193.265,1,57,330,193.265
14116,2011-08-10,2011-11-20,5,1382.74,276.548,4,102,121,276.548
14117,2011-07-19,2011-07-19,1,90.0,90.0,0,0,143,90.0
14121,2011-10-11,2011-12-06,4,2780.15,695.0375,3,56,59,695.0375
14124,2011-09-16,2011-09-16,1,419.58000000000004,419.58000000000004,0,0,84,419.58000000000004
14125,2011-09-22,2011-11-29,3,2740.43,913.4766666666666,2,68,78,913.4766666666666
14126,2011-11-29,2011-12-02,2,706.1300000000001,353.06500000000005,1,3,10,353.06500000000005
14127,2011-02-02,2011-08-09,3,709.71,236.57000000000002,2,188,310,236.57000000000002
14128,2011-03-29,2011-10-10,2,637.5,318.75,1,195,255,318.75
14129,2011-03-24,2011-12-08,4,1123.8600000000001,280.96500000000003,3,259,260,280.96500000000003
14130,2011-01-24,2011-01-24,1,483.86,483.86,0,0,319,483.86
14132,2011-06-09,2011-12-07,11,3586.0299999999997,326.00272727272727,10,181,183,326.00272727272727
14133,2011-01-28,2011-08-02,2,605.64,302.82,1,186,315,302.82
14135,2010-12-02,2011-12-08,14,4690.31,335.0221428571429,13,371,372,335.0221428571429
14138,2011-10-07,2011-12-08,2,982.3800000000001,491.19000000000005,1,62,63,491.19000000000005
14139,2011-10-24,2011-10-24,1,415.82,415.82,0,0,46,415.82
14140,2011-11-08,2011-12-06,2,935.05,467.525,1,28,31,467.525
14141,2011-08-26,2011-12-07,4,915.1300000000001,228.78250000000003,3,103,105,228.78250000000003
14142,2010-12-01,2010-12-01,1,311.81,311.81,0,0,373,311.81
14143,2011-07-29,2011-07-29,1,115.8,115.8,0,0,133,115.8
14145,2011-05-06,2011-10-24,4,3742.2,935.55,3,171,217,935.55
14146,2010-12-17,2011-12-01,4,4191.0,1047.75,3,349,357,1047.75
14147,2011-02-27,2011-09-22,2,483.40000000000003,241.70000000000002,1,207,285,241.70000000000002
14148,2011-04-20,2011-04-20,1,157.2,157.2,0,0,233,157.2
14149,2011-05-03,2011-05-03,1,446.62,446.62,0,0,220,446.62
14150,2010-12-15,2011-11-04,2,658.6400000000001,329.32000000000005,1,324,359,329.32000000000005
14152,2011-04-19,2011-09-25,2,621.29,310.645,1,159,234,310.645
14154,2011-04-14,2011-04-14,1,1345.62,1345.62,0,0,239,1345.62
14155,2011-03-18,2011-03-18,1,118.75,118.75,0,0,266,118.75
14156,2010-12-03,2011-11-30,43,117379.63,2729.7588372093023,42,362,371,2729.7588372093023
14157,2011-02-27,2011-11-20,2,432.88,216.44,1,266,285,216.44
14158,2011-10-30,2011-10-30,1,507.66,507.66,0,0,40,507.66
14159,2010-12-12,2011-11-20,11,4693.01,426.6372727272728,10,343,362,426.6372727272728
14161,2010-12-05,2011-05-08,3,1110.52,370.17333333333335,2,154,369,370.17333333333335
14162,2011-02-20,2011-06-19,2,289.36,144.68,1,119,292,144.68
14163,2011-04-14,2011-09-13,4,2445.91,611.4775,3,152,239,611.4775
14164,2011-09-20,2011-09-30,2,1631.77,815.885,1,10,80,815.885
14165,2011-03-09,2011-03-09,1,122.53999999999999,122.53999999999999,0,0,275,122.53999999999999
14167,2011-01-12,2011-10-31,4,574.84,143.71,3,292,331,143.71
14171,2011-09-02,2011-09-02,1,363.79,363.79,0,0,98,363.79
14173,2011-05-04,2011-11-29,3,450.84000000000003,150.28,2,209,219,150.28
14174,2011-11-06,2011-11-06,1,134.46,134.46,0,0,33,134.46
14175,2011-01-14,2011-10-11,3,3222.3,1074.1000000000001,2,270,329,1074.1000000000001
14176,2010-12-07,2011-02-15,3,576.9000000000001,192.30000000000004,2,70,367,192.30000000000004
14177,2011-06-13,2011-09-14,3,559.41,186.47,2,93,179,186.47
14178,2011-06-10,2011-12-01,7,1620.93,231.5614285714286,6,174,182,231.5614285714286
14179,2011-10-18,2011-10-30,2,719.7800000000001,359.89000000000004,1,12,52,359.89000000000004
14180,2010-12-02,2011-11-29,24,4748.52,197.85500000000002,23,362,372,197.85500000000002
14184,2011-10-04,2011-10-04,1,452.89,452.89,0,0,66,452.89
14185,2011-01-12,2011-01-12,1,197.65,197.65,0,0,331,197.65
14188,2011-02-02,2011-11-09,6,2054.36,342.3933333333334,5,280,310,342.3933333333334
14189,2010-12-06,2011-12-07,14,4654.08,332.4342857142857,13,366,368,332.4342857142857
14191,2011-05-03,2011-12-08,13,4684.76,360.36615384615385,12,219,220,360.36615384615385
14193,2011-03-15,2011-10-03,2,853.39,426.695,1,202,269,426.695
14194,2011-02-04,2011-12-05,15,11349.52,756.6346666666667,14,304,308,756.6346666666667
14195,2011-04-01,2011-05-22,2,1012.0,506.0,1,51,252,506.0
14196,2011-08-25,2011-08-25,1,335.52,335.52,0,0,106,335.52
14198,2011-04-14,2011-11-21,4,701.4000000000001,175.35000000000002,3,221,239,175.35000000000002
14199,2011-05-05,2011-05-05,1,185.39999999999998,185.39999999999998,0,0,218,185.39999999999998
14201,2010-12-15,2011-10-10,7,747.44,106.77714285714286,6,299,359,106.77714285714286
14204,2011-12-07,2011-12-07,1,161.03,161.03,0,0,2,161.03
14205,2011-03-20,2011-11-23,2,466.70000000000005,233.35000000000002,1,248,264,233.35000000000002
14206,2011-04-14,2011-04-14,1,328.15999999999997,328.15999999999997,0,0,239,328.15999999999997
14208,2011-09-06,2011-09-06,1,151.74,151.74,0,0,94,151.74
14209,2011-01-11,2011-11-29,6,2073.4300000000003,345.5716666666667,5,322,332,345.5716666666667
14210,2010-12-03,2011-08-26,6,1905.8400000000001,317.64000000000004,5,266,371,317.64000000000004
14211,2011-02-17,2011-10-17,9,2241.1,249.0111111111111,8,242,295,249.0111111111111
14212,2011-09-11,2011-09-11,1,1070.48,1070.48,0,0,89,1070.48
14214,2011-03-07,2011-11-09,5,1004.38,200.876,4,247,277,200.876
14215,2010-12-06,2011-11-28,6,1789.72,298.2866666666667,5,357,368,298.2866666666667
14216,2011-11-02,2011-12-06,4,1839.3,459.825,3,34,37,459.825
14217,2010-12-08,2011-12-08,16,2004.98,125.31125,15,365,366,125.31125
14218,2011-10-28,2011-10-28,1,169.48000000000002,169.48000000000002,0,0,42,169.48000000000002
14219,2011-12-05,2011-12-05,1,89.94,89.94,0,0,4,89.94
14220,2010-12-16,2011-04-06,2,632.4000000000001,316.20000000000005,1,111,358,316.20000000000005
14221,2011-01-04,2011-10-28,7,3432.8,490.40000000000003,6,297,339,490.40000000000003
14222,2011-06-15,2011-06-15,1,683.17,683.17,0,0,177,683.17
14223,2011-03-20,2011-09-08,3,991.13,330.37666666666667,2,172,264,330.37666666666667
14224,2011-01-23,2011-08-21,4,1050.12,262.53,3,210,320,262.53
14226,2011-03-15,2011-11-11,5,2232.19,446.438,4,241,269,446.438
14227,2011-02-28,2011-11-13,6,3350.96,558.4933333333333,5,258,284,558.4933333333333
14229,2011-01-10,2011-10-19,3,1547.1999999999998,515.7333333333332,2,282,333,515.7333333333332
14231,2011-02-24,2011-06-09,3,925.71,308.57,2,105,288,308.57
14232,2011-03-20,2011-10-28,5,2048.07,409.61400000000003,4,222,264,409.61400000000003
14233,2011-01-26,2011-10-21,4,1462.72,365.68,3,268,317,365.68
14234,2011-10-13,2011-11-17,4,775.4599999999999,193.86499999999998,3,35,57,193.86499999999998
14235,2011-03-24,2011-09-25,4,3144.86,786.215,3,185,260,786.215
14236,2010-12-02,2011-09-20,2,490.86,245.43,1,292,372,245.43
14237,2010-12-01,2010-12-01,1,161.0,161.0,0,0,373,161.0
14238,2011-01-17,2011-01-17,1,146.85,146.85,0,0,326,146.85
14239,2011-01-27,2011-10-27,11,2380.85,216.4409090909091,10,273,316,216.4409090909091
14240,2011-04-28,2011-11-09,2,890.34,445.17,1,195,225,445.17
14241,2011-06-09,2011-06-09,1,213.70000000000002,213.70000000000002,0,0,183,213.70000000000002
14242,2011-01-18,2011-04-19,2,280.54999999999995,140.27499999999998,1,91,325,140.27499999999998
14243,2010-12-09,2011-12-01,10,2588.77,258.877,9,357,365,258.877
14245,2011-03-21,2011-05-04,2,1693.45,846.725,1,44,263,846.725
14246,2011-04-08,2011-08-21,3,1474.06,491.3533333333333,2,135,245,491.3533333333333
14247,2011-03-06,2011-03-06,1,136.76999999999998,136.76999999999998,0,0,278,136.76999999999998
14248,2011-01-25,2011-01-25,1,302.58,302.58,0,0,318,302.58
14250,2011-09-11,2011-12-02,2,1904.05,952.025,1,82,89,952.025
14251,2011-10-13,2011-12-08,5,2879.7,575.9399999999999,4,56,57,575.9399999999999
14256,2010-12-10,2011-03-24,2,969.06,484.53,1,104,364,484.53
14257,2011-01-25,2011-10-06,5,3099.7200000000003,619.9440000000001,4,254,318,619.9440000000001
14258,2011-01-06,2011-11-30,8,12669.98,1583.7475,7,328,337,1583.7475
14259,2011-07-21,2011-07-21,1,120.0,120.0,0,0,141,120.0
14261,2011-09-22,2011-10-20,2,1163.45,581.725,1,28,78,581.725
14262,2011-04-13,2011-12-01,8,2618.23,327.27875,7,232,240,327.27875
14264,2011-04-08,2011-07-08,2,333.97,166.985,1,91,245,166.985
14265,2011-07-14,2011-08-22,2,530.1800000000001,265.09000000000003,1,39,148,265.09000000000003
14267,2011-03-24,2011-06-30,2,1516.24,758.12,1,98,260,758.12
14270,2011-01-12,2011-01-12,1,492.65000000000003,492.65000000000003,0,0,331,492.65000000000003
14271,2011-04-28,2011-04-28,1,112.32,112.32,0,0,225,112.32
14272,2011-03-30,2011-09-27,2,437.96000000000004,218.98000000000002,1,181,254,218.98000000000002
14273,2011-04-11,2011-10-19,4,559.97,139.9925,3,191,242,139.9925
14276,2011-02-23,2011-09-02,3,1119.74,373.24666666666667,2,191,289,373.24666666666667
14277,2011-05-11,2011-11-24,3,4216.2,1405.3999999999999,2,197,212,1405.3999999999999
14280,2011-05-27,2011-05-27,1,134.04,134.04,0,0,196,134.04
14282,2010-12-07,2011-12-06,15,3729.34,248.62266666666667,14,364,367,248.62266666666667
14284,2011-09-14,2011-11-09,2,595.25,297.625,1,56,86,297.625
14285,2011-06-16,2011-11-18,4,1910.0100000000002,477.50250000000005,3,155,176,477.50250000000005
14286,2011-04-11,2011-11-16,3,4628.75,1542.9166666666667,2,219,242,1542.9166666666667
14287,2011-05-25,2011-12-01,2,176.63,88.315,1,190,198,88.315
14288,2011-05-10,2011-05-10,1,426.6,426.6,0,0,213,426.6
14289,2011-02-23,2011-12-01,6,911.26,151.87666666666667,5,281,289,151.87666666666667
14290,2010-12-13,2011-11-28,5,2314.65,462.93,4,350,361,462.93
14291,2011-03-09,2011-12-08,7,3883.25,554.75,6,274,275,554.75
14292,2011-03-02,2011-12-02,6,4871.93,811.9883333333333,5,275,282,811.9883333333333
14293,2010-12-06,2011-12-06,4,1046.56,261.64,3,365,368,261.64
14295,2011-10-30,2011-10-30,1,166.20000000000002,166.20000000000002,0,0,40,166.20000000000002
14297,2011-03-10,2011-11-22,4,1305.33,326.3325,3,257,274,326.3325
14298,2010-12-14,2011-12-01,25,51527.3,2061.092,24,352,360,2061.092
14299,2010-12-09,2011-12-01,9,3965.62,440.6244444444444,8,357,365,440.6244444444444
14300,2011-11-21,2011-11-21,1,43.2,43.2,0,0,18,43.2
14301,2011-08-14,2011-08-14,1,640.14,640.14,0,0,117,640.14
14304,2011-05-01,2011-05-01,1,383.45,383.45,0,0,222,383.45
14305,2011-07-27,2011-09-29,3,1858.96,619.6533333333333,2,64,135,619.6533333333333
14306,2011-09-15,2011-10-19,2,2093.32,1046.66,1,34,85,1046.66
14307,2010-12-01,2011-09-12,5,2995.7200000000003,599.144,4,285,373,599.144
14309,2010-12-16,2011-12-01,9,2352.53,261.39222222222224,8,350,358,261.39222222222224
14311,2011-04-11,2011-04-11,1,310.26,310.26,0,0,242,310.26
14312,2011-01-06,2011-10-24,6,1611.5900000000001,268.59833333333336,5,291,337,268.59833333333336
14314,2011-08-25,2011-08-25,1,120.0,120.0,0,0,106,120.0
14315,2011-03-18,2011-10-26,6,2481.13,413.5216666666667,5,222,266,413.5216666666667
14317,2011-10-06,2011-10-06,1,508.58000000000004,508.58000000000004,0,0,64,508.58000000000004
14320,2011-01-11,2011-05-17,2,477.78999999999996,238.89499999999998,1,126,332,238.89499999999998
14321,2011-01-10,2011-11-29,5,1530.75,306.15,4,323,333,306.15
14323,2011-04-15,2011-08-17,2,605.06,302.53,1,124,238,302.53
14326,2011-04-11,2011-04-11,1,183.85,183.85,0,0,242,183.85
14327,2011-06-29,2011-06-29,1,311.65,311.65,0,0,163,311.65
14329,2011-01-14,2011-11-22,6,5014.84,835.8066666666667,5,312,329,835.8066666666667
14331,2011-07-27,2011-08-07,2,462.66,231.33,1,11,135,231.33
14332,2011-07-15,2011-11-17,3,866.3100000000001,288.77000000000004,2,125,147,288.77000000000004
14333,2011-10-03,2011-10-03,1,415.2,415.2,0,0,67,415.2
14334,2010-12-16,2011-11-23,8,2552.21,319.02625,7,342,358,319.02625
14335,2011-09-04,2011-11-23,2,468.26,234.13,1,80,96,234.13
14336,2011-03-08,2011-11-23,4,1614.91,403.7275,3,260,276,403.7275
14338,2011-05-27,2011-07-01,2,588.22,294.11,1,35,196,294.11
14339,2011-04-11,2011-04-11,1,309.52,309.52,0,0,242,309.52
14340,2011-05-05,2011-05-05,1,134.7,134.7,0,0,218,134.7
14341,2011-01-25,2011-10-25,5,2182.2799999999997,436.45599999999996,4,273,318,436.45599999999996
14342,2011-05-13,2011-11-18,4,668.56,167.14,3,189,210,167.14
14344,2010-12-06,2011-08-04,8,889.9300000000001,111.24125000000001,7,241,368,111.24125000000001
14345,2011-11-01,2011-11-01,1,108.97999999999999,108.97999999999999,0,0,38,108.97999999999999
14346,2011-02-15,2011-08-11,2,1021.5799999999999,510.78999999999996,1,177,297,510.78999999999996
14348,2011-03-24,2011-03-24,1,409.57,409.57,0,0,260,409.57
14349,2011-11-29,2011-11-29,1,133.5,133.5,0,0,10,133.5
14350,2011-03-10,2011-03-10,1,282.93,282.93,0,0,274,282.93
14351,2011-06-28,2011-06-28,1,51.0,51.0,0,0,164,51.0
14352,2011-03-11,2011-07-05,3,1078.96,359.65333333333336,2,116,273,359.65333333333336
14353,2011-05-08,2011-05-08,1,90.6,90.6,0,0,215,90.6
14354,2011-11-09,2011-12-04,2,163.62,81.81,1,25,30,81.81
14355,2010-12-09,2010-12-09,1,174.4,174.4,0,0,365,174.4
14356,2011-09-19,2011-09-21,2,701.23,350.615,1,2,81,350.615
14357,2011-10-27,2011-10-27,1,225.77,225.77,0,0,43,225.77
14359,2011-09-13,2011-11-20,3,912.1800000000001,304.06,2,68,87,304.06
14360,2011-09-06,2011-11-08,3,2128.23,709.41,2,63,94,709.41
14362,2011-11-17,2011-11-17,1,161.2,161.2,0,0,22,161.2
14364,2011-05-12,2011-08-23,7,3717.3500000000004,531.0500000000001,6,103,211,531.0500000000001
14367,2011-03-08,2011-12-01,13,9261.52,712.4246153846154,12,268,276,712.4246153846154
14368,2011-01-24,2011-01-24,1,155.0,155.0,0,0,319,155.0
14371,2011-02-17,2011-02-17,1,100.5,100.5,0,0,295,100.5
14373,2010-12-16,2010-12-16,1,76.55,76.55,0,0,358,76.55
14375,2011-06-07,2011-06-07,1,257.68,257.68,0,0,185,257.68
14377,2011-03-22,2011-06-01,2,617.05,308.525,1,71,262,308.525
14379,2011-02-17,2011-10-26,2,348.1,174.05,1,251,295,174.05
14381,2011-10-18,2011-10-18,1,202.68,202.68,0,0,52,202.68
14382,2011-11-13,2011-11-13,1,626.0699999999999,626.0699999999999,0,0,26,626.0699999999999
14383,2011-06-29,2011-11-01,3,1247.69,415.8966666666667,2,125,163,415.8966666666667
14385,2011-11-16,2011-11-30,3,202.10999999999999,67.36999999999999,2,14,23,67.36999999999999
14386,2011-02-16,2011-02-16,1,142.4,142.4,0,0,296,142.4
14387,2011-08-22,2011-11-07,3,1770.56,590.1866666666666,2,77,109,590.1866666666666
14388,2010-12-02,2011-11-29,8,3212.84,401.605,7,362,372,401.605
14389,2011-06-02,2011-10-05,2,1043.46,521.73,1,125,190,521.73
14390,2010-12-02,2011-11-29,8,4652.82,581.6025,7,362,372,581.6025
14393,2011-05-05,2011-05-05,1,67.95,67.95,0,0,218,67.95
14395,2010-12-02,2011-12-07,9,3507.71,389.74555555555554,8,370,372,389.74555555555554
14396,2010-12-03,2011-10-05,2,487.99,243.995,1,306,371,243.995
14397,2011-05-10,2011-12-07,19,2612.96,137.52421052631578,18,211,213,137.52421052631578
14400,2011-07-13,2011-07-13,1,574.7,574.7,0,0,149,574.7
14401,2010-12-15,2011-12-05,13,4051.48,311.6523076923077,12,355,359,311.6523076923077
14403,2011-04-06,2011-08-01,4,1475.81,368.9525,3,117,247,368.9525
14404,2010-12-05,2011-11-06,6,1474.32,245.72,5,336,369,245.72
14406,2011-08-12,2011-08-12,1,156.75,156.75,0,0,119,156.75
14407,2011-03-08,2011-08-24,6,2157.73,359.62166666666667,5,169,276,359.62166666666667
14408,2011-03-20,2011-11-29,7,2606.53,372.3614285714286,6,254,264,372.3614285714286
14409,2010-12-06,2011-09-29,5,2059.4500000000003,411.89000000000004,4,297,368,411.89000000000004
14410,2011-02-07,2011-09-08,7,1105.07,157.86714285714285,6,213,305,157.86714285714285
14411,2011-02-02,2011-02-02,1,1063.0,1063.0,0,0,310,1063.0
14412,2011-09-28,2011-10-28,2,770.03,385.015,1,30,72,385.015
14413,2010-12-12,2010-12-12,1,122.7,122.7,0,0,362,122.7
14414,2010-12-16,2011-09-09,7,1496.98,213.8542857142857,6,267,358,213.8542857142857
14415,2010-12-14,2011-12-08,13,5900.280000000001,453.8676923076924,12,359,360,453.8676923076924
14416,2011-10-28,2011-11-17,2,490.22,245.11,1,20,42,245.11
14418,2011-08-23,2011-12-06,3,1937.25,645.75,2,105,108,645.75
14419,2010-12-10,2011-11-29,6,1058.06,176.34333333333333,5,354,364,176.34333333333333
14420,2011-09-01,2011-09-01,1,387.52,387.52,0,0,99,387.52
14421,2011-05-12,2011-10-13,2,813.11,406.555,1,154,211,406.555
14422,2011-03-17,2011-12-09,6,4263.64,710.6066666666667,5,267,267,710.6066666666667
14423,2011-05-05,2011-05-05,1,265.2,265.2,0,0,218,265.2
14424,2011-11-22,2011-11-22,1,322.08,322.08,0,0,17,322.08
14426,2011-01-31,2011-11-16,7,4481.67,640.2385714285714,6,289,312,640.2385714285714
14427,2011-10-07,2011-10-20,2,363.34000000000003,181.67000000000002,1,13,63,181.67000000000002
14428,2011-01-18,2011-12-02,5,1244.83,248.96599999999998,4,318,325,248.96599999999998
14431,2011-02-10,2011-02-10,1,470.36,470.36,0,0,302,470.36
14432,2011-09-11,2011-11-30,6,2255.51,375.91833333333335,5,80,89,375.91833333333335
14434,2011-09-28,2011-11-18,6,1372.8,228.79999999999998,5,51,72,228.79999999999998
14436,2011-09-02,2011-09-02,1,89.06,89.06,0,0,98,89.06
14437,2010-12-09,2010-12-09,1,63.0,63.0,0,0,365,63.0
14438,2011-02-06,2011-02-06,1,131.9,131.9,0,0,306,131.9
14439,2011-01-24,2011-01-24,1,2661.24,2661.24,0,0,319,2661.24
14440,2010-12-09,2011-12-01,5,2357.6800000000003,471.53600000000006,4,357,365,471.53600000000006
14441,2011-03-29,2011-12-09,4,1712.89,428.2225,3,255,255,428.2225
14442,2011-01-27,2011-05-19,2,1589.8200000000002,794.9100000000001,1,112,316,794.9100000000001
14443,2010-12-06,2011-10-17,4,1420.2,355.05,3,315,368,355.05
14446,2011-04-07,2011-12-09,4,1039.58,259.895,3,246,246,259.895
14447,2011-03-04,2011-11-21,4,1163.23,290.8075,3,262,280,290.8075
14448,2010-12-10,2011-11-30,2,375.35,187.675,1,355,364,187.675
14449,2010-12-02,2011-11-21,4,907.1,226.775,3,354,372,226.775
14450,2011-01-23,2011-06-12,3,483.25,161.08333333333334,2,140,320,161.08333333333334
14451,2011-05-29,2011-10-10,2,662.5899999999999,331.29499999999996,1,134,194,331.29499999999996
14452,2011-09-07,2011-11-29,2,264.44,132.22,1,83,93,132.22
14453,2011-06-02,2011-06-02,1,119.93,119.93,0,0,190,119.93
14456,2011-07-20,2011-12-04,8,3062.3999999999996,382.79999999999995,7,137,142,382.79999999999995
14457,2011-02-02,2011-02-02,1,113.64,113.64,0,0,310,113.64
14459,2011-07-07,2011-07-07,1,1837.92,1837.92,0,0,155,1837.92
14460,2011-02-02,2011-08-21,3,434.34,144.78,2,200,310,144.78
14461,2011-03-23,2011-07-14,3,2103.06,701.02,2,113,261,701.02
14462,2011-01-04,2011-10-04,9,2004.02,222.6688888888889,8,273,339,222.6688888888889
14463,2011-05-18,2011-09-02,3,529.62,176.54,2,107,205,176.54
14465,2011-02-10,2011-04-07,2,1058.62,529.31,1,56,302,529.31
14466,2010-12-02,2011-11-10,7,2272.4,324.62857142857143,6,343,372,324.62857142857143
14467,2011-01-31,2011-11-22,4,598.76,149.69,3,295,312,149.69
14470,2011-02-25,2011-11-28,2,461.19,230.595,1,276,287,230.595
14472,2010-12-19,2011-08-28,8,1936.84,242.105,7,252,355,242.105
14473,2011-03-02,2011-09-26,2,234.34000000000003,117.17000000000002,1,208,282,117.17000000000002
14474,2011-10-24,2011-10-24,1,547.66,547.66,0,0,46,547.66
14475,2011-02-08,2011-09-29,3,925.85,308.6166666666667,2,233,304,308.6166666666667
14476,2011-03-27,2011-03-27,1,215.7,215.7,0,0,257,215.7
14477,2011-02-15,2011-11-20,4,1309.6,327.4,3,278,297,327.4
14479,2010-12-09,2011-03-31,2,316.25,158.125,1,112,365,158.125
14480,2011-11-28,2011-11-28,1,279.05,279.05,0,0,11,279.05
14481,2011-02-25,2011-06-28,2,636.51,318.255,1,123,287,318.255
14482,2011-04-14,2011-11-21,6,2068.15,344.69166666666666,5,221,239,344.69166666666666
14483,2011-03-03,2011-03-03,1,137.1,137.1,0,0,281,137.1
14484,2011-10-20,2011-10-20,1,321.92,321.92,0,0,50,321.92
14485,2011-11-01,2011-11-01,1,165.75,165.75,0,0,38,165.75
14487,2010-12-06,2011-11-13,5,1196.33,239.266,4,342,368,239.266
14488,2011-10-03,2011-10-03,1,1064.28,1064.28,0,0,67,1064.28
14489,2011-05-16,2011-05-16,1,463.38,463.38,0,0,207,463.38
14491,2010-12-02,2011-06-17,2,340.93,170.465,1,197,372,170.465
14493,2011-07-07,2011-12-02,5,2383.24,476.64799999999997,4,148,155,476.64799999999997
14494,2011-11-14,2011-11-14,1,139.56,139.56,0,0,25,139.56
14495,2011-08-10,2011-10-20,2,123.8,61.9,1,71,121,61.9
14496,2010-12-01,2011-02-01,2,538.8100000000001,269.40500000000003,1,62,373,269.40500000000003
14497,2011-02-03,2011-02-03,1,475.37,475.37,0,0,309,475.37
14498,2010-12-13,2011-10-28,5,1957.32,391.464,4,319,361,391.464
14499,2011-03-06,2011-11-13,3,815.32,271.77333333333337,2,252,278,271.77333333333337
14500,2011-06-03,2011-09-12,3,356.85,118.95,2,101,189,118.95
14501,2011-01-24,2011-06-09,2,251.21,125.605,1,136,319,125.605
14502,2011-01-30,2011-11-20,9,2470.67,274.5188888888889,8,294,313,274.5188888888889
14503,2011-06-14,2011-12-06,6,3543.26,590.5433333333334,5,175,178,590.5433333333334
14504,2011-03-06,2011-10-23,4,673.26,168.315,3,231,278,168.315
14505,2010-12-12,2011-11-22,8,5905.64,738.205,7,345,362,738.205
14506,2010-12-05,2011-11-22,5,2012.17,402.434,4,352,369,402.434
14507,2011-03-08,2011-11-16,5,1383.18,276.636,4,253,276,276.636
14508,2011-09-11,2011-11-17,2,276.42,138.21,1,67,89,138.21
14511,2011-07-29,2011-11-28,5,1314.81,262.962,4,122,133,262.962
14512,2011-04-21,2011-06-05,2,275.28,137.64,1,45,232,137.64
14513,2011-02-24,2011-08-31,3,455.59000000000003,151.86333333333334,2,188,288,151.86333333333334
14514,2011-01-12,2011-10-09,3,1055.35,351.7833333333333,2,270,331,351.7833333333333
14515,2011-05-05,2011-11-22,5,2102.09,420.418,4,201,218,420.418
14517,2011-07-21,2011-11-06,2,330.45,165.225,1,108,141,165.225
14518,2011-10-06,2011-10-06,1,174.37,174.37,0,0,64,174.37
14520,2011-02-22,2011-12-08,2,270.6,135.3,1,289,290,135.3
14522,2011-05-25,2011-11-15,4,974.54,243.635,3,174,198,243.635
14523,2011-08-23,2011-08-23,1,241.09,241.09,0,0,108,241.09
14524,2010-12-14,2011-11-08,6,1867.68,311.28000000000003,5,329,360,311.28000000000003
14525,2010-12-13,2011-11-20,9,4332.2,481.35555555555555,8,342,361,481.35555555555555
14527,2010-12-05,2011-12-07,54,8508.82,157.57074074074075,53,367,369,157.57074074074075
14528,2011-11-02,2011-11-02,1,364.21999999999997,364.21999999999997,0,0,37,364.21999999999997
14529,2011-08-21,2011-10-10,3,620.04,206.67999999999998,2,50,110,206.67999999999998
14530,2011-02-16,2011-11-14,6,2925.91,487.65166666666664,5,271,296,487.65166666666664
14532,2010-12-22,2011-04-17,4,932.8500000000001,233.21250000000003,3,116,352,233.21250000000003
14533,2010-12-22,2011-11-15,7,1949.72,278.5314285714286,6,328,352,278.5314285714286
14534,2011-01-25,2011-12-07,18,4447.05,247.05833333333334,17,316,318,247.05833333333334
14535,2011-04-05,2011-10-10,3,2864.19,954.73,2,188,248,954.73
14536,2011-03-25,2011-03-25,1,171.8,171.8,0,0,259,171.8
14537,2011-10-13,2011-10-13,1,355.56,355.56,0,0,57,355.56
14538,2011-03-28,2011-10-06,2,388.25,194.125,1,192,256,194.125
14539,2011-10-26,2011-11-24,2,537.48,268.74,1,29,44,268.74
14540,2011-02-03,2011-11-30,3,996.26,332.08666666666664,2,300,309,332.08666666666664
14541,2011-01-24,2011-10-12,7,1461.65,208.80714285714288,6,261,319,208.80714285714288
14542,2011-06-07,2011-06-07,1,103.25,103.25,0,0,185,103.25
14543,2010-12-10,2011-11-11,15,3630.33,242.022,14,336,364,242.022
14544,2010-12-13,2011-11-15,2,2024.45,1012.225,1,337,361,1012.225
14546,2011-04-05,2011-12-04,5,2578.09,515.618,4,243,248,515.618
14547,2011-10-16,2011-12-06,8,4007.54,500.9425,7,51,54,500.9425
14548,2011-01-26,2011-07-12,2,652.8,326.4,1,167,317,326.4
14549,2011-02-01,2011-02-01,1,289.24,289.24,0,0,311,289.24
14550,2011-10-26,2011-11-29,2,765.6200000000001,382.81000000000006,1,34,44,382.81000000000006
14551,2011-05-19,2011-11-21,2,186.23000000000002,93.11500000000001,1,186,204,93.11500000000001
14552,2011-07-11,2011-07-11,1,165.07,165.07,0,0,151,165.07
14553,2011-01-04,2011-11-20,4,859.27,214.8175,3,320,339,214.8175
14554,2011-10-18,2011-11-29,4,2381.04,595.26,3,42,52,595.26
14555,2011-02-10,2011-10-13,2,324.14,162.07,1,245,302,162.07
14557,2011-09-15,2011-09-15,1,788.38,788.38,0,0,85,788.38
14560,2010-12-17,2011-12-02,20,2237.77,111.8885,19,350,357,111.8885
14561,2011-06-08,2011-09-25,3,1080.76,360.25333333333333,2,109,184,360.25333333333333
14562,2011-02-08,2011-12-06,17,5074.77,298.5158823529412,16,301,304,298.5158823529412
14565,2010-12-13,2011-09-05,4,3099.12,774.78,3,266,361,774.78
14566,2011-08-21,2011-08-21,1,1432.0,1432.0,0,0,110,1432.0
14567,2011-08-01,2011-10-14,2,1530.3600000000001,765.1800000000001,1,74,130,765.1800000000001
14569,2011-12-08,2011-12-08,1,227.39,227.39,0,0,1,227.39
14570,2011-03-04,2011-03-04,1,218.06,218.06,0,0,280,218.06
14572,2011-01-19,2011-12-06,7,2832.84,404.6914285714286,6,321,324,404.6914285714286
14573,2010-12-02,2011-06-13,8,1653.42,206.6775,7,193,372,206.6775
14576,2010-12-02,2010-12-02,1,35.400000000000006,35.400000000000006,0,0,372,35.400000000000006
14577,2010-12-12,2011-11-27,4,859.71,214.9275,3,350,362,214.9275
14578,2011-12-06,2011-12-06,1,168.63,168.63,0,0,3,168.63
14581,2011-11-23,2011-11-23,1,138.6,138.6,0,0,16,138.6
14582,2011-10-30,2011-10-30,1,114.11,114.11,0,0,40,114.11
14583,2011-05-18,2011-12-04,5,1052.55,210.51,4,200,205,210.51
14584,2011-05-25,2011-06-23,4,1042.26,260.565,3,29,198,260.565
14585,2011-10-20,2011-10-20,1,157.05,157.05,0,0,50,157.05
14586,2011-03-08,2011-03-08,1,237.36,237.36,0,0,276,237.36
14587,2011-01-12,2011-11-21,9,1601.1399999999999,177.90444444444444,8,313,331,177.90444444444444
14589,2010-12-03,2010-12-03,1,39.75,39.75,0,0,371,39.75
14591,2011-05-10,2011-11-24,2,1447.14,723.57,1,198,213,723.57
14592,2011-10-06,2011-11-04,3,570.46,190.15333333333334,2,29,64,190.15333333333334
14593,2011-05-25,2011-11-18,2,617.99,308.995,1,177,198,308.995
14594,2010-12-01,2011-12-02,2,379.83,189.915,1,366,373,189.915
14595,2011-01-30,2011-11-20,6,1740.6,290.09999999999997,5,294,313,290.09999999999997
14597,2011-06-01,2011-11-28,2,883.15,441.575,1,180,191,441.575
14598,2011-10-26,2011-10-26,1,221.97,221.97,0,0,44,221.97
14600,2011-02-07,2011-02-07,1,393.33000000000004,393.33000000000004,0,0,305,393.33000000000004
14601,2011-11-29,2011-11-29,1,213.96,213.96,0,0,10,213.96
14603,2011-03-10,2011-03-10,1,660.0,660.0,0,0,274,660.0
14606,2010-12-01,2011-12-08,89,12156.65,136.59157303370787,88,372,373,136.59157303370787
14607,2011-03-23,2011-11-24,7,16569.5,2367.0714285714284,6,246,261,2367.0714285714284
14608,2010-12-12,2011-12-05,4,1785.15,446.2875,3,358,362,446.2875
14609,2011-02-16,2011-09-28,4,601.56,150.39,3,224,296,150.39
14616,2011-01-26,2011-04-11,3,406.08000000000004,135.36,2,75,317,135.36
14618,2011-01-06,2011-11-30,3,553.44,184.48000000000002,2,328,337,184.48000000000002
14619,2011-04-08,2011-04-08,1,394.44,394.44,0,0,245,394.44
14620,2011-03-01,2011-05-18,2,412.78,206.39,1,78,283,206.39
14621,2010-12-16,2011-12-08,5,1788.3600000000001,357.672,4,357,358,357.672
14622,2011-06-08,2011-06-08,1,320.58000000000004,320.58000000000004,0,0,184,320.58000000000004
14623,2011-04-18,2011-11-07,5,889.25,177.85,4,203,235,177.85
14624,2011-10-11,2011-10-13,2,225.85,112.925,1,2,59,112.925
14625,2010-12-13,2011-05-27,2,899.63,449.815,1,165,361,449.815
14626,2011-04-20,2011-11-16,4,2791.27,697.8175,3,210,233,697.8175
14628,2011-04-11,2011-09-09,2,671.96,335.98,1,151,242,335.98
14629,2011-10-23,2011-12-05,2,959.01,479.505,1,43,47,479.505
14631,2011-02-14,2011-10-20,3,1006.98,335.66,2,248,298,335.66
14632,2011-03-22,2011-03-22,1,114.56,114.56,0,0,262,114.56
14633,2011-03-18,2011-03-18,1,344.90000000000003,344.90000000000003,0,0,266,344.90000000000003
14636,2011-03-16,2011-11-03,2,609.85,304.925,1,232,268,304.925
14638,2011-10-20,2011-10-20,1,443.6,443.6,0,0,50,443.6
14639,2010-12-13,2011-10-18,4,2984.49,746.1225,3,309,361,746.1225
14640,2011-04-26,2011-11-15,6,2125.08,354.18,5,203,227,354.18
14641,2011-11-18,2011-11-18,1,110.46,110.46,0,0,21,110.46
14642,2011-10-12,2011-10-12,1,96.12,96.12,0,0,58,96.12
14643,2010-12-16,2011-06-22,2,693.81,346.905,1,188,358,346.905
14644,2011-02-14,2011-10-03,2,830.76,415.38,1,231,298,415.38
14645,2011-03-09,2011-07-06,2,597.09,298.545,1,119,275,298.545
14646,2010-12-20,2011-12-08,45,280206.02,6226.800444444445,44,353,354,6226.800444444445
14647,2011-05-22,2011-05-22,1,243.22,243.22,0,0,201,243.22
14649,2011-05-11,2011-12-05,3,1417.29,472.43,2,208,212,472.43
14651,2011-05-12,2011-10-03,2,654.6,327.3,1,144,211,327.3
14652,2011-09-23,2011-09-23,1,114.18,114.18,0,0,77,114.18
14653,2011-01-05,2011-12-08,6,1947.55,324.59166666666664,5,337,338,324.59166666666664
14655,2011-05-01,2011-12-01,4,1932.23,483.0575,3,214,222,483.0575
14656,2011-03-01,2011-06-23,2,291.05,145.525,1,114,283,145.525
14657,2011-01-17,2011-11-22,4,848.22,212.055,3,309,326,212.055
14658,2011-08-14,2011-12-04,2,247.15,123.575,1,112,117,123.575
14659,2011-01-28,2011-12-01,9,2529.93,281.1033333333333,8,307,315,281.1033333333333
14660,2011-08-31,2011-09-14,2,285.74,142.87,1,14,100,142.87
14661,2011-11-13,2011-11-13,1,107.95,107.95,0,0,26,107.95
14662,2011-01-27,2011-11-11,4,771.1700000000001,192.79250000000002,3,288,316,192.79250000000002
14664,2011-11-06,2011-11-20,2,637.89,318.945,1,14,33,318.945
14665,2011-02-02,2011-10-10,4,1835.7,458.925,3,250,310,458.925
14666,2011-11-15,2011-11-15,1,195.25,195.25,0,0,24,195.25
14667,2010-12-06,2011-11-29,23,9241.2,401.7913043478261,22,358,368,401.7913043478261
14669,2011-01-11,2011-04-12,2,1269.99,634.995,1,91,332,634.995
14670,2011-03-04,2011-03-04,1,411.53,411.53,0,0,280,411.53
14672,2011-01-07,2011-04-19,2,765.55,382.775,1,102,336,382.775
14673,2010-12-07,2011-12-06,5,1736.4,347.28000000000003,4,364,367,347.28000000000003
14675,2011-11-23,2011-11-23,1,604.75,604.75,0,0,16,604.75
14676,2011-03-01,2011-11-08,6,2548.2400000000002,424.7066666666667,5,252,283,424.7066666666667
14680,2010-12-03,2011-11-14,16,28754.11,1797.131875,15,346,371,1797.131875
14681,2011-05-12,2011-09-29,2,498.95,249.475,1,140,211,249.475
14682,2011-05-22,2011-06-05,2,52.0,26.0,1,14,201,26.0
14684,2010-12-12,2011-11-14,5,1236.28,247.256,4,337,362,247.256
14687,2011-08-25,2011-08-25,1,628.38,628.38,0,0,106,628.38
14688,2010-12-01,2011-12-02,20,5630.87,281.5435,19,366,373,281.5435
14689,2011-05-15,2011-05-15,1,112.8,112.8,0,0,208,112.8
14690,2011-07-11,2011-10-26,2,371.70000000000005,185.85000000000002,1,107,151,185.85000000000002
14691,2011-05-11,2011-11-09,4,2114.33,528.5825,3,182,212,528.5825
14692,2011-01-21,2011-07-25,4,591.5500000000001,147.88750000000002,3,185,322,147.88750000000002
14693,2011-03-20,2011-03-20,1,172.9,172.9,0,0,264,172.9
14696,2010-12-01,2011-12-05,7,2078.9500000000003,296.9928571428572,6,369,373,296.9928571428572
14697,2011-05-05,2011-05-05,1,188.60999999999999,188.60999999999999,0,0,218,188.60999999999999
14698,2011-10-19,2011-12-08,5,1250.76,250.152,4,50,51,250.152
14699,2011-05-09,2011-05-09,1,109.13000000000001,109.13000000000001,0,0,214,109.13000000000001
14700,2011-04-15,2011-11-07,3,2235.2999999999997,745.0999999999999,2,206,238,745.0999999999999
14701,2011-01-27,2011-11-29,7,2549.37,364.19571428571425,6,306,316,364.19571428571425
14702,2010-12-09,2011-12-08,17,3292.14,193.65529411764706,16,364,365,193.65529411764706
14703,2011-11-25,2011-11-25,1,318.17,318.17,0,0,14,318.17
14704,2011-06-12,2011-11-28,9,1546.91,171.8788888888889,8,169,180,171.8788888888889
14705,2011-05-25,2011-05-25,1,179.0,179.0,0,0,198,179.0
14708,2010-12-06,2011-12-07,3,1126.37,375.45666666666665,2,366,368,375.45666666666665
14709,2010-12-16,2011-11-24,12,4921.04,410.08666666666664,11,343,358,410.08666666666664
14710,2011-10-11,2011-11-25,4,606.13,151.5325,3,45,59,151.5325
14711,2011-03-22,2011-11-29,11,2868.8,260.8,10,252,262,260.8
14712,2011-08-19,2011-11-10,3,917.07,305.69,2,83,112,305.69
14713,2010-12-09,2011-11-30,11,2666.36,242.39636363636365,10,356,365,242.39636363636365
14714,2011-11-15,2011-11-15,1,160.19,160.19,0,0,24,160.19
14715,2011-01-12,2011-11-15,4,867.38,216.845,3,307,331,216.845
14716,2011-07-14,2011-10-27,2,329.68,164.84,1,105,148,164.84
14719,2011-04-04,2011-12-08,5,1602.13,320.42600000000004,4,248,249,320.42600000000004
14720,2011-08-05,2011-12-04,3,663.8100000000001,221.27,2,121,126,221.27
14722,2011-07-15,2011-07-15,1,187.92000000000002,187.92000000000002,0,0,147,187.92000000000002
14723,2010-12-03,2011-11-29,5,1158.3,231.66,4,361,371,231.66
14725,2011-11-15,2011-11-15,1,718.08,718.08,0,0,24,718.08
14727,2011-03-10,2011-03-10,1,268.58,268.58,0,0,274,268.58
14729,2010-12-01,2010-12-01,1,313.49,313.49,0,0,373,313.49
14730,2011-03-08,2011-12-08,7,2005.06,286.4371428571429,6,275,276,286.4371428571429
14731,2011-05-11,2011-10-23,3,380.02,126.67333333333333,2,165,212,126.67333333333333
14732,2011-01-04,2011-12-01,8,2702.49,337.81125,7,331,339,337.81125
14733,2010-12-07,2011-11-23,12,9585.91,798.8258333333333,11,351,367,798.8258333333333
14735,2010-12-16,2011-12-06,20,6065.6900000000005,303.28450000000004,19,355,358,303.28450000000004
14737,2010-12-21,2011-12-06,3,1164.55,388.18333333333334,2,350,353,388.18333333333334
14738,2011-01-27,2011-10-28,7,1314.45,187.77857142857144,6,274,316,187.77857142857144
14739,2010-12-07,2011-12-05,7,3902.2799999999997,557.4685714285714,6,363,367,557.4685714285714
14740,2011-03-01,2011-05-26,3,1448.21,482.7366666666667,2,86,283,482.7366666666667
14741,2010-12-02,2011-11-28,6,1400.3400000000001,233.39000000000001,5,361,372,233.39000000000001
14744,2010-12-08,2011-11-23,6,1099.98,183.33,5,350,366,183.33
14745,2011-02-27,2011-08-19,4,1220.26,305.065,3,173,285,305.065
14747,2011-04-04,2011-04-04,1,328.2,328.2,0,0,249,328.2
14748,2010-12-06,2011-11-10,4,1415.75,353.9375,3,339,368,353.9375
14752,2011-10-27,2011-10-27,1,389.64,389.64,0,0,43,389.64
14753,2011-09-13,2011-09-13,1,563.15,563.15,0,0,87,563.15
14754,2011-02-17,2011-10-26,2,638.05,319.025,1,251,295,319.025
14755,2011-01-09,2011-11-30,11,5010.28,455.47999999999996,10,325,334,455.47999999999996
14756,2011-11-24,2011-11-24,1,738.96,738.96,0,0,15,738.96
14757,2011-09-25,2011-09-25,1,420.5,420.5,0,0,75,420.5
14758,2011-03-25,2011-07-18,4,1484.06,371.015,3,115,259,371.015
14759,2011-04-21,2011-12-05,3,1625.97,541.99,2,228,232,541.99
14760,2011-02-15,2011-02-15,1,89.2,89.2,0,0,297,89.2
14761,2011-01-09,2011-10-12,2,255.9,127.95,1,276,334,127.95
14762,2011-03-21,2011-03-21,1,300.52,300.52,0,0,263,300.52
14764,2011-10-24,2011-10-24,1,278.3,278.3,0,0,46,278.3
14765,2011-06-16,2011-11-10,3,254.11,84.70333333333333,2,147,176,84.70333333333333
14766,2010-12-08,2011-12-01,6,2473.37,412.2283333333333,5,358,366,412.2283333333333
14768,2011-08-04,2011-11-22,2,192.60000000000002,96.30000000000001,1,110,127,96.30000000000001
14769,2010-12-17,2011-12-07,8,10674.75,1334.34375,7,355,357,1334.34375
14770,2011-01-20,2011-04-21,2,876.42,438.21,1,91,323,438.21
14772,2011-08-19,2011-08-19,1,139.26,139.26,0,0,112,139.26
14775,2010-12-02,2011-10-12,3,1011.9,337.3,2,314,372,337.3
14776,2011-01-31,2011-10-19,9,2538.3,282.03333333333336,8,261,312,282.03333333333336
14778,2011-02-04,2011-08-04,2,730.86,365.43,1,181,308,365.43
14779,2011-01-20,2011-03-04,3,386.15,128.71666666666667,2,43,323,128.71666666666667
14780,2011-09-21,2011-10-16,2,447.68,223.84,1,25,79,223.84
14782,2011-01-24,2011-01-24,1,200.10000000000002,200.10000000000002,0,0,319,200.10000000000002
14784,2011-01-20,2011-11-13,2,289.99,144.995,1,297,323,144.995
14785,2011-11-24,2011-11-29,2,77.4,38.7,1,5,15,38.7
14788,2011-11-13,2011-12-02,2,679.44,339.72,1,19,26,339.72
14789,2011-11-11,2011-11-11,1,197.64,197.64,0,0,28,197.64
14790,2011-03-31,2011-11-23,4,745.06,186.265,3,237,253,186.265
14792,2011-10-07,2011-10-07,1,6.2,6.2,0,0,63,6.2
14793,2011-11-18,2011-11-18,1,228.99,228.99,0,0,21,228.99
14794,2011-01-09,2011-12-07,7,1319.9099999999999,188.5585714285714,6,332,334,188.5585714285714
14795,2011-06-26,2011-06-26,1,131.45000000000002,131.45000000000002,0,0,166,131.45000000000002
14796,2010-12-08,2011-12-08,17,8022.49,471.9111764705882,16,365,366,471.9111764705882
14798,2011-02-02,2011-10-18,3,173.74,57.913333333333334,2,258,310,57.913333333333334
14799,2011-10-19,2011-10-19,1,157.7,157.7,0,0,51,157.7
14800,2010-12-05,2011-10-23,12,4339.74,361.645,11,322,369,361.645
14801,2011-10-09,2011-10-09,1,193.14,193.14,0,0,61,193.14
14803,2011-02-20,2011-06-30,3,845.55,281.84999999999997,2,130,292,281.84999999999997
14804,2011-12-01,2011-12-01,1,353.27,353.27,0,0,8,353.27
14805,2011-01-30,2011-11-24,4,554.6500000000001,138.66250000000002,3,298,313,138.66250000000002
14806,2011-09-25,2011-09-25,1,193.39000000000001,193.39000000000001,0,0,75,193.39000000000001
14808,2011-06-20,2011-10-31,6,2741.17,456.8616666666667,5,133,172,456.8616666666667
14810,2010-12-05,2011-10-30,11,2087.88,189.80727272727273,10,329,369,189.80727272727273
14813,2010-12-05,2010-12-05,1,155.43,155.43,0,0,369,155.43
14815,2011-10-03,2011-11-03,2,778.5,389.25,1,31,67,389.25
14816,2011-05-26,2011-05-26,1,271.85,271.85,0,0,197,271.85
14817,2011-03-07,2011-05-23,2,1110.3400000000001,555.1700000000001,1,77,277,555.1700000000001
14818,2011-03-31,2011-09-27,3,657.8,219.26666666666665,2,180,253,219.26666666666665
14819,2011-05-31,2011-10-06,2,272.07,136.035,1,128,192,136.035
14820,2011-06-19,2011-11-18,4,507.29,126.8225,3,152,173,126.8225
14821,2010-12-08,2010-12-08,1,48.800000000000004,48.800000000000004,0,0,366,48.800000000000004
14823,2011-05-29,2011-06-12,2,321.43,160.715,1,14,194,160.715
14824,2011-09-09,2011-11-29,4,1127.71,281.9275,3,81,91,281.9275
14825,2010-12-06,2011-12-06,12,2226.9100000000003,185.57583333333335,11,365,368,185.57583333333335
14828,2011-01-07,2011-05-27,3,2139.76,713.2533333333334,2,140,336,713.2533333333334
14829,2010-12-02,2011-11-10,4,697.55,174.3875,3,343,372,174.3875
14830,2011-10-17,2011-10-17,1,197.13,197.13,0,0,53,197.13
14834,2011-04-13,2011-11-22,6,1720.3,286.71666666666664,5,223,240,286.71666666666664
14836,2011-11-09,2011-11-29,3,102.44999999999999,34.15,2,20,30,34.15
14837,2011-05-22,2011-09-11,4,1649.5,412.375,3,112,201,412.375
14840,2011-03-17,2011-03-17,1,62.85,62.85,0,0,267,62.85
14841,2010-12-16,2011-10-17,6,3295.76,549.2933333333334,5,305,358,549.2933333333334
14842,2011-02-04,2011-10-27,4,2824.69,706.1725,3,265,308,706.1725
14844,2011-04-12,2011-10-07,4,3189.81,797.4525,3,178,241,797.4525
14847,2011-07-14,2011-07-14,1,309.4,309.4,0,0,148,309.4
14849,2010-12-01,2011-11-18,13,7930.54,610.0415384615385,12,352,373,610.0415384615385
14850,2011-02-01,2011-02-01,1,325.75,325.75,0,0,311,325.75
14851,2011-03-28,2011-11-16,2,511.35,255.675,1,233,256,255.675
14852,2011-04-01,2011-10-12,5,2836.69,567.338,4,194,252,567.338
14853,2011-05-12,2011-11-15,2,475.8,237.9,1,187,211,237.9
14854,2011-03-10,2011-09-22,7,2759.83,394.26142857142855,6,196,274,394.26142857142855
14855,2011-07-28,2011-08-12,2,645.6500000000001,322.82500000000005,1,15,134,322.82500000000005
14856,2011-10-14,2011-11-03,2,1311.38,655.69,1,20,56,655.69
14857,2011-07-14,2011-10-11,2,1173.12,586.56,1,89,148,586.56
14859,2011-05-19,2011-11-27,3,1353.74,451.24666666666667,2,192,204,451.24666666666667
14860,2011-11-20,2011-11-20,1,170.32,170.32,0,0,19,170.32
14861,2011-10-18,2011-10-18,1,125.79,125.79,0,0,52,125.79
14862,2011-07-14,2011-11-14,2,841.2,420.6,1,123,148,420.6
14863,2011-11-10,2011-11-10,1,266.76,266.76,0,0,29,266.76
14865,2010-12-02,2011-12-02,2,52.2,26.1,1,365,372,26.1
14866,2010-12-08,2011-11-29,11,14389.9,1308.1727272727273,10,356,366,1308.1727272727273
14867,2011-01-07,2011-06-07,3,710.28,236.76,2,151,336,236.76
14868,2011-04-20,2011-12-06,7,2953.59,421.9414285714286,6,230,233,421.9414285714286
14869,2011-08-28,2011-12-01,2,725.7,362.85,1,95,103,362.85
14870,2011-03-23,2011-03-23,1,327.25,327.25,0,0,261,327.25
14871,2010-12-14,2011-12-06,4,522.38,130.595,3,357,360,130.595
14873,2011-05-13,2011-05-13,1,519.68,519.68,0,0,210,519.68
14875,2011-03-22,2011-08-24,2,1465.32,732.66,1,155,262,732.66
14878,2010-12-16,2011-11-27,9,1485.54,165.06,8,346,358,165.06
14880,2011-02-24,2011-09-23,3,706.19,235.39666666666668,2,211,288,235.39666666666668
14881,2011-11-20,2011-11-20,1,255.4,255.4,0,0,19,255.4
14882,2011-11-06,2011-11-13,2,589.7,294.85,1,7,33,294.85
14883,2011-05-12,2011-11-21,5,761.59,152.318,4,193,211,152.318
14885,2011-07-31,2011-07-31,1,765.3199999999999,765.3199999999999,0,0,131,765.3199999999999
14886,2011-04-01,2011-04-01,1,364.8,364.8,0,0,252,364.8
14887,2011-09-21,2011-09-21,1,1862.0,1862.0,0,0,79,1862.0
14888,2011-05-16,2011-05-16,1,369.2,369.2,0,0,207,369.2
14889,2011-01-07,2011-01-07,1,135.9,135.9,0,0,336,135.9
14890,2011-03-31,2011-03-31,1,125.65,125.65,0,0,253,125.65
14891,2011-06-05,2011-07-14,2,554.38,277.19,1,39,187,277.19
14893,2011-11-28,2011-11-30,2,1237.85,618.925,1,2,11,618.925
14894,2011-09-15,2011-09-15,1,655.75,655.75,0,0,85,655.75
14895,2011-02-22,2011-12-02,11,11138.71,1012.6099999999999,10,283,290,1012.6099999999999
14896,2010-12-09,2011-05-19,2,468.77000000000004,234.38500000000002,1,161,365,234.38500000000002
14897,2011-02-16,2011-12-02,4,1366.38,341.595,3,289,296,341.595
14898,2010-12-03,2011-11-16,6,1303.52,217.25333333333333,5,348,371,217.25333333333333
14901,2010-12-02,2011-11-28,9,1421.29,157.92111111111112,8,361,372,157.92111111111112
14902,2011-11-14,2011-11-14,1,332.66,332.66,0,0,25,332.66
14903,2011-03-06,2011-11-18,5,2810.63,562.126,4,257,278,562.126
14904,2011-11-14,2011-12-07,2,1025.44,512.72,1,23,25,512.72
14905,2011-04-20,2011-07-05,2,616.1500000000001,308.07500000000005,1,76,233,308.07500000000005
14907,2010-12-07,2011-12-06,6,3501.1,583.5166666666667,5,364,367,583.5166666666667
14908,2011-09-26,2011-09-26,1,277.8,277.8,0,0,74,277.8
14910,2011-10-16,2011-12-07,4,434.35,108.5875,3,52,54,108.5875
14911,2010-12-01,2011-12-08,132,143825.06,1089.583787878788,131,372,373,1089.583787878788
14912,2011-04-07,2011-11-23,2,867.8499999999999,433.92499999999995,1,230,246,433.92499999999995
14913,2010-12-15,2011-11-04,4,1227.43,306.8575,3,324,359,306.8575
14915,2011-03-07,2011-09-09,2,307.48,153.74,1,186,277,153.74
14916,2011-01-19,2011-09-30,4,1268.98,317.245,3,254,324,317.245
14918,2011-07-08,2011-08-16,2,1610.15,805.075,1,39,154,805.075
14920,2011-05-11,2011-05-11,1,977.77,977.77,0,0,212,977.77
14921,2011-05-22,2011-11-09,2,1316.07,658.035,1,171,201,658.035
14923,2011-10-20,2011-10-20,1,749.1,749.1,0,0,50,749.1
14924,2011-04-08,2011-04-08,1,310.05,310.05,0,0,245,310.05
14929,2011-11-07,2011-11-07,1,223.88,223.88,0,0,32,223.88
14930,2011-03-10,2011-08-23,2,2372.86,1186.43,1,166,274,1186.43
14931,2011-04-13,2011-12-05,5,1257.68,251.536,4,236,240,251.536
14932,2010-12-09,2010-12-09,1,363.53,363.53,0,0,365,363.53
14934,2011-03-02,2011-09-19,2,1890.94,945.47,1,201,282,945.47
14935,2011-02-15,2011-02-15,1,1784.71,1784.71,0,0,297,1784.71
14936,2011-03-09,2011-11-06,5,8137.02,1627.404,4,242,275,1627.404
14937,2011-08-01,2011-10-14,2,1621.8799999999999,810.9399999999999,1,74,130,810.9399999999999
14944,2011-02-16,2011-11-10,7,5900.25,842.8928571428571,6,267,296,842.8928571428571
14946,2011-11-25,2011-11-25,1,100.9,100.9,0,0,14,100.9
14947,2011-08-01,2011-09-28,2,290.82,145.41,1,58,130,145.41
14948,2011-05-04,2011-11-16,6,1101.9699999999998,183.66166666666663,5,196,219,183.66166666666663
14950,2011-11-20,2011-11-20,1,371.2,371.2,0,0,19,371.2
14951,2011-09-21,2011-09-21,1,311.69,311.69,0,0,79,311.69
14952,2010-12-10,2011-10-11,8,8099.490000000001,1012.4362500000001,7,305,364,1012.4362500000001
14953,2011-11-14,2011-11-14,1,289.82,289.82,0,0,25,289.82
14954,2011-11-27,2011-11-27,1,336.17,336.17,0,0,12,336.17
14957,2011-03-31,2011-03-31,1,58.49,58.49,0,0,253,58.49
14958,2011-04-08,2011-07-15,3,499.67999999999995,166.55999999999997,2,98,245,166.55999999999997
14959,2011-02-16,2011-10-06,4,695.42,173.855,3,232,296,173.855
14960,2011-06-21,2011-12-01,2,221.26999999999998,110.63499999999999,1,163,171,110.63499999999999
14961,2010-12-14,2011-11-29,8,7044.68,880.585,7,350,360,880.585
14962,2011-03-14,2011-03-14,1,126.7,126.7,0,0,270,126.7
14963,2011-06-09,2011-11-30,5,1487.8,297.56,4,174,183,297.56
14964,2011-04-06,2011-04-06,1,206.21,206.21,0,0,247,206.21
14965,2011-09-04,2011-09-04,1,599.0,599.0,0,0,96,599.0
14966,2011-11-25,2011-11-25,1,191.32,191.32,0,0,14,191.32
14967,2011-10-21,2011-10-21,1,463.8,463.8,0,0,49,463.8
14968,2011-11-09,2011-11-09,1,147.59,147.59,0,0,30,147.59
14970,2011-01-27,2011-10-02,4,1592.06,398.015,3,248,316,398.015
14971,2011-10-27,2011-11-04,2,1116.57,558.285,1,8,43,558.285
14972,2011-08-03,2011-08-03,1,114.77,114.77,0,0,128,114.77
14973,2011-04-28,2011-08-24,3,1314.45,438.15000000000003,2,118,225,438.15000000000003
14974,2011-11-02,2011-11-02,1,114.39,114.39,0,0,37,114.39
14975,2011-10-13,2011-10-13,1,279.94,279.94,0,0,57,279.94
14976,2011-01-17,2011-10-13,5,790.86,158.172,4,269,326,158.172
14978,2011-01-13,2011-09-28,5,1931.42,386.284,4,258,330,386.284
14981,2011-04-07,2011-04-07,1,102.12,102.12,0,0,246,102.12
14984,2011-06-12,2011-11-20,2,213.26999999999998,106.63499999999999,1,161,180,106.63499999999999
14985,2010-12-16,2011-05-25,2,296.75,148.375,1,160,358,148.375
14987,2010-12-09,2011-11-24,2,326.4,163.2,1,350,365,163.2
14988,2011-05-12,2011-05-12,1,334.54,334.54,0,0,211,334.54
14995,2011-03-04,2011-11-01,2,233.23000000000002,116.61500000000001,1,242,280,116.61500000000001
14997,2011-06-14,2011-10-24,3,546.1999999999999,182.06666666666663,2,132,178,182.06666666666663
14998,2011-04-12,2011-06-22,2,429.87,214.935,1,71,241,214.935
15000,2011-10-23,2011-10-23,1,490.52,490.52,0,0,47,490.52
15002,2010-12-07,2011-08-16,4,1641.76,410.44,3,252,367,410.44
15004,2011-07-15,2011-07-15,1,1246.32,1246.32,0,0,147,1246.32
15005,2010-12-08,2011-11-24,28,6316.57,225.5917857142857,27,351,366,225.5917857142857
15006,2011-10-19,2011-10-19,1,502.09,502.09,0,0,51,502.09
15007,2011-07-03,2011-07-03,1,156.91,156.91,0,0,159,156.91
15009,2011-11-14,2011-11-27,3,1261.7800000000002,420.5933333333334,2,13,25,420.5933333333334
15010,2011-11-04,2011-11-04,1,308.94,308.94,0,0,35,308.94
15012,2010-12-01,2011-10-17,2,423.03999999999996,211.51999999999998,1,320,373,211.51999999999998
15014,2011-06-16,2011-10-27,2,260.16999999999996,130.08499999999998,1,133,176,130.08499999999998
15016,2011-06-20,2011-06-20,1,170.04,170.04,0,0,172,170.04
15017,2011-11-06,2011-11-06,1,125.58,125.58,0,0,33,125.58
15018,2010-12-07,2011-11-01,3,496.21000000000004,165.40333333333334,2,329,367,165.40333333333334
15019,2011-03-18,2011-03-18,1,266.0,266.0,0,0,266,266.0
15021,2010-12-08,2011-12-01,8,1914.82,239.3525,7,358,366,239.3525
15022,2011-10-23,2011-11-28,3,905.04,301.68,2,36,47,301.68
15023,2010-12-05,2011-12-06,11,6802.76,618.4327272727273,10,366,369,618.4327272727273
15024,2010-12-07,2011-11-30,7,1661.33,237.33285714285714,6,358,367,237.33285714285714
15025,2011-11-06,2011-11-06,1,377.01,377.01,0,0,33,377.01
15026,2011-03-07,2011-09-20,3,469.0,156.33333333333334,2,197,277,156.33333333333334
15027,2011-04-15,2011-11-09,4,1066.15,266.5375,3,208,238,266.5375
15028,2010-12-06,2011-12-01,3,627.13,209.04333333333332,2,360,368,209.04333333333332
15030,2011-03-16,2011-09-29,2,518.28,259.14,1,197,268,259.14
15031,2011-03-02,2011-12-05,4,668.14,167.035,3,278,282,167.035
15032,2010-12-08,2011-03-28,2,4959.1,2479.55,1,110,366,2479.55
15033,2011-01-14,2011-12-05,10,2586.67,258.66700000000003,9,325,329,258.66700000000003
15034,2010-12-21,2011-11-24,7,4308.61,615.5157142857142,6,338,353,615.5157142857142
15035,2011-09-11,2011-09-11,1,252.73000000000002,252.73000000000002,0,0,89,252.73000000000002
15036,2011-06-13,2011-09-28,3,465.54999999999995,155.1833333333333,2,107,179,155.1833333333333
15038,2010-12-05,2011-10-12,6,705.49,117.58166666666666,5,311,369,117.58166666666666
15039,2010-12-06,2011-11-30,42,19914.440000000002,474.15333333333336,41,359,368,474.15333333333336
15041,2011-06-22,2011-06-22,1,180.35,180.35,0,0,170,180.35
15042,2011-05-24,2011-05-24,1,135.93,135.93,0,0,199,135.93
15043,2011-11-08,2011-11-08,1,537.0,537.0,0,0,31,537.0
15044,2010-12-12,2011-11-20,15,7700.2300000000005,513.3486666666666,14,343,362,513.3486666666666
15045,2011-03-27,2011-07-11,2,735.66,367.83,1,106,257,367.83
15046,2011-01-05,2011-11-30,15,5213.77,347.5846666666667,14,329,338,347.5846666666667
15047,2011-03-15,2011-03-15,1,343.62,343.62,0,0,269,343.62
15048,2010-12-06,2011-10-05,4,384.05,96.0125,3,303,368,96.0125
15049,2011-03-11,2011-03-11,1,121.17000000000002,121.17000000000002,0,0,273,121.17000000000002
15050,2011-09-29,2011-11-14,2,1782.0900000000001,891.0450000000001,1,46,71,891.0450000000001
15051,2011-07-12,2011-11-16,3,1391.61,463.86999999999995,2,127,150,463.86999999999995
15052,2011-01-24,2011-01-24,1,215.78,215.78,0,0,319,215.78
15053,2011-03-03,2011-12-05,3,697.79,232.59666666666666,2,277,281,232.59666666666666
15054,2011-10-30,2011-11-27,2,302.1,151.05,1,28,40,151.05
15057,2011-01-28,2011-03-09,2,1489.5,744.75,1,40,315,744.75
15058,2011-01-31,2011-11-14,8,2124.99,265.62375,7,287,312,265.62375
15059,2011-01-09,2011-10-30,7,1337.72,191.10285714285715,6,294,334,191.10285714285715
15060,2011-11-30,2011-12-01,2,303.09000000000003,151.54500000000002,1,1,9,151.54500000000002
15061,2010-12-02,2011-12-06,29,54534.14,1880.4875862068966,28,369,372,1880.4875862068966
15062,2010-12-15,2011-09-29,4,987.86,246.965,3,288,359,246.965
15063,2011-05-10,2011-05-10,1,370.79999999999995,370.79999999999995,0,0,213,370.79999999999995
15065,2011-02-21,2011-11-02,4,3158.13,789.5325,3,254,291,789.5325
15066,2011-10-17,2011-10-17,1,893.59,893.59,0,0,53,893.59
15067,2011-03-02,2011-09-22,2,1744.76,872.38,1,204,282,872.38
15068,2011-03-28,2011-10-24,2,553.3599999999999,276.67999999999995,1,210,256,276.67999999999995
15069,2011-06-13,2011-06-13,1,1109.53,1109.53,0,0,179,1109.53
15070,2010-12-02,2010-12-02,1,106.2,106.2,0,0,372,106.2
15071,2011-03-09,2011-09-07,2,982.0700000000002,491.0350000000001,1,182,275,491.0350000000001
15073,2011-06-06,2011-11-30,3,1043.41,347.80333333333334,2,177,186,347.80333333333334
15074,2011-08-26,2011-08-26,1,748.87,748.87,0,0,105,748.87
15075,2011-09-23,2011-09-23,1,773.03,773.03,0,0,77,773.03
15076,2011-06-20,2011-06-20,1,880.85,880.85,0,0,172,880.85
15078,2010-12-06,2011-12-02,20,9743.11,487.1555,19,361,368,487.1555
15079,2010-12-09,2011-05-11,3,895.61,298.5366666666667,2,153,365,298.5366666666667
15081,2010-12-07,2011-11-17,5,504.8,100.96000000000001,4,345,367,100.96000000000001
15083,2011-03-28,2011-03-28,1,88.2,88.2,0,0,256,88.2
15087,2011-03-03,2011-03-03,1,306.94,306.94,0,0,281,306.94
15088,2011-10-03,2011-11-18,2,1160.0700000000002,580.0350000000001,1,46,67,580.0350000000001
15089,2011-08-03,2011-11-29,6,2420.84,403.47333333333336,5,118,128,403.47333333333336
15090,2011-02-04,2011-02-04,1,381.32,381.32,0,0,308,381.32
15091,2011-10-03,2011-10-03,1,480.71,480.71,0,0,67,480.71
15092,2011-03-01,2011-05-08,2,457.81000000000006,228.90500000000003,1,68,283,228.90500000000003
15093,2010-12-02,2011-11-21,6,4597.02,766.1700000000001,5,354,372,766.1700000000001
15095,2011-05-20,2011-08-28,3,1370.6,456.8666666666666,2,100,203,456.8666666666666
15096,2011-10-28,2011-10-28,1,219.39000000000001,219.39000000000001,0,0,42,219.39000000000001
15097,2011-12-05,2011-12-05,1,248.08,248.08,0,0,4,248.08
15098,2011-06-10,2011-06-10,1,39916.5,39916.5,0,0,182,39916.5
15099,2011-09-16,2011-09-16,1,410.48,410.48,0,0,84,410.48
15100,2010-12-01,2011-01-10,3,876.0,292.0,2,40,373,292.0
15101,2010-12-15,2011-12-01,2,317.53,158.765,1,351,359,158.765
15103,2011-09-14,2011-11-08,2,703.36,351.68,1,55,86,351.68
15104,2011-03-02,2011-05-27,2,1027.44,513.72,1,86,282,513.72
15105,2011-07-28,2011-11-21,5,2298.9300000000003,459.78600000000006,4,116,134,459.78600000000006
15106,2011-03-15,2011-11-22,5,1422.52,284.504,4,252,269,284.504
15107,2010-12-02,2011-02-01,6,319.5,53.25,5,61,372,53.25
15108,2011-04-26,2011-07-21,4,1300.25,325.0625,3,86,227,325.0625
15109,2011-04-08,2011-04-08,1,484.95,484.95,0,0,245,484.95
15110,2011-01-25,2011-11-16,4,996.1,249.025,3,295,318,249.025
15111,2010-12-02,2011-11-10,3,1567.48,522.4933333333333,2,343,372,522.4933333333333
15113,2011-10-16,2011-11-30,3,3609.33,1203.11,2,45,54,1203.11
15114,2011-02-11,2011-11-09,10,2760.56,276.056,9,271,301,276.056
15115,2011-11-21,2011-11-21,1,340.11,340.11,0,0,18,340.11
15116,2011-05-19,2011-11-22,4,1352.75,338.1875,3,187,204,338.1875
15117,2011-05-08,2011-11-25,5,1551.78,310.356,4,201,215,310.356
15118,2011-07-28,2011-07-28,1,244.8,244.8,0,0,134,244.8
15119,2011-04-08,2011-04-08,1,266.4,266.4,0,0,245,266.4
15120,2011-07-29,2011-07-29,1,358.82,358.82,0,0,133,358.82
15121,2011-02-24,2011-10-20,2,457.71999999999997,228.85999999999999,1,238,288,228.85999999999999
15122,2011-02-15,2011-08-17,3,1633.78,544.5933333333334,2,183,297,544.5933333333334
15123,2011-05-17,2011-12-02,2,2199.31,1099.655,1,199,206,1099.655
15124,2011-06-01,2011-11-17,2,184.19,92.095,1,169,191,92.095
15125,2011-03-14,2011-11-14,10,11528.48,1152.848,9,245,270,1152.848
15127,2011-10-05,2011-10-05,1,406.53,406.53,0,0,65,406.53
15128,2011-05-04,2011-10-10,4,1471.0,367.75,3,159,219,367.75
15129,2011-02-21,2011-10-20,10,3447.3999999999996,344.73999999999995,9,241,291,344.73999999999995
15130,2011-06-23,2011-06-23,1,330.11,330.11,0,0,169,330.11
15132,2011-03-22,2011-11-21,5,977.9300000000001,195.586,4,244,262,195.586
15133,2011-02-11,2011-08-04,3,982.4200000000001,327.47333333333336,2,174,301,327.47333333333336
15134,2011-04-13,2011-11-25,8,1387.99,173.49875,7,226,240,173.49875
15135,2011-04-14,2011-04-14,1,139.05,139.05,0,0,239,139.05
15136,2011-09-04,2011-12-07,3,1286.7,428.90000000000003,2,94,96,428.90000000000003
15139,2011-01-07,2011-04-14,2,178.96,89.48,1,97,336,89.48
15140,2011-03-20,2011-10-18,6,2354.25,392.375,5,212,264,392.375
15142,2011-10-24,2011-10-24,1,498.74,498.74,0,0,46,498.74
15143,2011-04-28,2011-04-28,1,259.45,259.45,0,0,225,259.45
15144,2011-01-31,2011-12-01,14,6580.4400000000005,470.0314285714286,13,304,312,470.0314285714286
15145,2011-04-05,2011-12-05,4,1194.73,298.6825,3,244,248,298.6825
15146,2011-02-21,2011-06-28,2,1327.16,663.58,1,127,291,663.58
15147,2011-04-13,2011-04-13,1,623.5,623.5,0,0,240,623.5
15148,2011-11-29,2011-11-29,1,301.29,301.29,0,0,10,301.29
15149,2011-07-29,2011-07-29,1,520.8000000000001,520.8000000000001,0,0,133,520.8000000000001
15150,2011-03-15,2011-11-22,10,5314.469999999999,531.4469999999999,9,252,269,531.4469999999999
15152,2011-06-05,2011-11-30,13,4745.6900000000005,365.05307692307696,12,178,187,365.05307692307696
15153,2011-11-08,2011-11-08,1,329.25,329.25,0,0,31,329.25
15154,2011-09-25,2011-09-25,1,296.42,296.42,0,0,75,296.42
15156,2011-11-06,2011-12-08,3,961.49,320.49666666666667,2,32,33,320.49666666666667
15157,2010-12-16,2011-12-06,3,1936.0700000000002,645.3566666666667,2,355,358,645.3566666666667
15158,2011-10-25,2011-10-25,1,401.40000000000003,401.40000000000003,0,0,45,401.40000000000003
15159,2010-12-13,2011-12-08,19,18641.010000000002,981.1057894736844,18,360,361,981.1057894736844
15160,2010-12-17,2010-12-17,1,158.16,158.16,0,0,357,158.16
15163,2011-05-31,2011-11-21,2,304.47,152.235,1,174,192,152.235
15164,2011-01-04,2011-10-02,3,843.05,281.01666666666665,2,271,339,281.01666666666665
15165,2010-12-01,2010-12-01,1,487.75,487.75,0,0,373,487.75
15167,2011-01-23,2011-01-23,1,163.0,163.0,0,0,320,163.0
15168,2011-11-14,2011-11-14,1,106.56,106.56,0,0,25,106.56
15171,2011-01-12,2011-01-12,1,1289.5,1289.5,0,0,331,1289.5
15172,2011-04-17,2011-12-01,5,1624.05,324.81,4,228,236,324.81
15174,2011-01-21,2011-01-21,1,135.75,135.75,0,0,322,135.75
15175,2011-09-29,2011-09-29,1,224.14,224.14,0,0,71,224.14
15178,2011-03-24,2011-03-24,1,40.5,40.5,0,0,260,40.5
15179,2011-01-24,2011-11-21,5,2206.95,441.39,4,301,319,441.39
15180,2010-12-07,2010-12-07,1,87.5,87.5,0,0,367,87.5
15181,2011-03-15,2011-10-04,3,689.48,229.82666666666668,2,203,269,229.82666666666668
15182,2011-03-16,2011-07-08,2,622.85,311.425,1,114,268,311.425
15184,2011-06-02,2011-11-10,2,406.76,203.38,1,161,190,203.38
15185,2011-09-30,2011-09-30,1,310.62,310.62,0,0,70,310.62
15186,2011-06-24,2011-11-25,2,411.40999999999997,205.70499999999998,1,154,168,205.70499999999998
15187,2011-05-11,2011-12-08,14,4777.18,341.2271428571429,13,211,212,341.2271428571429
15189,2011-01-11,2011-12-08,38,16225.39,426.983947368421,37,331,332,426.983947368421
15192,2010-12-09,2011-08-12,3,1044.32,348.1066666666666,2,246,365,348.1066666666666
15193,2011-10-10,2011-10-10,1,499.32,499.32,0,0,60,499.32
15194,2010-12-06,2011-12-06,15,7616.53,507.76866666666666,14,365,368,507.76866666666666
15195,2011-12-07,2011-12-07,1,3861.0,3861.0,0,0,2,3861.0
15197,2010-12-16,2011-11-29,3,1079.6100000000001,359.87000000000006,2,348,358,359.87000000000006
15198,2011-08-07,2011-09-08,2,193.64,96.82,1,32,124,96.82
15199,2011-02-04,2011-10-11,4,1268.6999999999998,317.17499999999995,3,249,308,317.17499999999995
15201,2011-04-06,2011-09-13,4,1236.54,309.135,3,160,247,309.135
15203,2011-02-01,2011-11-14,6,1827.8,304.6333333333333,5,286,311,304.6333333333333
15204,2010-12-17,2010-12-17,1,316.58,316.58,0,0,357,316.58
15205,2011-08-04,2011-09-15,2,653.24,326.62,1,42,127,326.62
15206,2011-03-09,2011-11-29,4,420.3,105.075,3,265,275,105.075
15208,2010-12-21,2011-12-08,5,870.12,174.024,4,352,353,174.024
15210,2011-04-28,2011-04-28,1,331.18,331.18,0,0,225,331.18
15211,2010-12-09,2011-10-10,2,894.4100000000001,447.20500000000004,1,305,365,447.20500000000004
15212,2011-04-12,2011-04-12,1,101.8,101.8,0,0,241,101.8
15213,2011-01-14,2011-01-25,2,328.34999999999997,164.17499999999998,1,11,329,164.17499999999998
15214,2011-04-11,2011-12-08,8,1661.44,207.68,7,241,242,207.68
15215,2011-09-04,2011-10-24,2,734.94,367.47,1,50,96,367.47
15216,2011-09-13,2011-09-13,1,96.6,96.6,0,0,87,96.6
15218,2011-01-25,2011-11-29,9,5756.889999999999,639.6544444444444,8,308,318,639.6544444444444
15219,2011-06-16,2011-06-16,1,305.75,305.75,0,0,176,305.75
15220,2011-03-04,2011-10-19,6,1778.96,296.49333333333334,5,229,280,296.49333333333334
15221,2010-12-08,2010-12-08,1,403.25,403.25,0,0,366,403.25
15222,2011-01-25,2011-01-25,1,585.0,585.0,0,0,318,585.0
15223,2011-04-04,2011-04-28,2,755.75,377.875,1,24,249,377.875
15224,2010-12-12,2010-12-16,2,322.08000000000004,161.04000000000002,1,4,362,161.04000000000002
15225,2011-04-19,2011-04-19,1,409.40000000000003,409.40000000000003,0,0,234,409.40000000000003
15226,2011-02-02,2011-02-02,1,154.41,154.41,0,0,310,154.41
15227,2011-01-26,2011-11-03,4,1219.4,304.85,3,281,317,304.85
15228,2011-02-18,2011-10-04,4,3386.71,846.6775,3,228,294,846.6775
15230,2011-04-13,2011-04-14,2,429.6,214.8,1,1,240,214.8
15232,2011-07-22,2011-08-18,2,612.06,306.03,1,27,140,306.03
15234,2011-03-08,2011-03-08,1,197.0,197.0,0,0,276,197.0
15235,2010-12-01,2011-05-06,10,2247.51,224.75100000000003,9,156,373,224.75100000000003
15236,2011-02-14,2011-02-14,1,321.05,321.05,0,0,298,321.05
15237,2011-04-26,2011-12-08,4,1412.3200000000002,353.08000000000004,3,226,227,353.08000000000004
15238,2011-06-08,2011-11-10,3,1071.99,357.33,2,155,184,357.33
15239,2011-09-22,2011-11-29,2,780.59,390.295,1,68,78,390.295
15240,2011-02-01,2011-10-26,5,1706.57,341.31399999999996,4,267,311,341.31399999999996
15241,2011-03-01,2011-10-04,8,1756.44,219.555,7,217,283,219.555
15243,2011-09-26,2011-09-26,1,316.68,316.68,0,0,74,316.68
15244,2011-04-05,2011-10-05,2,631.5699999999999,315.78499999999997,1,183,248,315.78499999999997
15245,2011-03-23,2011-07-28,3,2515.84,838.6133333333333,2,127,261,838.6133333333333
15246,2010-12-16,2011-04-15,2,514.1500000000001,257.07500000000005,1,120,358,257.07500000000005
15247,2011-08-09,2011-08-09,1,356.0,356.0,0,0,122,356.0
15249,2011-03-28,2011-11-08,12,6688.46,557.3716666666667,11,225,256,557.3716666666667
15251,2011-04-12,2011-11-30,10,10484.99,1048.499,9,232,241,1048.499
15252,2011-06-09,2011-11-03,2,740.78,370.39,1,147,183,370.39
15253,2011-06-23,2011-11-23,3,918.2,306.06666666666666,2,153,169,306.06666666666666
15254,2011-08-04,2011-08-04,1,300.36,300.36,0,0,127,300.36
15255,2011-10-04,2011-10-04,1,890.85,890.85,0,0,66,890.85
15256,2011-07-14,2011-07-14,1,98.45,98.45,0,0,148,98.45
15257,2011-03-01,2011-03-01,1,317.15,317.15,0,0,283,317.15
15258,2011-05-06,2011-06-24,2,623.1600000000001,311.58000000000004,1,49,217,311.58000000000004
15260,2010-12-02,2011-08-31,6,1810.77,301.795,5,272,372,301.795
15261,2011-07-27,2011-07-27,1,254.82,254.82,0,0,135,254.82
15262,2011-01-20,2011-01-20,1,178.95000000000002,178.95000000000002,0,0,323,178.95000000000002
15263,2011-08-25,2011-08-25,1,156.51,156.51,0,0,106,156.51
15264,2011-10-06,2011-10-06,1,393.74,393.74,0,0,64,393.74
15265,2011-04-18,2011-07-11,2,1506.12,753.06,1,84,235,753.06
15266,2011-01-05,2011-01-05,1,119.3,119.3,0,0,338,119.3
15267,2011-06-10,2011-11-17,5,1717.36,343.472,4,160,182,343.472
15269,2011-11-16,2011-11-16,1,408.8,408.8,0,0,23,408.8
15270,2011-02-02,2011-11-24,5,2379.49,475.89799999999997,4,295,310,475.89799999999997
15271,2010-12-09,2011-12-02,15,2507.07,167.138,14,358,365,167.138
15272,2011-09-14,2011-10-13,2,721.94,360.97,1,29,86,360.97
15274,2011-11-21,2011-12-05,2,716.57,358.285,1,14,18,358.285
15275,2011-11-02,2011-11-02,1,615.14,615.14,0,0,37,615.14
15276,2011-10-04,2011-10-04,1,135.31,135.31,0,0,66,135.31
15277,2011-10-24,2011-10-24,1,255.89999999999998,255.89999999999998,0,0,46,255.89999999999998
15279,2010-12-20,2010-12-20,1,290.51,290.51,0,0,354,290.51
15280,2011-06-20,2011-06-20,1,113.12,113.12,0,0,172,113.12
15281,2011-01-10,2011-10-12,9,2332.15,259.1277777777778,8,275,333,259.1277777777778
15286,2011-10-21,2011-10-21,1,240.55,240.55,0,0,49,240.55
15287,2011-09-30,2011-11-17,2,486.69000000000005,243.34500000000003,1,48,70,243.34500000000003
15288,2010-12-09,2011-10-27,5,2306.52,461.304,4,322,365,461.304
15289,2011-04-04,2011-11-10,3,939.78,313.26,2,220,249,313.26
15290,2010-12-15,2011-12-05,17,7943.22,467.24823529411765,16,355,359,467.24823529411765
15291,2010-12-01,2011-11-14,15,4668.3,311.22,14,348,373,311.22
15292,2011-05-22,2011-05-22,1,180.94,180.94,0,0,201,180.94
15296,2011-01-17,2011-10-20,6,3672.8599999999997,612.1433333333333,5,276,326,612.1433333333333
15297,2011-10-07,2011-11-29,3,641.94,213.98000000000002,2,53,63,213.98000000000002
15298,2010-12-08,2011-12-07,11,4799.9,436.3545454545454,10,364,366,436.3545454545454
15299,2010-12-02,2011-10-03,4,4507.01,1126.7525,3,305,372,1126.7525
15300,2011-10-06,2011-10-06,1,496.44,496.44,0,0,64,496.44
15301,2010-12-06,2011-10-20,10,5070.35,507.035,9,318,368,507.035
15303,2011-02-22,2011-02-22,1,574.02,574.02,0,0,290,574.02
15304,2010-12-06,2011-10-10,8,694.4,86.8,7,308,368,86.8
15306,2011-07-14,2011-10-06,3,1174.35,391.45,2,84,148,391.45
15307,2011-09-05,2011-09-05,1,205.3,205.3,0,0,95,205.3
15308,2011-03-10,2011-03-10,1,310.47,310.47,0,0,274,310.47
15311,2010-12-01,2011-12-09,90,60767.9,675.1988888888889,89,373,373,675.1988888888889
15312,2010-12-20,2011-09-25,4,924.85,231.2125,3,279,354,231.2125
15313,2011-08-21,2011-08-21,1,52.0,52.0,0,0,110,52.0
15314,2011-05-24,2011-05-24,1,327.97,327.97,0,0,199,327.97
15315,2011-08-15,2011-10-06,2,570.5,285.25,1,52,116,285.25
15316,2011-01-17,2011-01-17,1,165.0,165.0,0,0,326,165.0
15318,2011-12-06,2011-12-06,1,312.62,312.62,0,0,3,312.62
15319,2011-03-01,2011-03-01,1,204.5,204.5,0,0,283,204.5
15320,2011-10-26,2011-10-26,1,267.13,267.13,0,0,44,267.13
15321,2011-02-21,2011-09-30,2,2748.3100000000004,1374.1550000000002,1,221,291,1374.1550000000002
15322,2011-09-15,2011-09-15,1,679.68,679.68,0,0,85,679.68
15325,2011-08-28,2011-08-28,1,162.29,162.29,0,0,103,162.29
15326,2011-01-10,2011-01-10,1,311.71,311.71,0,0,333,311.71
15327,2011-10-18,2011-10-18,1,208.75,208.75,0,0,52,208.75
15329,2011-06-21,2011-10-31,3,1049.7,349.90000000000003,2,132,171,349.90000000000003
15330,2011-10-10,2011-11-07,2,714.96,357.48,1,28,60,357.48
15332,2010-12-05,2010-12-08,2,1661.06,830.53,1,3,369,830.53
15333,2011-05-15,2011-05-15,1,1028.56,1028.56,0,0,208,1028.56
15334,2011-06-19,2011-07-06,3,351.67,117.22333333333334,2,17,173,117.22333333333334
15335,2011-10-17,2011-10-17,1,173.97,173.97,0,0,53,173.97
15339,2011-01-25,2011-10-04,2,574.0699999999999,287.03499999999997,1,252,318,287.03499999999997
15341,2011-09-20,2011-09-20,1,2020.52,2020.52,0,0,80,2020.52
15342,2011-08-02,2011-08-02,1,406.09,406.09,0,0,129,406.09
15343,2011-09-13,2011-09-13,1,364.5,364.5,0,0,87,364.5
15344,2011-09-26,2011-12-09,3,563.9399999999999,187.98,2,74,74,187.98
15345,2011-10-25,2011-10-25,1,393.54,393.54,0,0,45,393.54
15346,2011-01-11,2011-01-11,1,252.42000000000002,252.42000000000002,0,0,332,252.42000000000002
15347,2010-12-08,2010-12-08,1,201.60000000000002,201.60000000000002,0,0,366,201.60000000000002
15348,2011-09-28,2011-09-28,1,158.04,158.04,0,0,72,158.04
15349,2011-06-05,2011-07-04,2,473.81,236.905,1,29,187,236.905
15350,2010-12-01,2010-12-01,1,115.65,115.65,0,0,373,115.65
15351,2010-12-05,2011-11-27,7,1960.1100000000001,280.0157142857143,6,357,369,280.0157142857143
15353,2010-12-07,2011-03-30,2,777.02,388.51,1,113,367,388.51
15355,2011-10-17,2011-11-10,2,277.05,138.525,1,24,53,138.525
15356,2010-12-06,2011-11-08,10,2766.5,276.65,9,337,368,276.65
15358,2010-12-09,2011-12-05,15,8347.2,556.48,14,361,365,556.48
15360,2011-10-31,2011-10-31,1,427.93,427.93,0,0,39,427.93
15361,2010-12-13,2010-12-13,1,418.92,418.92,0,0,361,418.92
15363,2010-12-02,2010-12-02,1,326.0,326.0,0,0,372,326.0
15364,2011-03-30,2011-09-05,2,913.19,456.595,1,159,254,456.595
15365,2011-01-28,2011-11-14,4,2314.32,578.58,3,290,315,578.58
15366,2010-12-16,2011-09-25,2,602.51,301.255,1,283,358,301.255
15367,2011-03-09,2011-10-13,3,1877.5900000000001,625.8633333333333,2,218,275,625.8633333333333
15368,2011-11-18,2011-11-18,1,446.94000000000005,446.94000000000005,0,0,21,446.94000000000005
15370,2011-01-11,2011-10-30,7,2386.05,340.86428571428576,6,292,332,340.86428571428576
15372,2011-07-25,2011-07-25,1,2007.3999999999999,2007.3999999999999,0,0,137,2007.3999999999999
15373,2010-12-03,2011-12-01,11,2415.91,219.62818181818182,10,363,371,219.62818181818182
15374,2011-08-03,2011-08-03,1,168.0,168.0,0,0,128,168.0
15376,2011-05-01,2011-10-30,3,1233.36,411.11999999999995,2,182,222,411.11999999999995
15379,2010-12-16,2011-06-23,7,3703.29,529.0414285714286,6,189,358,529.0414285714286
15380,2010-12-09,2011-12-01,5,1690.2600000000002,338.052,4,357,365,338.052
15381,2011-03-16,2011-05-10,2,596.8499999999999,298.42499999999995,1,55,268,298.42499999999995
15382,2011-02-17,2011-11-25,5,5955.71,1191.142,4,281,295,1191.142
15384,2010-12-15,2011-06-23,2,642.41,321.205,1,190,359,321.205
15385,2011-10-30,2011-10-30,1,316.88,316.88,0,0,40,316.88
15386,2011-06-06,2011-06-06,1,394.14,394.14,0,0,186,394.14
15388,2011-03-14,2011-03-14,1,140.54,140.54,0,0,270,140.54
15389,2011-06-20,2011-06-20,1,500.0,500.0,0,0,172,500.0
15392,2010-12-14,2011-12-05,4,1535.53,383.8825,3,356,360,383.8825
15393,2011-03-03,2011-11-23,2,231.86,115.93,1,265,281,115.93
15394,2010-12-16,2011-11-30,4,2183.54,545.885,3,349,358,545.885
15395,2011-01-18,2011-01-18,1,107.45,107.45,0,0,325,107.45
15396,2011-08-19,2011-08-19,1,288.18,288.18,0,0,112,288.18
15397,2011-02-23,2011-02-23,1,94.0,94.0,0,0,289,94.0
15398,2011-09-22,2011-11-23,2,1345.5300000000002,672.7650000000001,1,62,78,672.7650000000001
15399,2011-09-21,2011-12-08,3,815.77,271.92333333333335,2,78,79,271.92333333333335
15400,2011-03-06,2011-09-08,5,716.2,143.24,4,186,278,143.24
15402,2011-05-27,2011-07-14,2,626.77,313.385,1,48,196,313.385
15405,2011-06-03,2011-06-03,1,349.1,349.1,0,0,189,349.1
15406,2011-02-11,2011-11-08,2,510.71000000000004,255.35500000000002,1,270,301,255.35500000000002
15407,2011-02-07,2011-11-06,4,1056.44,264.11,3,272,305,264.11
15408,2011-03-20,2011-03-20,1,267.18,267.18,0,0,264,267.18
15410,2011-03-23,2011-09-16,8,3450.84,431.355,7,177,261,431.355
15411,2011-06-10,2011-11-13,4,1358.88,339.72,3,156,182,339.72
15412,2011-06-21,2011-06-21,1,190.53,190.53,0,0,171,190.53
15414,2011-04-11,2011-11-30,3,774.9000000000001,258.3,2,233,242,258.3
15415,2011-01-30,2011-01-30,1,572.8100000000001,572.8100000000001,0,0,313,572.8100000000001
15416,2011-03-02,2011-10-06,4,3984.32,996.08,3,218,282,996.08
15417,2011-09-15,2011-09-15,1,508.8,508.8,0,0,85,508.8
15419,2011-11-15,2011-11-15,1,135.86,135.86,0,0,24,135.86
15421,2011-02-02,2011-10-12,3,950.36,316.7866666666667,2,252,310,316.7866666666667
15422,2011-01-20,2011-01-20,1,97.7,97.7,0,0,323,97.7
15423,2011-11-01,2011-11-01,1,43.5,43.5,0,0,38,43.5
15424,2011-03-30,2011-03-30,1,383.34,383.34,0,0,254,383.34
15426,2010-12-05,2011-11-20,4,1447.3899999999999,361.84749999999997,3,350,369,361.84749999999997
15427,2011-10-23,2011-11-06,2,1483.1399999999999,741.5699999999999,1,14,47,741.5699999999999
15428,2011-11-24,2011-11-24,1,93.78,93.78,0,0,15,93.78
15429,2011-09-25,2011-11-13,2,397.35,198.675,1,49,75,198.675
15432,2011-11-16,2011-11-16,1,171.19,171.19,0,0,23,171.19
15433,2011-03-17,2011-05-10,2,533.3,266.65,1,54,267,266.65
15434,2011-05-23,2011-12-01,4,1041.48,260.37,3,192,200,260.37
15435,2011-11-17,2011-11-17,1,149.29,149.29,0,0,22,149.29
15436,2011-04-19,2011-11-27,3,1122.53,374.1766666666667,2,222,234,374.1766666666667
15437,2011-03-22,2011-03-22,1,200.16,200.16,0,0,262,200.16
15438,2011-07-31,2011-07-31,1,156.57999999999998,156.57999999999998,0,0,131,156.57999999999998
15440,2011-05-15,2011-10-16,3,383.68,127.89333333333333,2,154,208,127.89333333333333
15442,2011-04-05,2011-04-05,1,594.0,594.0,0,0,248,594.0
15443,2011-01-23,2011-12-08,7,3236.91,462.4157142857143,6,319,320,462.4157142857143
15444,2011-10-30,2011-11-30,2,1418.2599999999998,709.1299999999999,1,31,40,709.1299999999999
15445,2011-03-20,2011-03-20,1,113.5,113.5,0,0,264,113.5
15447,2011-01-13,2011-01-13,1,155.17,155.17,0,0,330,155.17
15448,2011-01-31,2011-01-31,1,494.64,494.64,0,0,312,494.64
15449,2011-03-23,2011-11-13,3,974.52,324.84,2,235,261,324.84
15450,2011-11-09,2011-11-09,1,429.84,429.84,0,0,30,429.84
15452,2011-03-20,2011-11-10,3,538.73,179.57666666666668,2,235,264,179.57666666666668
15453,2011-06-05,2011-12-08,7,1388.37,198.3385714285714,6,186,187,198.3385714285714
15454,2010-12-12,2010-12-12,1,179.1,179.1,0,0,362,179.1
15456,2010-12-15,2011-03-01,2,447.22,223.61,1,76,359,223.61
15457,2011-03-22,2011-03-22,1,237.07,237.07,0,0,262,237.07
15458,2011-11-14,2011-11-14,1,161.64,161.64,0,0,25,161.64
15460,2010-12-20,2010-12-20,1,216.76,216.76,0,0,354,216.76
15462,2011-06-05,2011-09-06,3,234.6,78.2,2,93,187,78.2
15463,2011-11-10,2011-11-10,1,126.14,126.14,0,0,29,126.14
15464,2011-01-05,2011-01-05,1,1048.85,1048.85,0,0,338,1048.85
15465,2010-12-05,2011-11-20,18,7354.62,408.59,17,350,369,408.59
15466,2011-09-15,2011-09-15,1,334.53,334.53,0,0,85,334.53
15467,2011-07-10,2011-11-30,3,524.88,174.96,2,143,152,174.96
15468,2011-10-19,2011-10-19,1,467.51,467.51,0,0,51,467.51
15469,2011-08-11,2011-10-20,2,538.55,269.275,1,70,120,269.275
15471,2011-12-07,2011-12-07,1,469.48,469.48,0,0,2,469.48
15472,2011-08-18,2011-08-18,1,371.56,371.56,0,0,113,371.56
15473,2011-10-10,2011-11-25,4,1771.2,442.8,3,46,60,442.8
15475,2011-09-23,2011-09-23,1,454.10999999999996,454.10999999999996,0,0,77,454.10999999999996
15478,2011-10-14,2011-10-30,2,1441.42,720.71,1,16,56,720.71
15480,2011-08-15,2011-08-15,1,905.5,905.5,0,0,116,905.5
15482,2010-12-16,2011-11-24,9,11054.96,1228.3288888888887,8,343,358,1228.3288888888887
15483,2011-03-18,2011-07-01,2,233.81,116.905,1,105,266,116.905
15484,2011-09-22,2011-12-08,4,3594.31,898.5775,3,77,78,898.5775
15485,2010-12-01,2011-11-09,3,2575.0,858.3333333333334,2,343,373,858.3333333333334
15488,2011-09-08,2011-09-08,1,91.32000000000001,91.32000000000001,0,0,92,91.32000000000001
15489,2011-05-12,2011-11-17,3,1134.28,378.0933333333333,2,189,211,378.0933333333333
15491,2011-04-18,2011-09-05,5,3100.09,620.018,4,140,235,620.018
15492,2011-09-26,2011-11-11,2,659.46,329.73,1,46,74,329.73
15493,2011-03-14,2011-11-07,4,2001.8,500.45,3,238,270,500.45
15494,2011-08-10,2011-11-18,2,1299.23,649.615,1,100,121,649.615
15497,2011-01-24,2011-11-22,2,1262.2,631.1,1,302,319,631.1
15498,2010-12-08,2011-12-07,17,13316.4,783.3176470588235,16,364,366,783.3176470588235
15500,2011-09-19,2011-12-01,4,1131.56,282.89,3,73,81,282.89
15502,2010-12-05,2011-11-24,8,10384.93,1298.11625,7,354,369,1298.11625
15503,2010-12-12,2010-12-12,1,147.09,147.09,0,0,362,147.09
15504,2011-09-19,2011-09-19,1,52.83,52.83,0,0,81,52.83
15505,2011-07-07,2011-10-18,5,3610.96,722.192,4,103,155,722.192
15506,2011-07-24,2011-11-17,3,979.26,326.42,2,116,138,326.42
15507,2011-06-21,2011-06-21,1,492.36,492.36,0,0,171,492.36
15508,2011-04-18,2011-06-03,4,1000.27,250.0675,3,46,235,250.0675
15510,2011-01-13,2011-01-13,1,250.0,250.0,0,0,330,250.0
15511,2011-09-15,2011-11-28,5,909.23,181.846,4,74,85,181.846
15512,2010-12-15,2011-07-07,2,121.0,60.5,1,204,359,60.5
15513,2010-12-01,2011-11-06,15,14758.220000000001,983.8813333333334,14,340,373,983.8813333333334
15514,2010-12-10,2011-11-27,8,4139.46,517.4325,7,352,364,517.4325
15516,2011-10-24,2011-10-26,2,62.43000000000001,31.215000000000003,1,2,46,31.215000000000003
15517,2011-04-20,2011-04-20,1,267.03,267.03,0,0,233,267.03
15518,2011-01-11,2011-10-06,7,1942.4499999999998,277.49285714285713,6,268,332,277.49285714285713
15520,2011-12-08,2011-12-08,1,343.5,343.5,0,0,1,343.5
15521,2011-03-30,2011-10-30,6,3000.2,500.0333333333333,5,214,254,500.0333333333333
15522,2011-09-13,2011-11-07,2,398.84,199.42,1,55,87,199.42
15523,2011-09-16,2011-09-16,1,412.01000000000005,412.01000000000005,0,0,84,412.01000000000005
15524,2011-11-15,2011-11-15,1,440.0,440.0,0,0,24,440.0
15525,2010-12-01,2011-12-07,3,825.92,275.3066666666667,2,371,373,275.3066666666667
15526,2011-11-06,2011-11-06,1,148.44,148.44,0,0,33,148.44
15527,2010-12-20,2011-11-21,8,2429.78,303.7225,7,336,354,303.7225
15528,2011-03-30,2011-03-30,1,229.33,229.33,0,0,254,229.33
15529,2010-12-08,2011-11-17,11,3995.23,363.20272727272726,10,344,366,363.20272727272726
15530,2011-04-07,2011-11-18,4,1502.35,375.5875,3,225,246,375.5875
15531,2011-11-09,2011-12-01,2,2007.44,1003.72,1,22,30,1003.72
15532,2010-12-16,2011-11-14,4,1580.93,395.2325,3,333,358,395.2325
15533,2011-09-11,2011-11-20,3,807.5699999999999,269.19,2,70,89,269.19
15535,2011-01-16,2011-06-19,3,536.4,178.79999999999998,2,154,327,178.79999999999998
15537,2011-06-29,2011-06-29,1,110.92,110.92,0,0,163,110.92
15539,2011-12-02,2011-12-02,1,538.46,538.46,0,0,7,538.46
15540,2011-11-28,2011-11-28,1,213.3,213.3,0,0,11,213.3
15541,2011-08-17,2011-08-17,1,85.13000000000001,85.13000000000001,0,0,114,85.13000000000001
15543,2011-02-24,2011-02-24,1,127.86,127.86,0,0,288,127.86
15544,2010-12-02,2011-11-30,9,3546.71,394.0788888888889,8,363,372,394.0788888888889
15545,2010-12-03,2011-10-16,2,292.72,146.36,1,317,371,146.36
15547,2010-12-12,2011-12-02,12,4954.84,412.90333333333336,11,355,362,412.90333333333336
15549,2011-01-27,2011-09-23,3,1693.26,564.42,2,239,316,564.42
15550,2011-02-11,2011-12-05,4,575.63,143.9075,3,297,301,143.9075
15551,2011-11-03,2011-11-03,1,436.06,436.06,0,0,36,436.06
15552,2011-05-06,2011-05-06,1,90.12,90.12,0,0,217,90.12
15553,2011-10-10,2011-10-10,1,437.23,437.23,0,0,60,437.23
15554,2011-03-07,2011-03-07,1,217.2,217.2,0,0,277,217.2
15555,2010-12-05,2011-11-27,16,4805.17,300.323125,15,357,369,300.323125
15556,2011-11-15,2011-11-15,1,279.77,279.77,0,0,24,279.77
15557,2011-11-11,2011-11-11,1,473.65000000000003,473.65000000000003,0,0,28,473.65000000000003
15561,2011-05-08,2011-11-28,3,800.59,266.86333333333334,2,204,215,266.86333333333334
15562,2010-12-23,2010-12-23,1,134.55,134.55,0,0,351,134.55
15563,2010-12-16,2011-11-17,3,1400.44,466.81333333333333,2,336,358,466.81333333333333
15565,2011-09-30,2011-10-20,2,173.16000000000003,86.58000000000001,1,20,70,86.58000000000001
15567,2011-11-21,2011-11-21,1,186.01,186.01,0,0,18,186.01
15568,2011-09-27,2011-12-07,3,758.29,252.76333333333332,2,71,73,252.76333333333332
15569,2011-01-11,2011-08-28,4,1375.71,343.9275,3,229,332,343.9275
15570,2010-12-05,2011-12-02,12,4165.52,347.1266666666667,11,362,369,347.1266666666667
15571,2011-09-22,2011-11-28,4,650.4300000000001,162.60750000000002,3,67,78,162.60750000000002
15572,2011-03-06,2011-12-05,5,2552.86,510.572,4,274,278,510.572
15573,2011-09-15,2011-11-08,2,607.45,303.725,1,54,85,303.725
15574,2010-12-02,2011-06-15,3,702.25,234.08333333333334,2,195,372,234.08333333333334
15576,2011-11-02,2011-11-02,1,940.6700000000001,940.6700000000001,0,0,37,940.6700000000001
15577,2011-02-07,2011-07-11,2,258.88,129.44,1,154,305,129.44
15578,2011-06-30,2011-06-30,1,127.1,127.1,0,0,162,127.1
15579,2011-01-30,2011-10-02,2,348.6,174.3,1,245,313,174.3
15581,2010-12-08,2011-08-11,12,3679.9700000000003,306.6641666666667,11,246,366,306.6641666666667
15582,2011-05-03,2011-11-15,3,682.9100000000001,227.63666666666668,2,196,220,227.63666666666668
15584,2011-06-30,2011-11-16,4,725.11,181.2775,3,139,162,181.2775
15585,2011-06-16,2011-06-16,1,455.3,455.3,0,0,176,455.3
15587,2010-12-23,2011-10-20,4,913.68,228.42,3,301,351,228.42
15589,2011-02-02,2011-03-29,2,478.53,239.265,1,55,310,239.265
15592,2011-10-24,2011-10-24,1,388.58,388.58,0,0,46,388.58
15593,2011-09-30,2011-09-30,1,199.8,199.8,0,0,70,199.8
15594,2011-04-19,2011-11-24,5,1771.78,354.356,4,219,234,354.356
15596,2010-12-09,2011-08-31,5,1406.59,281.318,4,265,365,281.318
15597,2011-11-04,2011-11-04,1,324.57,324.57,0,0,35,324.57
15598,2011-10-17,2011-10-17,1,240.68,240.68,0,0,53,240.68
15599,2011-05-19,2011-11-13,2,761.74,380.87,1,178,204,380.87
15601,2010-12-02,2011-11-28,14,6776.56,484.04,13,361,372,484.04
15602,2010-12-06,2011-12-01,9,1297.87,144.20777777777778,8,360,368,144.20777777777778
15603,2011-09-22,2011-09-22,1,48.480000000000004,48.480000000000004,0,0,78,48.480000000000004
15604,2011-10-18,2011-10-18,1,216.39,216.39,0,0,52,216.39
15605,2010-12-01,2011-11-03,5,1198.23,239.64600000000002,4,337,373,239.64600000000002
15606,2011-01-19,2011-10-09,9,2920.16,324.4622222222222,8,263,324,324.4622222222222
15607,2011-01-07,2011-01-07,1,104.76,104.76,0,0,336,104.76
15608,2011-08-11,2011-11-11,3,1093.68,364.56,2,92,120,364.56
15609,2011-06-08,2011-06-08,1,298.48,298.48,0,0,184,298.48
15610,2011-10-19,2011-10-19,1,112.46000000000001,112.46000000000001,0,0,51,112.46000000000001
15611,2011-01-09,2011-11-30,12,1591.45,132.62083333333334,11,325,334,132.62083333333334
15612,2011-10-09,2011-11-03,2,195.15,97.575,1,25,61,97.575
15615,2010-12-15,2011-11-29,17,10399.74,611.7494117647059,16,349,359,611.7494117647059
15618,2011-07-26,2011-11-07,3,776.851,258.95033333333333,2,104,136,258.95033333333333
15619,2011-11-29,2011-11-29,1,336.40000000000003,336.40000000000003,0,0,10,336.40000000000003
15620,2010-12-16,2011-10-14,3,1553.1799999999998,517.7266666666666,2,302,358,517.7266666666666
15621,2011-11-18,2011-12-05,3,1293.03,431.01,2,17,21,431.01
15622,2011-03-02,2011-10-27,5,3709.56,741.912,4,239,282,741.912
15623,2011-07-21,2011-07-21,1,301.03,301.03,0,0,141,301.03
15624,2011-03-28,2011-08-15,4,588.13,147.0325,3,140,256,147.0325
15625,2011-04-18,2011-08-28,4,1534.2599999999998,383.56499999999994,3,132,235,383.56499999999994
15626,2011-01-14,2011-09-26,2,675.8,337.9,1,255,329,337.9
15628,2010-12-08,2011-12-05,9,2870.2400000000002,318.91555555555556,8,362,366,318.91555555555556
15630,2011-05-19,2011-10-25,2,1186.35,593.175,1,159,204,593.175
15632,2011-03-10,2011-11-24,8,3285.31,410.66375,7,259,274,410.66375
15634,2011-11-22,2011-11-22,1,243.55,243.55,0,0,17,243.55
15636,2011-03-02,2011-09-11,2,724.76,362.38,1,193,282,362.38
15637,2011-10-18,2011-10-18,1,223.36,223.36,0,0,52,223.36
15639,2011-07-28,2011-07-28,1,425.32,425.32,0,0,134,425.32
15640,2010-12-02,2011-12-05,15,12515.66,834.3773333333334,14,368,372,834.3773333333334
15641,2010-12-15,2011-08-26,4,1887.2000000000003,471.80000000000007,3,254,359,471.80000000000007
15643,2011-03-02,2011-06-01,2,664.0,332.0,1,91,282,332.0
15644,2011-03-23,2011-06-26,3,813.0,271.0,2,95,261,271.0
15645,2011-11-21,2011-11-21,1,612.01,612.01,0,0,18,612.01
15646,2010-12-02,2011-07-05,3,447.64000000000004,149.21333333333334,2,215,372,149.21333333333334
15648,2011-03-17,2011-05-19,2,657.35,328.675,1,63,267,328.675
15649,2010-12-07,2011-01-07,2,816.0,408.0,1,31,367,408.0
15651,2011-03-24,2011-11-03,2,646.3,323.15,1,224,260,323.15
15652,2011-09-09,2011-09-09,1,337.74,337.74,0,0,91,337.74
15653,2011-08-16,2011-09-08,2,877.4399999999999,438.71999999999997,1,23,115,438.71999999999997
15654,2011-11-13,2011-11-30,2,922.53,461.265,1,17,26,461.265
15655,2011-04-10,2011-04-10,1,560.67,560.67,0,0,243,560.67
15656,2011-02-28,2011-10-25,4,748.5,187.125,3,239,284,187.125
15657,2011-11-17,2011-11-17,1,30.0,30.0,0,0,22,30.0
15658,2010-12-02,2011-06-02,5,1024.1,204.82,4,182,372,204.82
15659,2011-10-27,2011-10-27,1,306.45,306.45,0,0,43,306.45
15660,2010-12-09,2011-11-14,6,1600.8600000000001,266.81,5,340,365,266.81
15661,2011-01-05,2011-01-26,2,309.79999999999995,154.89999999999998,1,21,338,154.89999999999998
15663,2011-08-25,2011-08-25,1,138.14,138.14,0,0,106,138.14
15664,2011-10-20,2011-10-20,1,386.43,386.43,0,0,50,386.43
15665,2011-04-10,2011-06-24,2,2242.01,1121.005,1,75,243,1121.005
15667,2011-10-31,2011-10-31,1,301.32,301.32,0,0,39,301.32
15668,2011-05-06,2011-05-06,1,76.32000000000001,76.32000000000001,0,0,217,76.32000000000001
15669,2011-03-21,2011-10-30,4,684.34,171.085,3,223,263,171.085
15670,2011-02-16,2011-02-16,1,173.05,173.05,0,0,296,173.05
15671,2011-03-14,2011-11-21,7,2657.13,379.59000000000003,6,252,270,379.59000000000003
15673,2011-01-16,2011-09-12,4,2881.02,720.255,3,239,327,720.255
15674,2011-03-30,2011-09-27,5,2446.6000000000004,489.32000000000005,4,181,254,489.32000000000005
15675,2011-03-04,2011-09-19,3,323.69,107.89666666666666,2,199,280,107.89666666666666
15676,2011-03-01,2011-11-21,3,3435.76,1145.2533333333333,2,265,283,1145.2533333333333
15677,2011-10-21,2011-10-21,1,657.23,657.23,0,0,49,657.23
15678,2011-10-18,2011-10-18,1,352.7,352.7,0,0,52,352.7
15679,2011-06-10,2011-11-15,4,781.28,195.32,3,158,182,195.32
15680,2010-12-08,2011-11-30,3,1333.68,444.56,2,357,366,444.56
15681,2011-03-04,2011-11-14,4,1426.16,356.54,3,255,280,356.54
15683,2011-08-14,2011-08-14,1,193.75,193.75,0,0,117,193.75
15687,2011-01-13,2011-12-01,8,2993.1,374.1375,7,322,330,374.1375
15689,2010-12-13,2011-08-12,2,254.1,127.05,1,242,361,127.05
15690,2011-08-31,2011-12-05,2,239.76,119.88,1,96,100,119.88
15691,2011-04-01,2011-04-01,1,136.8,136.8,0,0,252,136.8
15692,2011-11-11,2011-11-11,1,191.04,191.04,0,0,28,191.04
15694,2010-12-02,2011-12-09,14,6479.4,462.8142857142857,13,372,372,462.8142857142857
15695,2011-03-18,2011-03-18,1,409.98,409.98,0,0,266,409.98
15696,2011-01-17,2011-11-06,8,2736.46,342.0575,7,293,326,342.0575
15699,2011-11-22,2011-11-22,1,309.65,309.65,0,0,17,309.65
15700,2011-06-19,2011-06-20,2,696.68,348.34,1,1,173,348.34
15701,2011-08-21,2011-12-07,4,1542.1399999999999,385.53499999999997,3,108,110,385.53499999999997
15703,2011-03-20,2011-03-20,1,211.5,211.5,0,0,264,211.5
15704,2011-05-08,2011-07-22,3,2293.62,764.54,2,75,215,764.54
15705,2011-05-22,2011-05-22,1,143.1,143.1,0,0,201,143.1
15706,2011-08-15,2011-10-07,4,1060.56,265.14,3,53,116,265.14
15707,2011-09-14,2011-11-04,4,945.5799999999999,236.39499999999998,3,51,86,236.39499999999998
15708,2010-12-05,2011-10-30,7,3364.2400000000002,480.6057142857143,6,329,369,480.6057142857143
15709,2011-03-01,2011-03-01,1,133.25,133.25,0,0,283,133.25
15712,2011-02-25,2011-11-30,5,1072.3600000000001,214.47200000000004,4,278,287,214.47200000000004
15713,2010-12-08,2011-07-19,2,356.70000000000005,178.35000000000002,1,223,366,178.35000000000002
15714,2011-09-23,2011-11-28,2,330.88,165.44,1,66,77,165.44
15716,2010-12-05,2011-07-17,4,1118.81,279.7025,3,224,369,279.7025
15717,2011-04-19,2011-04-19,1,150.3,150.3,0,0,234,150.3
15719,2011-01-06,2011-11-07,13,5045.610000000001,388.1238461538462,12,305,337,388.1238461538462
15720,2011-11-15,2011-11-15,1,598.73,598.73,0,0,24,598.73
15721,2011-11-28,2011-11-28,1,507.08,507.08,0,0,11,507.08
15722,2011-02-22,2011-11-04,4,2222.56,555.64,3,255,290,555.64
15723,2010-12-10,2010-12-10,1,203.1,203.1,0,0,364,203.1
15724,2011-02-28,2011-05-22,2,218.25,109.125,1,83,284,109.125
15725,2011-11-24,2011-11-24,1,415.25,415.25,0,0,15,415.25
15727,2010-12-15,2011-11-23,7,5178.96,739.8514285714285,6,343,359,739.8514285714285
15729,2011-05-11,2011-05-11,1,85.0,85.0,0,0,212,85.0
15730,2011-05-17,2011-10-05,3,1120.88,373.6266666666667,2,141,206,373.6266666666667
15732,2010-12-02,2011-05-11,2,294.12,147.06,1,160,372,147.06
15733,2011-03-02,2011-03-02,1,162.3,162.3,0,0,282,162.3
15734,2011-05-23,2011-08-17,2,1339.4500000000003,669.7250000000001,1,86,200,669.7250000000001
15737,2011-04-11,2011-11-25,7,1205.1200000000001,172.16000000000003,6,228,242,172.16000000000003
15738,2010-12-02,2011-11-21,15,4812.42,320.82800000000003,14,354,372,320.82800000000003
15739,2011-10-04,2011-10-04,1,449.12,449.12,0,0,66,449.12
15740,2011-10-21,2011-10-21,1,154.88,154.88,0,0,49,154.88
15743,2011-06-08,2011-11-23,4,784.46,196.115,3,168,184,196.115
15744,2011-09-23,2011-09-23,1,34.8,34.8,0,0,77,34.8
15745,2011-04-17,2011-11-20,4,1094.5900000000001,273.64750000000004,3,217,236,273.64750000000004
15746,2011-07-28,2011-07-28,1,196.88,196.88,0,0,134,196.88
15747,2011-06-20,2011-11-27,3,974.04,324.68,2,160,172,324.68
15748,2011-10-30,2011-10-30,1,149.31,149.31,0,0,40,149.31
15749,2011-01-11,2011-04-18,2,44534.3,22267.15,1,97,332,22267.15
15750,2010-12-08,2011-12-07,7,2465.48,352.2114285714286,6,364,366,352.2114285714286
15752,2010-12-02,2011-10-31,7,2637.38,376.7685714285714,6,333,372,376.7685714285714
15753,2011-02-08,2011-02-08,1,79.2,79.2,0,0,304,79.2
15754,2011-04-07,2011-10-19,3,458.57000000000005,152.85666666666668,2,195,246,152.85666666666668
15755,2011-02-18,2011-11-29,6,2364.25,394.0416666666667,5,284,294,394.0416666666667
15756,2011-04-04,2011-10-09,4,532.96,133.24,3,188,249,133.24
15757,2011-05-06,2011-10-05,2,714.4200000000001,357.21000000000004,1,152,217,357.21000000000004
15758,2011-11-15,2011-11-15,1,205.25,205.25,0,0,24,205.25
15759,2010-12-16,2011-05-05,3,253.04000000000002,84.34666666666668,2,140,358,84.34666666666668
15762,2011-09-23,2011-10-05,2,583.75,291.875,1,12,77,291.875
15763,2011-09-23,2011-11-08,2,1086.92,543.46,1,46,77,543.46
15764,2011-03-08,2011-09-12,4,3279.97,819.9925,3,188,276,819.9925
15766,2011-10-06,2011-10-06,1,315.06,315.06,0,0,64,315.06
15768,2011-04-28,2011-08-16,3,621.8299999999999,207.27666666666664,2,110,225,207.27666666666664
15769,2010-12-03,2011-12-02,22,56252.72,2556.9418181818182,21,364,371,2556.9418181818182
15773,2011-12-04,2011-12-04,1,635.6800000000001,635.6800000000001,0,0,5,635.6800000000001
15774,2011-10-02,2011-10-02,1,270.8,270.8,0,0,68,270.8
15775,2011-04-08,2011-04-08,1,104.9,104.9,0,0,245,104.9
15776,2011-07-29,2011-07-29,1,241.62,241.62,0,0,133,241.62
15777,2010-12-13,2011-04-12,3,1047.11,349.03666666666663,2,120,361,349.03666666666663
15780,2010-12-17,2011-06-09,3,475.28000000000003,158.42666666666668,2,174,357,158.42666666666668
15781,2011-02-07,2011-11-14,3,345.46000000000004,115.15333333333335,2,280,305,115.15333333333335
15782,2011-09-11,2011-11-30,3,2614.7400000000002,871.58,2,80,89,871.58
15783,2011-11-29,2011-11-29,1,246.3,246.3,0,0,10,246.3
15785,2011-02-17,2011-11-07,4,2328.9700000000003,582.2425000000001,3,263,295,582.2425000000001
15786,2011-08-17,2011-10-24,2,4932.2,2466.1,1,68,114,2466.1
15787,2011-10-09,2011-11-13,2,948.05,474.025,1,35,61,474.025
15789,2010-12-16,2010-12-16,1,351.3,351.3,0,0,358,351.3
15790,2011-11-29,2011-11-29,1,220.85,220.85,0,0,10,220.85
15791,2011-05-19,2011-10-27,2,1612.69,806.345,1,161,204,806.345
15793,2011-03-16,2011-11-25,3,965.61,321.87,2,254,268,321.87
15795,2011-07-13,2011-07-13,1,610.01,610.01,0,0,149,610.01
15796,2011-02-10,2011-12-08,8,2711.56,338.945,7,301,302,338.945
15797,2011-01-24,2011-08-18,4,2207.4,551.85,3,206,319,551.85
15799,2011-01-09,2011-09-25,3,884.14,294.7133333333333,2,259,334,294.7133333333333
15800,2011-04-07,2011-08-24,2,699.0799999999999,349.53999999999996,1,139,246,349.53999999999996
15801,2011-08-22,2011-10-24,3,1063.95,354.65000000000003,2,63,109,354.65000000000003
15802,2011-07-20,2011-07-20,1,451.42,451.42,0,0,142,451.42
15803,2011-10-19,2011-10-19,1,415.82000000000005,415.82000000000005,0,0,51,415.82000000000005
15804,2011-05-25,2011-12-09,13,4206.39,323.5684615384616,12,198,198,323.5684615384616
15805,2010-12-10,2011-11-16,13,5528.48,425.2676923076923,12,341,364,425.2676923076923
15806,2011-03-08,2011-10-24,3,784.58,261.5266666666667,2,230,276,261.5266666666667
15807,2011-09-23,2011-10-20,2,903.9000000000001,451.95000000000005,1,27,77,451.95000000000005
15808,2010-12-05,2011-02-06,4,3734.9700000000003,933.7425000000001,3,63,369,933.7425000000001
15809,2011-02-10,2011-11-03,5,515.77,103.154,4,266,302,103.154
15810,2011-02-16,2011-09-22,4,1391.98,347.995,3,218,296,347.995
15811,2010-12-09,2011-11-17,6,2218.62,369.77,5,343,365,369.77
15812,2011-01-26,2011-08-24,5,1801.14,360.228,4,210,317,360.228
15813,2011-04-14,2011-05-16,2,1303.9099999999999,651.9549999999999,1,32,239,651.9549999999999
15814,2011-10-20,2011-11-23,3,1945.33,648.4433333333333,2,34,50,648.4433333333333
15815,2011-03-25,2011-10-07,5,2100.6,420.12,4,196,259,420.12
15819,2011-03-08,2011-10-21,4,1905.45,476.3625,3,227,276,476.3625
15820,2011-01-24,2011-01-24,1,206.98,206.98,0,0,319,206.98
15821,2011-10-09,2011-10-26,2,570.96,285.48,1,17,61,285.48
15822,2010-12-15,2011-12-06,2,885.47,442.735,1,356,359,442.735
15823,2010-12-02,2010-12-02,1,15.0,15.0,0,0,372,15.0
15825,2011-06-20,2011-06-20,1,532.94,532.94,0,0,172,532.94
15826,2011-05-13,2011-10-14,2,1654.31,827.155,1,154,210,827.155
15827,2010-12-02,2011-09-27,11,1836.0900000000001,166.91727272727275,10,299,372,166.91727272727275
15829,2011-07-22,2011-09-01,2,636.14,318.07,1,41,140,318.07
15830,2011-11-02,2011-11-02,1,576.0,576.0,0,0,37,576.0
15831,2011-01-19,2011-10-12,3,801.76,267.25333333333333,2,266,324,267.25333333333333
15832,2011-03-30,2011-03-30,1,836.79,836.79,0,0,254,836.79
15834,2011-03-07,2011-09-30,3,2233.75,744.5833333333334,2,207,277,744.5833333333334
15835,2011-01-13,2011-10-26,4,954.09,238.5225,3,286,330,238.5225
15836,2011-10-20,2011-10-20,1,137.37,137.37,0,0,50,137.37
15837,2011-10-06,2011-10-06,1,391.98,391.98,0,0,64,391.98
15838,2010-12-07,2011-11-28,15,33643.08,2242.8720000000003,14,356,367,2242.8720000000003
15839,2011-07-14,2011-11-06,3,1048.49,349.49666666666667,2,115,148,349.49666666666667
15840,2011-06-20,2011-10-12,2,355.56,177.78,1,114,172,177.78
15841,2011-01-05,2011-09-28,4,1224.06,306.015,3,266,338,306.015
15843,2011-02-09,2011-02-09,1,118.95000000000002,118.95000000000002,0,0,303,118.95000000000002
15844,2011-10-24,2011-10-24,1,130.73999999999998,130.73999999999998,0,0,46,130.73999999999998
15845,2011-01-06,2011-11-22,8,3711.77,463.97125,7,320,337,463.97125
15847,2011-02-24,2011-11-01,2,389.27,194.635,1,250,288,194.635
15850,2011-06-24,2011-11-20,2,238.85,119.425,1,149,168,119.425
15852,2011-05-26,2011-06-06,2,160.71,80.355,1,11,197,80.355
15853,2011-10-19,2011-10-19,1,110.8,110.8,0,0,51,110.8
15854,2010-12-13,2011-12-05,10,2974.65,297.46500000000003,9,357,361,297.46500000000003
15855,2011-03-21,2011-07-26,5,712.24,142.448,4,127,263,142.448
15856,2010-12-09,2011-12-05,21,16387.57,780.3604761904762,20,361,365,780.3604761904762
15857,2011-11-21,2011-11-21,1,297.0,297.0,0,0,18,297.0
15858,2010-12-07,2011-11-24,5,1438.8500000000001,287.77000000000004,4,352,367,287.77000000000004
15860,2010-12-06,2011-10-30,8,977.21,122.15125,7,328,368,122.15125
15861,2011-03-17,2011-11-27,6,3165.36,527.5600000000001,5,255,267,527.5600000000001
15862,2010-12-01,2011-12-01,4,832.88,208.22,3,365,373,208.22
15863,2011-05-31,2011-11-14,2,68.84,34.42,1,167,192,34.42
15864,2011-01-27,2011-11-17,6,1936.32,322.71999999999997,5,294,316,322.71999999999997
15865,2011-05-10,2011-10-30,3,895.13,298.37666666666667,2,173,213,298.37666666666667
15866,2011-08-30,2011-08-30,1,230.53,230.53,0,0,101,230.53
15867,2010-12-05,2011-12-04,15,3812.64,254.176,14,364,369,254.176
15869,2011-03-07,2011-03-07,1,149.64,149.64,0,0,277,149.64
15870,2011-11-07,2011-11-07,1,354.09000000000003,354.09000000000003,0,0,32,354.09000000000003
15872,2011-11-25,2011-11-25,1,360.93,360.93,0,0,14,360.93
15874,2011-02-28,2011-10-07,6,4405.88,734.3133333333334,5,221,284,734.3133333333334
15877,2011-11-22,2011-12-08,2,493.28,246.64,1,16,17,246.64
15880,2010-12-05,2010-12-05,1,343.28000000000003,343.28000000000003,0,0,369,343.28000000000003
15881,2010-12-10,2011-01-31,3,501.39,167.13,2,52,364,167.13
15882,2010-12-06,2011-05-25,2,516.3600000000001,258.18000000000006,1,170,368,258.18000000000006
15883,2011-11-06,2011-12-07,2,396.48,198.24,1,31,33,198.24
15885,2011-02-03,2011-09-08,3,379.35,126.45,2,217,309,126.45
15886,2011-10-10,2011-10-10,1,181.09,181.09,0,0,60,181.09
15888,2011-09-20,2011-09-20,1,168.31,168.31,0,0,80,168.31
15889,2010-12-05,2011-07-06,2,446.87,223.435,1,213,369,223.435
15891,2011-04-27,2011-04-27,1,524.52,524.52,0,0,226,524.52
15894,2010-12-05,2011-03-31,2,263.55,131.775,1,116,369,131.775
15895,2011-07-13,2011-07-13,1,179.17,179.17,0,0,149,179.17
15897,2011-05-29,2011-05-29,1,222.05,222.05,0,0,194,222.05
15898,2010-12-06,2011-12-08,5,1388.88,277.776,4,367,368,277.776
15899,2010-12-06,2010-12-06,1,56.25,56.25,0,0,368,56.25
15900,2011-11-16,2011-11-16,1,351.11,351.11,0,0,23,351.11
15901,2011-07-08,2011-11-23,3,363.88,121.29333333333334,2,138,154,121.29333333333334
15903,2011-02-17,2011-11-30,7,5126.76,732.3942857142857,6,286,295,732.3942857142857
15904,2011-12-01,2011-12-01,1,164.68,164.68,0,0,8,164.68
15906,2011-03-29,2011-11-20,5,1567.69,313.538,4,236,255,313.538
15907,2011-05-13,2011-12-06,3,967.45,322.48333333333335,2,207,210,322.48333333333335
15909,2011-06-19,2011-06-19,1,191.94,191.94,0,0,173,191.94
15910,2011-01-27,2011-12-09,8,1232.18,154.0225,7,316,316,154.0225
15912,2011-04-20,2011-06-14,2,264.62,132.31,1,55,233,132.31
15916,2010-12-08,2011-11-23,7,1528.0900000000001,218.29857142857145,6,350,366,218.29857142857145
15917,2011-04-06,2011-04-06,1,123.1,123.1,0,0,247,123.1
15918,2011-03-13,2011-06-02,2,334.23,167.115,1,81,271,167.115
15919,2010-12-06,2011-11-20,2,639.8900000000001,319.94500000000005,1,349,368,319.94500000000005
15920,2011-07-08,2011-07-08,1,167.5,167.5,0,0,154,167.5
15921,2011-06-20,2011-06-20,1,336.03000000000003,336.03000000000003,0,0,172,336.03000000000003
15922,2010-12-01,2010-12-01,1,369.5,369.5,0,0,373,369.5
15923,2010-12-02,2010-12-02,1,127.08,127.08,0,0,372,127.08
15925,2011-05-29,2011-05-29,1,207.15,207.15,0,0,194,207.15
15930,2011-10-03,2011-10-03,1,426.63,426.63,0,0,67,426.63
15932,2011-02-23,2011-12-05,8,2495.87,311.98375,7,285,289,311.98375
15933,2011-09-14,2011-11-18,3,1107.46,369.15333333333336,2,65,86,369.15333333333336
15935,2011-04-12,2011-04-14,2,416.86,208.43,1,2,241,208.43
15937,2011-10-06,2011-10-06,1,145.35,145.35,0,0,64,145.35
15938,2011-01-20,2011-08-19,5,404.58000000000004,80.91600000000001,4,211,323,80.91600000000001
15939,2011-01-12,2011-09-11,14,6115.01,436.7864285714286,13,242,331,436.7864285714286
15940,2011-02-01,2011-02-01,1,35.8,35.8,0,0,311,35.8
15942,2011-07-29,2011-07-29,1,337.44,337.44,0,0,133,337.44
15944,2011-03-08,2011-03-08,1,325.1,325.1,0,0,276,325.1
15945,2010-12-09,2010-12-09,1,181.0,181.0,0,0,365,181.0
15947,2011-09-18,2011-09-18,1,1708.24,1708.24,0,0,82,1708.24
15948,2011-10-27,2011-12-01,2,955.24,477.62,1,35,43,477.62
15949,2011-09-29,2011-11-23,2,364.72,182.36,1,55,71,182.36
15950,2010-12-15,2011-11-08,4,1765.5100000000002,441.37750000000005,3,328,359,441.37750000000005
15951,2011-02-27,2011-12-01,2,708.22,354.11,1,277,285,354.11
15952,2011-04-28,2011-11-06,4,806.57,201.6425,3,192,225,201.6425
15953,2010-12-05,2011-11-24,8,1659.3799999999999,207.42249999999999,7,354,369,207.42249999999999
15955,2010-12-02,2011-11-15,10,4416.26,441.62600000000003,9,348,372,441.62600000000003
15957,2011-11-08,2011-11-08,1,428.89,428.89,0,0,31,428.89
15958,2011-09-26,2011-09-26,1,104.35,104.35,0,0,74,104.35
15963,2011-10-25,2011-11-20,2,470.76,235.38,1,26,45,235.38
15965,2010-12-07,2011-11-22,3,845.6400000000001,281.88000000000005,2,350,367,281.88000000000005
15967,2011-01-25,2011-11-16,2,418.83000000000004,209.41500000000002,1,295,318,209.41500000000002
15969,2011-06-07,2011-12-07,3,666.1,222.03333333333333,2,183,185,222.03333333333333
15970,2011-02-09,2011-02-09,1,314.1,314.1,0,0,303,314.1
15971,2011-02-01,2011-11-22,11,4199.85,381.80454545454546,10,294,311,381.80454545454546
15973,2010-12-08,2010-12-08,1,307.82000000000005,307.82000000000005,0,0,366,307.82000000000005
15974,2011-02-24,2011-10-31,7,3442.15,491.7357142857143,6,249,288,491.7357142857143
15975,2011-09-16,2011-09-16,1,371.01,371.01,0,0,84,371.01
15976,2011-05-03,2011-06-27,2,430.94,215.47,1,55,220,215.47
15977,2011-10-31,2011-11-22,2,1054.73,527.365,1,22,39,527.365
15978,2011-09-23,2011-09-23,1,1098.78,1098.78,0,0,77,1098.78
15980,2011-03-30,2011-09-12,2,2398.86,1199.43,1,166,254,1199.43
15981,2011-02-01,2011-11-15,8,3408.48,426.06,7,287,311,426.06
15983,2010-12-01,2011-11-17,4,1475.02,368.755,3,351,373,368.755
15984,2010-12-06,2011-12-07,10,2837.67,283.767,9,366,368,283.767
15985,2011-04-17,2011-08-08,2,1142.42,571.21,1,113,236,571.21
15986,2011-11-09,2011-11-09,1,168.12,168.12,0,0,30,168.12
15987,2010-12-06,2011-11-27,6,1451.2800000000002,241.88000000000002,5,356,368,241.88000000000002
15988,2011-11-20,2011-11-20,1,158.03,158.03,0,0,19,158.03
15990,2011-02-25,2011-10-26,2,792.11,396.055,1,243,287,396.055
15992,2011-12-06,2011-12-06,1,41.989999999999995,41.989999999999995,0,0,3,41.989999999999995
15993,2011-10-26,2011-12-01,5,2797.57,559.514,4,36,44,559.514
15994,2011-10-16,2011-10-16,1,427.07,427.07,0,0,54,427.07
15996,2010-12-08,2011-09-12,6,1060.68,176.78,5,278,366,176.78
15998,2010-12-12,2011-11-03,5,3089.9700000000003,617.994,4,326,362,617.994
16000,2011-12-07,2011-12-07,1,12393.7,12393.7,0,0,2,12393.7
16003,2010-12-15,2011-11-10,4,2735.37,683.8425,3,330,359,683.8425
16005,2011-03-14,2011-11-27,3,615.39,205.13,2,258,270,205.13
16006,2011-05-12,2011-05-12,1,101.4,101.4,0,0,211,101.4
16007,2011-05-08,2011-10-23,4,1701.94,425.485,3,168,215,425.485
16008,2011-05-19,2011-11-16,3,478.78,159.59333333333333,2,181,204,159.59333333333333
16009,2011-07-03,2011-11-17,4,992.71,248.1775,3,137,159,248.1775
16010,2010-12-12,2011-04-08,3,407.5,135.83333333333334,2,117,362,135.83333333333334
16011,2010-12-08,2011-12-01,16,3362.71,210.169375,15,358,366,210.169375
16012,2011-07-07,2011-11-04,3,1415.29,471.7633333333333,2,120,155,471.7633333333333
16013,2010-12-03,2011-12-06,28,37130.6,1326.0928571428572,27,368,371,1326.0928571428572
16014,2011-02-21,2011-11-02,3,662.38,220.79333333333332,2,254,291,220.79333333333332
16015,2011-10-21,2011-12-06,3,705.39,235.13,2,46,49,235.13
16016,2010-12-08,2011-12-06,7,1508.76,215.53714285714287,6,363,366,215.53714285714287
16017,2011-10-23,2011-10-23,1,211.88,211.88,0,0,47,211.88
16018,2011-06-12,2011-10-31,2,408.9,204.45,1,141,180,204.45
16019,2010-12-10,2011-10-24,9,3786.2400000000002,420.6933333333334,8,318,364,420.6933333333334
16020,2011-10-05,2011-11-23,2,851.01,425.505,1,49,65,425.505
16022,2011-03-24,2011-03-24,1,628.28,628.28,0,0,260,628.28
16023,2011-03-18,2011-10-24,3,719.8100000000001,239.9366666666667,2,220,266,239.9366666666667
16024,2011-11-27,2011-11-27,1,251.24,251.24,0,0,12,251.24
16025,2011-11-10,2011-11-10,1,439.65999999999997,439.65999999999997,0,0,29,439.65999999999997
16026,2011-10-27,2011-10-27,1,236.09,236.09,0,0,43,236.09
16027,2011-02-10,2011-09-09,6,934.62,155.77,5,211,302,155.77
16029,2010-12-01,2011-11-01,39,81024.84,2077.56,38,335,373,2077.56
16030,2011-02-03,2011-02-03,1,331.24,331.24,0,0,309,331.24
16031,2011-04-06,2011-09-08,2,548.94,274.47,1,155,247,274.47
16033,2010-12-05,2011-12-04,18,8816.4,489.79999999999995,17,364,369,489.79999999999995
16034,2011-01-11,2011-05-27,3,437.7,145.9,2,136,332,145.9
16036,2011-03-21,2011-09-13,2,758.9200000000001,379.46000000000004,1,176,263,379.46000000000004
16037,2010-12-16,2011-03-15,3,855.02,285.00666666666666,2,89,358,285.00666666666666
16038,2011-05-22,2011-12-02,3,471.78,157.26,2,194,201,157.26
16040,2011-03-16,2011-10-05,3,1313.55,437.84999999999997,2,203,268,437.84999999999997
16041,2011-07-21,2011-11-09,2,3166.4,1583.2,1,111,141,1583.2
16042,2011-01-11,2011-11-17,4,1197.27,299.3175,3,310,332,299.3175
16043,2011-01-26,2011-11-02,4,773.99,193.4975,3,280,317,193.4975
16045,2011-02-22,2011-08-12,4,1340.7,335.175,3,171,290,335.175
16048,2010-12-01,2010-12-01,1,256.44,256.44,0,0,373,256.44
16049,2011-09-25,2011-10-30,3,1111.79,370.59666666666664,2,35,75,370.59666666666664
16050,2011-06-19,2011-06-19,1,137.9,137.9,0,0,173,137.9
16052,2011-10-16,2011-10-16,1,362.06,362.06,0,0,54,362.06
16053,2011-08-09,2011-11-07,2,1511.95,755.975,1,90,122,755.975
16054,2011-07-17,2011-07-17,1,783.9,783.9,0,0,145,783.9
16055,2011-05-03,2011-05-03,1,134.8,134.8,0,0,220,134.8
16056,2011-10-25,2011-10-25,1,664.85,664.85,0,0,45,664.85
16057,2011-02-28,2011-11-23,4,2263.12,565.78,3,268,284,565.78
16059,2010-12-07,2011-10-05,6,1459.8600000000001,243.31000000000003,5,302,367,243.31000000000003
16062,2010-12-10,2011-11-30,4,1153.62,288.405,3,355,364,288.405
16063,2011-03-24,2011-03-24,1,335.32,335.32,0,0,260,335.32
16065,2010-12-09,2010-12-09,1,372.09,372.09,0,0,365,372.09
16066,2011-08-07,2011-11-23,5,1521.87,304.37399999999997,4,108,124,304.37399999999997
16070,2011-11-07,2011-11-17,2,852.1500000000001,426.07500000000005,1,10,32,426.07500000000005
16071,2011-10-26,2011-10-26,1,326.24,326.24,0,0,44,326.24
16072,2011-02-24,2011-02-24,1,584.3199999999999,584.3199999999999,0,0,288,584.3199999999999
16073,2011-02-15,2011-02-15,1,122.39999999999999,122.39999999999999,0,0,297,122.39999999999999
16076,2011-05-15,2011-12-06,9,2234.73,248.30333333333334,8,205,208,248.30333333333334
16078,2011-03-01,2011-03-01,1,79.2,79.2,0,0,283,79.2
16079,2011-10-30,2011-11-23,3,1352.0,450.6666666666667,2,24,40,450.6666666666667
16080,2011-03-10,2011-09-19,2,217.16,108.58,1,193,274,108.58
16081,2010-12-08,2011-10-14,5,2806.8999999999996,561.3799999999999,4,310,366,561.3799999999999
16083,2010-12-14,2011-08-31,2,1317.62,658.81,1,260,360,658.81
16084,2011-02-13,2011-02-13,1,436.18,436.18,0,0,299,436.18
16085,2011-01-23,2011-11-16,5,981.51,196.302,4,297,320,196.302
16086,2010-12-07,2011-10-11,5,1121.3899999999999,224.27799999999996,4,308,367,224.27799999999996
16091,2011-05-25,2011-07-08,2,315.06,157.53,1,44,198,157.53
16092,2011-03-30,2011-08-17,3,817.86,272.62,2,140,254,272.62
16093,2011-08-25,2011-08-25,1,17.0,17.0,0,0,106,17.0
16094,2011-05-04,2011-11-28,3,1078.23,359.41,2,208,219,359.41
16096,2011-03-20,2011-03-20,1,320.62,320.62,0,0,264,320.62
16097,2011-04-13,2011-04-13,1,185.04999999999998,185.04999999999998,0,0,240,185.04999999999998
16098,2010-12-01,2011-09-13,7,2005.63,286.5185714285714,6,286,373,286.5185714285714
16099,2011-04-28,2011-10-20,3,731.9000000000001,243.9666666666667,2,175,225,243.9666666666667
16101,2011-09-30,2011-09-30,1,1290.7,1290.7,0,0,70,1290.7
16102,2011-08-03,2011-10-28,3,1842.14,614.0466666666667,2,86,128,614.0466666666667
16103,2011-04-20,2011-12-02,6,1429.64,238.27333333333334,5,226,233,238.27333333333334
16104,2011-10-09,2011-10-09,1,302.36,302.36,0,0,61,302.36
16105,2011-04-05,2011-04-05,1,336.96,336.96,0,0,248,336.96
16106,2011-10-05,2011-10-05,1,108.38,108.38,0,0,65,108.38
16107,2011-06-09,2011-11-22,7,3204.1600000000003,457.7371428571429,6,166,183,457.7371428571429
16108,2011-09-16,2011-09-16,1,842.5,842.5,0,0,84,842.5
16109,2011-02-04,2011-05-05,2,611.8799999999999,305.93999999999994,1,90,308,305.93999999999994
16110,2011-02-01,2011-10-25,3,1337.48,445.82666666666665,2,266,311,445.82666666666665
16112,2011-01-05,2011-07-19,4,195.74,48.935,3,195,338,48.935
16113,2011-06-09,2011-06-09,1,161.38,161.38,0,0,183,161.38
16114,2011-06-22,2011-06-22,1,135.75000000000003,135.75000000000003,0,0,170,135.75000000000003
16115,2011-02-20,2011-11-30,8,1667.97,208.49625,7,283,292,208.49625
16116,2011-05-12,2011-05-12,1,612.78,612.78,0,0,211,612.78
16117,2011-06-03,2011-06-03,1,232.21,232.21,0,0,189,232.21
16119,2011-09-28,2011-12-01,2,423.36,211.68,1,64,72,211.68
16120,2011-10-11,2011-10-11,1,1309.14,1309.14,0,0,59,1309.14
16121,2011-05-08,2011-10-13,2,867.11,433.555,1,158,215,433.555
16122,2010-12-08,2011-09-27,4,684.4200000000001,171.10500000000002,3,293,366,171.10500000000002
16123,2011-10-19,2011-10-19,1,307.78,307.78,0,0,51,307.78
16124,2011-01-26,2011-01-26,1,249.0,249.0,0,0,317,249.0
16125,2010-12-07,2010-12-07,1,289.35,289.35,0,0,367,289.35
16126,2011-02-16,2011-11-10,4,6287.77,1571.9425,3,267,296,1571.9425
16127,2011-10-31,2011-10-31,1,656.25,656.25,0,0,39,656.25
16128,2011-03-02,2011-11-22,5,1880.22,376.044,4,265,282,376.044
16131,2011-04-14,2011-10-19,4,3506.54,876.635,3,188,239,876.635
16133,2011-01-25,2011-12-06,29,14589.04,503.0703448275862,28,315,318,503.0703448275862
16134,2010-12-15,2011-11-18,2,618.09,309.045,1,338,359,309.045
16135,2011-03-22,2011-03-22,1,517.55,517.55,0,0,262,517.55
16136,2011-03-07,2011-10-11,3,709.38,236.46,2,218,277,236.46
16139,2011-05-17,2011-11-21,3,635.41,211.8033333333333,2,188,206,211.8033333333333
16140,2010-12-03,2011-10-05,2,725.18,362.59,1,306,371,362.59
16141,2011-09-12,2011-09-12,1,620.4,620.4,0,0,88,620.4
16142,2011-04-04,2011-04-04,1,535.34,535.34,0,0,249,535.34
16143,2010-12-05,2011-12-06,6,2424.94,404.1566666666667,5,366,369,404.1566666666667
16144,2011-04-07,2011-04-07,1,175.2,175.2,0,0,246,175.2
16145,2010-12-15,2011-12-01,11,3799.49,345.4081818181818,10,351,359,345.4081818181818
16146,2011-04-21,2011-07-05,3,734.13,244.71,2,75,232,244.71
16147,2011-07-29,2011-07-29,1,375.0,375.0,0,0,133,375.0
16148,2011-02-16,2011-02-16,1,76.32000000000001,76.32000000000001,0,0,296,76.32000000000001
16149,2011-07-20,2011-12-05,2,280.52,140.26,1,138,142,140.26
16150,2010-12-02,2011-10-28,5,2053.02,410.604,4,330,372,410.604
16152,2011-03-16,2011-03-16,1,1829.04,1829.04,0,0,268,1829.04
16153,2010-12-20,2011-10-21,5,1824.23,364.846,4,305,354,364.846
16156,2011-02-02,2011-12-01,9,3122.04,346.8933333333333,8,302,310,346.8933333333333
16157,2011-09-28,2011-11-24,3,656.69,218.89666666666668,2,57,72,218.89666666666668
16159,2011-03-03,2011-03-03,1,348.2,348.2,0,0,281,348.2
16160,2011-09-15,2011-10-05,2,1025.44,512.72,1,20,85,512.72
16161,2010-12-06,2011-12-08,19,5575.56,293.4505263157895,18,367,368,293.4505263157895
16162,2011-04-01,2011-04-01,1,37.4,37.4,0,0,252,37.4
16163,2010-12-09,2011-04-21,2,856.6000000000001,428.30000000000007,1,133,365,428.30000000000007
16164,2011-10-28,2011-11-22,3,822.48,274.16,2,25,42,274.16
16168,2010-12-05,2011-11-29,25,3787.6,151.504,24,359,369,151.504
16169,2011-09-25,2011-12-01,4,1822.97,455.7425,3,67,75,455.7425
16170,2011-04-05,2011-10-20,6,1885.05,314.175,5,198,248,314.175
16171,2011-10-11,2011-10-11,1,73.2,73.2,0,0,59,73.2
16172,2011-04-12,2011-09-05,4,1140.21,285.0525,3,146,241,285.0525
16173,2011-09-02,2011-11-24,6,1418.3200000000002,236.38666666666668,5,83,98,236.38666666666668
16174,2011-07-11,2011-08-05,3,1009.55,336.51666666666665,2,25,151,336.51666666666665
16175,2011-04-13,2011-09-06,4,1037.59,259.3975,3,146,240,259.3975
16177,2011-10-20,2011-10-20,1,331.95,331.95,0,0,50,331.95
16178,2011-07-24,2011-07-24,1,197.9,197.9,0,0,138,197.9
16179,2011-10-10,2011-10-10,1,215.83,215.83,0,0,60,215.83
16180,2011-04-01,2011-08-31,7,10254.18,1464.8828571428571,6,152,252,1464.8828571428571
16181,2011-09-27,2011-09-27,1,305.54,305.54,0,0,73,305.54
16182,2011-02-18,2011-09-28,4,6617.65,1654.4125,3,222,294,1654.4125
16183,2011-10-03,2011-10-03,1,338.71000000000004,338.71000000000004,0,0,67,338.71000000000004
16184,2011-05-12,2011-10-06,6,1158.79,193.13166666666666,5,147,211,193.13166666666666
16185,2011-04-21,2011-11-23,2,529.41,264.705,1,216,232,264.705
16186,2010-12-02,2011-11-17,10,4006.94,400.694,9,350,372,400.694
16187,2011-02-28,2011-11-08,11,6911.4400000000005,628.3127272727273,10,253,284,628.3127272727273
16188,2011-04-11,2011-10-26,4,981.86,245.465,3,198,242,245.465
16189,2011-09-15,2011-11-24,2,215.48,107.74,1,70,85,107.74
16190,2011-10-30,2011-10-30,1,215.08,215.08,0,0,40,215.08
16191,2010-12-14,2011-12-07,10,5180.5199999999995,518.0519999999999,9,358,360,518.0519999999999
16193,2011-04-17,2011-04-17,1,314.45,314.45,0,0,236,314.45
16198,2011-09-25,2011-09-25,1,400.68100000000004,400.68100000000004,0,0,75,400.68100000000004
16200,2011-06-28,2011-12-05,2,1080.62,540.31,1,160,164,540.31
16201,2011-08-22,2011-12-06,4,1863.4699999999998,465.86749999999995,3,106,109,465.86749999999995
16202,2010-12-14,2010-12-14,1,365.27,365.27,0,0,360,365.27
16203,2010-12-02,2011-10-12,4,592.9,148.225,3,314,372,148.225
16204,2011-11-16,2011-11-16,1,405.71,405.71,0,0,23,405.71
16205,2011-06-13,2011-11-09,4,761.38,190.345,3,149,179,190.345
16206,2011-01-16,2011-10-16,4,537.06,134.265,3,273,327,134.265
16207,2011-11-14,2011-11-14,1,394.38,394.38,0,0,25,394.38
16208,2011-02-23,2011-10-26,2,664.26,332.13,1,245,289,332.13
16209,2011-04-07,2011-09-12,5,2262.62,452.524,4,158,246,452.524
16210,2010-12-01,2011-12-08,17,21086.300000000003,1240.3705882352942,16,372,373,1240.3705882352942
16211,2011-09-12,2011-09-12,1,547.02,547.02,0,0,88,547.02
16212,2011-03-01,2011-11-20,2,690.34,345.17,1,264,283,345.17
16213,2011-09-22,2011-09-22,1,159.0,159.0,0,0,78,159.0
16214,2011-03-15,2011-06-22,3,1062.75,354.25,2,99,269,354.25
16215,2011-09-20,2011-09-20,1,242.35,242.35,0,0,80,242.35
16216,2011-03-17,2011-03-17,1,914.9300000000001,914.9300000000001,0,0,267,914.9300000000001
16217,2011-03-02,2011-04-18,2,304.25,152.125,1,47,282,152.125
16218,2010-12-01,2011-11-10,6,3084.68,514.1133333333333,5,344,373,514.1133333333333
16221,2010-12-07,2011-11-03,3,864.86,288.2866666666667,2,331,367,288.2866666666667
16222,2011-01-25,2011-01-25,1,846.72,846.72,0,0,318,846.72
16224,2011-04-04,2011-10-13,4,1295.3000000000002,323.82500000000005,3,192,249,323.82500000000005
16225,2011-03-07,2011-10-26,4,1096.32,274.08,3,233,277,274.08
16226,2011-04-18,2011-05-20,3,255.12,85.04,2,32,235,85.04
16227,2011-04-28,2011-04-28,1,314.22,314.22,0,0,225,314.22
16229,2011-05-11,2011-09-13,2,1010.5999999999999,505.29999999999995,1,125,212,505.29999999999995
16230,2011-05-03,2011-06-03,2,542.03,271.015,1,31,220,271.015
16232,2011-05-08,2011-10-27,3,990.88,330.29333333333335,2,172,215,330.29333333333335
16233,2010-12-08,2011-09-29,3,536.6800000000001,178.89333333333335,2,295,366,178.89333333333335
16235,2011-01-11,2011-10-30,5,867.31,173.462,4,292,332,173.462
16236,2011-09-22,2011-09-22,1,432.2,432.2,0,0,78,432.2
16239,2011-06-03,2011-10-14,2,414.2,207.1,1,133,189,207.1
16240,2011-09-23,2011-11-15,2,3718.8,1859.4,1,53,77,1859.4
16241,2010-12-05,2011-11-30,12,2607.87,217.3225,11,360,369,217.3225
16242,2011-03-07,2011-12-01,7,3603.21,514.7442857142858,6,269,277,514.7442857142858
16243,2011-10-16,2011-11-06,2,409.1,204.55,1,21,54,204.55
16244,2010-12-02,2011-05-12,2,1522.75,761.375,1,161,372,761.375
16245,2011-03-28,2011-11-16,3,1413.66,471.22,2,233,256,471.22
16247,2011-06-22,2011-06-22,1,114.56,114.56,0,0,170,114.56
16248,2011-10-09,2011-10-09,1,152.94,152.94,0,0,61,152.94
16249,2011-04-14,2011-10-18,5,1800.0700000000002,360.014,4,187,239,360.014
16250,2010-12-01,2011-03-23,2,389.44,194.72,1,112,373,194.72
16253,2011-03-29,2011-10-04,2,3683.86,1841.93,1,189,255,1841.93
16255,2010-12-09,2011-11-23,8,2619.91,327.48875,7,349,365,327.48875
16256,2011-03-18,2011-03-18,1,752.4300000000001,752.4300000000001,0,0,266,752.4300000000001
16257,2011-06-16,2011-06-16,1,46.95,46.95,0,0,176,46.95
16258,2011-05-04,2011-10-25,5,5203.51,1040.702,4,174,219,1040.702
16260,2011-10-20,2011-10-20,1,1035.45,1035.45,0,0,50,1035.45
16261,2011-04-07,2011-11-22,4,746.83,186.7075,3,229,246,186.7075
16265,2010-12-10,2011-11-30,8,5447.0,680.875,7,355,364,680.875
16266,2011-05-17,2011-09-27,6,861.89,143.64833333333334,5,133,206,143.64833333333334
16268,2011-09-29,2011-09-29,1,667.65,667.65,0,0,71,667.65
16270,2010-12-21,2010-12-21,1,1141.24,1141.24,0,0,353,1141.24
16271,2010-12-16,2011-12-07,5,1429.24,285.848,4,356,358,285.848
16272,2011-08-15,2011-08-15,1,411.7,411.7,0,0,116,411.7
16274,2010-12-01,2010-12-01,1,357.95,357.95,0,0,373,357.95
16275,2011-05-27,2011-05-27,1,559.87,559.87,0,0,196,559.87
16276,2011-06-16,2011-06-16,1,810.6000000000001,810.6000000000001,0,0,176,810.6000000000001
16278,2011-08-31,2011-08-31,1,566.38,566.38,0,0,100,566.38
16279,2011-06-16,2011-11-18,3,1509.58,503.1933333333333,2,155,176,503.1933333333333
16281,2011-09-28,2011-09-28,1,2062.06,2062.06,0,0,72,2062.06
16282,2011-01-04,2011-01-04,1,168.3,168.3,0,0,339,168.3
16283,2011-05-15,2011-12-04,5,1570.81,314.162,4,203,208,314.162
16284,2011-10-20,2011-11-08,2,823.97,411.985,1,19,50,411.985
16287,2011-06-23,2011-06-23,1,142.5,142.5,0,0,169,142.5
16292,2011-08-10,2011-08-10,1,302.25,302.25,0,0,121,302.25
16293,2010-12-07,2011-11-18,6,2248.9900000000002,374.8316666666667,5,346,367,374.8316666666667
16295,2011-10-06,2011-11-30,4,1328.55,332.1375,3,55,64,332.1375
16297,2011-03-16,2011-03-16,1,301.9,301.9,0,0,268,301.9
16298,2011-06-06,2011-11-17,3,598.2,199.4,2,164,186,199.4
16302,2011-08-05,2011-08-05,1,233.22,233.22,0,0,126,233.22
16303,2011-01-10,2011-11-14,3,5360.63,1786.8766666666668,2,308,333,1786.8766666666668
16305,2011-07-24,2011-07-24,1,361.21999999999997,361.21999999999997,0,0,138,361.21999999999997
16306,2010-12-07,2011-05-10,6,632.27,105.37833333333333,5,154,367,105.37833333333333
16308,2011-03-23,2011-11-02,4,2560.0,640.0,3,224,261,640.0
16309,2011-04-13,2011-08-25,2,706.5699999999999,353.28499999999997,1,134,240,353.28499999999997
16311,2011-10-21,2011-11-22,2,616.26,308.13,1,32,49,308.13
16313,2011-10-21,2011-12-06,2,274.15,137.075,1,46,49,137.075
16315,2011-01-13,2011-01-13,1,226.37,226.37,0,0,330,226.37
16316,2010-12-16,2011-10-06,7,2938.91,419.8442857142857,6,294,358,419.8442857142857
16317,2011-02-15,2011-08-12,3,1341.65,447.2166666666667,2,178,297,447.2166666666667
16318,2011-11-04,2011-11-04,1,328.15,328.15,0,0,35,328.15
16319,2011-05-06,2011-05-06,1,404.40000000000003,404.40000000000003,0,0,217,404.40000000000003
16320,2011-05-10,2011-06-20,2,1038.46,519.23,1,41,213,519.23
16321,2011-01-20,2011-09-28,3,373.65,124.55,2,251,323,124.55
16322,2011-11-03,2011-12-08,2,326.75,163.375,1,35,36,163.375
16323,2011-05-27,2011-05-27,1,207.50000000000003,207.50000000000003,0,0,196,207.50000000000003
16324,2011-06-15,2011-08-03,2,428.68,214.34,1,49,177,214.34
16325,2011-04-08,2011-10-24,3,594.24,198.08,2,199,245,198.08
16326,2011-01-09,2011-12-04,13,3110.96,239.30461538461537,12,329,334,239.30461538461537
16327,2010-12-05,2011-11-25,6,3844.2200000000003,640.7033333333334,5,355,369,640.7033333333334
16330,2011-08-19,2011-11-22,2,251.91,125.955,1,95,112,125.955
16332,2011-02-07,2011-11-11,7,1593.2,227.6,6,277,305,227.6
16333,2011-02-03,2011-12-02,13,26626.8,2048.2153846153847,12,302,309,2048.2153846153847
16337,2011-11-03,2011-11-03,1,151.05,151.05,0,0,36,151.05
16338,2011-07-05,2011-07-05,1,214.79999999999998,214.79999999999998,0,0,157,214.79999999999998
16339,2011-02-28,2011-02-28,1,109.95,109.95,0,0,284,109.95
16340,2011-08-24,2011-08-24,1,549.07,549.07,0,0,107,549.07
16341,2011-05-22,2011-11-15,3,1971.87,657.29,2,177,201,657.29
16342,2011-06-13,2011-09-25,4,322.40999999999997,80.60249999999999,3,104,179,80.60249999999999
16343,2011-11-23,2011-11-23,1,370.47999999999996,370.47999999999996,0,0,16,370.47999999999996
16344,2011-07-04,2011-07-04,1,101.10000000000001,101.10000000000001,0,0,158,101.10000000000001
16345,2011-10-26,2011-10-26,1,575.41,575.41,0,0,44,575.41
16347,2011-11-03,2011-11-28,2,887.6500000000001,443.82500000000005,1,25,36,443.82500000000005
16348,2011-04-13,2011-11-07,6,1469.45,244.90833333333333,5,208,240,244.90833333333333
16349,2011-02-22,2011-02-22,1,53.5,53.5,0,0,290,53.5
16350,2011-01-10,2011-11-18,4,1116.47,279.1175,3,312,333,279.1175
16351,2011-01-11,2011-01-11,1,153.9,153.9,0,0,332,153.9
16352,2011-11-02,2011-11-22,2,494.44,247.22,1,20,37,247.22
16353,2010-12-05,2011-12-06,20,6675.710000000001,333.78550000000007,19,366,369,333.78550000000007
16354,2011-09-27,2011-10-07,2,395.8,197.9,1,10,73,197.9
16356,2011-03-07,2011-05-26,3,211.76999999999998,70.58999999999999,2,80,277,70.58999999999999
16357,2011-05-10,2011-11-06,3,658.88,219.62666666666667,2,180,213,219.62666666666667
16358,2011-06-08,2011-12-08,4,2027.5000000000002,506.87500000000006,3,183,184,506.87500000000006
16359,2011-01-12,2011-12-02,9,1750.92,194.54666666666668,8,324,331,194.54666666666668
16360,2011-09-12,2011-12-05,6,3512.53,585.4216666666667,5,84,88,585.4216666666667
16361,2011-09-29,2011-11-30,4,896.66,224.165,3,62,71,224.165
16362,2011-09-09,2011-11-07,3,734.77,244.92333333333332,2,59,91,244.92333333333332
16363,2011-10-17,2011-10-17,1,109.36000000000001,109.36000000000001,0,0,53,109.36000000000001
16364,2011-07-25,2011-11-28,2,707.04,353.52,1,126,137,353.52
16365,2010-12-07,2011-11-22,8,1540.42,192.5525,7,350,367,192.5525
16366,2011-11-21,2011-11-21,1,327.3,327.3,0,0,18,327.3
16367,2010-12-12,2011-11-02,2,804.49,402.245,1,325,362,402.245
16368,2011-11-11,2011-12-07,2,497.43000000000006,248.71500000000003,1,26,28,248.71500000000003
16369,2011-05-27,2011-11-21,3,1553.66,517.8866666666667,2,178,196,517.8866666666667
16370,2011-04-28,2011-09-18,4,1320.56,330.14,3,143,225,330.14
16372,2011-11-06,2011-11-06,1,367.93,367.93,0,0,33,367.93
16374,2011-03-22,2011-10-04,2,473.03000000000003,236.51500000000001,1,196,262,236.51500000000001
16376,2011-11-22,2011-12-01,2,987.01,493.505,1,9,17,493.505
16377,2011-03-17,2011-03-17,1,676.2,676.2,0,0,267,676.2
16378,2011-02-02,2011-04-06,3,362.95,120.98333333333333,2,63,310,120.98333333333333
16379,2011-09-22,2011-12-05,4,2157.4,539.35,3,74,78,539.35
16380,2011-10-09,2011-10-09,1,1780.59,1780.59,0,0,61,1780.59
16383,2011-03-16,2011-09-26,2,668.36,334.18,1,194,268,334.18
16384,2011-03-21,2011-09-11,2,584.5,292.25,1,174,263,292.25
16385,2010-12-08,2011-10-10,3,555.8900000000001,185.2966666666667,2,306,366,185.2966666666667
16386,2011-03-31,2011-11-11,2,317.20000000000005,158.60000000000002,1,225,253,158.60000000000002
16387,2011-01-21,2011-01-21,1,94.36,94.36,0,0,322,94.36
16389,2011-03-01,2011-10-17,4,1382.07,345.5175,3,230,283,345.5175
16392,2011-03-15,2011-03-15,1,221.19,221.19,0,0,269,221.19
16393,2010-12-05,2011-12-07,13,3046.21,234.32384615384615,12,367,369,234.32384615384615
16394,2011-02-23,2011-10-14,5,1555.34,311.068,4,233,289,311.068
16395,2011-01-13,2011-10-10,5,1486.9,297.38,4,270,330,297.38
16398,2011-03-31,2011-07-08,2,1705.8000000000002,852.9000000000001,1,99,253,852.9000000000001
16399,2011-04-18,2011-11-20,2,408.57,204.285,1,216,235,204.285
16400,2011-09-06,2011-09-06,1,303.93,303.93,0,0,94,303.93
16401,2011-01-16,2011-12-08,12,4098.32,341.52666666666664,11,326,327,341.52666666666664
16402,2010-12-05,2011-03-20,2,299.6,149.8,1,105,369,149.8
16403,2011-01-31,2011-01-31,1,177.5,177.5,0,0,312,177.5
16404,2011-09-30,2011-09-30,1,443.05,443.05,0,0,70,443.05
16405,2011-02-02,2011-02-10,2,167.25,83.625,1,8,310,83.625
16406,2011-11-21,2011-11-21,1,163.07,163.07,0,0,18,163.07
16407,2011-01-31,2011-11-27,9,2126.93,236.32555555555552,8,300,312,236.32555555555552
16409,2011-01-26,2011-11-03,5,2028.88,405.776,4,281,317,405.776
16411,2010-12-05,2011-11-20,2,214.65,107.325,1,350,369,107.325
16412,2011-10-17,2011-10-17,1,151.83,151.83,0,0,53,151.83
16413,2011-10-14,2011-10-14,1,262.2,262.2,0,0,56,262.2
16414,2011-03-04,2011-11-18,2,126.25,63.125,1,259,280,63.125
16415,2011-10-26,2011-10-26,1,210.35,210.35,0,0,44,210.35
16416,2011-10-14,2011-11-13,3,1051.4,350.4666666666667,2,30,56,350.4666666666667
16418,2011-04-27,2011-10-26,3,675.27,225.09,2,182,226,225.09
16419,2011-02-01,2011-08-19,5,972.2299999999999,194.44599999999997,4,199,311,194.44599999999997
16422,2010-12-05,2011-11-22,48,34684.4,722.5916666666667,47,352,369,722.5916666666667
16423,2011-11-15,2011-11-15,1,346.12,346.12,0,0,24,346.12
16424,2011-06-01,2011-06-01,1,133.56,133.56,0,0,191,133.56
16425,2011-02-10,2011-02-10,1,302.7,302.7,0,0,302,302.7
16426,2011-03-08,2011-12-07,7,1908.25,272.60714285714283,6,274,276,272.60714285714283
16427,2011-02-28,2011-03-21,2,241.06,120.53,1,21,284,120.53
16429,2011-08-25,2011-08-25,1,284.55,284.55,0,0,106,284.55
16430,2011-10-13,2011-10-13,1,300.85,300.85,0,0,57,300.85
16431,2011-02-15,2011-05-10,2,642.81,321.405,1,84,297,321.405
16432,2011-10-06,2011-10-06,1,287.4,287.4,0,0,64,287.4
16433,2011-11-11,2011-11-11,1,184.26,184.26,0,0,28,184.26
16434,2011-02-13,2011-11-10,7,1522.25,217.46428571428572,6,270,299,217.46428571428572
16438,2011-09-18,2011-12-04,5,798.35,159.67000000000002,4,77,82,159.67000000000002
16440,2011-05-09,2011-12-02,5,3640.67,728.134,4,207,214,728.134
16441,2011-02-21,2011-10-03,2,381.2,190.6,1,224,291,190.6
16442,2010-12-14,2011-12-08,3,616.79,205.59666666666666,2,359,360,205.59666666666666
16444,2011-03-20,2011-10-24,4,654.67,163.6675,3,218,264,163.6675
16445,2011-11-06,2011-11-06,1,230.51,230.51,0,0,33,230.51
16446,2011-05-18,2011-12-09,2,168472.5,84236.25,1,205,205,84236.25
16447,2011-07-27,2011-07-27,1,259.01,259.01,0,0,135,259.01
16448,2011-05-25,2011-05-25,1,188.89000000000001,188.89000000000001,0,0,198,188.89000000000001
16449,2011-03-04,2011-05-26,2,707.69,353.845,1,83,280,353.845
16450,2011-07-13,2011-07-13,1,311.92,311.92,0,0,149,311.92
16451,2011-09-13,2011-09-13,1,266.97,266.97,0,0,87,266.97
16454,2011-10-06,2011-10-26,2,6.9,3.45,1,20,64,3.45
16455,2010-12-03,2011-10-07,6,1841.1799999999998,306.8633333333333,5,308,371,306.8633333333333
16456,2010-12-01,2011-09-01,5,2158.37,431.674,4,274,373,431.674
16457,2011-05-05,2011-05-05,1,208.36,208.36,0,0,218,208.36
16458,2010-12-14,2011-12-07,18,3482.7400000000002,193.48555555555558,17,358,360,193.48555555555558
16460,2011-09-19,2011-11-11,3,814.72,271.5733333333333,2,53,81,271.5733333333333
16461,2011-06-15,2011-06-15,1,151.42,151.42,0,0,177,151.42
16462,2011-03-01,2011-09-27,3,136.0,45.333333333333336,2,210,283,45.333333333333336
16463,2011-05-19,2011-11-18,4,1422.4,355.6,3,183,204,355.6
16464,2011-07-20,2011-11-20,3,1314.68,438.2266666666667,2,123,142,438.2266666666667
16466,2011-02-20,2011-11-06,7,1603.46,229.06571428571428,6,259,292,229.06571428571428
16468,2011-09-26,2011-09-26,1,74.9,74.9,0,0,74,74.9
16469,2011-04-07,2011-11-16,3,650.4300000000001,216.81000000000003,2,223,246,216.81000000000003
16470,2010-12-16,2011-10-19,4,762.39,190.5975,3,307,358,190.5975
16471,2011-03-10,2011-03-10,1,223.95000000000002,223.95000000000002,0,0,274,223.95000000000002
16473,2011-01-07,2011-06-28,3,316.11,105.37,2,172,336,105.37
16474,2011-07-17,2011-12-02,6,1871.5,311.9166666666667,5,138,145,311.9166666666667
16475,2011-03-11,2011-09-12,4,544.3,136.075,3,185,273,136.075
16477,2010-12-03,2011-10-07,7,2494.46,356.3514285714286,6,308,371,356.3514285714286
16478,2011-10-05,2011-11-14,3,331.0,110.33333333333333,2,40,65,110.33333333333333
16479,2011-11-29,2011-11-29,1,300.83,300.83,0,0,10,300.83
16480,2011-09-25,2011-09-25,1,769.29,769.29,0,0,75,769.29
16482,2011-11-24,2011-11-24,1,220.62,220.62,0,0,15,220.62
16483,2011-05-31,2011-05-31,1,139.35,139.35,0,0,192,139.35
16484,2011-06-02,2011-06-19,2,404.3,202.15,1,17,190,202.15
16485,2011-09-23,2011-09-23,1,363.65,363.65,0,0,77,363.65
16488,2011-07-14,2011-11-06,3,498.8,166.26666666666668,2,115,148,166.26666666666668
16491,2011-10-24,2011-10-24,1,731.5,731.5,0,0,46,731.5
16493,2011-01-14,2011-09-21,4,1351.63,337.9075,3,250,329,337.9075
16494,2011-02-16,2011-02-16,1,826.53,826.53,0,0,296,826.53
16495,2011-03-08,2011-12-06,2,684.41,342.205,1,273,276,342.205
16496,2011-01-27,2011-12-01,3,1599.52,533.1733333333333,2,308,316,533.1733333333333
16497,2011-01-10,2011-10-21,5,2965.69,593.138,4,284,333,593.138
16498,2011-06-30,2011-07-01,2,100.97,50.485,1,1,162,50.485
16499,2010-12-10,2010-12-14,2,365.45000000000005,182.72500000000002,1,4,364,182.72500000000002
16500,2011-01-13,2011-12-05,5,400.86,80.172,4,326,330,80.172
16503,2010-12-14,2011-08-25,4,1431.9299999999998,357.98249999999996,3,254,360,357.98249999999996
16504,2011-11-14,2011-11-14,1,484.38,484.38,0,0,25,484.38
16505,2011-11-08,2011-11-08,1,777.6,777.6,0,0,31,777.6
16506,2011-10-30,2011-11-20,2,90.30000000000001,45.150000000000006,1,21,40,45.150000000000006
16509,2011-02-16,2011-02-16,1,363.7,363.7,0,0,296,363.7
16510,2010-12-02,2010-12-02,1,248.1,248.1,0,0,372,248.1
16511,2011-03-18,2011-11-18,3,950.26,316.75333333333333,2,245,266,316.75333333333333
16513,2011-10-27,2011-12-05,4,874.59,218.6475,3,39,43,218.6475
16515,2011-02-01,2011-10-18,5,1627.13,325.42600000000004,4,259,311,325.42600000000004
16516,2011-11-09,2011-11-09,1,101.69999999999999,101.69999999999999,0,0,30,101.69999999999999
16517,2011-03-07,2011-03-07,1,162.7,162.7,0,0,277,162.7
16518,2011-02-28,2011-10-09,2,484.32,242.16,1,223,284,242.16
16519,2010-12-09,2011-11-14,2,215.07999999999998,107.53999999999999,1,340,365,107.53999999999999
16520,2010-12-09,2011-06-06,3,1046.5700000000002,348.85666666666674,2,179,365,348.85666666666674
16523,2011-01-28,2011-12-08,18,9418.47,523.2483333333333,17,314,315,523.2483333333333
16525,2010-12-08,2011-12-07,26,13027.45,501.0557692307693,25,364,366,501.0557692307693
16526,2011-06-21,2011-06-21,1,290.36,290.36,0,0,171,290.36
16527,2011-09-19,2011-09-19,1,228.06,228.06,0,0,81,228.06
16528,2011-12-06,2011-12-06,1,244.41,244.41,0,0,3,244.41
16529,2011-06-02,2011-06-02,1,455.25,455.25,0,0,190,455.25
16531,2010-12-14,2011-11-17,7,1244.59,177.79857142857142,6,338,360,177.79857142857142
16532,2011-01-05,2011-11-22,3,6748.8,2249.6,2,321,338,2249.6
16533,2011-10-02,2011-11-20,3,1095.56,365.18666666666667,2,49,68,365.18666666666667
16535,2011-12-04,2011-12-04,1,593.75,593.75,0,0,5,593.75
16536,2011-08-21,2011-08-21,1,548.97,548.97,0,0,110,548.97
16539,2010-12-01,2011-12-07,4,1388.81,347.2025,3,371,373,347.2025
16542,2011-10-17,2011-10-17,1,119.62,119.62,0,0,53,119.62
16545,2011-06-28,2011-06-28,1,339.3,339.3,0,0,164,339.3
16546,2010-12-02,2011-02-22,2,787.1500000000001,393.57500000000005,1,82,372,393.57500000000005
16549,2011-01-09,2011-11-29,8,4154.64,519.33,7,324,334,519.33
16550,2010-12-06,2011-08-23,5,2298.9700000000003,459.79400000000004,4,260,368,459.79400000000004
16551,2011-01-07,2011-09-05,3,922.12,307.37333333333333,2,241,336,307.37333333333333
16552,2010-12-01,2011-04-11,2,379.7300000000001,189.86500000000004,1,131,373,189.86500000000004
16553,2010-12-14,2011-06-29,6,5719.82,953.3033333333333,5,197,360,953.3033333333333
16554,2011-01-12,2011-10-28,3,837.1,279.03333333333336,2,289,331,279.03333333333336
16555,2011-08-22,2011-11-04,2,285.89,142.945,1,74,109,142.945
16556,2010-12-14,2011-10-04,7,3313.79,473.3985714285714,6,294,360,473.3985714285714
16557,2011-07-25,2011-11-15,2,281.85,140.925,1,113,137,140.925
16558,2010-12-08,2011-12-09,20,8338.49,416.92449999999997,19,366,366,416.92449999999997
16560,2010-12-16,2011-11-13,2,841.4100000000001,420.70500000000004,1,332,358,420.70500000000004
16561,2011-10-11,2011-12-04,2,511.12,255.56,1,54,59,255.56
16563,2011-10-17,2011-10-17,1,1077.74,1077.74,0,0,53,1077.74
16565,2010-12-10,2010-12-10,1,173.7,173.7,0,0,364,173.7
16566,2011-02-20,2011-11-24,5,614.66,122.93199999999999,4,277,292,122.93199999999999
16567,2011-01-07,2011-05-29,2,865.6,432.8,1,142,336,432.8
16569,2011-12-06,2011-12-06,1,124.2,124.2,0,0,3,124.2
16570,2011-02-01,2011-11-24,9,3738.3999999999996,415.37777777777774,8,296,311,415.37777777777774
16571,2011-03-03,2011-11-13,3,1421.69,473.8966666666667,2,255,281,473.8966666666667
16572,2011-03-09,2011-08-04,3,1009.5999999999999,336.5333333333333,2,148,275,336.5333333333333
16573,2011-02-22,2011-09-16,2,663.61,331.805,1,206,290,331.805
16574,2011-09-29,2011-09-29,1,451.44,451.44,0,0,71,451.44
16581,2011-06-10,2011-06-10,1,105.84,105.84,0,0,182,105.84
16582,2011-08-18,2011-08-18,1,313.62,313.62,0,0,113,313.62
16583,2010-12-01,2010-12-01,1,233.45,233.45,0,0,373,233.45
16584,2011-03-30,2011-09-20,2,936.08,468.04,1,174,254,468.04
16586,2011-04-05,2011-04-05,1,463.95,463.95,0,0,248,463.95
16587,2011-04-21,2011-04-21,1,225.15,225.15,0,0,232,225.15
16589,2011-07-01,2011-09-29,3,459.24,153.08,2,90,161,153.08
16591,2011-10-02,2011-10-02,1,213.5,213.5,0,0,68,213.5
16592,2011-02-25,2011-12-05,9,4113.68,457.0755555555556,8,283,287,457.0755555555556
16593,2011-01-16,2011-10-20,3,330.03,110.00999999999999,2,277,327,110.00999999999999
16594,2011-09-25,2011-09-25,1,181.09,181.09,0,0,75,181.09
16595,2011-10-09,2011-10-09,1,360.16,360.16,0,0,61,360.16
16596,2010-12-08,2011-11-24,2,250.15,125.075,1,351,366,125.075
16597,2011-12-05,2011-12-05,1,90.04,90.04,0,0,4,90.04
16598,2011-02-27,2011-02-27,1,145.04999999999998,145.04999999999998,0,0,285,145.04999999999998
16600,2011-01-05,2011-12-05,6,813.52,135.58666666666667,5,334,338,135.58666666666667
16601,2011-10-30,2011-10-30,1,244.79999999999998,244.79999999999998,0,0,40,244.79999999999998
16602,2011-11-03,2011-11-03,1,528.08,528.08,0,0,36,528.08
16603,2011-09-09,2011-09-26,2,482.47,241.235,1,17,91,241.235
16607,2010-12-16,2011-11-22,14,3347.71,239.12214285714285,13,341,358,239.12214285714285
16609,2011-04-01,2011-11-24,7,5493.46,784.78,6,237,252,784.78
16610,2011-05-04,2011-05-04,1,75.66,75.66,0,0,219,75.66
16611,2011-06-06,2011-06-06,1,129.49,129.49,0,0,186,129.49
16612,2011-02-01,2011-11-07,4,1187.66,296.915,3,279,311,296.915
16613,2011-09-30,2011-09-30,1,618.59,618.59,0,0,70,618.59
16614,2011-06-10,2011-06-10,1,506.19,506.19,0,0,182,506.19
16616,2011-07-05,2011-11-24,2,500.42,250.21,1,142,157,250.21
16617,2011-04-18,2011-04-18,1,151.85,151.85,0,0,235,151.85
16618,2011-01-21,2011-11-08,4,2647.59,661.8975,3,291,322,661.8975
16619,2011-03-21,2011-03-21,1,226.21,226.21,0,0,263,226.21
16620,2011-03-24,2011-12-06,2,178.95999999999998,89.47999999999999,1,257,260,89.47999999999999
16621,2011-03-07,2011-10-19,4,813.48,203.37,3,226,277,203.37
16623,2011-04-08,2011-04-08,1,129.45,129.45,0,0,245,129.45
16624,2011-05-26,2011-09-20,2,810.5699999999999,405.28499999999997,1,117,197,405.28499999999997
16625,2011-03-10,2011-03-10,1,333.08,333.08,0,0,274,333.08
16626,2011-03-18,2011-12-09,17,4413.1,259.59411764705885,16,266,266,259.59411764705885
16627,2011-09-21,2011-09-21,1,322.8,322.8,0,0,79,322.8
16628,2011-04-19,2011-11-10,5,2188.05,437.61,4,205,234,437.61
16629,2011-09-04,2011-09-27,2,417.73,208.865,1,23,96,208.865
16633,2011-04-19,2011-11-22,6,2883.1,480.51666666666665,5,217,234,480.51666666666665
16634,2010-12-02,2011-05-01,2,217.9,108.95,1,150,372,108.95
16637,2011-04-28,2011-11-07,4,1154.47,288.6175,3,193,225,288.6175
16638,2010-12-06,2011-11-17,10,1680.72,168.072,9,346,368,168.072
16639,2011-04-18,2011-11-08,3,1257.5100000000002,419.1700000000001,2,204,235,419.1700000000001
16641,2011-08-26,2011-08-26,1,231.10000000000002,231.10000000000002,0,0,105,231.10000000000002
16642,2011-05-16,2011-12-05,2,688.33,344.165,1,203,207,344.165
16643,2011-04-08,2011-04-08,1,487.51,487.51,0,0,245,487.51
16644,2011-05-11,2011-06-15,2,833.78,416.89,1,35,212,416.89
16647,2011-05-19,2011-06-23,2,214.06,107.03,1,35,204,107.03
16648,2011-10-28,2011-10-28,1,290.65999999999997,290.65999999999997,0,0,42,290.65999999999997
16650,2011-09-29,2011-09-29,1,518.42,518.42,0,0,71,518.42
16652,2011-03-11,2011-10-12,5,6773.97,1354.794,4,215,273,1354.794
16653,2011-09-29,2011-11-23,2,1212.6599999999999,606.3299999999999,1,55,71,606.3299999999999
16654,2010-12-06,2011-07-21,4,601.27,150.3175,3,227,368,150.3175
16655,2011-01-12,2011-11-22,6,3794.52,632.42,5,314,331,632.42
16656,2010-12-10,2011-11-17,15,8625.8,575.0533333333333,14,342,364,575.0533333333333
16657,2011-03-30,2011-11-30,4,933.62,233.405,3,245,254,233.405
16658,2010-12-06,2010-12-06,1,123.24,123.24,0,0,368,123.24
16659,2011-06-03,2011-06-03,1,39.12,39.12,0,0,189,39.12
16660,2011-01-24,2011-11-23,3,1267.6499999999999,422.54999999999995,2,303,319,422.54999999999995
16665,2010-12-12,2010-12-12,1,135.39999999999998,135.39999999999998,0,0,362,135.39999999999998
16666,2011-11-20,2011-11-20,1,118.98,118.98,0,0,19,118.98
16667,2011-02-28,2011-10-02,2,570.13,285.065,1,216,284,285.065
16668,2011-02-28,2011-11-24,6,306.71999999999997,51.12,5,269,284,51.12
16669,2011-09-22,2011-11-16,2,1374.87,687.435,1,55,78,687.435
16670,2010-12-16,2011-11-23,10,4095.9,409.59000000000003,9,342,358,409.59000000000003
16671,2011-06-28,2011-11-11,3,1692.2700000000002,564.09,2,136,164,564.09
16672,2011-03-18,2011-12-07,18,8134.9400000000005,451.9411111111111,17,264,266,451.9411111111111
16674,2011-09-02,2011-10-16,2,319.61,159.805,1,44,98,159.805
16676,2011-01-06,2011-11-06,4,1592.12,398.03,3,304,337,398.03
16678,2011-03-02,2011-12-07,12,3109.9900000000002,259.16583333333335,11,280,282,259.16583333333335
16679,2010-12-08,2010-12-08,1,129.75,129.75,0,0,366,129.75
16680,2011-10-27,2011-10-27,1,183.7,183.7,0,0,43,183.7
16681,2011-03-31,2011-09-28,6,1770.34,295.0566666666667,5,181,253,295.0566666666667
16682,2011-06-05,2011-12-05,5,1028.0,205.6,4,183,187,205.6
16684,2010-12-16,2011-12-05,16,66653.56,4165.8475,15,354,358,4165.8475
16685,2011-10-09,2011-10-09,1,324.24,324.24,0,0,61,324.24
16686,2010-12-19,2011-10-23,7,3062.83,437.54714285714283,6,308,355,437.54714285714283
16688,2011-10-10,2011-12-08,4,1260.86,315.215,3,59,60,315.215
16689,2011-09-18,2011-09-25,2,422.6,211.3,1,7,82,211.3
16690,2011-05-22,2011-09-28,2,225.57999999999998,112.78999999999999,1,129,201,112.78999999999999
16692,2011-02-23,2011-03-28,2,1276.0,638.0,1,33,289,638.0
16693,2011-03-13,2011-10-02,2,482.01,241.005,1,203,271,241.005
16696,2011-04-05,2011-07-27,4,657.9000000000001,164.47500000000002,3,113,248,164.47500000000002
16697,2011-04-12,2011-04-12,1,112.75,112.75,0,0,241,112.75
16698,2011-03-31,2011-04-27,2,1998.0,999.0,1,27,253,999.0
16700,2010-12-08,2011-12-01,13,5076.55,390.50384615384615,12,358,366,390.50384615384615
16701,2010-12-13,2011-12-01,12,5398.299999999999,449.8583333333333,11,353,361,449.8583333333333
16705,2010-12-16,2011-12-09,12,14034.990000000002,1169.5825000000002,11,358,358,1169.5825000000002
16706,2011-08-17,2011-11-02,3,531.3499999999999,177.11666666666665,2,77,114,177.11666666666665
16708,2011-10-25,2011-10-25,1,656.63,656.63,0,0,45,656.63
16709,2011-03-03,2011-09-16,4,3029.87,757.4675,3,197,281,757.4675
16710,2010-12-06,2011-11-20,9,2483.04,275.8933333333333,8,349,368,275.8933333333333
16711,2010-12-17,2011-12-06,5,1651.0300000000002,330.206,4,354,357,330.206
16712,2011-03-08,2011-11-30,9,3645.4300000000003,405.0477777777778,8,267,276,405.0477777777778
16713,2010-12-08,2011-11-21,15,6923.13,461.54200000000003,14,348,366,461.54200000000003
16714,2011-01-26,2011-05-05,2,1161.53,580.765,1,99,317,580.765
16715,2011-09-22,2011-09-22,1,301.71999999999997,301.71999999999997,0,0,78,301.71999999999997
16716,2011-02-01,2011-03-18,2,901.2,450.6,1,45,311,450.6
16717,2010-12-08,2011-11-16,6,3858.38,643.0633333333334,5,343,366,643.0633333333334
16718,2010-12-05,2010-12-05,1,623.75,623.75,0,0,369,623.75
16719,2010-12-06,2011-11-25,7,1790.42,255.77428571428572,6,354,368,255.77428571428572
16720,2011-11-13,2011-11-13,1,155.24,155.24,0,0,26,155.24
16721,2011-03-22,2011-03-22,1,292.47,292.47,0,0,262,292.47
16722,2010-12-06,2011-11-22,13,4730.8099999999995,363.9084615384615,12,351,368,363.9084615384615
16723,2011-08-24,2011-09-09,2,589.15,294.575,1,16,107,294.575
16725,2010-12-03,2011-02-10,6,781.02,130.17,5,69,371,130.17
16726,2010-12-13,2011-11-13,4,1382.02,345.505,3,335,361,345.505
16727,2010-12-10,2010-12-10,1,272.82,272.82,0,0,364,272.82
16728,2011-03-20,2011-10-24,4,1054.67,263.6675,3,218,264,263.6675
16729,2011-04-12,2011-11-01,19,7239.92,381.04842105263157,18,203,241,381.04842105263157
16730,2011-01-24,2011-10-18,3,743.11,247.70333333333335,2,267,319,247.70333333333335
16732,2011-11-08,2011-11-08,1,603.75,603.75,0,0,31,603.75
16734,2011-08-17,2011-10-18,2,650.51,325.255,1,62,114,325.255
16735,2011-01-09,2011-09-22,4,2300.56,575.14,3,256,334,575.14
16737,2011-10-17,2011-10-17,1,417.59999999999997,417.59999999999997,0,0,53,417.59999999999997
16738,2011-02-15,2011-02-15,1,3.75,3.75,0,0,297,3.75
16739,2011-06-16,2011-06-16,1,323.0,323.0,0,0,176,323.0
16742,2011-10-24,2011-10-24,1,464.9,464.9,0,0,46,464.9
16743,2010-12-16,2011-11-10,6,2238.09,373.01500000000004,5,329,358,373.01500000000004
16744,2011-06-19,2011-11-28,7,1304.7599999999998,186.39428571428567,6,162,173,186.39428571428567
16745,2011-02-01,2011-09-14,17,7194.3,423.1941176470588,16,225,311,423.1941176470588
16746,2010-12-16,2011-12-05,17,6697.66,393.98,16,354,358,393.98
16747,2011-10-03,2011-11-02,2,836.06,418.03,1,30,67,418.03
16748,2011-01-09,2011-11-22,5,1515.9,303.18,4,317,334,303.18
16750,2011-04-21,2011-10-26,5,623.93,124.78599999999999,4,188,232,124.78599999999999
16751,2011-11-09,2011-11-09,1,1764.72,1764.72,0,0,30,1764.72
16752,2010-12-02,2010-12-02,1,207.5,207.5,0,0,372,207.5
16753,2011-10-12,2011-10-12,1,223.92000000000002,223.92000000000002,0,0,58,223.92000000000002
16754,2010-12-02,2010-12-02,1,2002.4,2002.4,0,0,372,2002.4
16755,2011-01-28,2011-08-17,3,1496.83,498.9433333333333,2,201,315,498.9433333333333
16756,2011-05-09,2011-05-09,1,239.4,239.4,0,0,214,239.4
16757,2011-01-25,2011-01-25,1,106.83000000000001,106.83000000000001,0,0,318,106.83000000000001
16758,2011-10-05,2011-10-05,1,369.34000000000003,369.34000000000003,0,0,65,369.34000000000003
16759,2011-11-09,2011-12-02,2,789.79,394.895,1,23,30,394.895
16761,2011-09-04,2011-09-04,1,316.62,316.62,0,0,96,316.62
16762,2011-07-18,2011-11-20,3,1501.38,500.46000000000004,2,125,144,500.46000000000004
16763,2011-05-25,2011-05-25,1,611.85,611.85,0,0,198,611.85
16764,2011-07-19,2011-12-06,13,2799.25,215.32692307692307,12,140,143,215.32692307692307
16765,2011-02-18,2011-02-18,1,34.0,34.0,0,0,294,34.0
16766,2011-03-11,2011-03-11,1,1145.6,1145.6,0,0,273,1145.6
16767,2011-01-27,2011-11-09,8,5580.6,697.575,7,286,316,697.575
16768,2011-03-13,2011-10-23,3,478.09000000000003,159.36333333333334,2,224,271,159.36333333333334
16769,2011-03-24,2011-03-24,1,380.39,380.39,0,0,260,380.39
16770,2010-12-02,2011-10-13,5,770.1,154.02,4,315,372,154.02
16771,2011-01-05,2011-11-06,5,2246.8100000000004,449.3620000000001,4,305,338,449.3620000000001
16773,2011-10-13,2011-10-13,1,171.59,171.59,0,0,57,171.59
16774,2011-06-14,2011-10-03,4,661.52,165.38,3,111,178,165.38
16775,2010-12-07,2011-11-29,11,1695.6599999999999,154.15090909090907,10,357,367,154.15090909090907
16776,2011-10-10,2011-10-10,1,388.28,388.28,0,0,60,388.28
16777,2011-03-27,2011-09-20,2,226.35,113.175,1,177,257,113.175
16778,2011-03-10,2011-09-26,2,245.94,122.97,1,200,274,122.97
16779,2010-12-08,2011-12-07,21,10629.720000000001,506.17714285714294,20,364,366,506.17714285714294
16780,2011-03-25,2011-08-31,2,425.19,212.595,1,159,259,212.595
16781,2010-12-02,2010-12-02,1,311.25,311.25,0,0,372,311.25
16782,2010-12-09,2011-11-29,13,2279.9,175.37692307692308,12,355,365,175.37692307692308
16784,2011-11-20,2011-11-20,1,107.6,107.6,0,0,19,107.6
16788,2011-03-30,2011-08-08,2,597.48,298.74,1,131,254,298.74
16789,2011-12-01,2011-12-01,1,80.8,80.8,0,0,8,80.8
16790,2011-11-02,2011-12-06,6,1545.6200000000001,257.60333333333335,5,34,37,257.60333333333335
16791,2011-01-11,2011-11-10,6,1721.78,286.9633333333333,5,303,332,286.9633333333333
16792,2011-03-02,2011-03-02,1,110.38000000000001,110.38000000000001,0,0,282,110.38000000000001
16793,2011-10-13,2011-10-13,1,243.84,243.84,0,0,57,243.84
16794,2011-06-12,2011-12-08,9,1222.71,135.85666666666668,8,179,180,135.85666666666668
16795,2010-12-09,2010-12-09,1,414.88,414.88,0,0,365,414.88
16796,2011-09-11,2011-09-11,1,305.62,305.62,0,0,89,305.62
16800,2011-11-28,2011-11-28,1,1201.49,1201.49,0,0,11,1201.49
16801,2011-03-11,2011-06-29,4,1619.73,404.9325,3,110,273,404.9325
16803,2011-10-05,2011-10-05,1,332.3,332.3,0,0,65,332.3
16804,2011-03-14,2011-11-16,2,536.99,268.495,1,247,270,268.495
16805,2010-12-14,2011-06-19,2,460.59000000000003,230.29500000000002,1,187,360,230.29500000000002
16806,2011-04-14,2011-08-28,4,801.49,200.3725,3,136,239,200.3725
16807,2011-03-14,2011-07-20,3,1121.5900000000001,373.8633333333334,2,128,270,373.8633333333334
16808,2011-03-10,2011-09-01,2,288.42,144.21,1,175,274,144.21
16809,2011-03-22,2011-11-16,5,914.69,182.93800000000002,4,239,262,182.93800000000002
16810,2011-05-31,2011-05-31,1,309.54,309.54,0,0,192,309.54
16811,2011-11-22,2011-12-05,2,547.0699999999999,273.53499999999997,1,13,17,273.53499999999997
16812,2010-12-14,2010-12-14,1,479.35,479.35,0,0,360,479.35
16813,2011-05-19,2011-12-01,10,1692.98,169.298,9,196,204,169.298
16814,2010-12-05,2011-11-25,21,6509.099999999999,309.95714285714286,20,355,369,309.95714285714286
16816,2010-12-16,2011-08-28,4,417.06,104.265,3,255,358,104.265
16817,2010-12-06,2011-12-07,9,1604.75,178.30555555555554,8,366,368,178.30555555555554
16818,2011-05-18,2011-11-29,11,3349.57,304.50636363636363,10,195,205,304.50636363636363
16820,2011-09-05,2011-09-05,1,497.61,497.61,0,0,95,497.61
16823,2011-04-26,2011-04-26,1,358.38,358.38,0,0,227,358.38
16824,2011-06-28,2011-11-24,2,460.64,230.32,1,149,164,230.32
16825,2011-06-07,2011-11-01,2,775.1800000000001,387.59000000000003,1,147,185,387.59000000000003
16826,2011-10-19,2011-10-19,1,341.7,341.7,0,0,51,341.7
16828,2011-08-19,2011-09-07,2,128.5,64.25,1,19,112,64.25
16829,2011-07-06,2011-07-06,1,197.22,197.22,0,0,156,197.22
16830,2011-11-01,2011-11-01,1,325.91,325.91,0,0,38,325.91
16832,2011-05-06,2011-06-08,3,199.15,66.38333333333334,2,33,217,66.38333333333334
16833,2011-01-09,2011-12-08,3,1106.53,368.8433333333333,2,333,334,368.8433333333333
16834,2011-04-26,2011-04-26,1,413.46,413.46,0,0,227,413.46
16835,2010-12-01,2011-08-03,2,180.85,90.425,1,245,373,90.425
16836,2011-08-15,2011-10-31,2,251.87,125.935,1,77,116,125.935
16837,2011-04-08,2011-11-08,9,3170.98,352.3311111111111,8,214,245,352.3311111111111
16838,2011-02-24,2011-05-26,2,588.85,294.425,1,91,288,294.425
16839,2010-12-05,2011-12-01,32,16594.35,518.5734375,31,361,369,518.5734375
16841,2011-02-25,2011-11-03,6,1869.82,311.63666666666666,5,251,287,311.63666666666666
16842,2011-02-10,2011-08-31,3,1264.19,421.3966666666667,2,202,302,421.3966666666667
16843,2011-01-16,2011-10-28,12,10196.57,849.7141666666666,11,285,327,849.7141666666666
16846,2011-10-20,2011-10-20,1,214.32,214.32,0,0,50,214.32
16847,2011-10-27,2011-10-27,1,193.44,193.44,0,0,43,193.44
16848,2011-10-18,2011-10-18,1,281.42,281.42,0,0,52,281.42
16849,2011-06-06,2011-06-06,1,124.57,124.57,0,0,186,124.57
16850,2011-01-10,2011-01-10,1,332.41,332.41,0,0,333,332.41
16851,2011-10-19,2011-12-05,3,342.45000000000005,114.15000000000002,2,47,51,114.15000000000002
16852,2011-06-16,2011-11-29,2,144.91,72.455,1,166,176,72.455
16855,2011-10-27,2011-11-16,2,328.4,164.2,1,20,43,164.2
16856,2011-11-25,2011-11-25,1,35.400000000000006,35.400000000000006,0,0,14,35.400000000000006
16858,2010-12-06,2010-12-06,1,375.69000000000005,375.69000000000005,0,0,368,375.69000000000005
16859,2011-03-23,2011-07-18,2,747.81,373.905,1,117,261,373.905
16861,2011-07-04,2011-10-11,2,173.76,86.88,1,99,158,86.88
16863,2010-12-08,2011-11-08,2,502.8,251.4,1,335,366,251.4
16866,2011-07-01,2011-07-22,3,207.73999999999998,69.24666666666666,2,21,161,69.24666666666666
16869,2011-06-17,2011-11-17,4,825.4200000000001,206.35500000000002,3,153,175,206.35500000000002
16871,2011-03-14,2011-11-17,5,2812.34,562.4680000000001,4,248,270,562.4680000000001
16872,2011-06-08,2011-09-23,3,680.02,226.67333333333332,2,107,184,226.67333333333332
16873,2010-12-10,2011-12-05,6,7123.62,1187.27,5,360,364,1187.27
16875,2011-01-04,2011-10-03,4,2095.53,523.8825,3,272,339,523.8825
16877,2011-05-15,2011-11-27,6,853.72,142.28666666666666,5,196,208,142.28666666666666
16878,2011-09-16,2011-09-16,1,13.3,13.3,0,0,84,13.3
16880,2011-06-03,2011-11-09,6,1519.08,253.17999999999998,5,159,189,253.17999999999998
16881,2011-10-04,2011-10-04,1,432.0,432.0,0,0,66,432.0
16882,2011-01-26,2011-10-04,3,705.12,235.04,2,251,317,235.04
16883,2010-12-03,2011-06-05,2,276.73,138.365,1,184,371,138.365
16884,2011-11-02,2011-11-02,1,429.84000000000003,429.84000000000003,0,0,37,429.84000000000003
16885,2010-12-17,2011-11-24,3,471.51,157.17,2,342,357,157.17
16887,2011-11-04,2011-11-04,1,194.88,194.88,0,0,35,194.88
16889,2011-01-07,2011-05-29,3,1578.6699999999998,526.2233333333332,2,142,336,526.2233333333332
16891,2010-12-03,2011-12-08,5,809.7,161.94,4,370,371,161.94
16892,2011-06-09,2011-12-08,4,525.54,131.385,3,182,183,131.385
16893,2010-12-08,2010-12-08,1,145.93,145.93,0,0,366,145.93
16895,2011-10-06,2011-10-06,1,219.14,219.14,0,0,64,219.14
16897,2011-01-30,2011-02-13,2,289.78,144.89,1,14,313,144.89
16898,2010-12-06,2011-11-13,3,508.80999999999995,169.60333333333332,2,342,368,169.60333333333332
16899,2010-12-14,2011-12-02,6,1281.56,213.59333333333333,5,353,360,213.59333333333333
16900,2011-10-07,2011-11-23,3,887.11,295.7033333333333,2,47,63,295.7033333333333
16902,2011-08-15,2011-08-15,1,1706.88,1706.88,0,0,116,1706.88
16903,2011-11-10,2011-11-10,1,373.24,373.24,0,0,29,373.24
16904,2010-12-07,2011-12-05,15,3754.27,250.28466666666665,14,363,367,250.28466666666665
16905,2010-12-03,2011-12-04,6,3102.43,517.0716666666666,5,366,371,517.0716666666666
16906,2011-04-05,2011-09-19,4,579.77,144.9425,3,167,248,144.9425
16907,2010-12-09,2011-11-10,5,981.65,196.32999999999998,4,336,365,196.32999999999998
16909,2011-09-28,2011-09-28,1,379.14,379.14,0,0,72,379.14
16910,2011-09-09,2011-12-05,8,1510.06,188.7575,7,87,91,188.7575
16912,2011-01-20,2011-11-11,6,2575.38,429.23,5,295,323,429.23
16913,2011-02-22,2011-02-22,1,113.44,113.44,0,0,290,113.44
16914,2011-11-03,2011-11-03,1,208.46,208.46,0,0,36,208.46
16915,2011-03-01,2011-11-30,6,621.6800000000001,103.61333333333334,5,274,283,103.61333333333334
16916,2010-12-02,2011-11-16,2,576.26,288.13,1,349,372,288.13
16917,2011-03-08,2011-03-08,1,391.52,391.52,0,0,276,391.52
16918,2011-01-26,2011-10-21,5,1068.82,213.76399999999998,4,268,317,213.76399999999998
16919,2010-12-06,2011-07-06,11,2596.45,236.04090909090908,10,212,368,236.04090909090908
16921,2011-10-09,2011-10-09,1,169.79,169.79,0,0,61,169.79
16923,2010-12-12,2011-11-27,17,7247.61,426.33,16,350,362,426.33
16924,2011-09-16,2011-11-18,3,846.75,282.25,2,63,84,282.25
16926,2010-12-03,2010-12-03,1,230.25,230.25,0,0,371,230.25
16927,2010-12-13,2011-08-16,3,543.05,181.01666666666665,2,246,361,181.01666666666665
16928,2010-12-01,2011-09-20,17,2847.6,167.50588235294117,16,293,373,167.50588235294117
16929,2011-07-07,2011-12-06,7,1295.39,185.0557142857143,6,152,155,185.0557142857143
16930,2011-10-02,2011-11-13,2,380.55,190.275,1,42,68,190.275
16931,2010-12-05,2011-12-04,20,4604.22,230.211,19,364,369,230.211
16932,2011-10-17,2011-10-17,1,161.94,161.94,0,0,53,161.94
16933,2011-04-14,2011-12-08,2,563.23,281.615,1,238,239,281.615
16934,2011-10-16,2011-10-16,1,950.9300000000001,950.9300000000001,0,0,54,950.9300000000001
16936,2011-11-14,2011-11-14,1,262.68,262.68,0,0,25,262.68
16938,2011-02-04,2011-12-01,4,2736.38,684.095,3,300,308,684.095
16940,2011-02-23,2011-10-18,3,3049.88,1016.6266666666667,2,237,289,1016.6266666666667
16942,2011-04-26,2011-11-27,8,1920.5900000000001,240.07375000000002,7,215,227,240.07375000000002
16943,2011-01-25,2011-05-12,3,816.73,272.24333333333334,2,107,318,272.24333333333334
16945,2010-12-16,2011-11-18,13,4345.5,334.2692307692308,12,337,358,334.2692307692308
16947,2011-04-18,2011-04-18,1,406.48,406.48,0,0,235,406.48
16948,2011-01-18,2011-07-24,3,435.02,145.00666666666666,2,187,325,145.00666666666666
16949,2011-01-27,2011-12-06,6,1286.27,214.37833333333333,5,313,316,214.37833333333333
16950,2010-12-07,2011-10-14,3,1178.56,392.8533333333333,2,311,367,392.8533333333333
16951,2011-02-08,2011-07-28,3,1277.75,425.9166666666667,2,170,304,425.9166666666667
16952,2011-08-22,2011-08-22,1,167.61,167.61,0,0,109,167.61
16953,2011-11-09,2011-11-09,1,20.8,20.8,0,0,30,20.8
16954,2010-12-15,2011-12-09,8,2085.08,260.635,7,359,359,260.635
16955,2010-12-01,2011-06-08,4,518.67,129.6675,3,189,373,129.6675
16956,2011-11-22,2011-11-22,1,308.74,308.74,0,0,17,308.74
16957,2011-03-03,2011-04-14,2,416.64,208.32,1,42,281,208.32
16959,2011-09-13,2011-09-13,1,117.35000000000001,117.35000000000001,0,0,87,117.35000000000001
16960,2011-04-01,2011-11-01,3,507.05,169.01666666666668,2,214,252,169.01666666666668
16961,2011-08-15,2011-08-15,1,234.17,234.17,0,0,116,234.17
16963,2011-06-05,2011-06-05,1,110.55000000000001,110.55000000000001,0,0,187,110.55000000000001
16965,2011-04-27,2011-04-27,1,201.19,201.19,0,0,226,201.19
16966,2011-04-13,2011-12-01,7,2154.97,307.8528571428571,6,232,240,307.8528571428571
16967,2011-06-03,2011-06-03,1,319.02,319.02,0,0,189,319.02
16968,2011-08-24,2011-12-05,2,439.43,219.715,1,103,107,219.715
16969,2011-06-01,2011-10-31,3,650.41,216.8033333333333,2,152,191,216.8033333333333
16971,2011-11-01,2011-11-01,1,357.21,357.21,0,0,38,357.21
16976,2011-03-17,2011-03-17,1,251.51999999999998,251.51999999999998,0,0,267,251.51999999999998
16978,2011-09-23,2011-09-23,1,344.33,344.33,0,0,77,344.33
16979,2011-02-15,2011-12-06,6,1852.0,308.6666666666667,5,294,297,308.6666666666667
16980,2011-02-21,2011-03-29,2,1078.96,539.48,1,36,291,539.48
16982,2011-10-10,2011-10-10,1,384.06,384.06,0,0,60,384.06
16983,2010-12-05,2011-11-27,7,1931.25,275.89285714285717,6,357,369,275.89285714285717
16984,2011-08-01,2011-09-12,2,4481.35,2240.675,1,42,130,2240.675
16985,2010-12-16,2011-11-22,7,5464.12,780.5885714285714,6,341,358,780.5885714285714
16986,2011-11-09,2011-11-10,2,1873.2,936.6,1,1,30,936.6
16987,2011-05-18,2011-12-06,6,1625.05,270.84166666666664,5,202,205,270.84166666666664
16988,2011-12-04,2011-12-04,1,126.12,126.12,0,0,5,126.12
16989,2011-07-12,2011-12-02,6,1133.25,188.875,5,143,150,188.875
16990,2011-05-05,2011-05-05,1,179.0,179.0,0,0,218,179.0
16992,2011-02-28,2011-11-29,5,1614.31,322.86199999999997,4,274,284,322.86199999999997
16996,2010-12-21,2011-11-09,5,1456.96,291.392,4,323,353,291.392
16997,2011-01-18,2011-02-24,3,702.0,234.0,2,37,325,234.0
16998,2011-02-08,2011-07-13,3,295.0,98.33333333333333,2,155,304,98.33333333333333
16999,2011-09-26,2011-11-16,2,484.82000000000005,242.41000000000003,1,51,74,242.41000000000003
17001,2010-12-16,2011-12-09,11,3989.57,362.6881818181818,10,358,358,362.6881818181818
17002,2011-02-22,2011-09-15,3,1493.73,497.91,2,205,290,497.91
17004,2011-09-08,2011-10-24,2,1412.94,706.47,1,46,92,706.47
17006,2011-09-25,2011-12-05,4,781.78,195.445,3,71,75,195.445
17007,2010-12-17,2011-10-20,5,889.9300000000001,177.98600000000002,4,307,357,177.98600000000002
17010,2011-11-21,2011-11-21,1,195.36,195.36,0,0,18,195.36
17011,2011-11-09,2011-11-09,1,270.9,270.9,0,0,30,270.9
17014,2011-10-04,2011-12-01,3,586.33,195.44333333333336,2,58,66,195.44333333333336
17015,2011-06-07,2011-11-11,3,1842.56,614.1866666666666,2,157,185,614.1866666666666
17017,2010-12-02,2011-12-07,16,8694.26,543.39125,15,370,372,543.39125
17018,2011-01-18,2011-10-30,2,920.1,460.05,1,285,325,460.05
17019,2010-12-06,2011-11-28,4,1272.61,318.1525,3,357,368,318.1525
17022,2011-11-08,2011-11-08,1,71.0,71.0,0,0,31,71.0
17024,2011-07-05,2011-10-25,3,95.85,31.95,2,112,157,31.95
17025,2010-12-01,2011-10-10,2,357.77,178.885,1,313,373,178.885
17026,2010-12-05,2011-06-07,2,154.82999999999998,77.41499999999999,1,184,369,77.41499999999999
17027,2011-01-26,2011-09-22,5,890.29,178.058,4,239,317,178.058
17029,2011-04-17,2011-08-21,2,716.0,358.0,1,126,236,358.0
17030,2011-10-07,2011-10-07,1,146.87,146.87,0,0,63,146.87
17031,2011-07-08,2011-11-28,2,380.35,190.175,1,143,154,190.175
17033,2010-12-15,2011-09-14,3,1030.1399999999999,343.37999999999994,2,273,359,343.37999999999994
17034,2011-02-25,2011-11-23,3,745.52,248.50666666666666,2,271,287,248.50666666666666
17035,2011-02-01,2011-04-08,2,433.53,216.765,1,66,311,216.765
17037,2011-09-13,2011-09-13,1,1267.32,1267.32,0,0,87,1267.32
17038,2011-11-09,2011-11-09,1,112.4,112.4,0,0,30,112.4
17040,2011-07-25,2011-07-25,1,449.73,449.73,0,0,137,449.73
17041,2010-12-14,2011-11-13,3,1081.57,360.5233333333333,2,334,360,360.5233333333333
17042,2011-04-06,2011-12-07,5,1044.38,208.87600000000003,4,245,247,208.87600000000003
17043,2011-03-18,2011-11-07,4,1735.18,433.795,3,234,266,433.795
17044,2011-11-14,2011-11-14,1,948.48,948.48,0,0,25,948.48
17045,2011-04-06,2011-08-18,3,339.44,113.14666666666666,2,134,247,113.14666666666666
17046,2011-07-05,2011-07-05,1,642.02,642.02,0,0,157,642.02
17047,2011-05-18,2011-09-15,2,1100.9,550.45,1,120,205,550.45
17048,2011-01-12,2011-08-14,3,925.35,308.45,2,214,331,308.45
17049,2011-03-09,2011-12-07,8,5659.9800000000005,707.4975000000001,7,273,275,707.4975000000001
17050,2011-02-13,2011-09-04,6,3228.84,538.14,5,203,299,538.14
17051,2011-05-29,2011-05-29,1,247.14000000000001,247.14000000000001,0,0,194,247.14000000000001
17052,2011-11-11,2011-11-11,1,413.75,413.75,0,0,28,413.75
17053,2011-08-01,2011-08-01,1,498.48,498.48,0,0,130,498.48
17054,2011-04-08,2011-11-11,5,1356.33,271.26599999999996,4,217,245,271.26599999999996
17058,2011-04-14,2011-09-19,3,1179.89,393.2966666666667,2,158,239,393.2966666666667
17059,2010-12-05,2011-11-10,5,3095.04,619.008,4,340,369,619.008
17060,2011-03-18,2011-03-18,1,234.24,234.24,0,0,266,234.24
17061,2011-04-21,2011-09-27,9,5232.2300000000005,581.3588888888889,8,159,232,581.3588888888889
17062,2010-12-05,2011-01-30,4,538.37,134.5925,3,56,369,134.5925
17063,2011-02-23,2011-11-18,4,1461.14,365.285,3,268,289,365.285
17064,2011-01-16,2011-10-12,3,859.3500000000001,286.45000000000005,2,269,327,286.45000000000005
17068,2010-12-06,2011-11-27,21,4552.14,216.76857142857145,20,356,368,216.76857142857145
17069,2010-12-01,2011-11-11,8,2709.7,338.7125,7,345,373,338.7125
17070,2011-08-17,2011-08-17,1,312.14,312.14,0,0,114,312.14
17071,2011-02-03,2011-11-11,8,2429.03,303.62875,7,281,309,303.62875
17073,2011-08-22,2011-11-22,4,1446.09,361.5225,3,92,109,361.5225
17075,2011-01-26,2011-11-22,4,834.12,208.53,3,300,317,208.53
17076,2010-12-10,2011-11-03,3,841.0799999999999,280.35999999999996,2,328,364,280.35999999999996
17078,2011-11-03,2011-11-03,1,378.2,378.2,0,0,36,378.2
17079,2011-09-22,2011-09-22,1,118.80000000000001,118.80000000000001,0,0,78,118.80000000000001
17080,2011-03-15,2011-11-17,2,287.62,143.81,1,247,269,143.81
17081,2011-10-24,2011-11-14,2,290.15999999999997,145.07999999999998,1,21,46,145.07999999999998
17082,2011-01-25,2011-11-06,2,2003.8500000000001,1001.9250000000001,1,285,318,1001.9250000000001
17083,2011-02-09,2011-08-22,3,1405.78,468.5933333333333,2,194,303,468.5933333333333
17084,2011-11-04,2011-11-04,1,2949.75,2949.75,0,0,35,2949.75
17085,2010-12-12,2011-08-08,5,1566.65,313.33000000000004,4,239,362,313.33000000000004
17086,2011-10-07,2011-12-02,6,2050.08,341.68,5,56,63,341.68
17088,2011-03-31,2011-11-11,4,1991.01,497.7525,3,225,253,497.7525
17090,2010-12-20,2011-12-05,7,2043.95,291.99285714285713,6,350,354,291.99285714285713
17091,2010-12-07,2011-12-07,7,3827.76,546.8228571428572,6,365,367,546.8228571428572
17092,2011-03-07,2011-10-20,4,1777.78,444.445,3,227,277,444.445
17094,2011-01-21,2011-01-21,1,302.0,302.0,0,0,322,302.0
17095,2011-01-09,2011-11-17,3,1324.1599999999999,441.3866666666666,2,312,334,441.3866666666666
17096,2011-03-23,2011-11-24,4,1022.13,255.5325,3,246,261,255.5325
17097,2010-12-09,2011-12-07,7,954.42,136.34571428571428,6,363,365,136.34571428571428
17100,2011-11-21,2011-11-21,1,971.74,971.74,0,0,18,971.74
17101,2011-06-14,2011-11-29,4,1621.73,405.4325,3,168,178,405.4325
17102,2011-03-23,2011-03-23,1,25.5,25.5,0,0,261,25.5
17105,2011-02-06,2011-07-03,2,665.78,332.89,1,147,306,332.89
17107,2011-03-06,2011-11-06,5,10815.43,2163.0860000000002,4,245,278,2163.0860000000002
17109,2011-04-21,2011-11-10,4,885.0400000000001,221.26000000000002,3,203,232,221.26000000000002
17110,2011-06-27,2011-06-27,1,163.29999999999998,163.29999999999998,0,0,165,163.29999999999998
17111,2011-10-23,2011-10-23,1,248.61,248.61,0,0,47,248.61
17114,2011-01-09,2011-12-04,8,808.62,101.0775,7,329,334,101.0775
17115,2011-04-20,2011-12-01,3,837.5,279.1666666666667,2,225,233,279.1666666666667
17117,2011-02-24,2011-02-24,1,116.19999999999999,116.19999999999999,0,0,288,116.19999999999999
17118,2011-01-26,2011-01-26,1,157.02,157.02,0,0,317,157.02
17119,2011-10-11,2011-12-06,2,606.91,303.455,1,56,59,303.455
17120,2011-04-20,2011-04-20,1,307.46,307.46,0,0,233,307.46
17122,2011-08-12,2011-08-12,1,138.32,138.32,0,0,119,138.32
17123,2011-07-01,2011-07-01,1,345.29999999999995,345.29999999999995,0,0,161,345.29999999999995
17124,2011-06-07,2011-06-07,1,298.89,298.89,0,0,185,298.89
17125,2011-10-20,2011-10-20,1,259.35,259.35,0,0,50,259.35
17126,2010-12-12,2011-07-10,3,1004.75,334.9166666666667,2,210,362,334.9166666666667
17128,2011-01-09,2011-01-09,1,157.09,157.09,0,0,334,157.09
17131,2011-09-25,2011-12-04,4,2463.17,615.7925,3,70,75,615.7925
17133,2011-03-18,2011-11-24,6,4892.24,815.3733333333333,5,251,266,815.3733333333333
17134,2011-03-20,2011-08-25,2,425.0,212.5,1,158,264,212.5
17135,2010-12-03,2011-11-23,5,1139.73,227.946,4,355,371,227.946
17138,2011-03-09,2011-03-09,1,380.5,380.5,0,0,275,380.5
17139,2011-02-24,2011-11-24,9,10668.47,1185.3855555555556,8,273,288,1185.3855555555556
17140,2011-04-06,2011-04-06,1,465.32,465.32,0,0,247,465.32
17142,2011-04-14,2011-04-14,1,579.0,579.0,0,0,239,579.0
17144,2011-09-16,2011-12-08,2,984.5699999999999,492.28499999999997,1,83,84,492.28499999999997
17146,2010-12-16,2011-08-26,3,749.78,249.92666666666665,2,253,358,249.92666666666665
17147,2011-02-01,2011-11-17,4,1714.5900000000001,428.64750000000004,3,289,311,428.64750000000004
17148,2011-10-19,2011-10-19,1,124.88,124.88,0,0,51,124.88
17152,2011-03-21,2011-05-29,2,1689.5,844.75,1,69,263,844.75
17153,2011-11-15,2011-11-15,1,213.78,213.78,0,0,24,213.78
17154,2011-09-25,2011-09-25,1,329.34,329.34,0,0,75,329.34
17155,2011-06-15,2011-11-22,2,251.7,125.85,1,160,177,125.85
17157,2011-06-16,2011-12-02,2,319.0,159.5,1,169,176,159.5
17158,2010-12-14,2011-11-07,3,1266.97,422.3233333333333,2,328,360,422.3233333333333
17159,2011-06-21,2011-11-18,3,1538.88,512.96,2,150,171,512.96
17160,2011-04-12,2011-11-08,6,3518.03,586.3383333333334,5,210,241,586.3383333333334
17162,2011-02-07,2011-11-11,6,1715.46,285.91,5,277,305,285.91
17163,2011-09-22,2011-11-18,2,293.1,146.55,1,57,78,146.55
17164,2011-03-11,2011-11-07,5,2467.35,493.46999999999997,4,241,273,493.46999999999997
17165,2011-02-28,2011-02-28,1,158.68,158.68,0,0,284,158.68
17166,2011-05-20,2011-11-01,2,206.34,103.17,1,165,203,103.17
17169,2011-06-09,2011-10-13,2,835.78,417.89,1,126,183,417.89
17171,2011-02-23,2011-02-23,1,224.91,224.91,0,0,289,224.91
17172,2011-09-22,2011-09-22,1,317.76,317.76,0,0,78,317.76
17173,2011-07-31,2011-12-04,7,3766.6000000000004,538.0857142857143,6,126,131,538.0857142857143
17174,2011-05-06,2011-05-06,1,59.9,59.9,0,0,217,59.9
17175,2011-02-16,2011-10-26,4,1443.69,360.9225,3,252,296,360.9225
17176,2011-05-22,2011-05-22,1,306.13,306.13,0,0,201,306.13
17179,2010-12-13,2011-06-14,3,711.79,237.26333333333332,2,183,361,237.26333333333332
17180,2011-01-27,2011-10-14,3,796.03,265.3433333333333,2,260,316,265.3433333333333
17181,2010-12-01,2011-10-13,2,239.92000000000002,119.96000000000001,1,316,373,119.96000000000001
17183,2011-08-26,2011-12-02,6,3347.3100000000004,557.8850000000001,5,98,105,557.8850000000001
17186,2011-10-10,2011-10-24,2,144.0,72.0,1,14,60,72.0
17187,2011-04-27,2011-04-27,1,203.95,203.95,0,0,226,203.95
17188,2010-12-12,2011-11-28,6,2474.23,412.37166666666667,5,351,362,412.37166666666667
17189,2010-12-15,2011-08-25,2,384.4,192.2,1,253,359,192.2
17190,2011-05-16,2011-10-12,2,444.74,222.37,1,149,207,222.37
17191,2010-12-06,2011-11-11,5,2095.13,419.026,4,340,368,419.026
17193,2011-06-16,2011-11-04,5,1699.3000000000002,339.86,4,141,176,339.86
17194,2010-12-14,2011-03-11,2,262.62,131.31,1,87,360,131.31
17197,2011-11-10,2011-11-10,1,1013.01,1013.01,0,0,29,1013.01
17198,2010-12-03,2011-11-16,3,692.22,230.74,2,348,371,230.74
17201,2011-10-17,2011-10-17,1,342.63,342.63,0,0,53,342.63
17203,2011-10-10,2011-11-04,3,3563.8500000000004,1187.95,2,25,60,1187.95
17204,2011-03-21,2011-06-17,3,1564.56,521.52,2,88,263,521.52
17205,2011-10-17,2011-10-17,1,384.08,384.08,0,0,53,384.08
17206,2011-10-17,2011-10-17,1,204.24,204.24,0,0,53,204.24
17211,2010-12-05,2011-11-13,8,2317.2200000000003,289.65250000000003,7,343,369,289.65250000000003
17212,2011-03-31,2011-03-31,1,226.85,226.85,0,0,253,226.85
17213,2010-12-08,2011-10-30,6,2781.23,463.53833333333336,5,326,366,463.53833333333336
17214,2010-12-15,2011-10-10,6,1069.1200000000001,178.1866666666667,5,299,359,178.1866666666667
17217,2011-04-19,2011-04-19,1,113.5,113.5,0,0,234,113.5
17218,2010-12-06,2011-12-05,10,1960.72,196.072,9,364,368,196.072
17219,2011-11-08,2011-11-08,1,114.23,114.23,0,0,31,114.23
17220,2010-12-10,2011-11-15,10,3198.25,319.825,9,340,364,319.825
17221,2011-11-03,2011-12-02,2,335.13,167.565,1,29,36,167.565
17222,2011-10-05,2011-10-05,1,354.15,354.15,0,0,65,354.15
17223,2010-12-06,2011-02-02,2,426.79,213.395,1,58,368,213.395
17226,2011-02-04,2011-02-04,1,393.49,393.49,0,0,308,393.49
17227,2010-12-06,2011-11-21,6,939.3199999999999,156.5533333333333,5,350,368,156.5533333333333
17228,2010-12-02,2011-11-24,8,1906.0900000000001,238.26125000000002,7,357,372,238.26125000000002
17229,2011-07-20,2011-09-04,2,318.76,159.38,1,46,142,159.38
17230,2010-12-15,2011-03-20,4,3638.41,909.6025,3,95,359,909.6025
17231,2010-12-13,2011-11-27,10,3174.3199999999997,317.43199999999996,9,349,361,317.43199999999996
17232,2011-11-25,2011-12-07,2,421.52,210.76,1,12,14,210.76
17233,2011-11-04,2011-11-04,1,190.88,190.88,0,0,35,190.88
17234,2011-06-10,2011-06-10,1,149.89000000000001,149.89000000000001,0,0,182,149.89000000000001
17235,2010-12-02,2011-11-14,2,550.06,275.03,1,347,372,275.03
17236,2010-12-12,2011-11-27,6,916.13,152.68833333333333,5,350,362,152.68833333333333
17237,2011-11-17,2011-11-28,2,314.69,157.345,1,11,22,157.345
17238,2010-12-03,2011-12-07,15,3744.65,249.64333333333335,14,369,371,249.64333333333335
17239,2011-01-31,2011-01-31,1,382.5,382.5,0,0,312,382.5
17242,2011-06-12,2011-08-23,2,1135.04,567.52,1,72,180,567.52
17243,2010-12-05,2011-12-08,26,8676.85,333.725,25,368,369,333.725
17244,2011-10-17,2011-10-17,1,954.9,954.9,0,0,53,954.9
17245,2011-05-19,2011-05-19,1,171.45,171.45,0,0,204,171.45
17247,2011-11-24,2011-11-24,1,282.19,282.19,0,0,15,282.19
17248,2011-08-11,2011-08-11,1,318.65,318.65,0,0,120,318.65
17250,2011-03-23,2011-12-06,2,384.52,192.26,1,258,261,192.26
17251,2010-12-12,2010-12-12,1,283.28000000000003,283.28000000000003,0,0,362,283.28000000000003
17252,2011-06-06,2011-08-15,2,353.85999999999996,176.92999999999998,1,70,186,176.92999999999998
17253,2011-11-21,2011-11-21,1,178.26,178.26,0,0,18,178.26
17254,2011-11-24,2011-12-05,2,272.44,136.22,1,11,15,136.22
17255,2011-02-13,2011-10-30,2,298.40999999999997,149.20499999999998,1,259,299,149.20499999999998
17256,2011-01-31,2011-08-24,2,240.0,120.0,1,205,312,120.0
17259,2010-12-06,2011-07-14,2,603.37,301.685,1,220,368,301.685
17262,2010-12-08,2011-10-18,4,1253.3600000000001,313.34000000000003,3,314,366,313.34000000000003
17263,2011-05-15,2011-05-15,1,63.440000000000005,63.440000000000005,0,0,208,63.440000000000005
17265,2011-06-12,2011-07-24,2,562.9000000000001,281.45000000000005,1,42,180,281.45000000000005
17266,2011-07-15,2011-12-07,3,310.64,103.54666666666667,2,145,147,103.54666666666667
17267,2011-08-04,2011-08-04,1,317.62,317.62,0,0,127,317.62
17268,2011-04-08,2011-08-24,4,763.64,190.91,3,138,245,190.91
17272,2011-03-22,2011-10-28,4,2148.63,537.1575,3,220,262,537.1575
17274,2011-11-04,2011-11-04,1,111.97999999999999,111.97999999999999,0,0,35,111.97999999999999
17277,2011-01-21,2011-04-26,2,1065.35,532.675,1,95,322,532.675
17278,2011-04-12,2011-04-12,1,246.04,246.04,0,0,241,246.04
17279,2011-10-13,2011-10-13,1,187.82999999999998,187.82999999999998,0,0,57,187.82999999999998
17282,2011-02-13,2011-08-01,3,1703.41,567.8033333333334,2,169,299,567.8033333333334
17284,2011-01-07,2011-10-10,6,1652.58,275.43,5,276,336,275.43
17286,2011-11-18,2011-11-18,1,153.92,153.92,0,0,21,153.92
17287,2010-12-02,2011-11-13,7,1064.11,152.01571428571427,6,346,372,152.01571428571427
17288,2010-12-16,2011-11-30,7,1419.73,202.81857142857143,6,349,358,202.81857142857143
17289,2011-06-12,2011-11-08,3,944.4100000000001,314.80333333333334,2,149,180,314.80333333333334
17290,2011-11-23,2011-12-06,2,525.24,262.62,1,13,16,262.62
17291,2011-02-04,2011-02-04,1,550.8000000000001,550.8000000000001,0,0,308,550.8000000000001
17293,2010-12-13,2011-12-01,8,1875.1100000000001,234.38875000000002,7,353,361,234.38875000000002
17295,2011-10-06,2011-11-11,2,556.95,278.475,1,36,64,278.475
17297,2011-11-22,2011-11-22,1,131.78,131.78,0,0,17,131.78
17298,2011-08-07,2011-08-30,2,498.42,249.21,1,23,124,249.21
17299,2011-06-19,2011-11-28,4,669.11,167.2775,3,162,173,167.2775
17301,2011-11-18,2011-11-18,1,197.63,197.63,0,0,21,197.63
17302,2011-02-07,2011-11-25,5,1135.63,227.12600000000003,4,291,305,227.12600000000003
17303,2010-12-13,2010-12-13,1,250.04,250.04,0,0,361,250.04
17306,2010-12-21,2011-11-29,15,8631.310000000001,575.4206666666668,14,343,353,575.4206666666668
17309,2011-09-05,2011-09-05,1,82.75,82.75,0,0,95,82.75
17311,2011-01-27,2011-09-22,2,1384.85,692.425,1,238,316,692.425
17312,2011-07-03,2011-07-24,3,644.3,214.76666666666665,2,21,159,214.76666666666665
17313,2011-11-08,2011-11-08,1,2328.84,2328.84,0,0,31,2328.84
17314,2011-01-31,2011-11-15,8,2527.92,315.99,7,288,312,315.99
17315,2010-12-17,2011-12-08,35,6292.26,179.77885714285716,34,356,357,179.77885714285716
17317,2011-09-11,2011-10-24,3,2600.34,866.7800000000001,2,43,89,866.7800000000001
17320,2010-12-06,2011-08-31,3,1200.62,400.20666666666665,2,268,368,400.20666666666665
17321,2011-10-03,2011-12-01,2,700.86,350.43,1,59,67,350.43
17323,2011-02-20,2011-11-24,7,921.0699999999999,131.58142857142857,6,277,292,131.58142857142857
17324,2010-12-08,2011-11-22,4,990.2299999999999,247.55749999999998,3,349,366,247.55749999999998
17325,2011-03-04,2011-03-04,1,96.8,96.8,0,0,280,96.8
17329,2011-01-28,2011-11-25,2,523.11,261.555,1,301,315,261.555
17330,2011-10-03,2011-11-17,2,363.9,181.95,1,45,67,181.95
17331,2011-08-08,2011-08-08,1,175.2,175.2,0,0,123,175.2
17333,2011-09-15,2011-09-15,1,494.25,494.25,0,0,85,494.25
17334,2011-02-04,2011-02-10,2,307.02,153.51,1,6,308,153.51
17337,2011-02-02,2011-07-11,4,2027.8700000000001,506.96750000000003,3,159,310,506.96750000000003
17338,2010-12-13,2011-11-22,8,6643.93,830.49125,7,344,361,830.49125
17339,2010-12-09,2011-09-06,2,243.36,121.68,1,271,365,121.68
17340,2010-12-08,2011-11-10,8,12353.29,1544.16125,7,337,366,1544.16125
17341,2010-12-08,2011-07-06,2,781.36,390.68,1,210,366,390.68
17343,2010-12-19,2010-12-19,1,193.64,193.64,0,0,355,193.64
17344,2011-10-24,2011-10-24,1,160.57,160.57,0,0,46,160.57
17345,2011-05-27,2011-11-24,3,537.74,179.24666666666667,2,181,196,179.24666666666667
17346,2010-12-01,2011-12-06,14,2676.56,191.18285714285713,13,370,373,191.18285714285713
17347,2011-09-14,2011-09-14,1,228.96,228.96,0,0,86,228.96
17348,2011-02-15,2011-11-25,5,1159.52,231.904,4,283,297,231.904
17349,2011-06-13,2011-06-13,1,110.75,110.75,0,0,179,110.75
17350,2011-10-19,2011-12-01,3,1286.0700000000002,428.69000000000005,2,43,51,428.69000000000005
17351,2011-03-11,2011-11-03,3,587.15,195.71666666666667,2,237,273,195.71666666666667
17353,2011-07-08,2011-08-02,2,1740.0,870.0,1,25,154,870.0
17354,2011-10-20,2011-10-20,1,1393.06,1393.06,0,0,50,1393.06
17356,2011-02-01,2011-02-01,1,178.22,178.22,0,0,311,178.22
17357,2011-11-15,2011-11-15,1,388.14,388.14,0,0,24,388.14
17358,2010-12-19,2011-02-09,2,365.85,182.925,1,52,355,182.925
17359,2011-11-28,2011-11-28,1,127.86,127.86,0,0,11,127.86
17360,2011-06-08,2011-11-22,2,585.79,292.895,1,167,184,292.895
17361,2011-02-21,2011-10-21,3,488.2,162.73333333333332,2,242,291,162.73333333333332
17362,2011-02-03,2011-04-14,2,312.23,156.115,1,70,309,156.115
17364,2011-01-12,2011-12-09,10,4481.18,448.11800000000005,9,331,331,448.11800000000005
17365,2011-01-11,2011-11-27,7,4801.56,685.9371428571429,6,320,332,685.9371428571429
17367,2011-04-15,2011-04-15,1,168.4,168.4,0,0,238,168.4
17368,2011-01-06,2011-11-16,8,1912.67,239.08375,7,314,337,239.08375
17370,2011-06-23,2011-09-28,4,446.18,111.545,3,97,169,111.545
17371,2010-12-13,2011-11-22,2,423.89,211.945,1,344,361,211.945
17372,2010-12-12,2011-10-30,8,1342.68,167.835,7,322,362,167.835
17373,2011-01-31,2011-10-30,4,646.9200000000001,161.73000000000002,3,272,312,161.73000000000002
17374,2011-03-03,2011-05-05,2,495.77,247.885,1,63,281,247.885
17375,2010-12-13,2011-05-24,3,400.1,133.36666666666667,2,162,361,133.36666666666667
17376,2011-02-01,2011-09-30,2,203.2,101.6,1,241,311,101.6
17377,2010-12-01,2011-11-16,20,4100.92,205.046,19,350,373,205.046
17379,2011-11-28,2011-11-28,1,404.66,404.66,0,0,11,404.66
17381,2010-12-02,2011-12-01,20,20275.61,1013.7805000000001,19,364,372,1013.7805000000001
17382,2011-10-05,2011-10-05,1,65.4,65.4,0,0,65,65.4
17383,2011-12-05,2011-12-05,1,199.29,199.29,0,0,4,199.29
17384,2011-05-04,2011-11-20,2,336.4,168.2,1,200,219,168.2
17385,2011-11-25,2011-11-25,1,261.11,261.11,0,0,14,261.11
17386,2011-06-27,2011-12-02,4,2686.42,671.605,3,158,165,671.605
17387,2011-11-06,2011-11-20,2,784.11,392.055,1,14,33,392.055
17388,2011-02-25,2011-09-23,4,1259.56,314.89,3,210,287,314.89
17389,2011-01-12,2011-12-09,32,31833.68,994.8025,31,331,331,994.8025
17391,2011-06-28,2011-06-29,2,508.8,254.4,1,1,164,254.4
17392,2010-12-16,2011-02-06,2,457.91,228.955,1,52,358,228.955
17394,2011-05-04,2011-05-04,1,203.86999999999998,203.86999999999998,0,0,219,203.86999999999998
17396,2010-12-03,2011-10-31,4,7330.8,1832.7,3,332,371,1832.7
17397,2011-11-17,2011-11-17,1,696.41,696.41,0,0,22,696.41
17398,2011-03-29,2011-08-17,3,653.38,217.79333333333332,2,141,255,217.79333333333332
17400,2010-12-21,2011-08-05,5,2129.96,425.992,4,227,353,425.992
17402,2010-12-05,2011-12-05,12,2633.85,219.48749999999998,11,365,369,219.48749999999998
17403,2011-11-03,2011-11-03,1,281.62,281.62,0,0,36,281.62
17404,2010-12-14,2011-12-05,15,31906.82,2127.1213333333335,14,356,360,2127.1213333333335
17405,2011-07-12,2011-12-08,3,1031.41,343.80333333333334,2,149,150,343.80333333333334
17406,2010-12-08,2011-01-10,2,2200.42,1100.21,1,33,366,1100.21
17408,2011-06-29,2011-06-29,1,32.65,32.65,0,0,163,32.65
17409,2011-04-05,2011-06-08,2,771.85,385.925,1,64,248,385.925
17410,2011-05-08,2011-11-23,5,1214.72,242.94400000000002,4,199,215,242.94400000000002
17411,2011-03-23,2011-11-27,3,778.94,259.6466666666667,2,249,261,259.6466666666667
17412,2010-12-02,2011-12-07,7,1258.06,179.72285714285712,6,370,372,179.72285714285712
17414,2011-06-08,2011-10-27,2,778.0,389.0,1,141,184,389.0
17415,2011-09-21,2011-09-21,1,507.84,507.84,0,0,79,507.84
17416,2011-03-03,2011-11-10,7,6893.42,984.7742857142857,6,252,281,984.7742857142857
17418,2011-01-20,2011-10-28,2,463.46000000000004,231.73000000000002,1,281,323,231.73000000000002
17419,2010-12-07,2011-11-28,11,4226.57,384.2336363636363,10,356,367,384.2336363636363
17420,2010-12-01,2011-10-20,3,598.83,199.61,2,323,373,199.61
17422,2011-02-16,2011-11-23,6,1979.37,329.895,5,280,296,329.895
17423,2011-05-06,2011-10-24,2,698.4100000000001,349.20500000000004,1,171,217,349.20500000000004
17425,2011-10-10,2011-11-20,2,759.1700000000001,379.58500000000004,1,41,60,379.58500000000004
17426,2011-03-02,2011-12-01,4,5037.26,1259.315,3,274,282,1259.315
17427,2011-09-29,2011-09-29,1,100.8,100.8,0,0,71,100.8
17428,2010-12-06,2011-12-09,21,17256.85,821.7547619047618,20,368,368,821.7547619047618
17429,2011-05-05,2011-08-03,3,524.9200000000001,174.97333333333336,2,90,218,174.97333333333336
17430,2010-12-09,2011-11-07,2,265.76,132.88,1,333,365,132.88
17431,2011-01-30,2011-01-30,1,403.3,403.3,0,0,313,403.3
17432,2011-11-02,2011-11-21,2,365.76,182.88,1,19,37,182.88
17433,2011-09-12,2011-09-12,1,303.15999999999997,303.15999999999997,0,0,88,303.15999999999997
17434,2011-09-15,2011-12-07,7,2373.82,339.1171428571429,6,83,85,339.1171428571429
17436,2011-04-27,2011-12-08,2,216.29999999999998,108.14999999999999,1,225,226,108.14999999999999
17438,2011-03-31,2011-03-31,1,388.45000000000005,388.45000000000005,0,0,253,388.45000000000005
17440,2011-04-06,2011-07-06,2,186.42000000000002,93.21000000000001,1,91,247,93.21000000000001
17442,2011-02-22,2011-11-03,6,2248.56,374.76,5,254,290,374.76
17443,2011-05-04,2011-05-04,1,534.24,534.24,0,0,219,534.24
17444,2011-06-20,2011-07-15,3,2940.04,980.0133333333333,2,25,172,980.0133333333333
17446,2011-02-02,2011-06-16,2,120.9,60.45,1,134,310,60.45
17447,2011-09-29,2011-10-30,2,541.53,270.765,1,31,71,270.765
17449,2010-12-15,2011-12-07,6,2520.86,420.1433333333334,5,357,359,420.1433333333334
17450,2010-12-07,2011-12-01,27,194550.79,7205.584814814815,26,359,367,7205.584814814815
17451,2011-08-26,2011-12-08,5,1721.4,344.28000000000003,4,104,105,344.28000000000003
17453,2011-10-06,2011-11-22,2,486.7199999999999,243.35999999999996,1,47,64,243.35999999999996
17454,2010-12-15,2011-05-31,4,517.53,129.3825,3,167,359,129.3825
17455,2011-05-20,2011-05-20,1,131.7,131.7,0,0,203,131.7
17456,2010-12-09,2010-12-09,1,249.86,249.86,0,0,365,249.86
17457,2011-01-04,2011-08-05,5,1737.7,347.54,4,213,339,347.54
17458,2011-11-24,2011-11-24,1,316.5,316.5,0,0,15,316.5
17459,2011-10-10,2011-10-27,2,657.3,328.65,1,17,60,328.65
17460,2010-12-01,2011-09-06,6,622.4300000000001,103.73833333333334,5,279,373,103.73833333333334
17461,2011-11-10,2011-11-17,2,757.46,378.73,1,7,29,378.73
17462,2011-02-28,2011-10-10,2,675.6899999999999,337.84499999999997,1,224,284,337.84499999999997
17463,2011-01-30,2011-11-23,5,1896.4099999999999,379.282,4,297,313,379.282
17464,2011-07-04,2011-07-04,1,289.96000000000004,289.96000000000004,0,0,158,289.96000000000004
17466,2011-09-22,2011-11-29,2,763.28,381.64,1,68,78,381.64
17468,2011-11-25,2011-11-29,2,137.0,68.5,1,4,14,68.5
17469,2011-05-19,2011-11-23,5,1870.97,374.194,4,188,204,374.194
17470,2010-12-07,2011-10-26,5,1125.07,225.01399999999998,4,323,367,225.01399999999998
17472,2011-02-13,2011-06-01,3,710.29,236.76333333333332,2,108,299,236.76333333333332
17475,2011-09-21,2011-09-21,1,194.37,194.37,0,0,79,194.37
17480,2011-09-23,2011-09-23,1,511.82,511.82,0,0,77,511.82
17481,2011-09-07,2011-12-06,4,1255.59,313.8975,3,90,93,313.8975
17483,2011-06-09,2011-10-05,3,414.04,138.01333333333335,2,118,183,138.01333333333335
17486,2011-03-23,2011-03-23,1,396.87,396.87,0,0,261,396.87
17489,2011-05-11,2011-10-12,2,376.64,188.32,1,154,212,188.32
17490,2011-06-16,2011-12-09,6,2092.32,348.72,5,176,176,348.72
17491,2010-12-07,2011-12-08,10,3558.87,355.887,9,366,367,355.887
17492,2011-04-05,2011-04-05,1,374.57,374.57,0,0,248,374.57
17495,2011-11-01,2011-12-02,2,497.56000000000006,248.78000000000003,1,31,38,248.78000000000003
17496,2010-12-16,2010-12-16,1,271.05,271.05,0,0,358,271.05
17498,2011-09-25,2011-09-25,1,272.22,272.22,0,0,75,272.22
17499,2011-02-23,2011-02-23,1,622.88,622.88,0,0,289,622.88
17500,2011-11-10,2011-11-22,3,1138.0,379.3333333333333,2,12,29,379.3333333333333
17501,2011-05-03,2011-05-03,1,288.6,288.6,0,0,220,288.6
17502,2011-11-10,2011-11-30,4,689.1,172.275,3,20,29,172.275
17503,2011-11-01,2011-12-07,2,558.96,279.48,1,36,38,279.48
17504,2011-01-21,2011-05-17,6,2997.0299999999997,499.50499999999994,5,116,322,499.50499999999994
17505,2011-05-18,2011-07-01,2,1145.8400000000001,572.9200000000001,1,44,205,572.9200000000001
17506,2011-09-25,2011-09-25,1,302.2,302.2,0,0,75,302.2
17507,2011-02-03,2011-03-23,2,605.5799999999999,302.78999999999996,1,48,309,302.78999999999996
17508,2011-03-04,2011-03-04,1,387.31,387.31,0,0,280,387.31
17509,2011-10-07,2011-10-13,3,6115.139999999999,2038.3799999999999,2,6,63,2038.3799999999999
17510,2011-11-15,2011-11-15,1,308.48,308.48,0,0,24,308.48
17511,2010-12-01,2011-12-07,28,91062.38,3252.2278571428574,27,371,373,3252.2278571428574
17512,2011-02-11,2011-11-11,10,2924.99,292.49899999999997,9,273,301,292.49899999999997
17513,2011-09-28,2011-09-28,1,513.2,513.2,0,0,72,513.2
17514,2011-08-03,2011-08-03,1,208.65,208.65,0,0,128,208.65
17515,2011-01-25,2011-11-08,4,639.02,159.755,3,287,318,159.755
17516,2011-02-27,2011-11-24,4,768.0799999999999,192.01999999999998,3,270,285,192.01999999999998
17517,2011-02-04,2011-02-04,1,153.94,153.94,0,0,308,153.94
17519,2010-12-06,2011-11-22,6,1844.02,307.33666666666664,5,351,368,307.33666666666664
17520,2011-10-17,2011-10-17,1,546.81,546.81,0,0,53,546.81
17521,2011-05-24,2011-11-10,3,723.21,241.07000000000002,2,170,199,241.07000000000002
17522,2011-05-05,2011-12-08,5,1070.71,214.142,4,217,218,214.142
17523,2011-11-20,2011-11-28,3,652.74,217.58,2,8,19,217.58
17524,2010-12-13,2010-12-13,1,145.0,145.0,0,0,361,145.0
17525,2010-12-15,2010-12-15,1,422.70000000000005,422.70000000000005,0,0,359,422.70000000000005
17526,2010-12-09,2011-12-05,4,1195.9,298.975,3,361,365,298.975
17527,2011-05-05,2011-10-17,4,939.37,234.8425,3,165,218,234.8425
17528,2011-09-29,2011-12-08,7,3628.5,518.3571428571429,6,70,71,518.3571428571429
17530,2010-12-09,2011-12-08,9,2385.0,265.0,8,364,365,265.0
17531,2011-06-02,2011-06-02,1,296.7,296.7,0,0,190,296.7
17534,2011-10-17,2011-10-17,1,223.36,223.36,0,0,53,223.36
17535,2011-03-04,2011-03-04,1,164.4,164.4,0,0,280,164.4
17536,2011-06-15,2011-06-15,1,76.5,76.5,0,0,177,76.5
17537,2011-02-09,2011-11-10,2,897.6200000000001,448.81000000000006,1,274,303,448.81000000000006
17538,2011-11-14,2011-11-14,1,98.42,98.42,0,0,25,98.42
17540,2011-01-27,2011-11-15,2,578.9000000000001,289.45000000000005,1,292,316,289.45000000000005
17542,2011-03-15,2011-03-15,1,170.75,170.75,0,0,269,170.75
17545,2011-10-27,2011-10-27,1,645.96,645.96,0,0,43,645.96
17548,2011-04-20,2011-04-20,1,103.3,103.3,0,0,233,103.3
17549,2011-10-19,2011-11-16,2,148.85999999999999,74.42999999999999,1,28,51,74.42999999999999
17550,2011-04-10,2011-05-26,2,267.15999999999997,133.57999999999998,1,46,243,133.57999999999998
17551,2010-12-15,2010-12-15,1,306.84,306.84,0,0,359,306.84
17552,2010-12-02,2011-10-10,3,930.41,310.13666666666666,2,312,372,310.13666666666666
17553,2011-08-02,2011-08-02,1,1487.6,1487.6,0,0,129,1487.6
17554,2011-07-14,2011-12-08,5,1952.45,390.49,4,147,148,390.49
17555,2011-01-09,2011-11-20,2,483.26,241.63,1,315,334,241.63
17556,2011-05-18,2011-05-18,1,157.9,157.9,0,0,205,157.9
17557,2011-09-19,2011-11-25,3,541.46,180.48666666666668,2,67,81,180.48666666666668
17560,2011-02-02,2011-09-06,4,854.95,213.7375,3,216,310,213.7375
17561,2011-11-20,2011-11-20,1,167.62,167.62,0,0,19,167.62
17562,2011-06-19,2011-11-25,7,1122.38,160.34,6,159,173,160.34
17564,2011-09-20,2011-11-15,3,454.01,151.33666666666667,2,56,80,151.33666666666667
17566,2011-11-14,2011-12-01,2,901.21,450.605,1,17,25,450.605
17567,2010-12-02,2011-12-02,8,4331.48,541.435,7,365,372,541.435
17569,2011-01-11,2011-01-11,1,344.14,344.14,0,0,332,344.14
17571,2011-02-14,2011-10-20,4,1498.51,374.6275,3,248,298,374.6275
17572,2010-12-01,2011-09-29,4,226.75,56.6875,3,302,373,56.6875
17573,2011-09-07,2011-11-10,3,380.6,126.86666666666667,2,64,93,126.86666666666667
17574,2011-04-11,2011-04-11,1,185.65,185.65,0,0,242,185.65
17576,2010-12-09,2011-12-01,18,3622.68,201.26,17,357,365,201.26
17578,2011-05-05,2011-05-05,1,143.45999999999998,143.45999999999998,0,0,218,143.45999999999998
17579,2011-06-13,2011-12-05,3,448.9,149.63333333333333,2,175,179,149.63333333333333
17580,2010-12-16,2011-04-01,3,215.72,71.90666666666667,2,106,358,71.90666666666667
17581,2010-12-02,2011-12-09,10,11045.039999999999,1104.504,9,372,372,1104.504
17582,2011-04-17,2011-04-17,1,175.27,175.27,0,0,236,175.27
17584,2011-08-04,2011-12-02,2,1242.3000000000002,621.1500000000001,1,120,127,621.1500000000001
17585,2011-01-05,2011-08-22,4,1133.07,283.2675,3,229,338,283.2675
17588,2011-04-21,2011-08-31,3,1240.2,413.40000000000003,2,132,232,413.40000000000003
17589,2011-04-13,2011-10-10,4,2404.17,601.0425,3,180,240,601.0425
17590,2011-10-30,2011-12-07,3,1479.22,493.0733333333333,2,38,40,493.0733333333333
17591,2010-12-07,2011-09-27,7,2225.9700000000003,317.9957142857143,6,294,367,317.9957142857143
17593,2010-12-22,2011-12-06,5,3927.34,785.4680000000001,4,349,352,785.4680000000001
17594,2011-03-30,2011-09-15,2,993.18,496.59,1,169,254,496.59
17595,2011-11-02,2011-11-27,2,388.78999999999996,194.39499999999998,1,25,37,194.39499999999998
17596,2010-12-06,2011-11-16,7,2827.9300000000003,403.99000000000007,6,345,368,403.99000000000007
17597,2011-05-10,2011-05-10,1,2044.3700000000001,2044.3700000000001,0,0,213,2044.3700000000001
17600,2011-11-22,2011-11-22,1,161.67000000000002,161.67000000000002,0,0,17,161.67000000000002
17601,2011-04-14,2011-04-14,1,116.00999999999999,116.00999999999999,0,0,239,116.00999999999999
17602,2011-01-19,2011-12-07,6,5102.97,850.495,5,322,324,850.495
17603,2011-09-22,2011-09-22,1,394.72,394.72,0,0,78,394.72
17604,2011-01-31,2011-05-06,2,309.36,154.68,1,95,312,154.68
17608,2011-11-06,2011-11-06,1,193.42,193.42,0,0,33,193.42
17609,2011-01-16,2011-10-30,4,1112.22,278.055,3,287,327,278.055
17611,2010-12-13,2011-12-02,14,3984.2200000000003,284.58714285714285,13,354,361,284.58714285714285
17612,2011-02-15,2011-10-17,6,2048.45,341.4083333333333,5,244,297,341.4083333333333
17613,2011-02-07,2011-11-17,11,4559.150000000001,414.46818181818185,10,283,305,414.46818181818185
17614,2011-10-13,2011-10-13,1,390.07,390.07,0,0,57,390.07
17615,2011-05-01,2011-08-01,3,329.6,109.86666666666667,2,92,222,109.86666666666667
17616,2010-12-07,2011-06-19,3,571.1999999999999,190.39999999999998,2,194,367,190.39999999999998
17618,2010-12-12,2011-12-04,3,971.5799999999999,323.85999999999996,2,357,362,323.85999999999996
17619,2011-01-31,2011-01-31,1,218.52,218.52,0,0,312,218.52
17620,2011-10-11,2011-10-11,1,81.44,81.44,0,0,59,81.44
17621,2010-12-20,2011-11-18,3,1379.9,459.9666666666667,2,333,354,459.9666666666667
17623,2011-11-07,2011-11-07,1,527.0500000000001,527.0500000000001,0,0,32,527.0500000000001
17624,2011-05-05,2011-11-25,2,843.48,421.74,1,204,218,421.74
17625,2011-03-27,2011-11-21,4,2047.0,511.75,3,239,257,511.75
17628,2011-09-19,2011-09-19,1,75.75,75.75,0,0,81,75.75
17629,2010-12-15,2011-12-04,8,1814.12,226.765,7,354,359,226.765
17630,2011-04-21,2011-06-23,2,503.6,251.8,1,63,232,251.8
17631,2011-04-21,2011-12-08,3,528.33,176.11,2,231,232,176.11
17633,2011-08-11,2011-11-08,4,1324.84,331.21,3,89,120,331.21
17634,2011-01-06,2011-11-03,9,2361.97,262.44111111111107,8,301,337,262.44111111111107
17636,2011-11-20,2011-11-20,1,285.56,285.56,0,0,19,285.56
17637,2011-08-16,2011-11-08,2,547.06,273.53,1,84,115,273.53
17639,2011-03-08,2011-03-08,1,108.5,108.5,0,0,276,108.5
17640,2011-09-14,2011-09-14,1,621.66,621.66,0,0,86,621.66
17642,2011-06-16,2011-08-12,2,712.29,356.145,1,57,176,356.145
17643,2010-12-01,2010-12-01,1,101.55,101.55,0,0,373,101.55
17644,2011-03-24,2011-12-08,8,2895.6400000000003,361.95500000000004,7,259,260,361.95500000000004
17646,2010-12-09,2011-05-04,3,1008.3900000000001,336.13000000000005,2,146,365,336.13000000000005
17647,2011-10-05,2011-10-05,1,133.06,133.06,0,0,65,133.06
17648,2011-04-04,2011-10-10,3,1797.5,599.1666666666666,2,189,249,599.1666666666666
17649,2011-07-24,2011-07-24,1,868.49,868.49,0,0,138,868.49
17650,2011-11-18,2011-11-18,1,166.08,166.08,0,0,21,166.08
17651,2011-06-15,2011-11-28,9,3945.0,438.3333333333333,8,166,177,438.3333333333333
17652,2011-03-03,2011-11-14,12,4867.72,405.6433333333334,11,256,281,405.6433333333334
17653,2011-08-11,2011-11-03,4,1207.5600000000002,301.89000000000004,3,84,120,301.89000000000004
17654,2011-03-07,2011-03-07,1,117.55,117.55,0,0,277,117.55
17655,2010-12-08,2011-11-29,7,2638.94,376.99142857142857,6,356,366,376.99142857142857
17656,2011-08-03,2011-09-27,5,1674.69,334.938,4,55,128,334.938
17658,2011-05-12,2011-11-14,2,595.42,297.71,1,186,211,297.71
17659,2010-12-02,2011-11-22,12,2999.46,249.955,11,355,372,249.955
17660,2011-07-21,2011-07-21,1,196.0,196.0,0,0,141,196.0
17663,2011-02-25,2011-11-14,7,1802.91,257.55857142857144,6,262,287,257.55857142857144
17664,2011-05-11,2011-11-21,2,604.64,302.32,1,194,212,302.32
17666,2011-10-05,2011-12-06,2,728.1600000000001,364.08000000000004,1,62,65,364.08000000000004
17667,2011-02-14,2011-10-04,4,2055.51,513.8775,3,232,298,513.8775
17668,2011-11-01,2011-12-08,2,347.75,173.875,1,37,38,173.875
17669,2011-04-04,2011-10-28,7,3406.7200000000003,486.67428571428576,6,207,249,486.67428571428576
17670,2011-04-26,2011-04-26,1,205.7,205.7,0,0,227,205.7
17671,2010-12-09,2011-11-24,4,1572.71,393.1775,3,350,365,393.1775
17672,2011-02-03,2011-10-20,2,3178.17,1589.085,1,259,309,1589.085
17673,2011-01-23,2011-12-08,6,1629.12,271.52,5,319,320,271.52
17674,2010-12-06,2011-09-26,2,551.04,275.52,1,294,368,275.52
17675,2010-12-07,2011-12-08,29,20374.28,702.5613793103448,28,366,367,702.5613793103448
17676,2010-12-08,2011-12-05,6,1387.68,231.28,5,362,366,231.28
17677,2010-12-06,2011-12-08,18,16363.23,909.0683333333333,17,367,368,909.0683333333333
17678,2011-03-21,2011-03-21,1,298.11,298.11,0,0,263,298.11
17679,2011-09-15,2011-10-18,2,1992.1100000000001,996.0550000000001,1,33,85,996.0550000000001
17680,2011-11-16,2011-11-16,1,184.4,184.4,0,0,23,184.4
17682,2010-12-06,2011-11-29,6,2474.33,412.3883333333333,5,358,368,412.3883333333333
17684,2011-10-27,2011-10-27,1,239.41,239.41,0,0,43,239.41
17685,2010-12-02,2011-11-23,7,3191.53,455.9328571428572,6,356,372,455.9328571428572
17686,2011-02-10,2011-12-02,5,5739.46,1147.892,4,295,302,1147.892
17690,2010-12-01,2011-11-09,14,4757.95,339.8535714285714,13,343,373,339.8535714285714
17691,2010-12-06,2010-12-16,2,290.4,145.2,1,10,368,145.2
17692,2010-12-15,2011-08-04,4,740.9399999999999,185.23499999999999,3,232,359,185.23499999999999
17693,2011-07-25,2011-07-25,1,200.47,200.47,0,0,137,200.47
17694,2011-07-21,2011-07-21,1,283.12,283.12,0,0,141,283.12
17695,2011-06-21,2011-07-31,2,765.34,382.67,1,40,171,382.67
17696,2010-12-10,2011-11-01,7,2285.71,326.53000000000003,6,326,364,326.53000000000003
17697,2011-04-17,2011-04-17,1,338.95,338.95,0,0,236,338.95
17698,2011-03-24,2011-03-24,1,154.95,154.95,0,0,260,154.95
17700,2011-03-03,2011-11-23,4,2534.6400000000003,633.6600000000001,3,265,281,633.6600000000001
17701,2011-04-01,2011-04-01,1,417.95,417.95,0,0,252,417.95
17702,2011-05-17,2011-11-09,4,1824.37,456.0925,3,176,206,456.0925
17703,2011-07-24,2011-11-04,3,798.74,266.24666666666667,2,103,138,266.24666666666667
17704,2011-04-14,2011-06-24,2,885.19,442.595,1,71,239,442.595
17705,2011-02-11,2011-12-06,9,1823.52,202.61333333333334,8,298,301,202.61333333333334
17706,2010-12-08,2011-12-05,12,10504.49,875.3741666666666,11,362,366,875.3741666666666
17707,2011-01-07,2011-06-07,2,152.4,76.2,1,151,336,76.2
17708,2011-01-19,2011-06-05,2,267.08,133.54,1,137,324,133.54
17709,2011-06-23,2011-06-23,1,137.45,137.45,0,0,169,137.45
17711,2011-02-23,2011-11-29,2,385.1,192.55,1,279,289,192.55
17712,2011-10-26,2011-10-26,1,522.91,522.91,0,0,44,522.91
17714,2011-01-23,2011-01-23,1,153.0,153.0,0,0,320,153.0
17715,2011-05-23,2011-05-23,1,326.4,326.4,0,0,200,326.4
17716,2011-03-17,2011-11-17,9,5655.99,628.4433333333333,8,245,267,628.4433333333333
17718,2011-04-21,2011-04-21,1,139.35,139.35,0,0,232,139.35
17719,2011-03-29,2011-11-02,15,5396.04,359.736,14,218,255,359.736
17720,2010-12-07,2011-11-13,4,1195.94,298.985,3,341,367,298.985
17722,2010-12-08,2011-09-04,4,2424.04,606.01,3,270,366,606.01
17723,2011-05-09,2011-08-04,6,3276.4000000000005,546.0666666666667,5,87,214,546.0666666666667
17724,2011-07-24,2011-09-29,3,1033.0,344.3333333333333,2,67,138,344.3333333333333
17725,2011-03-17,2011-11-23,11,3439.08,312.64363636363635,10,251,267,312.64363636363635
17727,2011-11-24,2011-11-24,1,1060.25,1060.25,0,0,15,1060.25
17728,2011-09-14,2011-12-06,3,2876.0099999999998,958.67,2,83,86,958.67
17730,2011-01-17,2011-12-06,13,5298.4800000000005,407.5753846153847,12,323,326,407.5753846153847
17731,2011-06-09,2011-09-21,3,1240.11,413.36999999999995,2,104,183,413.36999999999995
17732,2010-12-02,2010-12-02,1,303.97,303.97,0,0,372,303.97
17733,2011-03-23,2011-11-01,2,692.19,346.095,1,223,261,346.095
17734,2011-04-20,2011-10-17,3,700.63,233.54333333333332,2,180,233,233.54333333333332
17735,2010-12-07,2011-12-07,18,13110.02,728.3344444444444,17,365,367,728.3344444444444
17736,2011-08-18,2011-11-30,3,377.44,125.81333333333333,2,104,113,125.81333333333333
17737,2011-10-12,2011-11-30,2,168.24,84.12,1,49,58,84.12
17738,2011-03-02,2011-11-20,3,1879.05,626.35,2,263,282,626.35
17739,2010-12-14,2011-11-28,7,2791.35,398.7642857142857,6,349,360,398.7642857142857
17742,2011-01-11,2011-08-18,2,355.11,177.555,1,219,332,177.555
17744,2010-12-16,2011-12-06,6,2322.4,387.06666666666666,5,355,358,387.06666666666666
17746,2011-04-13,2011-04-13,1,110.25,110.25,0,0,240,110.25
17747,2011-08-19,2011-08-19,1,71.4,71.4,0,0,112,71.4
17749,2011-03-28,2011-06-14,2,674.52,337.26,1,78,256,337.26
17750,2011-06-28,2011-12-04,9,1797.57,199.73,8,159,164,199.73
17752,2010-12-15,2010-12-15,1,80.64,80.64,0,0,359,80.64
17754,2011-03-24,2011-12-09,5,1772.26,354.452,4,260,260,354.452
17757,2010-12-02,2011-12-08,30,5605.29,186.843,29,371,372,186.843
17758,2011-04-03,2011-11-20,6,3456.7,576.1166666666667,5,231,250,576.1166666666667
17759,2011-06-23,2011-11-22,2,834.99,417.495,1,152,169,417.495
17760,2010-12-01,2011-11-18,2,287.59,143.795,1,352,373,143.795
17761,2011-11-07,2011-11-07,1,712.78,712.78,0,0,32,712.78
17763,2011-03-21,2011-03-21,1,15.0,15.0,0,0,263,15.0
17764,2011-05-12,2011-10-20,2,818.82,409.41,1,161,211,409.41
17765,2011-03-28,2011-07-04,3,371.88,123.96,2,98,256,123.96
17767,2011-11-24,2011-11-24,1,271.2,271.2,0,0,15,271.2
17768,2011-06-26,2011-12-01,3,2273.18,757.7266666666666,2,158,166,757.7266666666666
17769,2011-01-23,2011-11-27,10,3997.98,399.798,9,308,320,399.798
17770,2011-03-02,2011-05-25,4,1143.27,285.8175,3,84,282,285.8175
17771,2011-01-20,2011-10-14,2,245.81,122.905,1,267,323,122.905
17772,2011-11-29,2011-11-29,1,182.77,182.77,0,0,10,182.77
17774,2011-02-07,2011-09-04,4,1225.41,306.3525,3,209,305,306.3525
17775,2011-03-30,2011-03-30,1,56.4,56.4,0,0,254,56.4
17777,2011-08-31,2011-11-15,3,665.86,221.95333333333335,2,76,100,221.95333333333335
17779,2011-07-19,2011-11-18,3,658.5699999999999,219.5233333333333,2,122,143,219.5233333333333
17781,2011-03-31,2011-07-03,2,188.01999999999998,94.00999999999999,1,94,253,94.00999999999999
17783,2011-04-06,2011-09-28,2,283.47,141.735,1,175,247,141.735
17785,2011-10-17,2011-10-17,1,131.94,131.94,0,0,53,131.94
17786,2011-01-26,2011-09-15,2,278.74,139.37,1,232,317,139.37
17787,2010-12-03,2011-07-10,4,1865.19,466.2975,3,219,371,466.2975
17788,2011-08-02,2011-09-27,2,1117.9,558.95,1,56,129,558.95
17789,2011-03-03,2011-03-03,1,225.9,225.9,0,0,281,225.9
17790,2010-12-10,2011-11-13,12,1965.5500000000002,163.79583333333335,11,338,364,163.79583333333335
17791,2011-11-10,2011-11-10,1,106.1,106.1,0,0,29,106.1
17793,2011-11-14,2011-11-14,1,323.04,323.04,0,0,25,323.04
17795,2011-03-20,2011-06-13,2,350.39,175.195,1,85,264,175.195
17796,2010-12-05,2011-10-30,4,697.9,174.475,3,329,369,174.475
17797,2011-06-10,2011-11-17,2,780.4300000000001,390.21500000000003,1,160,182,390.21500000000003
17799,2010-12-13,2011-11-17,9,3055.93,339.54777777777775,8,339,361,339.54777777777775
17800,2011-01-09,2011-11-02,9,1199.01,133.22333333333333,8,297,334,133.22333333333333
17802,2010-12-02,2011-09-18,3,1285.04,428.34666666666664,2,290,372,428.34666666666664
17805,2011-09-27,2011-09-27,1,512.31,512.31,0,0,73,512.31
17806,2011-11-28,2011-11-28,1,546.04,546.04,0,0,11,546.04
17809,2010-12-01,2011-11-23,10,5411.91,541.191,9,357,373,541.191
17811,2011-01-10,2011-12-05,38,7837.7300000000005,206.25605263157897,37,329,333,206.25605263157897
17812,2010-12-06,2011-11-27,4,732.16,183.04,3,356,368,183.04
17813,2011-09-29,2011-11-25,5,1770.88,354.17600000000004,4,57,71,354.17600000000004
17816,2010-12-09,2011-11-03,4,36.56,9.14,3,329,365,9.14
17817,2011-03-07,2011-12-05,2,387.67999999999995,193.83999999999997,1,273,277,193.83999999999997
17819,2010-12-03,2011-09-29,7,3704.87,529.2671428571429,6,300,371,529.2671428571429
17824,2011-10-19,2011-10-19,1,298.4,298.4,0,0,51,298.4
17827,2010-12-10,2011-12-04,3,1995.46,665.1533333333333,2,359,364,665.1533333333333
17828,2011-06-08,2011-11-17,4,1820.09,455.0225,3,162,184,455.0225
17829,2011-02-14,2011-02-14,1,889.24,889.24,0,0,298,889.24
17830,2011-02-24,2011-12-08,3,398.7,132.9,2,287,288,132.9
17831,2011-11-06,2011-11-06,1,35.400000000000006,35.400000000000006,0,0,33,35.400000000000006
17832,2011-10-21,2011-10-21,1,155.37,155.37,0,0,49,155.37
17835,2011-11-16,2011-12-07,3,350.64,116.88,2,21,23,116.88
17836,2011-10-23,2011-10-23,1,110.21000000000001,110.21000000000001,0,0,47,110.21000000000001
17837,2011-06-29,2011-10-28,8,1593.38,199.1725,7,121,163,199.1725
17838,2010-12-02,2011-11-13,5,2779.3,555.86,4,346,372,555.86
17839,2011-10-28,2011-10-28,1,338.8,338.8,0,0,42,338.8
17841,2010-12-01,2011-12-08,112,40991.57,365.99616071428574,111,372,373,365.99616071428574
17843,2011-02-09,2011-02-09,1,205.48,205.48,0,0,303,205.48
17844,2011-08-25,2011-08-25,1,51.559999999999995,51.559999999999995,0,0,106,51.559999999999995
17846,2011-09-15,2011-09-15,1,2033.1,2033.1,0,0,85,2033.1
17848,2010-12-16,2011-09-19,9,901.1999999999999,100.13333333333333,8,277,358,100.13333333333333
17849,2011-01-10,2011-05-05,4,605.8,151.45,3,115,333,151.45
17850,2010-12-01,2010-12-02,2,5391.21,2695.605,1,1,373,2695.605
17852,2011-11-28,2011-11-28,1,114.34,114.34,0,0,11,114.34
17854,2011-04-26,2011-06-07,2,311.26,155.63,1,42,227,155.63
17855,2010-12-02,2010-12-02,1,208.97,208.97,0,0,372,208.97
17856,2011-03-03,2011-12-08,4,1418.03,354.5075,3,280,281,354.5075
17857,2010-12-09,2011-12-05,20,26879.04,1343.952,19,361,365,1343.952
17858,2010-12-05,2011-12-04,12,5155.66,429.6383333333333,11,364,369,429.6383333333333
17859,2011-02-08,2011-02-08,1,148.21,148.21,0,0,304,148.21
17860,2010-12-06,2010-12-06,1,252.8,252.8,0,0,368,252.8
17861,2011-01-24,2011-12-06,7,2100.8,300.11428571428576,6,316,319,300.11428571428576
17862,2011-01-20,2011-01-20,1,330.9,330.9,0,0,323,330.9
17863,2010-12-05,2011-10-11,6,3160.0,526.6666666666666,5,310,369,526.6666666666666
17864,2011-03-09,2011-11-27,3,597.5,199.16666666666666,2,263,275,199.16666666666666
17865,2010-12-10,2011-11-09,16,10526.32,657.895,15,334,364,657.895
17866,2011-07-20,2011-07-20,1,329.65,329.65,0,0,142,329.65
17867,2011-02-24,2011-11-09,4,1197.1000000000001,299.27500000000003,3,258,288,299.27500000000003
17869,2010-12-06,2011-08-24,4,428.18,107.045,3,261,368,107.045
17870,2010-12-08,2011-12-07,9,1894.35,210.48333333333332,8,364,366,210.48333333333332
17871,2011-05-19,2011-05-19,1,155.9,155.9,0,0,204,155.9
17873,2010-12-01,2011-09-20,5,1859.16,371.832,4,293,373,371.832
17874,2011-03-29,2011-06-07,3,683.46,227.82000000000002,2,70,255,227.82000000000002
17877,2011-06-22,2011-06-22,1,237.61,237.61,0,0,170,237.61
17878,2011-10-27,2011-10-27,1,379.45,379.45,0,0,43,379.45
17879,2011-06-19,2011-06-19,1,178.51999999999998,178.51999999999998,0,0,173,178.51999999999998
17880,2010-12-10,2010-12-10,1,458.92,458.92,0,0,364,458.92
17881,2011-02-08,2011-02-08,1,133.35000000000002,133.35000000000002,0,0,304,133.35000000000002
17883,2011-04-07,2011-12-06,4,671.77,167.9425,3,243,246,167.9425
17884,2010-12-03,2011-12-06,4,717.4499999999999,179.36249999999998,3,368,371,179.36249999999998
17885,2011-11-27,2011-11-27,1,190.19,190.19,0,0,12,190.19
17886,2011-04-04,2011-11-08,3,899.61,299.87,2,218,249,299.87
17887,2011-08-02,2011-08-02,1,111.35,111.35,0,0,129,111.35
17888,2010-12-17,2011-11-18,8,726.05,90.75625,7,336,357,90.75625
17889,2011-01-21,2011-05-11,2,203.87,101.935,1,110,322,101.935
17890,2010-12-13,2011-01-21,2,602.0899999999999,301.04499999999996,1,39,361,301.04499999999996
17891,2011-06-30,2011-06-30,1,203.85999999999999,203.85999999999999,0,0,162,203.85999999999999
17892,2011-07-07,2011-10-14,3,244.1,81.36666666666666,2,99,155,81.36666666666666
17893,2011-04-28,2011-04-28,1,112.25,112.25,0,0,225,112.25
17894,2010-12-08,2011-09-29,8,1119.81,139.97625,7,295,366,139.97625
17895,2011-10-26,2011-10-26,1,98.0,98.0,0,0,44,98.0
17896,2011-11-16,2011-11-16,1,256.32,256.32,0,0,23,256.32
17897,2010-12-01,2011-06-20,3,566.6,188.86666666666667,2,201,373,188.86666666666667
17898,2011-05-16,2011-09-15,2,152.06,76.03,1,122,207,76.03
17899,2011-07-03,2011-07-03,1,155.8,155.8,0,0,159,155.8
17900,2011-06-02,2011-06-02,1,112.19999999999999,112.19999999999999,0,0,190,112.19999999999999
17901,2011-11-10,2011-11-10,1,110.38,110.38,0,0,29,110.38
17904,2011-11-18,2011-11-18,1,191.67,191.67,0,0,21,191.67
17905,2010-12-01,2011-09-29,4,800.24,200.06,3,302,373,200.06
17906,2011-04-06,2011-04-06,1,72.9,72.9,0,0,247,72.9
17908,2010-12-01,2010-12-01,1,243.28,243.28,0,0,373,243.28
17911,2011-11-30,2011-11-30,1,366.23,366.23,0,0,9,366.23
17912,2010-12-10,2011-02-02,4,311.01,77.7525,3,54,364,77.7525
17913,2010-12-19,2011-10-12,2,411.6,205.8,1,297,355,205.8
17914,2011-12-06,2011-12-06,1,336.43,336.43,0,0,3,336.43
17917,2010-12-12,2011-10-25,3,341.28,113.75999999999999,2,317,362,113.75999999999999
17919,2011-09-12,2011-09-12,1,1304.04,1304.04,0,0,88,1304.04
17920,2010-12-01,2011-12-05,17,4204.1,247.3,16,369,373,247.3
17921,2011-03-18,2011-10-06,4,826.52,206.63,3,202,266,206.63
17923,2011-03-02,2011-03-02,1,207.50000000000003,207.50000000000003,0,0,282,207.50000000000003
17924,2010-12-01,2011-11-28,5,2962.5,592.5,4,362,373,592.5
17925,2010-12-02,2010-12-02,1,244.08,244.08,0,0,372,244.08
17926,2011-05-20,2011-07-29,2,397.29,198.645,1,70,203,198.645
17928,2011-04-07,2011-10-25,2,212.54,106.27,1,201,246,106.27
17929,2011-02-04,2011-11-28,4,843.0,210.75,3,297,308,210.75
17930,2011-04-14,2011-11-04,5,1740.48,348.096,4,204,239,348.096
17931,2011-03-29,2011-07-28,2,408.36,204.18,1,121,255,204.18
17932,2011-05-12,2011-11-10,3,1331.57,443.8566666666666,2,182,211,443.8566666666666
17934,2011-10-12,2011-10-19,2,704.25,352.125,1,7,58,352.125
17935,2011-07-21,2011-07-24,2,145.79,72.895,1,3,141,72.895
17936,2011-12-04,2011-12-04,1,389.84,389.84,0,0,5,389.84
17937,2010-12-12,2011-12-01,7,4301.22,614.46,6,354,362,614.46
17939,2011-07-03,2011-07-03,1,99.14,99.14,0,0,159,99.14
17940,2011-02-10,2011-10-21,9,4106.4400000000005,456.27111111111117,8,253,302,456.27111111111117
17941,2011-08-01,2011-08-01,1,304.56,304.56,0,0,130,304.56
17942,2011-12-02,2011-12-02,1,77.50000000000001,77.50000000000001,0,0,7,77.50000000000001
17946,2011-03-25,2011-04-20,2,149.57999999999998,74.78999999999999,1,26,259,74.78999999999999
17947,2011-11-02,2011-11-02,1,176.68,176.68,0,0,37,176.68
17948,2011-07-15,2011-07-15,1,358.56000000000006,358.56000000000006,0,0,147,358.56000000000006
17949,2010-12-03,2011-12-08,29,58510.48,2017.6027586206897,28,370,371,2017.6027586206897
17950,2010-12-09,2011-09-28,2,482.20000000000005,241.10000000000002,1,293,365,241.10000000000002
17951,2010-12-01,2011-10-31,3,1008.5400000000001,336.18,2,334,373,336.18
17954,2010-12-03,2011-12-04,12,2332.7200000000003,194.39333333333335,11,366,371,194.39333333333335
17955,2011-05-04,2011-05-25,3,557.3,185.76666666666665,2,21,219,185.76666666666665
17956,2011-04-04,2011-04-04,1,12.75,12.75,0,0,249,12.75
17957,2011-10-04,2011-10-04,1,111.68,111.68,0,0,66,111.68
17958,2011-08-15,2011-08-15,1,508.4599999999999,508.4599999999999,0,0,116,508.4599999999999
17960,2011-06-21,2011-06-21,1,73.78,73.78,0,0,171,73.78
17961,2010-12-02,2011-11-18,35,1296.44,37.04114285714286,34,351,372,37.04114285714286
17962,2011-07-20,2011-07-20,1,102.83,102.83,0,0,142,102.83
17964,2010-12-02,2011-11-08,2,471.7,235.85,1,341,372,235.85
17965,2010-12-05,2011-11-02,13,2622.57,201.73615384615385,12,332,369,201.73615384615385
17966,2011-03-23,2011-11-02,4,1098.43,274.6075,3,224,261,274.6075
17967,2010-12-03,2010-12-03,1,123.07,123.07,0,0,371,123.07
17968,2010-12-01,2010-12-01,1,277.35,277.35,0,0,373,277.35
17969,2010-12-13,2011-06-26,2,228.2,114.1,1,195,361,114.1
17970,2011-05-12,2011-05-12,1,582.59,582.59,0,0,211,582.59
17972,2011-04-12,2011-04-12,1,136.04,136.04,0,0,241,136.04
17973,2011-10-19,2011-10-19,1,337.04,337.04,0,0,51,337.04
17974,2011-05-04,2011-11-15,3,740.7900000000001,246.93000000000004,2,195,219,246.93000000000004
17975,2010-12-08,2011-11-24,13,4488.81,345.29307692307697,12,351,366,345.29307692307697
17976,2010-12-02,2010-12-02,1,353.19,353.19,0,0,372,353.19
17977,2011-11-10,2011-11-10,1,288.14,288.14,0,0,29,288.14
17978,2010-12-09,2010-12-09,1,300.91999999999996,300.91999999999996,0,0,365,300.91999999999996
17979,2011-03-25,2011-11-04,3,757.7099999999999,252.56999999999996,2,224,259,252.56999999999996
17980,2010-12-15,2011-06-27,3,811.45,270.48333333333335,2,194,359,270.48333333333335
17984,2011-07-17,2011-07-17,1,152.68,152.68,0,0,145,152.68
17985,2011-11-17,2011-11-17,1,634.95,634.95,0,0,22,634.95
17986,2011-10-14,2011-10-14,1,20.8,20.8,0,0,56,20.8
17987,2011-06-07,2011-06-07,1,198.57,198.57,0,0,185,198.57
17988,2011-01-17,2011-11-28,5,201.12,40.224000000000004,4,315,326,40.224000000000004
17990,2010-12-13,2011-04-17,3,630.84,210.28,2,125,361,210.28
17991,2011-04-27,2011-04-28,2,93.35000000000001,46.675000000000004,1,1,226,46.675000000000004
17994,2011-02-22,2011-08-10,4,678.49,169.6225,3,169,290,169.6225
17995,2011-03-03,2011-03-03,1,76.1,76.1,0,0,281,76.1
17997,2011-06-28,2011-09-26,8,1970.6699999999998,246.33374999999998,7,90,164,246.33374999999998
17999,2010-12-08,2011-11-02,2,382.06,191.03,1,329,366,191.03
18001,2011-09-14,2011-11-27,2,417.23,208.615,1,74,86,208.615
18004,2010-12-12,2010-12-12,1,169.47,169.47,0,0,362,169.47
18005,2011-10-23,2011-12-06,2,249.72,124.86,1,44,47,124.86
18006,2011-11-16,2011-11-16,1,444.68,444.68,0,0,23,444.68
18008,2011-01-25,2011-09-30,8,2116.19,264.52375,7,248,318,264.52375
18009,2011-04-18,2011-04-18,1,257.34,257.34,0,0,235,257.34
18010,2011-03-28,2011-03-28,1,174.8,174.8,0,0,256,174.8
18011,2010-12-01,2010-12-01,1,102.78999999999999,102.78999999999999,0,0,373,102.78999999999999
18013,2011-07-07,2011-07-07,1,187.29,187.29,0,0,155,187.29
18014,2011-11-11,2011-11-11,1,166.42,166.42,0,0,28,166.42
18015,2011-12-05,2011-12-05,1,120.03,120.03,0,0,4,120.03
18016,2010-12-10,2011-11-07,5,1483.56,296.712,4,332,364,296.712
18017,2011-02-02,2011-09-19,3,523.0,174.33333333333334,2,229,310,174.33333333333334
18018,2011-05-24,2011-08-23,2,122.14,61.07,1,91,199,61.07
18019,2011-10-19,2011-10-19,1,38.45,38.45,0,0,51,38.45
18022,2011-11-04,2011-11-04,1,668.11,668.11,0,0,35,668.11
18024,2011-07-10,2011-07-10,1,389.78,389.78,0,0,152,389.78
18027,2011-09-02,2011-09-02,1,115.31,115.31,0,0,98,115.31
18030,2011-10-28,2011-12-05,2,230.64999999999998,115.32499999999999,1,38,42,115.32499999999999
18032,2011-01-09,2011-01-09,1,73.5,73.5,0,0,334,73.5
18033,2011-10-05,2011-10-05,1,97.97,97.97,0,0,65,97.97
18034,2011-11-18,2011-11-18,1,422.88,422.88,0,0,21,422.88
18035,2011-10-27,2011-11-04,2,730.4,365.2,1,8,43,365.2
18036,2011-04-08,2011-11-07,3,405.62,135.20666666666668,2,213,245,135.20666666666668
18037,2010-12-12,2011-07-08,6,70.02,11.67,5,208,362,11.67
18040,2011-04-08,2011-11-20,2,357.2,178.6,1,226,245,178.6
18041,2010-12-02,2011-11-28,20,4183.39,209.16950000000003,19,361,372,209.16950000000003
18042,2011-10-17,2011-10-17,1,165.04999999999998,165.04999999999998,0,0,53,165.04999999999998
18043,2010-12-08,2011-11-15,3,559.51,186.50333333333333,2,342,366,186.50333333333333
18044,2010-12-14,2011-12-05,10,2088.6,208.85999999999999,9,356,360,208.85999999999999
18045,2011-10-25,2011-10-25,1,189.4,189.4,0,0,45,189.4
18048,2011-05-20,2011-05-20,1,172.29000000000002,172.29000000000002,0,0,203,172.29000000000002
18050,2010-12-15,2010-12-15,1,74.4,74.4,0,0,359,74.4
18053,2011-09-30,2011-09-30,1,300.02,300.02,0,0,70,300.02
18055,2010-12-05,2011-12-02,10,6784.19,678.419,9,362,369,678.419
18056,2011-02-24,2011-02-24,1,363.65,363.65,0,0,288,363.65
18058,2011-11-30,2011-11-30,1,170.16,170.16,0,0,9,170.16
18059,2011-10-03,2011-11-16,3,306.46,102.15333333333332,2,44,67,102.15333333333332
18061,2010-12-08,2011-11-18,10,2119.41,211.94099999999997,9,345,366,211.94099999999997
18062,2011-01-06,2011-06-19,3,720.52,240.17333333333332,2,164,337,240.17333333333332
18064,2011-04-18,2011-07-29,2,814.0,407.0,1,102,235,407.0
18065,2010-12-10,2011-12-04,6,2392.83,398.805,5,359,364,398.805
18066,2011-09-25,2011-09-25,1,318.0,318.0,0,0,75,318.0
18067,2011-10-30,2011-10-30,1,396.33,396.33,0,0,40,396.33
18068,2011-02-23,2011-02-23,1,101.69999999999999,101.69999999999999,0,0,289,101.69999999999999
18069,2011-01-16,2011-11-13,5,2036.67,407.334,4,301,327,407.334
18071,2010-12-09,2011-03-27,2,453.0,226.5,1,108,365,226.5
18072,2011-06-07,2011-06-07,1,247.44,247.44,0,0,185,247.44
18073,2011-05-26,2011-08-17,10,3877.5200000000004,387.75200000000007,9,83,197,387.75200000000007
18074,2010-12-01,2010-12-01,1,489.6,489.6,0,0,373,489.6
18075,2010-12-14,2011-11-16,10,2611.75,261.175,9,337,360,261.175
18077,2010-12-08,2011-12-01,11,2633.01,239.36454545454546,10,358,366,239.36454545454546
18078,2011-03-25,2011-05-06,2,336.13,168.065,1,42,259,168.065
18079,2011-04-15,2011-10-25,3,3651.97,1217.3233333333333,2,193,238,1217.3233333333333
18080,2011-04-11,2011-11-21,2,1231.5,615.75,1,224,242,615.75
18081,2011-07-29,2011-11-03,3,343.45000000000005,114.48333333333335,2,97,133,114.48333333333335
18082,2011-11-14,2011-11-14,1,703.37,703.37,0,0,25,703.37
18084,2011-11-23,2011-11-23,1,90.47999999999999,90.47999999999999,0,0,16,90.47999999999999
18085,2010-12-01,2011-01-13,2,689.95,344.975,1,43,373,344.975
18086,2011-03-10,2011-03-10,1,101.34,101.34,0,0,274,101.34
18087,2011-02-22,2011-09-02,2,4055.7199999999993,2027.8599999999997,1,192,290,2027.8599999999997
18088,2011-10-09,2011-10-09,1,167.67000000000002,167.67000000000002,0,0,61,167.67000000000002
18092,2010-12-09,2011-12-07,10,9068.26,906.826,9,363,365,906.826
18093,2011-02-10,2011-09-07,4,2106.52,526.63,3,209,302,526.63
18094,2011-02-21,2011-09-19,5,3017.3,603.46,4,210,291,603.46
18095,2011-01-11,2011-01-31,2,580.05,290.025,1,20,332,290.025
18096,2011-10-07,2011-11-28,3,911.15,303.71666666666664,2,52,63,303.71666666666664
18097,2010-12-20,2011-12-02,5,2697.8,539.5600000000001,4,347,354,539.5600000000001
18099,2011-08-04,2011-08-04,1,168.31,168.31,0,0,127,168.31
18101,2011-07-19,2011-11-28,2,223.65,111.825,1,132,143,111.825
18102,2010-12-07,2011-12-09,26,259657.3,9986.81923076923,25,367,367,9986.81923076923
18104,2011-11-02,2011-11-02,1,754.64,754.64,0,0,37,754.64
18105,2011-11-02,2011-11-02,1,113.48000000000002,113.48000000000002,0,0,37,113.48000000000002
18106,2011-01-14,2011-01-14,1,430.7,430.7,0,0,329,430.7
18108,2011-03-30,2011-03-30,1,271.0,271.0,0,0,254,271.0
18109,2010-12-05,2011-12-08,25,8052.97,322.1188,24,368,369,322.1188
18110,2011-11-20,2011-11-20,1,236.3,236.3,0,0,19,236.3
18112,2011-06-26,2011-11-27,2,352.69,176.345,1,154,166,176.345
18113,2010-12-06,2010-12-06,1,76.32000000000001,76.32000000000001,0,0,368,76.32000000000001
18114,2011-02-22,2011-02-22,1,220.1,220.1,0,0,290,220.1
18116,2010-12-10,2011-10-03,8,1418.03,177.25375,7,297,364,177.25375
18117,2011-11-14,2011-11-14,1,320.72,320.72,0,0,25,320.72
18118,2010-12-05,2011-11-29,26,5653.82,217.45461538461538,25,359,369,217.45461538461538
18119,2010-12-07,2010-12-07,1,181.12,181.12,0,0,367,181.12
18120,2011-05-09,2011-05-09,1,111.15,111.15,0,0,214,111.15
18121,2011-07-08,2011-07-13,2,673.1,336.55,1,5,154,336.55
18122,2011-07-12,2011-12-01,6,1826.21,304.36833333333334,5,142,150,304.36833333333334
18123,2011-11-08,2011-11-15,2,589.4399999999999,294.71999999999997,1,7,31,294.71999999999997
18125,2011-01-27,2011-11-10,4,1142.99,285.7475,3,287,316,285.7475
18126,2011-10-10,2011-10-10,1,206.82999999999998,206.82999999999998,0,0,60,206.82999999999998
18127,2011-07-29,2011-11-20,2,348.73,174.365,1,114,133,174.365
18129,2011-04-10,2011-04-10,1,112.55000000000001,112.55000000000001,0,0,243,112.55000000000001
18130,2011-10-13,2011-11-24,3,1059.3899999999999,353.12999999999994,2,42,57,353.12999999999994
18133,2011-05-11,2011-05-11,1,931.4999999999999,931.4999999999999,0,0,212,931.4999999999999
18135,2011-06-02,2011-11-10,5,681.9100000000001,136.382,4,161,190,136.382
18136,2011-01-24,2011-10-07,3,784.33,261.4433333333333,2,256,319,261.4433333333333
18138,2011-02-17,2011-02-17,1,152.65,152.65,0,0,295,152.65
18139,2011-11-21,2011-11-22,2,8438.34,4219.17,1,1,18,4219.17
18142,2011-05-08,2011-07-05,2,1019.52,509.76,1,58,215,509.76
18143,2011-07-21,2011-08-15,2,1000.1600000000001,500.08000000000004,1,25,141,500.08000000000004
18144,2010-12-01,2011-12-02,11,2888.75,262.6136363636364,10,366,373,262.6136363636364
18145,2011-01-31,2011-11-27,4,2861.55,715.3875,3,300,312,715.3875
18146,2011-05-03,2011-07-22,2,160.35000000000002,80.17500000000001,1,80,220,80.17500000000001
18147,2011-08-23,2011-10-25,2,179.33999999999997,89.66999999999999,1,63,108,89.66999999999999
18149,2011-03-11,2011-10-20,3,612.0799999999999,204.02666666666664,2,223,273,204.02666666666664
18150,2011-05-22,2011-11-07,3,566.58,188.86,2,169,201,188.86
18151,2011-02-23,2011-07-28,2,653.35,326.675,1,155,289,326.675
18154,2011-10-27,2011-12-06,2,399.18999999999994,199.59499999999997,1,40,43,199.59499999999997
18155,2011-02-21,2011-09-25,3,371.62,123.87333333333333,2,216,291,123.87333333333333
18156,2010-12-05,2011-11-27,2,734.94,367.47,1,357,369,367.47
18158,2011-09-12,2011-11-30,2,453.4,226.7,1,79,88,226.7
18159,2011-02-11,2011-02-11,1,530.15,530.15,0,0,301,530.15
18160,2011-05-23,2011-10-13,2,638.06,319.03,1,143,200,319.03
18161,2011-01-24,2011-11-24,5,1618.69,323.738,4,304,319,323.738
18164,2011-11-02,2011-11-02,1,399.65000000000003,399.65000000000003,0,0,37,399.65000000000003
18165,2011-06-15,2011-06-15,1,302.46000000000004,302.46000000000004,0,0,177,302.46000000000004
18167,2011-08-26,2011-11-16,3,1384.8600000000001,461.62000000000006,2,82,105,461.62000000000006
18168,2010-12-02,2011-06-16,6,1169.94,194.99,5,196,372,194.99
18169,2011-10-10,2011-10-10,1,202.65,202.65,0,0,60,202.65
18170,2011-05-06,2011-11-06,3,980.31,326.77,2,184,217,326.77
18171,2011-01-10,2011-10-12,5,1231.31,246.262,4,275,333,246.262
18172,2011-02-23,2011-11-25,14,7561.68,540.12,13,275,289,540.12
18173,2011-03-10,2011-09-14,4,2106.84,526.71,3,188,274,526.71
18174,2011-12-02,2011-12-02,1,104.0,104.0,0,0,7,104.0
18176,2010-12-16,2010-12-16,1,476.35,476.35,0,0,358,476.35
18177,2011-03-29,2011-11-08,6,1341.42,223.57000000000002,5,224,255,223.57000000000002
18178,2010-12-10,2011-08-03,4,1590.81,397.7025,3,236,364,397.7025
18179,2011-01-07,2011-11-30,6,1793.17,298.8616666666667,5,327,336,298.8616666666667
18180,2011-07-20,2011-12-05,6,1843.75,307.2916666666667,5,138,142,307.2916666666667
18181,2011-11-15,2011-11-15,1,382.8,382.8,0,0,24,382.8
18183,2011-03-10,2011-04-26,2,632.07,316.035,1,47,274,316.035
18184,2011-11-24,2011-11-24,1,49.8,49.8,0,0,15,49.8
18185,2011-04-04,2011-04-04,1,304.25,304.25,0,0,249,304.25
18188,2011-02-22,2011-11-24,3,2001.04,667.0133333333333,2,275,290,667.0133333333333
18189,2011-03-17,2011-09-23,2,1090.24,545.12,1,190,267,545.12
18190,2011-01-13,2011-05-31,2,284.46000000000004,142.23000000000002,1,138,330,142.23000000000002
18191,2011-03-23,2011-03-23,1,207.79999999999998,207.79999999999998,0,0,261,207.79999999999998
18192,2011-09-29,2011-09-29,1,957.97,957.97,0,0,71,957.97
18193,2011-06-27,2011-06-27,1,243.76,243.76,0,0,165,243.76
18194,2011-09-18,2011-09-18,1,973.8399999999999,973.8399999999999,0,0,82,973.8399999999999
18196,2011-02-22,2011-09-05,2,689.13,344.565,1,195,290,344.565
18198,2011-01-07,2011-12-05,17,5425.56,319.15058823529415,16,332,336,319.15058823529415
18200,2011-08-25,2011-08-25,1,163.8,163.8,0,0,106,163.8
18202,2011-02-01,2011-05-24,2,1396.99,698.495,1,112,311,698.495
18203,2011-07-05,2011-07-05,1,160.42000000000002,160.42000000000002,0,0,157,160.42000000000002
18204,2011-05-31,2011-09-29,3,1993.6999999999998,664.5666666666666,2,121,192,664.5666666666666
18205,2011-09-26,2011-11-03,2,517.36,258.68,1,38,74,258.68
18209,2011-11-11,2011-11-11,1,139.10000000000002,139.10000000000002,0,0,28,139.10000000000002
18210,2011-03-17,2011-12-08,6,2621.38,436.8966666666667,5,266,267,436.8966666666667
18211,2011-03-06,2011-11-14,5,600.07,120.01400000000001,4,253,278,120.01400000000001
18212,2011-01-17,2011-01-17,1,248.42,248.42,0,0,326,248.42
18213,2011-04-17,2011-04-17,1,232.48000000000002,232.48000000000002,0,0,236,232.48000000000002
18215,2011-09-11,2011-09-11,1,299.34000000000003,299.34000000000003,0,0,89,299.34000000000003
18216,2011-11-08,2011-11-08,1,481.75,481.75,0,0,31,481.75
18217,2011-09-30,2011-11-10,2,621.75,310.875,1,41,70,310.875
18218,2011-03-03,2011-05-12,2,662.0799999999999,331.03999999999996,1,70,281,331.03999999999996
18219,2010-12-06,2011-12-07,9,2069.77,229.97444444444443,8,366,368,229.97444444444443
18220,2011-04-27,2011-04-27,1,305.28000000000003,305.28000000000003,0,0,226,305.28000000000003
18221,2011-05-12,2011-11-17,5,1041.6100000000001,208.32200000000003,4,189,211,208.32200000000003
18222,2011-09-08,2011-09-08,1,443.0,443.0,0,0,92,443.0
18223,2010-12-16,2011-12-05,13,6484.54,498.8107692307692,12,354,358,498.8107692307692
18224,2011-03-21,2011-03-21,1,158.95000000000002,158.95000000000002,0,0,263,158.95000000000002
18225,2010-12-09,2011-12-06,12,5509.12,459.0933333333333,11,362,365,459.0933333333333
18226,2011-01-06,2011-10-26,11,5228.05,475.27727272727276,10,293,337,475.27727272727276
18227,2011-05-06,2011-05-06,1,93.75,93.75,0,0,217,93.75
18228,2011-09-21,2011-10-14,2,779.9,389.95,1,23,79,389.95
18229,2010-12-01,2011-11-28,20,7276.9,363.84499999999997,19,362,373,363.84499999999997
18230,2011-02-10,2011-11-30,7,2810.2000000000003,401.4571428571429,6,293,302,401.4571428571429
18231,2011-02-24,2011-05-31,5,2083.27,416.654,4,96,288,416.654
18232,2011-05-26,2011-09-19,4,592.97,148.2425,3,116,197,148.2425
18233,2011-01-18,2011-01-18,1,440.0,440.0,0,0,325,440.0
18235,2011-05-06,2011-09-29,3,1796.48,598.8266666666667,2,146,217,598.8266666666667
18236,2011-04-13,2011-11-10,6,882.24,147.04,5,211,240,147.04
18237,2011-07-28,2011-12-07,5,987.0999999999999,197.42,4,132,134,197.42
18239,2010-12-02,2011-05-05,5,1561.6100000000001,312.322,4,154,372,312.322
18240,2011-10-24,2011-10-24,1,422.58,422.58,0,0,46,422.58
18241,2011-05-06,2011-11-30,17,2073.09,121.9464705882353,16,208,217,121.9464705882353
18242,2011-05-10,2011-09-28,3,2232.49,744.1633333333333,2,141,213,744.1633333333333
18245,2010-12-19,2011-12-02,5,2567.06,513.412,4,348,355,513.412
18246,2011-04-20,2011-11-16,2,596.1,298.05,1,210,233,298.05
18248,2011-06-06,2011-08-09,2,804.02,402.01,1,64,186,402.01
18249,2011-11-22,2011-11-22,1,95.34,95.34,0,0,17,95.34
18250,2011-02-02,2011-02-02,1,349.27,349.27,0,0,310,349.27
18251,2011-09-13,2011-09-13,1,4314.72,4314.72,0,0,87,4314.72
18252,2011-06-21,2011-10-20,2,526.67,263.335,1,121,171,263.335
18255,2011-09-11,2011-09-11,1,103.3,103.3,0,0,89,103.3
18257,2011-02-16,2011-10-31,7,2337.63,333.94714285714286,6,257,296,333.94714285714286
18259,2010-12-08,2011-11-15,3,2338.6000000000004,779.5333333333334,2,342,366,779.5333333333334
18260,2010-12-16,2011-06-20,6,2643.2000000000003,440.53333333333336,5,186,358,440.53333333333336
18261,2011-09-05,2011-10-27,2,324.24,162.12,1,52,95,162.12
18262,2011-07-22,2011-07-22,1,149.48,149.48,0,0,140,149.48
18263,2011-04-01,2011-11-14,3,1213.1599999999999,404.3866666666666,2,227,252,404.3866666666666
18265,2011-07-04,2011-09-28,2,801.51,400.755,1,86,158,400.755
18268,2011-07-28,2011-07-28,1,25.5,25.5,0,0,134,25.5
18269,2010-12-08,2010-12-08,1,168.6,168.6,0,0,366,168.6
18270,2011-03-18,2011-11-01,2,283.15000000000003,141.57500000000002,1,228,266,141.57500000000002
18272,2011-04-07,2011-12-07,6,3078.58,513.0966666666667,5,244,246,513.0966666666667
18273,2011-03-27,2011-12-07,3,204.0,68.0,2,255,257,68.0
18274,2011-11-09,2011-11-09,1,175.92,175.92,0,0,30,175.92
18276,2011-10-27,2011-10-27,1,335.86,335.86,0,0,43,335.86
18277,2011-10-12,2011-10-12,1,110.38,110.38,0,0,58,110.38
18278,2011-09-27,2011-09-27,1,173.9,173.9,0,0,73,173.9
18280,2011-03-07,2011-03-07,1,180.60000000000002,180.60000000000002,0,0,277,180.60000000000002
18281,2011-06-12,2011-06-12,1,80.82,80.82,0,0,180,80.82
18282,2011-08-05,2011-12-02,2,178.05,89.025,1,119,126,89.025
18283,2011-01-06,2011-12-06,14,2094.88,149.6342857142857,13,334,337,149.6342857142857
18287,2011-05-22,2011-10-28,3,1837.28,612.4266666666666,2,159,201,612.4266666666666
