source_row,tweet_id,split,is_representative,airline_sentiment
0,570306133677760513,train,True,neutral
1,570301130888122368,train,False,positive
2,570301083672813571,train,True,neutral
3,570301031407624196,train,False,negative
4,570300817074462722,train,False,negative
5,570300767074181121,train,True,negative
6,570300616901320704,test,True,positive
7,570300248553349120,train,True,neutral
8,570299953286942721,train,True,positive
9,570295459631263746,train,True,positive
10,570294189143031808,train,False,neutral
11,570289724453216256,train,False,positive
12,570289584061480960,train,True,positive
13,570287408438120448,test,True,positive
14,570285904809598977,train,False,positive
15,570282469121007616,train,True,negative
16,570277724385734656,train,True,positive
17,570276917301137409,train,True,negative
18,570270684619923457,train,True,positive
19,570267956648792064,test,True,positive
20,570265883513384960,train,True,negative
21,570264145116819457,train,False,positive
22,570259420287868928,train,True,positive
23,570258822297579520,train,True,neutral
24,570256553502068736,test,True,negative
25,570249102404923392,train,True,negative
26,570239632807370753,train,True,negative
27,570217831557677057,test,False,neutral
28,570207886493782019,train,True,negative
29,570124596180955136,train,True,neutral
30,570114021854212096,train,True,negative
31,570094701371469825,train,False,neutral
32,570088404156698625,train,True,negative
33,570084582780899328,train,True,negative
34,570076792993611776,train,True,positive
35,570051991277342720,train,False,neutral
36,570051381534396416,train,False,positive
37,570045393565691904,train,True,positive
38,570038941497192448,test,True,neutral
39,570035876845084672,train,True,negative
40,570033593394667521,train,True,positive
41,570025482344898560,test,True,negative
42,570016304284901379,train,True,neutral
43,570015408788414464,test,True,neutral
44,570013523650048002,train,False,neutral
45,570012257549070337,train,False,positive
46,570011341483843584,train,True,neutral
47,570010571707256832,train,True,positive
48,570010539499393025,train,True,neutral
49,570009713447825408,test,True,neutral
50,570009035455344640,train,True,neutral
51,570006886012973056,train,False,positive
52,570004391731847169,train,True,neutral
53,570001194900426752,train,True,neutral
54,570000071644872704,train,True,neutral
55,569996412286582784,train,True,negative
56,569996245462159361,train,True,positive
57,569990222609412097,train,True,positive
58,569990163209850881,train,True,neutral
59,569989504431316993,train,True,neutral
60,569989321698074624,train,True,neutral
61,569989034501500928,train,True,negative
62,569987622484848640,train,True,neutral
63,569986782567071744,train,True,neutral
64,569986348041547778,train,True,positive
65,569982307634794497,train,True,neutral
66,569976620158578688,train,False,negative
67,569973821396152323,train,True,negative
68,569972508499283968,train,True,positive
69,569967019958730753,train,True,negative
70,569961866224652288,train,True,neutral
71,569949891163615232,test,False,neutral
72,569948966873370625,train,True,neutral
73,569946362126602240,test,True,negative
74,569942903683813376,train,False,positive
75,569941957490774016,train,False,positive
76,569940834994401280,test,True,neutral
77,569940323746516993,train,False,neutral
78,569935232033366017,train,True,negative
79,569934395865493504,train,False,neutral
80,569933816963342337,train,False,negative
81,569933777931145216,train,True,positive
82,569933405506310144,train,True,negative
83,569933360564342784,train,False,negative
84,569929243146088448,train,False,negative
85,569926998824394752,test,True,negative
86,569923394990419968,test,True,neutral
87,569922008588222465,train,True,neutral
88,569920824905306113,train,True,neutral
89,569919041244147712,train,True,negative
90,569915941192015872,train,True,neutral
91,569913339427434496,train,True,neutral
92,569911816937033728,train,True,negative
93,569911674158731264,train,False,negative
94,569911218942517248,train,True,neutral
95,569910981868060673,train,True,negative
96,569909224521641984,train,True,negative
97,569907336485019648,train,True,negative
98,569896805611089920,train,True,negative
99,569894449620369408,train,True,negative
100,569894407001939968,train,True,neutral
101,569892199690678272,train,False,negative
102,569891469210755074,train,True,neutral
103,569891436100874241,train,True,negative
104,569887310713479168,train,True,negative
105,569887049446076416,train,True,positive
106,569884551712886785,train,False,negative
107,569884407852437504,train,True,negative
108,569881548515708928,train,True,neutral
109,569873669700358144,train,False,positive
110,569873668131717120,train,False,neutral
111,569873665640292353,train,False,positive
112,569873664612704256,train,True,neutral
113,569872058613673984,train,True,positive
114,569861209781989377,train,True,positive
115,569847920192655361,train,True,negative
116,569814339785338880,train,True,positive
117,569777607371128834,train,False,positive
118,569774078233419776,train,True,positive
119,569770363623575552,test,True,positive
120,569748316776325120,train,False,negative
121,569741221783957504,train,True,negative
122,569737603617943552,train,True,negative
123,569714127792254976,train,True,positive
124,569675144353828864,train,True,positive
125,569674358135914496,train,True,neutral
126,569666477265018881,test,True,negative
127,569652497947734017,test,True,positive
128,569649116487290880,train,True,neutral
129,569643262459269120,test,True,neutral
130,569642845516275712,train,True,negative
131,569634318349246464,train,False,negative
132,569633630978310145,test,True,neutral
133,569633279546036224,train,False,negative
134,569630092273410048,train,False,negative
135,569627480425766912,train,True,negative
136,569625739231948800,train,True,positive
137,569625609799774208,train,True,neutral
138,569620102389350401,train,False,positive
139,569619569372823552,train,True,negative
140,569618527948115968,train,True,negative
141,569616490380439552,train,True,positive
142,569615109363929088,train,False,neutral
143,569614365755899905,train,True,negative
144,569614024578600960,train,True,positive
145,569609971383586817,train,True,negative
146,569608328998887424,test,True,negative
147,569599867716132864,train,True,positive
148,569596445680115712,test,True,positive
149,569596097540132864,train,False,negative
150,569594386066984960,train,False,negative
151,569586660909973504,train,True,neutral
152,569580805036453888,train,False,positive
153,569575679722786816,train,True,neutral
154,569575003248676864,train,True,neutral
155,569574973662232576,train,True,neutral
156,569574961158815745,train,True,neutral
157,569572942381649920,train,True,negative
158,569572740723712001,train,True,negative
159,569566981835218944,train,True,negative
160,569564853460807680,test,False,negative
161,569564610837086209,test,True,negative
162,569562202405019650,test,False,negative
163,569541127340040192,train,False,negative
164,569540405676654592,train,True,negative
165,569494748341407744,test,True,negative
166,569482263345307648,test,False,neutral
167,569477692166316033,train,True,negative
168,569461469042966528,test,True,negative
169,569459618881019905,test,False,neutral
170,569452063920226304,test,False,neutral
171,569447071910105089,test,True,neutral
172,569429411646156800,test,True,neutral
173,569369239183872000,train,False,negative
174,569368160291463168,train,True,negative
175,569356387785900032,train,False,neutral
176,569354267854704641,train,True,positive
177,569351220097216512,train,False,negative
178,569348775631675392,train,True,negative
179,569324558999691264,train,False,neutral
180,569323106210152448,test,True,neutral
181,569323082701275138,train,False,negative
182,569318651502989312,train,True,negative
183,569318130356502528,train,False,positive
184,569316358845911040,test,True,positive
185,569311498301870080,train,True,neutral
186,569311060903268352,train,False,negative
187,569310635986546688,train,True,negative
188,569305113589714944,train,True,neutral
189,569304436612444160,test,True,positive
190,569304208534597632,train,True,neutral
191,569304030847090688,train,True,negative
192,569303931916038144,train,True,negative
193,569298165855338497,train,False,positive
194,569290361870426112,test,False,negative
195,569282249717194754,train,True,negative
196,569277854950817792,train,False,negative
197,569277352129138688,train,True,negative
198,569263837448269826,train,True,negative
199,569262527281913857,test,True,positive
200,569262225900359680,test,True,negative
201,569261347688607744,test,False,positive
202,569261128532041728,test,True,neutral
203,569260526976544768,train,False,positive
204,569253311813185537,train,True,positive
205,569253236093267969,train,False,positive
206,569250469178175488,train,True,positive
207,569248437050302464,train,True,neutral
208,569248400836726786,train,True,positive
209,569247769166266368,train,False,negative
210,569247394002563072,train,False,negative
211,569244860286263297,train,True,negative
212,569240250192670720,train,False,positive
213,569238877178716161,train,True,negative
214,569237252154372097,test,True,negative
215,569236471690829825,train,False,neutral
216,569236251129163777,train,True,negative
217,569230983075115010,train,False,negative
218,569229785500680192,train,True,negative
219,569226875349835776,train,False,negative
220,569224234150404096,train,False,negative
221,569223788639821824,train,True,negative
222,569222494952886272,train,False,positive
223,569221440794271745,train,True,positive
224,569221156504530944,train,True,negative
225,569220232293720066,train,False,neutral
226,569218762907324416,train,True,negative
227,569212570478911489,train,True,positive
228,569211675108179968,train,True,negative
229,569209566715469824,train,True,positive
230,569208480793567233,train,False,positive
231,569205125278859265,train,False,positive
232,569204272795004928,train,True,negative
233,569202691185909760,train,True,positive
234,569201943131738113,train,True,positive
235,569200619430420480,train,False,positive
236,569200606595952640,train,True,negative
237,569198782421663745,train,True,negative
238,569198104806699008,train,True,positive
239,569197967959154688,train,True,positive
240,569197611393163264,train,True,neutral
241,569197515993534464,train,True,neutral
242,569192778468626432,test,True,negative
243,569182336715243520,train,True,negative
244,569180623165915137,train,True,positive
245,569179517522046977,train,True,negative
246,569176777056079874,train,True,positive
247,569165709516759042,test,True,positive
248,569110766235877376,train,True,positive
249,569083230361673728,train,False,negative
250,569028851860254720,train,True,negative
251,569022319437357056,train,True,negative
252,569020707113476096,train,True,positive
253,569018352464588800,train,False,neutral
254,569011849976348672,train,True,positive
255,568989005162766337,train,False,neutral
256,568977439398821888,train,True,neutral
257,568977175149293570,train,True,neutral
258,568972394297077760,train,True,positive
259,568945958970531840,test,True,negative
260,568945265899483136,test,True,neutral
261,568943244027006976,train,True,neutral
262,568942331921092608,train,True,negative
263,568940002849255425,train,True,negative
264,568929979981033472,test,True,positive
265,568929026644975616,train,False,negative
266,568928741298012160,test,True,negative
267,568928605226426370,train,False,neutral
268,568926018049691648,train,False,neutral
269,568923762764095488,test,True,positive
270,568920614716600320,train,True,neutral
271,568920221882257408,train,True,neutral
272,568911350656675841,train,True,positive
273,568910590921609216,train,False,positive
274,568901823215448064,train,True,negative
275,568898405189038080,train,False,neutral
276,568897315458691072,train,True,positive
277,568890074164809728,train,True,positive
278,568890062286385153,train,True,neutral
279,568884848632279041,train,False,neutral
280,568882014415249408,test,False,negative
281,568874645564362752,test,False,positive
282,568868127364096000,test,True,negative
283,568867068331864064,test,False,neutral
284,568865011717705730,train,False,neutral
285,568864815654899712,train,True,neutral
286,568855933360607232,train,False,neutral
287,568853685855334400,train,True,negative
288,568850967673896960,train,True,negative
289,568850943359496192,test,False,negative
290,568847512372514816,train,True,neutral
291,568845553104068609,train,False,neutral
292,568840724700995584,train,True,negative
293,568840560347373569,train,True,positive
294,568838020041809920,train,False,neutral
295,568837602071203840,train,True,neutral
296,568833739192557569,train,False,neutral
297,568830466830151680,train,True,neutral
298,568830133626253312,train,True,negative
299,568828648687591424,train,True,neutral
300,568828112626012160,train,True,neutral
301,568824637267685377,train,True,negative
302,568823689422053376,train,True,neutral
303,568815689684815873,train,True,positive
304,568812046747201537,test,True,negative
305,568811384437411840,test,True,negative
306,568805696780824576,test,False,positive
307,568803996774879232,train,False,positive
308,568802396907835393,test,True,positive
309,568800805475782656,train,False,neutral
310,568795484283736064,train,True,neutral
311,568795139512127488,train,True,positive
312,568792520337039360,train,True,neutral
313,568791035297468416,train,True,positive
314,568790164404899840,train,False,negative
315,568781819233091584,train,False,neutral
316,568775898234798081,train,True,negative
317,568769672922812418,train,True,negative
318,568735060104511488,train,False,neutral
319,568689188377403392,test,True,neutral
320,568663147189415936,test,False,negative
321,568662343170674688,test,True,negative
322,568646087361355776,train,True,neutral
323,568643040073506816,train,True,positive
324,568633361595412481,train,False,positive
325,568632394929958912,train,False,neutral
326,568630879246901248,train,False,neutral
327,568629385105793024,train,True,neutral
328,568626625857728513,train,True,neutral
329,568608718994026496,test,True,negative
330,568607562251108352,train,True,neutral
331,568605449659895808,train,False,positive
332,568604690767872000,train,True,positive
333,568602941940043776,train,False,positive
334,568595620002279424,train,True,negative
335,568585196699664384,train,True,negative
336,568579880046227457,train,False,neutral
337,568577243200376833,train,True,neutral
338,568576829000425472,train,True,negative
339,568572344056180737,train,True,neutral
340,568571772251082752,train,True,neutral
341,568553610981740544,test,True,positive
342,568543525505089536,train,True,positive
343,568541317816561664,train,True,neutral
344,568536882012749824,train,True,negative
345,568532221180534784,train,True,negative
346,568526847320784896,train,True,negative
347,568525368572817408,train,True,positive
348,568522203198697474,test,False,negative
349,568519971971538945,train,True,negative
350,568518985056002049,train,True,negative
351,568517565548339200,test,True,negative
352,568517447847780353,train,False,neutral
353,568511755040657409,train,False,negative
354,568511474580066304,train,True,negative
355,568496820604821505,test,True,negative
356,568495808053702656,train,False,neutral
357,568492682152189952,train,True,neutral
358,568491256508231680,train,False,positive
359,568490223417602050,train,True,positive
360,568483591623208961,train,True,neutral
361,568483491819753472,train,True,neutral
362,568481985221537792,train,True,positive
363,568478510538493952,train,True,positive
364,568476562376531969,test,True,neutral
365,568472719102234624,train,False,neutral
366,568469942711885825,train,False,negative
367,568463892453724160,train,False,negative
368,568463244035289088,train,False,negative
369,568460512553353216,train,False,positive
370,568458513636134913,test,True,negative
371,568457140894969856,train,True,negative
372,568456334581981184,train,True,negative
373,568452676452806656,train,False,neutral
374,568452186977361921,test,True,positive
375,568451468560187393,train,True,positive
376,568447216156692480,train,True,negative
377,568440278853525504,train,True,neutral
378,568437415603507200,train,False,positive
379,568434482270707712,test,True,positive
380,568432117539065856,train,False,neutral
381,568429677779365888,train,True,positive
382,568428224813916160,train,True,neutral
383,568423029371334656,train,True,negative
384,568406048777900032,test,True,positive
385,568392783922372608,test,True,positive
386,568391084210036736,train,True,neutral
387,568382154071089154,train,True,neutral
388,568364437599436800,test,False,neutral
389,568349321634013184,test,False,neutral
390,568307768551026688,test,True,neutral
391,568303606710956032,test,True,positive
392,568279994876571649,train,True,positive
393,568265552583479296,train,True,neutral
394,568259485413715969,train,True,negative
395,568245360998658048,train,False,positive
396,568240364315783168,test,True,negative
397,568239036533497856,train,True,positive
398,568218962833461248,train,False,negative
399,568216286561374208,train,True,negative
400,568209028188233728,train,True,neutral
401,568204964742496256,test,True,positive
402,568203174198284288,train,True,neutral
403,568199730989174784,train,True,neutral
404,568195292803129345,train,True,positive
405,568193116437483520,train,True,neutral
406,568189531033174016,train,True,positive
407,568174745293709313,train,True,negative
408,568165573869199361,train,True,negative
409,568157680696729600,train,True,negative
410,568150150289461249,train,False,neutral
411,568148652352544769,test,True,negative
412,568146157534367744,train,False,positive
413,568144330268868608,train,True,neutral
414,568142526110019584,train,False,neutral
415,568140092453179394,train,True,positive
416,568140010458894338,train,True,positive
417,568136946016522240,train,True,negative
418,568132935037132800,train,True,negative
419,568132204712370178,train,True,negative
420,568122723915862016,train,True,neutral
421,568120102660341760,train,True,positive
422,568119079371997186,train,True,positive
423,568114097142652928,train,True,neutral
424,568104519633993728,test,True,neutral
425,568104264733573122,train,True,negative
426,568101393111891968,train,True,neutral
427,568100257931747328,train,True,positive
428,568100090390425600,train,True,neutral
429,568095440517754881,train,True,positive
430,568093957080551424,train,True,positive
431,568088472772157440,train,False,neutral
432,568086068328681473,train,True,neutral
433,568083179023650818,test,True,negative
434,568079278505463808,train,True,negative
435,568068513224654848,train,True,neutral
436,568068214325784576,train,True,positive
437,568064123621093377,train,True,positive
438,568061922265804802,train,True,neutral
439,568059129601724416,train,True,positive
440,568058610296565760,train,True,positive
441,568054702635483136,test,True,neutral
442,568053134439788546,train,True,neutral
443,568050777744379904,test,True,positive
444,568017135236022273,train,True,negative
445,568011935347838977,train,True,neutral
446,567972416846217216,test,False,negative
447,567972174398689280,test,False,negative
448,567971836321009664,test,False,negative
449,567971610801664000,test,True,negative
450,567946319349706753,train,True,negative
451,567908796917420032,train,True,positive
452,567899492885745664,train,True,neutral
453,567893201719156736,train,True,positive
454,567873698679623680,test,True,positive
455,567858317831249920,train,False,positive
456,567855171335626752,train,True,neutral
457,567849520781893632,train,True,negative
458,567849200295124992,test,False,neutral
459,567846970141716481,test,True,positive
460,567845726220357632,train,True,neutral
461,567845203014377472,train,True,neutral
462,567829051559186432,train,True,neutral
463,567828603976597504,train,True,positive
464,567823564167192576,train,True,positive
465,567814795895787520,train,False,positive
466,567813046811525120,train,False,positive
467,567812402764374016,train,True,positive
468,567811428779868160,train,True,neutral
469,567810209088847873,train,True,negative
470,567807967706488832,train,True,positive
471,567807640660619267,train,True,neutral
472,567807288192290816,train,True,neutral
473,567807278964023296,train,True,neutral
474,567806905617281024,train,True,neutral
475,567806884191944705,train,True,positive
476,567806872410161152,train,True,positive
477,567806467974365184,train,True,positive
478,567796863467839488,test,True,neutral
479,567792185832394752,train,True,negative
480,567787873778278400,train,True,positive
481,567786760287096832,train,False,negative
482,567786199415136256,train,False,neutral
483,567785481161953280,train,True,neutral
484,567785191901376512,train,False,negative
485,567783687980367872,train,True,negative
486,567772685472915456,train,True,negative
487,567770107062284288,train,False,negative
488,567769981128282113,train,False,positive
489,567767269120688128,train,True,neutral
490,567762071258152960,train,True,positive
491,567759012806029312,train,True,positive
492,567755402943930368,train,True,neutral
493,567753757702647810,train,True,positive
494,567748973910163457,train,True,negative
495,567745903474540545,train,True,negative
496,567744381432516608,train,True,negative
497,567742937325260801,test,True,neutral
498,567742578561650688,train,True,positive
499,567742148603170816,train,True,neutral
500,567735941846937600,train,True,neutral
501,567728227465310208,train,True,neutral
502,567727292739092480,train,True,positive
503,567726092518031360,train,True,neutral
504,570307876897628160,train,False,positive
505,570307847281614848,train,False,positive
506,570307109704900608,train,True,negative
507,570307026263384064,train,True,negative
508,570306733010264064,train,True,positive
509,570306217001799680,train,True,negative
510,570305603056349184,test,False,neutral
511,570304912468402177,train,True,negative
512,570302375510056960,train,True,neutral
513,570302023993831425,train,False,negative
514,570301670892146688,test,True,neutral
515,570299889688702976,train,False,positive
516,570299819610251265,train,False,positive
517,570299388670701568,train,False,neutral
518,570299182310944768,train,True,negative
519,570298918971576320,train,False,negative
520,570298455068971008,train,False,negative
521,570298411582394368,train,True,positive
522,570298027103162368,train,False,neutral
523,570298018685165568,train,False,negative
524,570297970891075584,test,False,neutral
525,570296556852789250,train,False,neutral
526,570295795985080320,train,False,negative
527,570294743684517888,train,True,positive
528,570294445020733440,train,False,neutral
529,570294205999939584,train,False,negative
530,570293957739081728,test,False,negative
531,570293265221742594,train,False,neutral
532,570291866530398208,test,False,neutral
533,570291813912858625,train,False,negative
534,570291642550386689,train,False,negative
535,570291492545298432,train,False,neutral
536,570291213007491076,train,True,negative
537,570290993339244547,test,False,negative
538,570290540274688001,train,False,neutral
539,570289777184002048,train,False,negative
540,570289557205327873,train,True,negative
541,570288349392605186,train,True,negative
542,570286924277030912,test,True,negative
543,570286882623369217,train,False,negative
544,570286565894828032,train,False,negative
545,570286100637466624,train,True,negative
546,570285610176532480,train,False,neutral
547,570285578563891200,train,True,neutral
548,570285537833168896,train,False,neutral
549,570285115655348226,train,False,neutral
550,570284934771974144,test,True,negative
551,570284312697765888,train,True,neutral
552,570283712409051136,train,False,positive
553,570283571941924864,train,True,negative
554,570283453750489088,train,False,negative
555,570282089863626752,train,False,negative
556,570282087065919488,train,False,neutral
557,570280548922499073,train,True,negative
558,570279720937529345,train,False,positive
559,570278024303775745,test,True,negative
560,570277667519332353,train,False,negative
561,570277418642120704,train,True,negative
562,570276787063816192,test,False,positive
563,570276377401827329,train,True,negative
564,570276018751016960,train,True,negative
565,570275462921850880,train,False,negative
566,570275153860386816,train,True,negative
567,570275140157640704,test,False,negative
568,570275123854487552,train,True,negative
569,570272997052805120,test,True,negative
570,570272511050383360,train,True,negative
571,570272406570442752,train,True,neutral
572,570271846718775296,train,False,negative
573,570271792314617857,train,True,negative
574,570271791400112129,train,False,negative
575,570271644473622528,train,False,negative
576,570271367519604737,train,True,neutral
577,570271205300703232,train,False,neutral
578,570271064141352960,train,False,positive
579,570270918095695872,train,False,negative
580,570270728051765248,train,True,negative
581,570270436463759360,train,False,negative
582,570269172774649856,train,True,negative
583,570269103648350208,train,False,negative
584,570269035998408704,train,False,negative
585,570267915154538496,train,False,negative
586,570265596220166144,train,True,negative
587,570265542025719808,train,False,negative
588,570264556443824128,test,True,negative
589,570264153559949313,train,True,positive
590,570263872004874240,train,False,neutral
591,570262424038699008,train,True,negative
592,570260984704700417,train,False,negative
593,570260383862108160,train,False,negative
594,570260294846451712,train,False,negative
595,570260118043914240,train,False,negative
596,570259691579809792,train,False,negative
597,570259632557395968,train,True,negative
598,570259311315836928,train,False,positive
599,570259131879309312,train,False,neutral
600,570258760200953856,train,False,positive
601,570258476695302144,train,False,neutral
602,570257564023128064,train,False,neutral
603,570257563003920384,test,False,negative
604,570257377460514816,test,True,negative
605,570254368538173440,test,False,negative
606,570252986372329472,train,False,negative
607,570252965392592896,train,False,positive
608,570252666439385088,train,True,negative
609,570252146320351232,train,True,negative
610,570251549219393536,train,False,negative
611,570251472203587584,train,True,positive
612,570250053710819328,train,False,neutral
613,570249871107723264,train,False,neutral
614,570249806540451843,train,True,negative
615,570249680535339009,train,False,neutral
616,570249083790733312,train,True,negative
617,570247839563034624,train,True,neutral
618,570247551368241153,train,True,negative
619,570247428139569152,train,False,negative
620,570247027117797376,test,False,negative
621,570246963901427713,test,True,negative
622,570245996334190592,train,True,negative
623,570245555064074240,train,True,negative
624,570244711388065793,train,True,negative
625,570243296741752832,train,False,neutral
626,570241830757007360,train,True,negative
627,570240043022991361,train,True,negative
628,570239165675249666,test,False,neutral
629,570237629775675392,train,True,neutral
630,570237261494792192,train,False,negative
631,570236221575704576,train,False,neutral
632,570236138603950080,train,False,negative
633,570236014238699521,train,False,negative
634,570235698608869376,train,False,negative
635,570235686470746112,test,False,negative
636,570235387009839104,train,False,negative
637,570235195934117889,train,False,negative
638,570234996562112512,train,False,negative
639,570234734942523393,train,False,negative
640,570234650448125952,test,True,negative
641,570232726206312448,test,True,neutral
642,570232659282145280,train,True,negative
643,570232533272567813,train,False,negative
644,570232477618442241,train,False,negative
645,570230752476049408,train,False,neutral
646,570230059170004994,test,False,negative
647,570229936285331457,test,True,neutral
648,570229842626478081,train,False,negative
649,570229480821628928,train,False,negative
650,570229133445242880,train,False,negative
651,570228446053470208,train,False,negative
652,570227149682155520,train,True,neutral
653,570226164146397184,train,False,negative
654,570225191458111489,train,True,negative
655,570224727047872514,train,False,negative
656,570223703285477376,train,False,negative
657,570222630525014017,train,False,neutral
658,570219942961922048,test,False,neutral
659,570217606025748480,train,False,negative
660,570217145428090880,train,False,negative
661,570216086173581312,train,True,negative
662,570215359963406337,train,False,neutral
663,570214660638511104,train,False,positive
664,570212246053220352,train,True,negative
665,570211810038521856,train,True,negative
666,570211313072238592,train,False,neutral
667,570210970330669056,train,False,negative
668,570210145239592960,test,True,negative
669,570209482090917888,test,False,neutral
670,570208036314222592,train,False,positive
671,570205880504815616,train,True,negative
672,570204900375687168,train,False,negative
673,570204730745421826,train,False,negative
674,570204649363341312,train,False,negative
675,570203218686423041,train,False,negative
676,570201707621146624,train,False,negative
677,570201440704028672,train,False,negative
678,570200756827000832,train,False,negative
679,570197589280366592,test,False,neutral
680,570196530566701056,train,True,positive
681,570196424043814912,train,True,neutral
682,570189291990728704,train,False,negative
683,570188934564737024,train,True,negative
684,570188838775103488,train,False,negative
685,570188684881821696,train,True,negative
686,570188353984958464,train,True,negative
687,570187940221071360,train,False,positive
688,570187080426397696,train,True,negative
689,570185687569469440,train,False,negative
690,570183702224834560,train,True,positive
691,570182980142022656,train,False,negative
692,570181906492297216,train,True,neutral
693,570179158594220032,train,True,negative
694,570177593250582528,train,True,negative
695,570176998355701760,train,False,positive
696,570175761468030977,test,False,negative
697,570175669096882176,test,False,negative
698,570175513035214848,test,False,negative
699,570175238815657984,train,True,positive
700,570175202807586816,test,False,negative
701,570173090774294528,test,False,negative
702,570172921102143488,train,False,neutral
703,570169567374401536,test,False,negative
704,570165459783450624,test,False,negative
705,570164810144481280,test,False,neutral
706,570163662100549634,test,False,neutral
707,570163259560452097,train,True,negative
708,570160394494480384,test,True,negative
709,570160277934747648,train,False,positive
710,570160120698679296,train,False,negative
711,570159741441335296,train,True,negative
712,570151698489954304,train,False,negative
713,570151672070205440,test,True,negative
714,570144025451339776,test,False,negative
715,570143097809707008,test,False,negative
716,570142263290011649,test,False,positive
717,570138826032713729,test,False,negative
718,570136977074491392,train,False,negative
719,570135557151580160,test,False,neutral
720,570129828969459712,train,False,negative
721,570126668922294272,train,False,positive
722,570122958695477248,test,False,positive
723,570121588487663616,test,False,positive
724,570121361953202178,train,False,negative
725,570121135603486720,test,False,neutral
726,570119457286328320,test,False,negative
727,570119247982137344,test,False,negative
728,570116209263427584,train,False,negative
729,570115452568891392,test,True,negative
730,570115366023770112,train,False,negative
731,570115302991777792,train,True,negative
732,570115243747074048,train,False,neutral
733,570114536448995328,train,False,negative
734,570110386827087872,train,False,negative
735,570109851709218816,train,True,positive
736,570108801711341568,train,False,negative
737,570108724636831745,train,False,negative
738,570107683027718144,train,False,negative
739,570106900970221568,train,False,neutral
740,570106717490393088,train,False,negative
741,570106573395087362,train,False,negative
742,570106249024446464,train,True,neutral
743,570105665093369856,test,False,neutral
744,570105441688158208,train,False,negative
745,570105020999344128,train,False,positive
746,570104913390206976,train,True,negative
747,570104743747416064,test,False,negative
748,570102725842575360,train,True,neutral
749,570101817041747968,train,False,negative
750,570101670882840576,train,False,negative
751,570100438487314432,train,False,negative
752,570100214733737985,train,False,negative
753,570099762709581824,test,False,neutral
754,570099717314457600,train,False,negative
755,570097432383651840,train,True,negative
756,570096582546165760,test,True,negative
757,570096448571731968,train,False,negative
758,570095499287506946,test,False,positive
759,570095172303900672,test,False,negative
760,570093170874302464,test,False,neutral
761,570092741654401024,train,True,negative
762,570092599316389888,train,True,negative
763,570092196247969796,train,True,negative
764,570091216013955073,train,True,negative
765,570091109675769856,test,False,negative
766,570091033368899584,train,False,neutral
767,570090102195486722,test,False,negative
768,570088980278059008,test,True,neutral
769,570087435759185920,train,True,negative
770,570087270524411904,train,False,neutral
771,570087006593642496,train,True,negative
772,570086475989061632,test,True,negative
773,570086399627685888,train,False,positive
774,570085628576202752,train,True,negative
775,570085589011148801,train,False,positive
776,570085448271335424,train,False,negative
777,570085056401838081,train,False,negative
778,570083898031513600,test,True,negative
779,570083397873373184,test,True,negative
780,570083363169669121,train,False,neutral
781,570083063331319808,train,False,positive
782,570082960700870656,train,True,positive
783,570082564502728704,train,False,negative
784,570082243596591104,train,True,neutral
785,570081568733192192,test,False,negative
786,570081552891125760,train,True,negative
787,570081411715059712,test,True,neutral
788,570081213404180480,train,False,neutral
789,570080863720878081,train,False,negative
790,570079868253298688,train,False,negative
791,570079699595980802,train,True,negative
792,570079676204347394,train,False,negative
793,570079549914005504,train,False,negative
794,570079536815034368,train,False,neutral
795,570079237350100993,train,False,negative
796,570079041547472896,train,True,negative
797,570078894008594432,test,True,negative
798,570078733735821313,train,False,negative
799,570078718028222464,train,True,positive
800,570077847672328192,train,True,negative
801,570076814585913344,train,False,negative
802,570074864708669440,test,False,negative
803,570074833993670657,test,True,negative
804,570074583379939328,train,False,negative
805,570073969690169344,train,False,neutral
806,570073757508726784,test,True,positive
807,570072918094442496,test,False,negative
808,570072252026376192,test,False,neutral
809,570071999780933634,train,False,neutral
810,570071482182692865,train,True,negative
811,570070877351469057,train,True,negative
812,570069236971806720,train,False,neutral
813,570068435805310976,train,True,neutral
814,570067529206358016,train,True,negative
815,570067181733580800,train,True,negative
816,570067079253991424,train,False,negative
817,570066805810601985,train,True,negative
818,570066634976555008,train,True,neutral
819,570066450796257280,train,False,negative
820,570066391388172290,train,True,negative
821,570065109420101633,test,True,negative
822,570065037231927296,test,True,neutral
823,570063869596475394,train,True,negative
824,570063826508320769,train,True,negative
825,570063574858493952,train,False,negative
826,570063450174464000,test,True,negative
827,570063224328081408,train,True,negative
828,570061339604987904,train,True,negative
829,570060997907447810,train,False,negative
830,570059605662834688,train,False,negative
831,570059565947101184,train,True,negative
832,570059530567962624,train,False,negative
833,570058986025672704,test,False,positive
834,570058190647271424,train,False,positive
835,570057930332102656,train,True,positive
836,570057601976631296,train,False,negative
837,570057521353764864,train,True,negative
838,570057178687475712,train,False,negative
839,570056648137576449,train,True,negative
840,570055898367799296,train,True,negative
841,570055700790931456,test,True,negative
842,570055285500469248,test,True,negative
843,570054647689322496,test,False,positive
844,570054574389788672,train,False,negative
845,570054360505323520,train,True,negative
846,570053912214024193,train,False,positive
847,570053838499143680,train,False,negative
848,570053734639792129,train,False,negative
849,570053482029277184,train,True,negative
850,570053417311342593,train,False,negative
851,570051875652767744,train,False,negative
852,570051265373171712,train,True,negative
853,570051191943483392,train,True,neutral
854,570050891929280512,train,True,positive
855,570050785490419712,train,False,negative
856,570050323017920512,train,False,neutral
857,570050268588597248,train,False,negative
858,570049923858567168,train,False,negative
859,570049743549833216,train,False,negative
860,570049697924009984,train,False,negative
861,570049295040307200,test,True,negative
862,570048844702076930,train,False,negative
863,570048726380765184,test,True,negative
864,570048528602374144,train,True,neutral
865,570045712211288064,train,False,negative
866,570045020402626561,train,True,negative
867,570044681670696960,train,False,positive
868,570044554130423808,train,False,neutral
869,570044428678778880,train,False,neutral
870,570044286991015936,train,True,negative
871,570043937244622849,train,True,neutral
872,570043820278050817,train,False,negative
873,570043574097555456,train,True,negative
874,570042013908914176,train,False,negative
875,570041988986347521,train,False,negative
876,570041112624295936,train,True,positive
877,570040644451708930,train,True,positive
878,570040251764183040,train,False,negative
879,570039756731494400,train,False,neutral
880,570039279050579968,test,True,neutral
881,570039094257938432,train,False,neutral
882,570038991527002112,train,True,positive
883,570038694817767425,train,False,negative
884,570037961020080129,train,True,negative
885,570037336886546432,test,False,positive
886,570036932270358528,train,True,positive
887,570035728832446465,train,True,negative
888,570033778300620801,train,False,neutral
889,570033627939131392,train,True,positive
890,570033341250056193,train,True,negative
891,570033309113131008,train,False,positive
892,570033062202863616,train,False,negative
893,570031379456643072,train,False,positive
894,570031098513592320,train,False,negative
895,570031016800161792,train,False,negative
896,570030715900792832,test,True,neutral
897,570027321178099712,train,True,neutral
898,570026514923675648,train,False,negative
899,570024703256956929,train,False,negative
900,570023321904943105,test,True,negative
901,570023232851419136,train,True,negative
902,570023071698055168,train,False,negative
903,570022715072983041,train,True,negative
904,570022372901847042,train,False,neutral
905,570022345424834560,train,True,negative
906,570021376024813568,train,False,neutral
907,570021075355963392,test,False,negative
908,570020852210774016,train,False,positive
909,570020275150049281,test,False,negative
910,570019785788022785,train,True,negative
911,570019476235788288,train,False,negative
912,570018445695148033,train,True,negative
913,570018278946394112,train,True,neutral
914,570018079993937920,train,True,negative
915,570016325667557376,train,True,positive
916,570016198747758593,test,False,positive
917,570016052895092736,train,True,negative
918,570014689322643456,test,True,negative
919,570014406320517120,test,True,negative
920,570014190498287616,train,False,negative
921,570012706704662528,test,False,neutral
922,570011505237716993,train,False,negative
923,570011417249759233,train,True,negative
924,570010976608780288,train,False,negative
925,570009743160254464,train,True,neutral
926,570009034385805312,test,False,neutral
927,570008443626647552,train,False,negative
928,570007003659149312,test,True,neutral
929,570005000643956736,train,True,negative
930,570004899234074624,train,False,negative
931,570004470370676737,test,True,neutral
932,570004247586013184,train,False,negative
933,570003828658950145,train,False,positive
934,570002454839820288,train,False,negative
935,570002150115254272,train,False,negative
936,570001906199887872,train,False,negative
937,570000614794489856,train,False,negative
938,570000364692484099,train,True,negative
939,570000287080951808,test,True,negative
940,569999790328541184,train,False,negative
941,569999614624927744,train,False,positive
942,569999529677852672,train,True,negative
943,569998289447354371,train,False,negative
944,569997351412228097,train,True,negative
945,569996897009717248,test,True,negative
946,569995961570856960,train,True,negative
947,569995897234288640,train,True,negative
948,569995706909503488,train,False,positive
949,569993952469880832,train,True,neutral
950,569993782311198720,test,True,positive
951,569992543875653633,train,False,neutral
952,569991606385967107,train,False,negative
953,569991529764409344,train,True,negative
954,569989661713666049,train,False,negative
955,569989557644623875,train,True,negative
956,569989416426434560,train,False,neutral
957,569989291188695040,train,False,negative
958,569989178651508737,train,True,negative
959,569989023478841345,train,False,neutral
960,569988839919394816,train,False,negative
961,569988785330479104,train,True,neutral
962,569988762085806081,test,True,negative
963,569988297633583104,train,False,negative
964,569988078015815680,train,True,neutral
965,569988061150359552,train,True,negative
966,569987348772950016,train,True,negative
967,569986029463011328,train,False,negative
968,569984791107338240,train,False,neutral
969,569984785860464640,train,True,negative
970,569983990683148288,train,False,negative
971,569983826245496832,train,True,negative
972,569983375584272384,train,False,negative
973,569983149028962304,train,True,negative
974,569982678558048256,train,True,negative
975,569982327654383616,train,False,negative
976,569981034110050305,train,True,negative
977,569980415919853569,train,False,negative
978,569980177247285249,train,True,negative
979,569979566279626752,train,True,negative
980,569979211722596353,train,False,negative
981,569977492720779264,train,False,negative
982,569976426163777536,test,True,negative
983,569976131748823040,train,True,negative
984,569976114124349440,train,False,negative
985,569974772551032832,train,True,negative
986,569973683466272768,train,True,negative
987,569973088076460032,train,False,negative
988,569972884052930560,train,False,neutral
989,569972097453137920,train,False,neutral
990,569972073201688576,test,True,negative
991,569972039844438016,train,True,negative
992,569971648876584960,test,False,negative
993,569971394701873153,train,False,negative
994,569971033182048256,train,False,positive
995,569970938525016065,train,True,negative
996,569970599377788928,train,False,negative
997,569970225443172353,train,True,negative
998,569969999961391105,train,False,positive
999,569969952654028800,train,True,positive
1000,569969447764566016,train,True,negative
1001,569968282532315136,train,True,negative
1002,569967925416886273,train,True,negative
1003,569967850670018560,train,False,negative
1004,569967848078090240,train,False,negative
1005,569967841727942657,train,True,neutral
1006,569967632868188160,train,True,negative
1007,569967493487292416,train,True,negative
1008,569967305859293184,train,False,negative
1009,569967197478526976,train,False,negative
1010,569966909019398144,train,False,negative
1011,569966609080586240,train,True,positive
1012,569966563245367297,train,False,negative
1013,569966422744395776,train,True,neutral
1014,569965494519734272,train,False,positive
1015,569964915710038016,train,True,negative
1016,569964888870793216,train,False,negative
1017,569964582606934016,train,True,negative
1018,569963935429824512,test,False,negative
1019,569963645402099712,test,False,negative
1020,569962873209937920,test,False,positive
1021,569962245620248576,train,True,positive
1022,569961695835267073,train,False,positive
1023,569961410161192960,train,False,negative
1024,569961203197325312,train,False,negative
1025,569960988499275776,train,True,negative
1026,569960440438099969,test,True,negative
1027,569960311022850048,train,True,negative
1028,569960085654364160,train,True,negative
1029,569960080734490624,test,False,negative
1030,569958946636562433,train,False,neutral
1031,569958935907733504,train,True,negative
1032,569958524270342144,train,False,negative
1033,569958247412723712,train,False,positive
1034,569957240960094209,train,True,negative
1035,569957053432639488,train,True,neutral
1036,569956446487642112,train,True,positive
1037,569956201934385152,train,True,positive
1038,569956192111316992,train,True,negative
1039,569956115724660736,train,True,negative
1040,569955602782236672,train,True,negative
1041,569955551951622144,test,False,negative
1042,569955386914181121,test,True,negative
1043,569954670006763520,train,False,negative
1044,569953988537249792,test,False,negative
1045,569953683309514754,train,True,negative
1046,569953575226310656,train,True,negative
1047,569953411988369408,train,True,positive
1048,569952718707687424,train,False,negative
1049,569952408450805760,train,True,negative
1050,569951384390344704,train,True,negative
1051,569951321719091201,train,False,positive
1052,569950450352414720,test,False,negative
1053,569950355330506752,train,False,negative
1054,569949439101546496,train,True,neutral
1055,569948910099308545,train,True,negative
1056,569947174571675648,train,False,negative
1057,569946921265184768,train,True,negative
1058,569946703522091008,test,False,negative
1059,569946571577536512,train,True,negative
1060,569945386569363456,train,False,neutral
1061,569945073611374592,train,True,neutral
1062,569942888643227648,test,False,neutral
1063,569941617697644544,train,False,negative
1064,569941082420568064,train,False,negative
1065,569940883975446528,train,True,negative
1066,569939149756755968,test,False,positive
1067,569938322161668096,train,False,negative
1068,569937806518169600,train,True,negative
1069,569937143314849792,train,False,negative
1070,569936861398994945,test,True,negative
1071,569936640669581313,test,False,positive
1072,569936580883783680,train,False,negative
1073,569936565138403328,test,True,negative
1074,569936496284663809,train,False,negative
1075,569936348217352194,train,True,negative
1076,569936273227427840,train,False,negative
1077,569936062039986176,train,True,negative
1078,569936014094897152,train,False,negative
1079,569935689292259328,train,False,positive
1080,569935261947330560,train,False,neutral
1081,569935215654600705,test,False,negative
1082,569935135132426240,train,True,negative
1083,569934069712052224,test,False,neutral
1084,569933879299186688,test,True,negative
1085,569933357515026432,train,True,negative
1086,569932669288652800,train,False,positive
1087,569931716049154051,test,True,positive
1088,569931387073105920,train,True,negative
1089,569930942833258496,train,True,negative
1090,569930630059974656,train,False,positive
1091,569930577643769856,train,True,negative
1092,569929653730840577,test,False,negative
1093,569929187101966336,train,False,positive
1094,569928758024667137,train,False,neutral
1095,569928724147077120,test,False,positive
1096,569928552621182976,train,False,negative
1097,569928419435286528,train,False,negative
1098,569928277613256704,train,False,negative
1099,569928034171498496,test,False,negative
1100,569927842173050881,train,False,neutral
1101,569927837601402880,train,True,negative
1102,569927630469894144,train,True,negative
1103,569927263040315392,train,False,positive
1104,569926124488118272,train,False,positive
1105,569925614100189186,train,True,neutral
1106,569925612069998593,train,True,negative
1107,569924355011932162,train,False,negative
1108,569924201559293952,train,False,positive
1109,569923809634947072,train,True,neutral
1110,569923507263557632,train,True,positive
1111,569923045571350528,test,False,negative
1112,569922973798420480,train,True,neutral
1113,569922853266694145,train,False,negative
1114,569922837353402368,train,False,positive
1115,569922639185072129,train,True,negative
1116,569922479734595586,train,False,negative
1117,569922214255919105,train,True,negative
1118,569922145264009216,test,False,negative
1119,569921652374577153,test,False,negative
1120,569921309439709184,train,False,negative
1121,569920760522764288,train,False,negative
1122,569920661642088448,train,False,negative
1123,569920593597894657,train,False,negative
1124,569920508923215872,train,False,negative
1125,569920406737432577,train,False,negative
1126,569919610025152512,train,True,negative
1127,569919020784185344,test,False,negative
1128,569918932116643841,train,True,neutral
1129,569918918602547200,train,False,negative
1130,569918466821459968,test,False,negative
1131,569918449121673216,train,False,negative
1132,569918327767879680,train,True,neutral
1133,569918026918727680,train,True,negative
1134,569917363891499008,test,False,negative
1135,569916731595972608,test,False,negative
1136,569916555154169856,test,True,negative
1137,569916324471828481,train,True,negative
1138,569916152283041792,train,True,negative
1139,569915992303730689,train,False,negative
1140,569915643094396929,train,True,negative
1141,569915610890547200,test,True,negative
1142,569915576862183425,train,True,negative
1143,569915550127800320,train,False,negative
1144,569915529496027136,train,False,negative
1145,569915182329286656,train,False,negative
1146,569915133113323520,train,False,negative
1147,569915029950222337,train,False,negative
1148,569914377442340865,test,True,negative
1149,569914369905201153,test,False,negative
1150,569913736774823936,train,False,positive
1151,569913595762311168,test,False,negative
1152,569913288122765312,train,False,negative
1153,569912776199704578,train,False,negative
1154,569912710848057344,test,False,negative
1155,569912092351819778,test,False,neutral
1156,569911713459408896,test,False,negative
1157,569911515106582528,train,False,negative
1158,569910996824780801,test,True,neutral
1159,569910536755748865,train,False,negative
1160,569910299983130625,test,False,negative
1161,569909742447009792,test,True,negative
1162,569909655813500928,train,False,negative
1163,569908928667996160,test,False,negative
1164,569908759125991424,train,False,positive
1165,569908628141920256,test,False,negative
1166,569908175953993728,train,False,negative
1167,569908123550375936,test,False,negative
1168,569907773309214721,test,False,negative
1169,569907564156035072,test,True,negative
1170,569907141596864514,train,False,positive
1171,569907031693520896,train,False,positive
1172,569906831352578049,train,False,negative
1173,569906598472228864,train,True,negative
1174,569905534020820992,train,True,negative
1175,569905258715082753,train,False,negative
1176,569905124723675136,train,False,neutral
1177,569904824793362433,test,True,positive
1178,569904716328673280,train,True,negative
1179,569904406285516800,test,True,negative
1180,569903840507506688,train,True,negative
1181,569903812569276416,test,False,positive
1182,569903366647586818,train,False,negative
1183,569903120781852672,train,True,negative
1184,569902743135117314,train,False,negative
1185,569902219602100225,test,True,neutral
1186,569902065247322112,train,False,negative
1187,569902028719173632,train,True,positive
1188,569901679975522304,train,False,negative
1189,569901512190767105,train,True,negative
1190,569901094945611776,train,True,negative
1191,569901072443166720,test,True,positive
1192,569900832616943616,test,False,negative
1193,569900131488632832,test,True,negative
1194,569899917935714305,train,True,negative
1195,569899063790825472,train,True,negative
1196,569898994408693760,train,True,negative
1197,569897003255083008,train,True,negative
1198,569896025172742144,train,True,neutral
1199,569895406869483520,test,True,negative
1200,569894828315533312,train,True,negative
1201,569894307508965377,train,False,neutral
1202,569890681361186818,train,False,negative
1203,569888244856455168,train,False,negative
1204,569888244155981825,train,False,negative
1205,569888119043915776,test,False,negative
1206,569887452384481280,train,False,neutral
1207,569886575720574976,train,False,negative
1208,569886288691773440,train,False,negative
1209,569886219057926144,train,False,negative
1210,569885487508418560,train,False,negative
1211,569885185170223105,train,True,negative
1212,569885015615664129,train,False,positive
1213,569883984190005248,test,False,negative
1214,569882164382322688,train,True,negative
1215,569881449249316864,train,True,negative
1216,569880364811837441,train,False,negative
1217,569880322487263232,train,True,negative
1218,569879943988948992,train,False,negative
1219,569879623317659648,train,False,negative
1220,569879528891416577,train,False,positive
1221,569878547197616128,test,False,negative
1222,569878388464177152,test,False,negative
1223,569878139003740163,test,True,negative
1224,569877754801360897,train,True,negative
1225,569877449389051906,train,False,neutral
1226,569876171875328000,test,False,negative
1227,569875783096741888,train,False,neutral
1228,569875734677712896,train,True,negative
1229,569875456415170560,test,True,neutral
1230,569875424924168193,train,True,neutral
1231,569875203473297408,train,True,negative
1232,569874311823036416,train,False,neutral
1233,569874043395903489,train,False,neutral
1234,569873050117808128,train,False,positive
1235,569873019499192320,train,False,neutral
1236,569872896199258113,train,True,negative
1237,569872009380941825,train,True,negative
1238,569871433662271488,train,False,negative
1239,569870819582586880,train,True,positive
1240,569869960195006464,train,False,negative
1241,569869808092749824,train,True,negative
1242,569869476453158912,train,True,negative
1243,569868818975219712,train,False,neutral
1244,569868764495400960,test,True,negative
1245,569868207940603904,test,False,neutral
1246,569868055502696449,test,False,positive
1247,569867364390449152,train,True,negative
1248,569867107749531648,train,True,negative
1249,569866490423349248,test,False,negative
1250,569866337427664897,train,False,neutral
1251,569865827274657792,train,False,negative
1252,569865540098871298,train,True,negative
1253,569865190822572033,train,False,positive
1254,569865115291533312,test,False,neutral
1255,569865011788693504,train,False,negative
1256,569864608145502209,train,False,neutral
1257,569864290578108419,train,False,negative
1258,569864108134301697,train,True,negative
1259,569863836615864320,train,False,negative
1260,569863765451255809,train,False,negative
1261,569863714704220160,test,True,negative
1262,569863453696876544,train,False,neutral
1263,569862755420905473,train,True,negative
1264,569861240375386112,train,False,positive
1265,569860989400649729,train,False,neutral
1266,569860904814301184,test,False,neutral
1267,569860371626004480,train,True,positive
1268,569859985208770562,train,True,negative
1269,569859950215700480,train,True,neutral
1270,569859213331189760,train,False,negative
1271,569858507341606912,train,True,negative
1272,569858231759085571,train,False,negative
1273,569857801725440002,train,True,negative
1274,569857624549625856,train,False,negative
1275,569857072310808578,train,False,negative
1276,569857003855720448,train,True,negative
1277,569856654394720256,train,True,negative
1278,569856492477657088,train,True,negative
1279,569856109613166593,train,True,negative
1280,569856081180160000,train,False,negative
1281,569854540494868481,train,False,negative
1282,569853714149867521,test,True,negative
1283,569853646411661314,train,True,negative
1284,569852334324518912,train,True,negative
1285,569852332797775872,train,False,neutral
1286,569851578276048896,train,False,negative
1287,569851498118516736,train,True,neutral
1288,569851299916869633,train,True,negative
1289,569850899310358531,train,False,negative
1290,569850867899170816,train,False,negative
1291,569850216754618368,train,True,neutral
1292,569849765711769600,train,True,negative
1293,569849517077622786,train,False,negative
1294,569849299850305536,train,False,negative
1295,569847318062632960,test,False,negative
1296,569846853350457344,train,True,negative
1297,569846678351540224,train,True,negative
1298,569846237865885697,train,True,negative
1299,569845865185206273,train,True,neutral
1300,569844088997949440,train,True,negative
1301,569842553966571520,train,False,neutral
1302,569842452716236800,train,True,negative
1303,569842196045656064,train,False,negative
1304,569841224221392897,train,False,negative
1305,569841047456460800,train,False,negative
1306,569840341899026432,test,False,positive
1307,569839889564307458,train,False,negative
1308,569839559728439296,train,False,negative
1309,569839419211034624,train,False,negative
1310,569838973490765824,train,False,neutral
1311,569838692220542976,train,False,negative
1312,569838593423708160,train,True,neutral
1313,569838260077228032,train,True,negative
1314,569837273828732928,train,False,negative
1315,569836305066041344,train,False,positive
1316,569836091651592192,test,False,negative
1317,569835312106618880,test,False,neutral
1318,569834960107868160,test,True,negative
1319,569834804943962113,test,False,negative
1320,569834720424361985,train,True,neutral
1321,569833653871742976,train,True,negative
1322,569831129773027329,train,True,negative
1323,569830265364701184,train,True,negative
1324,569827329024913408,test,True,negative
1325,569826992251473921,train,True,neutral
1326,569826411206316032,test,True,negative
1327,569824906638073856,train,True,negative
1328,569824790200111104,train,True,neutral
1329,569824565091823616,train,True,positive
1330,569821947049218048,train,False,negative
1331,569817289874411520,test,True,negative
1332,569816394180788224,train,False,negative
1333,569816326744776705,train,True,neutral
1334,569815968194678784,test,False,negative
1335,569815297475149824,train,False,negative
1336,569815182265978880,train,True,positive
1337,569814010398273537,train,False,negative
1338,569813752268374016,train,False,neutral
1339,569813373413687296,train,True,negative
1340,569812898815614977,train,True,negative
1341,569811013786312704,train,True,negative
1342,569809648712327168,train,False,neutral
1343,569808684252942336,test,True,positive
1344,569807000927920128,train,True,positive
1345,569805215605456896,train,False,negative
1346,569804677472251904,train,False,negative
1347,569801303204851713,train,False,negative
1348,569792291264712704,test,False,neutral
1349,569791792029151232,train,False,negative
1350,569785570320195585,train,True,negative
1351,569785074910154752,test,False,neutral
1352,569782352223666176,train,True,positive
1353,569781926162145281,train,False,negative
1354,569780939280093185,train,True,neutral
1355,569780773194113025,train,False,negative
1356,569780368309657600,train,True,negative
1357,569777772115193856,train,False,negative
1358,569777329330884608,train,True,negative
1359,569769708569767936,train,False,negative
1360,569769624780165120,test,False,negative
1361,569767266075742208,train,True,neutral
1362,569765076980215809,train,False,negative
1363,569763359278505984,train,True,neutral
1364,569763346431414272,train,False,negative
1365,569762463811383297,train,False,negative
1366,569762365572558848,train,True,negative
1367,569762067097501697,train,True,negative
1368,569758414810849280,test,False,negative
1369,569756967935148032,test,True,negative
1370,569755876401274880,train,False,neutral
1371,569754680626008064,train,False,negative
1372,569753797704024065,train,False,negative
1373,569753041420865536,test,True,neutral
1374,569751515461603328,train,False,negative
1375,569751096580812801,train,True,negative
1376,569750540302680064,train,False,negative
1377,569749896095358977,test,False,negative
1378,569749422482960384,train,False,negative
1379,569749233344983040,train,False,negative
1380,569748884164988929,train,True,negative
1381,569748687812845568,train,False,negative
1382,569748572104560640,train,False,positive
1383,569748501342478336,train,True,negative
1384,569748491943038976,train,False,negative
1385,569748289945362435,train,False,negative
1386,569748099616215040,train,False,negative
1387,569747706047934464,train,True,positive
1388,569747702981853185,train,False,negative
1389,569747668232065024,test,True,negative
1390,569746687805095936,train,True,negative
1391,569745645956771840,test,False,negative
1392,569745365940830210,test,False,negative
1393,569744378354401280,train,False,negative
1394,569744079027896320,train,False,negative
1395,569743891714347009,train,True,negative
1396,569743079491547137,train,False,negative
1397,569741986502041602,test,False,negative
1398,569741366642618368,test,True,neutral
1399,569741325454540800,train,False,negative
1400,569741306190172161,train,False,negative
1401,569740959610572800,train,True,negative
1402,569740316577632256,train,True,negative
1403,569739044004823040,train,False,negative
1404,569738845895335936,train,False,negative
1405,569738748885278720,train,False,negative
1406,569738245237395456,train,True,negative
1407,569734991862607872,train,True,negative
1408,569734065697353729,train,False,negative
1409,569731353337581568,train,False,negative
1410,569730716692393984,train,False,negative
1411,569730682949398528,train,True,positive
1412,569730182371635200,test,True,negative
1413,569729325546602497,train,True,negative
1414,569726059937185793,train,False,negative
1415,569725892324253696,train,True,positive
1416,569725805066002432,test,True,negative
1417,569724822177095680,test,False,negative
1418,569724705063596032,test,True,negative
1419,569724682695368705,train,True,negative
1420,569724281334034432,train,False,negative
1421,569724257879502848,train,False,negative
1422,569724245963444224,test,True,negative
1423,569724186173640705,train,False,negative
1424,569724119748636672,test,True,negative
1425,569724056645140480,train,False,negative
1426,569723994468962304,train,False,negative
1427,569723985262354433,train,False,negative
1428,569723932355358720,test,True,negative
1429,569723892358467584,train,False,negative
1430,569723768773349376,train,True,negative
1431,569723119415513088,train,False,neutral
1432,569722907187752960,train,False,negative
1433,569722230340333569,train,False,neutral
1434,569722020776116224,train,False,negative
1435,569721972600528897,train,True,negative
1436,569721804891271168,train,True,negative
1437,569720565319102464,train,True,negative
1438,569720394782875649,train,True,negative
1439,569717327966691330,train,True,neutral
1440,569716774431666176,train,False,negative
1441,569716703556444161,train,True,negative
1442,569716594731044865,train,True,neutral
1443,569716558487904258,train,True,negative
1444,569716148293349377,train,False,neutral
1445,569716101027745792,train,True,negative
1446,569715707736420352,train,False,negative
1447,569715687469420545,test,False,negative
1448,569715563385085952,train,False,positive
1449,569715552702345216,train,False,negative
1450,569715233549369344,train,True,negative
1451,569714640764035073,train,False,negative
1452,569714541178679296,train,True,positive
1453,569713494821482498,train,True,negative
1454,569711632991047680,train,False,negative
1455,569711003585220608,train,False,negative
1456,569710853160710144,train,False,negative
1457,569710627649761282,train,True,negative
1458,569710389757419520,test,True,negative
1459,569710365770182656,train,False,negative
1460,569710260136640512,train,False,negative
1461,569710072491745280,train,True,negative
1462,569710019333107714,test,True,negative
1463,569709992175116288,train,False,negative
1464,569709452594524160,train,False,negative
1465,569709350903631873,train,True,positive
1466,569709246150893568,train,False,negative
1467,569709136813826049,train,False,negative
1468,569707970876936192,train,False,neutral
1469,569707569448558592,train,False,neutral
1470,569707473973739520,train,False,positive
1471,569706638283833344,train,True,negative
1472,569706336268611584,test,True,negative
1473,569705870830874625,train,False,neutral
1474,569705869816012801,train,True,positive
1475,569705838870466561,train,False,negative
1476,569705813142409217,train,True,negative
1477,569705563287896064,train,False,positive
1478,569705220088795136,test,False,negative
1479,569705212274995201,test,False,negative
1480,569704478808485888,train,False,negative
1481,569703875390918657,train,True,negative
1482,569703480933408768,train,True,negative
1483,569703328940032000,train,True,negative
1484,569702566126325760,train,True,negative
1485,569701607144693760,test,False,negative
1486,569701377779183616,test,True,positive
1487,569701178054811648,train,False,negative
1488,569700247275876352,train,False,negative
1489,569700243383537664,train,False,positive
1490,569699965527666688,train,True,negative
1491,569699471954587648,train,False,negative
1492,569699171868938241,train,False,negative
1493,569698949474291713,train,True,negative
1494,569698788216049664,train,False,negative
1495,569698504467021824,train,True,negative
1496,569698085821001728,train,True,negative
1497,569697793801134080,train,False,negative
1498,569697646501363713,train,False,negative
1499,569697298768203776,train,False,negative
1500,569697234574581760,test,False,negative
1501,569696881330167808,train,True,negative
1502,569696313824161792,train,False,negative
1503,569695553644322816,train,True,negative
1504,569695452368670720,train,True,negative
1505,569695198239793153,train,True,neutral
1506,569693820398510080,train,False,negative
1507,569693689766907904,test,True,neutral
1508,569693430902861824,train,False,neutral
1509,569692936880791552,train,True,negative
1510,569692618797355009,train,False,neutral
1511,569690742169292802,test,True,negative
1512,569690626293305344,test,False,negative
1513,569689096882425857,train,True,negative
1514,569689076439392257,train,True,negative
1515,569688560376221696,train,True,negative
1516,569687374193680384,train,True,negative
1517,569685747080372224,train,True,negative
1518,569685581787205632,train,False,positive
1519,569684963777503232,train,False,negative
1520,569684654380486656,train,False,negative
1521,569684282706259968,train,False,negative
1522,569683734951170048,train,False,negative
1523,569683647990599681,train,False,negative
1524,569683567552262145,test,False,negative
1525,569681831039074306,test,True,negative
1526,569681799984492544,train,True,negative
1527,569681746037383168,train,False,negative
1528,569681499928158208,train,True,positive
1529,569681060553826304,test,True,negative
1530,569681019185573889,train,False,negative
1531,569679871707783168,test,False,negative
1532,569679642447052800,train,True,negative
1533,569678975049588737,train,True,negative
1534,569677636613439488,train,False,negative
1535,569676933778292736,train,False,neutral
1536,569676871744364544,train,True,negative
1537,569676535973744640,train,False,negative
1538,569673939183493120,train,True,positive
1539,569673431224074240,train,True,negative
1540,569672116750004226,train,False,neutral
1541,569671617674022912,train,True,neutral
1542,569671468369338368,train,True,negative
1543,569669992624431105,train,True,negative
1544,569669516185063424,train,False,negative
1545,569669336991969280,train,False,neutral
1546,569668741484515328,train,False,negative
1547,569668488408616960,train,True,negative
1548,569667955727818752,test,False,neutral
1549,569667082499035137,train,True,negative
1550,569666840370110465,train,True,negative
1551,569666771717890048,train,True,negative
1552,569666686086819840,test,True,negative
1553,569666679963312129,train,True,negative
1554,569666428388958209,train,True,neutral
1555,569666352794898432,train,True,positive
1556,569666115477098496,train,True,negative
1557,569665976062644224,train,True,negative
1558,569665600403808256,train,True,negative
1559,569665343880368131,train,False,neutral
1560,569665258605842434,test,True,negative
1561,569665177135812608,train,True,negative
1562,569664849522925569,train,True,negative
1563,569664250521763840,train,True,neutral
1564,569663725172436992,train,True,negative
1565,569663687222542336,train,True,negative
1566,569663371353546752,train,True,negative
1567,569662934520999936,train,True,negative
1568,569662789377064960,train,True,negative
1569,569662132582621184,train,True,negative
1570,569662077742096385,train,False,negative
1571,569661926067736576,train,False,negative
1572,569661767158075392,train,False,negative
1573,569660740396720128,train,False,negative
1574,569660691256188929,train,False,negative
1575,569660461601447936,train,True,negative
1576,569660452428513280,test,False,positive
1577,569659878693695488,train,False,positive
1578,569658769686339584,train,True,neutral
1579,569658503570296832,train,True,negative
1580,569657781835460608,train,False,neutral
1581,569657202325229568,train,True,neutral
1582,569656504946536449,train,True,neutral
1583,569656322154565632,train,True,negative
1584,569655584540266496,train,True,negative
1585,569654946179579904,train,False,negative
1586,569654749055864832,train,False,negative
1587,569654709964836865,train,True,negative
1588,569654439646269440,train,True,neutral
1589,569654428636049408,train,False,neutral
1590,569653506291818496,train,False,negative
1591,569652316816719873,train,False,negative
1592,569652058518908928,test,False,negative
1593,569651548881465345,test,False,negative
1594,569651277916999680,train,False,negative
1595,569650401085157376,train,True,negative
1596,569650320613052416,test,True,negative
1597,569649820798881792,train,True,negative
1598,569649806202642432,train,False,negative
1599,569649006986407936,train,True,neutral
1600,569648584909434880,train,False,neutral
1601,569648492190179328,train,False,negative
1602,569647694005870592,test,False,negative
1603,569647615194898432,train,False,negative
1604,569647413285265408,train,True,positive
1605,569647347547955200,test,False,negative
1606,569647174277042176,train,False,negative
1607,569646538814824449,test,True,negative
1608,569646535215939585,train,True,positive
1609,569646446586171392,train,False,negative
1610,569646005315973120,test,False,neutral
1611,569645582387556352,test,True,negative
1612,569645368075554818,train,False,negative
1613,569645065792069632,train,True,positive
1614,569645048696053761,train,False,negative
1615,569644957188939777,train,False,negative
1616,569644171331538945,train,True,negative
1617,569643671198572544,train,True,positive
1618,569642899828133888,train,False,negative
1619,569642078990258176,test,False,negative
1620,569642063005753344,train,True,negative
1621,569641805073031168,test,False,negative
1622,569641735086858240,train,False,negative
1623,569641686101585921,train,False,neutral
1624,569641615721140224,train,True,negative
1625,569641607584206850,test,True,negative
1626,569641346316640256,train,False,positive
1627,569641326536462336,train,False,negative
1628,569641319712169984,train,False,negative
1629,569641234769309696,train,True,negative
1630,569641125243301888,train,True,negative
1631,569640998491578369,train,True,negative
1632,569640163393073152,test,False,negative
1633,569640141989552128,train,False,positive
1634,569639854277066752,test,True,positive
1635,569639823734128640,train,True,negative
1636,569639780276953088,train,True,positive
1637,569639640170254336,train,False,negative
1638,569639294152806400,train,True,negative
1639,569639288649883648,train,False,neutral
1640,569638675170131968,train,False,negative
1641,569638419384528897,train,False,negative
1642,569638013287862273,train,True,neutral
1643,569637373853745152,test,True,negative
1644,569637147067551746,train,False,negative
1645,569636929165242368,test,True,negative
1646,569636454869151744,train,False,positive
1647,569636013443719169,train,True,negative
1648,569635707746160642,test,True,positive
1649,569635623348215808,train,True,negative
1650,569635389289459712,train,False,negative
1651,569635090214449152,test,False,negative
1652,569635077623148545,train,True,negative
1653,569634833917452288,train,False,neutral
1654,569634748177514496,train,False,negative
1655,569634385823182852,train,True,negative
1656,569634350930636800,train,True,negative
1657,569634229627297793,test,False,negative
1658,569633545737490433,train,False,neutral
1659,569632550873915392,train,True,negative
1660,569632420468625408,train,False,negative
1661,569632200913604608,train,False,negative
1662,569631508379664384,train,True,positive
1663,569631350304731136,train,True,neutral
1664,569631041356320768,train,True,positive
1665,569631027385245696,test,False,negative
1666,569630987858132992,train,True,negative
1667,569630959718551552,train,True,negative
1668,569630837538361344,train,True,positive
1669,569630050972143616,test,False,negative
1670,569629990129520641,train,True,positive
1671,569629819559747585,test,False,negative
1672,569629692661268480,train,False,positive
1673,569629228225859584,train,False,neutral
1674,569629019412557826,train,True,negative
1675,569628591475924994,test,True,negative
1676,569628499549548545,train,True,neutral
1677,569627778892443648,train,True,positive
1678,569627490672517120,train,False,negative
1679,569627005852917762,test,True,negative
1680,569626978397134848,test,False,neutral
1681,569626849183035392,train,False,positive
1682,569626655527981058,train,False,neutral
1683,569626585365671938,train,False,negative
1684,569626297116176384,test,True,negative
1685,569625953602834433,train,True,negative
1686,569625419097313282,train,True,positive
1687,569625173176901632,test,False,negative
1688,569624909501984768,test,False,negative
1689,569624798860587008,train,True,negative
1690,569623889686482944,train,False,negative
1691,569623343424413697,test,False,negative
1692,569623171210436608,test,True,negative
1693,569622678228705280,train,True,negative
1694,569621598849748993,train,False,negative
1695,569621528951660545,train,True,negative
1696,569621349095702528,train,False,negative
1697,569620944160886784,train,True,negative
1698,569620902742233088,train,False,neutral
1699,569620432204267520,test,False,negative
1700,569620382023622657,train,True,negative
1701,569620354781425665,test,False,negative
1702,569620098467569664,train,True,negative
1703,569620002652889088,test,False,negative
1704,569619557360381952,test,False,negative
1705,569619545893306369,train,True,negative
1706,569619325230960641,test,False,negative
1707,569619208884977664,train,True,negative
1708,569619205298855936,test,False,negative
1709,569619171866222592,test,False,negative
1710,569619001820590081,test,False,negative
1711,569618884355092480,train,False,negative
1712,569618868441722882,test,False,negative
1713,569618829627666432,test,False,negative
1714,569618440396398592,train,False,negative
1715,569618317440208896,test,True,negative
1716,569617556857851904,train,True,negative
1717,569617494908002304,test,True,positive
1718,569617083194933248,train,False,negative
1719,569617064375271424,test,False,neutral
1720,569617019257151488,test,False,negative
1721,569616974256472064,train,False,negative
1722,569616836884619264,test,True,negative
1723,569616634601717760,train,True,negative
1724,569616424995409921,train,True,negative
1725,569615659333627904,train,True,neutral
1726,569615644448186369,train,False,negative
1727,569615215144226816,train,False,positive
1728,569614679154143232,train,False,negative
1729,569614651400585216,train,True,negative
1730,569614009369907200,train,True,negative
1731,569613554963369985,train,True,negative
1732,569613526328717313,test,False,negative
1733,569613272049012736,train,False,negative
1734,569612999415111680,train,True,negative
1735,569610889214754816,train,False,neutral
1736,569610824647626752,train,False,positive
1737,569609923807440896,train,True,neutral
1738,569609680961572866,test,True,negative
1739,569608870429114368,train,True,negative
1740,569608866138173440,train,True,negative
1741,569608734332162048,train,True,negative
1742,569608624814698496,train,False,negative
1743,569608322925473792,train,True,negative
1744,569606901325017090,train,False,negative
1745,569606016070844420,train,True,negative
1746,569606005618638848,train,True,negative
1747,569605942318231553,test,True,negative
1748,569604985110994945,test,False,negative
1749,569604805116563457,train,True,neutral
1750,569604655166009345,train,True,negative
1751,569603875671396352,train,True,negative
1752,569603669114511360,train,True,negative
1753,569603236711305216,test,True,negative
1754,569602975829757952,train,True,negative
1755,569602861467885568,train,True,negative
1756,569599713499963394,train,True,negative
1757,569599295713890304,train,True,negative
1758,569598985737867265,train,False,negative
1759,569598457809276928,train,True,negative
1760,569598171082596352,train,False,negative
1761,569598072923123712,train,True,negative
1762,569598047593713665,train,False,positive
1763,569597663953293312,train,True,negative
1764,569596665864130562,train,True,negative
1765,569596089625661440,train,False,positive
1766,569595245945597952,train,True,negative
1767,569595218401439744,test,False,negative
1768,569593910869127168,train,True,negative
1769,569592626300751873,train,True,neutral
1770,569592236981284864,train,False,negative
1771,569592022635585536,test,True,negative
1772,569591954830450688,train,False,neutral
1773,569591647685775361,train,False,neutral
1774,569591642367401984,train,False,negative
1775,569591456190504961,train,False,neutral
1776,569590151657103360,train,False,neutral
1777,569589872094289920,train,True,negative
1778,569589829735821312,train,False,neutral
1779,569589493138731009,train,False,negative
1780,569589319846854658,train,False,negative
1781,569588138273865728,train,False,negative
1782,569588082284101633,train,True,negative
1783,569587787680256001,train,True,negative
1784,569587728607633408,train,False,negative
1785,569586471570534400,test,False,negative
1786,569586373042278400,train,True,negative
1787,569586179185754113,test,True,negative
1788,569584717843943424,train,True,negative
1789,569584561312681984,train,True,negative
1790,569584379258900480,test,False,negative
1791,569583943772610560,test,True,negative
1792,569582862472577024,train,False,negative
1793,569581977889869825,train,False,positive
1794,569581903965265920,train,True,negative
1795,569580671112388608,train,False,neutral
1796,569580648505020416,train,True,negative
1797,569580279251255296,train,True,negative
1798,569580197709783040,test,True,negative
1799,569580180353609729,train,True,negative
1800,569579962786689024,train,True,negative
1801,569579575291875328,test,True,negative
1802,569579474762608640,train,True,negative
1803,569578942543372288,test,True,negative
1804,569578441508458496,test,False,negative
1805,569578005430984704,train,True,negative
1806,569577959440257025,train,True,neutral
1807,569577455176048642,train,True,negative
1808,569576418855620608,train,True,negative
1809,569576395778748416,test,True,negative
1810,569574646229684224,test,False,negative
1811,569574074936123392,train,False,negative
1812,569573704902049793,train,True,negative
1813,569571772355489792,test,False,negative
1814,569571643044929536,test,True,negative
1815,569570819757752320,test,False,negative
1816,569570644632821760,test,False,negative
1817,569570477410275328,train,True,neutral
1818,569570444027822081,test,True,negative
1819,569570013964689410,train,True,negative
1820,569569639543541762,train,True,negative
1821,569569272898445313,train,True,negative
1822,569569152312213506,train,True,negative
1823,569568300528635906,train,True,positive
1824,569568158584950787,train,True,negative
1825,569568010555432960,train,False,negative
1826,569567685719101440,train,False,negative
1827,569567167429128192,train,True,positive
1828,569566252450107392,test,False,negative
1829,569566232803803136,train,False,negative
1830,569565822571679745,test,True,neutral
1831,569565776010567680,train,False,negative
1832,569565328012763137,train,True,neutral
1833,569564671688118273,train,True,negative
1834,569564060678639616,train,False,negative
1835,569563698374651904,train,False,negative
1836,569562383489896448,train,True,neutral
1837,569562147279253504,test,True,negative
1838,569562133249130496,train,False,negative
1839,569561425955332097,train,False,negative
1840,569560633957609472,train,True,positive
1841,569560154619965440,train,False,negative
1842,569559734199721984,test,True,negative
1843,569559433887526913,train,True,neutral
1844,569558713079443456,train,False,negative
1845,569558589628502016,test,False,negative
1846,569557763094917120,train,True,negative
1847,569557756597776384,train,False,negative
1848,569556796525969409,train,False,negative
1849,569556131078475777,train,False,positive
1850,569555174252896258,train,False,negative
1851,569555146562080768,train,True,positive
1852,569554937744486400,train,True,negative
1853,569554916064284672,train,True,positive
1854,569554815539290112,test,True,negative
1855,569553741222952960,train,False,positive
1856,569552374882299904,train,True,neutral
1857,569551241967067136,train,True,negative
1858,569550779520032770,test,True,neutral
1859,569550676784578562,train,True,negative
1860,569550290753445889,train,False,negative
1861,569548316700254208,train,True,positive
1862,569547989007646721,train,False,neutral
1863,569546412121202689,train,True,negative
1864,569545805826166784,train,False,positive
1865,569544873809989632,test,True,positive
1866,569544819510345728,train,False,neutral
1867,569544742595391489,train,True,neutral
1868,569544732780556288,train,False,negative
1869,569544730184261632,train,True,neutral
1870,569544350364889088,test,False,negative
1871,569544120827379712,test,True,negative
1872,569543791176257537,train,True,negative
1873,569543771181981697,train,False,neutral
1874,569541848877957120,train,False,positive
1875,569541591586643968,train,False,neutral
1876,569540963091259392,train,True,negative
1877,569539834131443712,train,False,positive
1878,569539000312188928,train,False,negative
1879,569538770808266754,train,False,negative
1880,569538703732772864,test,True,negative
1881,569538171509350400,train,True,negative
1882,569537571685924864,train,True,neutral
1883,569535507815903233,train,False,negative
1884,569535503827017730,train,False,negative
1885,569534882952716288,train,False,negative
1886,569534268130660352,train,False,negative
1887,569534175973396480,train,False,negative
1888,569533799815630848,train,False,negative
1889,569532310716080129,test,False,negative
1890,569532005320253441,train,True,negative
1891,569531988702576640,train,False,negative
1892,569531969110974464,train,False,positive
1893,569531827989454848,train,False,negative
1894,569531484903772161,train,True,neutral
1895,569531274991239168,train,True,negative
1896,569531010167250944,train,False,negative
1897,569530483022962688,train,True,negative
1898,569529789100507136,train,False,negative
1899,569529608862875648,train,False,neutral
1900,569528923769298945,test,False,neutral
1901,569528348126216193,test,True,negative
1902,569527975252766720,train,True,neutral
1903,569527524323151873,train,False,neutral
1904,569526800767983616,test,True,negative
1905,569526294477725697,train,True,neutral
1906,569526172335222784,train,False,neutral
1907,569526143730077696,train,False,negative
1908,569526070615138304,train,False,negative
1909,569525760337162241,train,False,negative
1910,569525690950815745,train,True,negative
1911,569523831460761601,train,False,negative
1912,569523440547291136,train,True,negative
1913,569523231524319232,train,False,negative
1914,569522354008805376,train,True,negative
1915,569522040547385344,train,True,negative
1916,569521863891804160,train,True,neutral
1917,569521101736439809,train,False,negative
1918,569521081125629953,train,False,negative
1919,569520712379052032,train,False,neutral
1920,569520425312632832,train,True,positive
1921,569518979103924224,train,False,neutral
1922,569518596231008258,train,True,neutral
1923,569517484102909952,train,False,negative
1924,569517360828145664,test,False,negative
1925,569517323180236800,train,True,negative
1926,569516969969389568,test,False,negative
1927,569516852805808129,train,False,negative
1928,569516736162050048,train,True,positive
1929,569516566380875778,test,False,negative
1930,569515688898875393,test,False,negative
1931,569515118125408256,train,True,negative
1932,569514750842789888,train,False,negative
1933,569514430393913344,train,True,negative
1934,569514124490579969,train,False,neutral
1935,569514063019053056,test,False,negative
1936,569514001450672128,train,True,negative
1937,569513811285311488,train,True,negative
1938,569513703722393601,train,False,positive
1939,569513498016923648,test,False,negative
1940,569513049507246081,train,True,neutral
1941,569512714961362944,train,True,negative
1942,569512239344054274,train,True,negative
1943,569510828023488512,train,False,negative
1944,569508903735545857,train,False,negative
1945,569508469088387072,train,True,negative
1946,569508282995486720,test,False,negative
1947,569507834930442241,train,False,negative
1948,569507197052260354,train,False,neutral
1949,569507060209090561,train,True,positive
1950,569506670189137920,test,False,negative
1951,569505479795326977,train,False,negative
1952,569505407862902784,train,False,negative
1953,569504786879528962,test,False,negative
1954,569504366006132736,train,True,negative
1955,569504330551861248,test,False,negative
1956,569504232971362304,train,True,neutral
1957,569504176306331649,train,True,negative
1958,569504172011356160,test,False,negative
1959,569503938690584576,test,False,negative
1960,569503745974902784,test,False,negative
1961,569503649677750272,train,False,negative
1962,569503367757754369,test,False,negative
1963,569503165713948672,test,False,negative
1964,569502953851252737,test,False,negative
1965,569502909093646336,test,False,negative
1966,569502869243736065,test,True,negative
1967,569502353797173248,train,False,negative
1968,569501080607813633,test,False,positive
1969,569500986638798848,train,False,positive
1970,569500360651509760,train,False,negative
1971,569500030459117568,train,True,negative
1972,569499434633048065,train,True,negative
1973,569499431369891840,test,False,neutral
1974,569497995445559298,test,True,negative
1975,569497092655345664,test,True,negative
1976,569497031322030081,test,True,negative
1977,569496936157487104,train,False,negative
1978,569496919036305408,test,True,negative
1979,569496828376322048,test,True,negative
1980,569495111337275392,train,False,positive
1981,569493640990625793,test,True,negative
1982,569491817600655360,train,True,negative
1983,569491456173477889,train,True,negative
1984,569491346647445505,train,False,neutral
1985,569491334643347457,train,True,negative
1986,569491295766343681,train,True,negative
1987,569491079952642051,test,True,negative
1988,569490499377061888,test,True,negative
1989,569490420356374528,train,False,negative
1990,569489032100614144,test,True,neutral
1991,569488705146068993,train,True,negative
1992,569487167191425024,train,False,negative
1993,569487156399378434,train,False,negative
1994,569484965055832065,train,False,negative
1995,569484788404322304,test,False,negative
1996,569484671672651776,train,False,negative
1997,569484085397057536,train,True,negative
1998,569483390581383168,train,True,positive
1999,569481897203494914,train,True,negative
2000,569481676893622272,train,False,negative
2001,569481213016023040,test,True,negative
2002,569480693782339584,test,True,neutral
2003,569480220203474944,train,True,neutral
2004,569480043853946881,train,False,negative
2005,569478901166055424,train,True,negative
2006,569478023679905792,train,False,positive
2007,569477178703908864,train,True,negative
2008,569476889313562624,test,False,neutral
2009,569476281974132736,test,False,neutral
2010,569475909226401792,test,False,negative
2011,569475306018353152,train,False,neutral
2012,569475245708419072,test,False,neutral
2013,569475092582789120,test,False,negative
2014,569475000660422656,test,False,neutral
2015,569474700386045955,test,True,positive
2016,569474230854660097,test,False,positive
2017,569473998519578624,test,True,negative
2018,569473302940372992,train,False,positive
2019,569471635163643905,train,True,positive
2020,569471541554978817,train,True,negative
2021,569470757673291777,train,True,negative
2022,569470098534207489,train,True,neutral
2023,569470053348823040,train,True,negative
2024,569469326547222528,train,True,negative
2025,569468823625027586,train,True,neutral
2026,569462023173619712,train,False,neutral
2027,569461666695524352,train,True,negative
2028,569460417954746368,test,False,negative
2029,569459716906229760,train,True,neutral
2030,569459543236874240,train,True,negative
2031,569457148129779714,test,True,negative
2032,569456035930484737,test,False,negative
2033,569454641320062976,test,True,negative
2034,569454437288140800,train,True,negative
2035,569453313462132736,train,True,positive
2036,569451362687143936,train,False,negative
2037,569448465991737345,train,False,negative
2038,569445528225718272,train,False,negative
2039,569444898660691968,train,False,negative
2040,569444456660750337,train,False,negative
2041,569441937826164736,train,True,negative
2042,569440689253158912,train,False,negative
2043,569439706339024896,train,False,negative
2044,569439089063280640,train,False,negative
2045,569438763115536384,train,False,negative
2046,569438531686424577,train,False,negative
2047,569435214717562881,train,True,negative
2048,569433059168260096,train,False,negative
2049,569431307152953344,train,False,negative
2050,569428644432617473,train,False,negative
2051,569428333500375040,train,False,negative
2052,569427993958883328,train,True,negative
2053,569420890003410944,train,False,negative
2054,569419949007085568,train,False,negative
2055,569418652128296960,train,False,negative
2056,569418497694035969,train,False,negative
2057,569418233322872833,train,True,negative
2058,569416650325303297,train,False,negative
2059,569415643474362368,train,True,neutral
2060,569415109933531136,train,False,negative
2061,569415076400242688,test,True,negative
2062,569411383265075203,train,True,negative
2063,569407352299847680,train,True,negative
2064,569404245142855680,train,False,negative
2065,569402506792407041,train,False,negative
2066,569400869768302592,train,False,negative
2067,569400431002173441,train,False,neutral
2068,569397314240049152,train,True,negative
2069,569395649310883840,train,True,negative
2070,569392315409829888,test,False,positive
2071,569390507526369280,train,True,neutral
2072,569387614265954304,test,True,negative
2073,569385898573299712,train,False,negative
2074,569385864712704001,train,False,negative
2075,569385784685363201,train,True,negative
2076,569385496675295232,train,False,negative
2077,569383892542738432,train,False,positive
2078,569382132231110656,test,False,neutral
2079,569381891809214464,train,True,negative
2080,569380923847909376,train,False,negative
2081,569380416219709440,train,False,negative
2082,569380122194636800,train,False,negative
2083,569379756673597444,train,False,negative
2084,569379726562869248,train,False,negative
2085,569379367077355520,train,True,negative
2086,569378568628674561,train,True,negative
2087,569376145000390656,test,True,negative
2088,569374127187820545,test,True,negative
2089,569374011131453441,train,True,negative
2090,569373743698591744,test,False,neutral
2091,569370900568502272,train,False,negative
2092,569370010751094784,train,False,negative
2093,569369416963633152,train,False,positive
2094,569369331173363712,train,True,negative
2095,569369243965362176,train,True,negative
2096,569368621077692417,test,False,negative
2097,569368523178270721,train,False,negative
2098,569368286128771072,train,False,negative
2099,569368056855552001,train,False,neutral
2100,569367983065137152,train,False,negative
2101,569367755670966272,train,False,neutral
2102,569367682811715585,train,False,negative
2103,569366968446246912,train,False,negative
2104,569366889719304192,train,True,negative
2105,569366337929105408,train,False,neutral
2106,569366184904122369,train,True,negative
2107,569366138963959808,train,False,negative
2108,569365692618661888,train,False,negative
2109,569365278963798017,train,False,negative
2110,569364927191719937,train,True,negative
2111,569364890307190784,train,False,neutral
2112,569364374755930112,train,False,negative
2113,569363796113764352,test,False,negative
2114,569363354428567552,train,False,negative
2115,569363221791928320,test,False,neutral
2116,569363188120207360,test,True,negative
2117,569363173817643009,train,True,negative
2118,569361701495304192,train,False,neutral
2119,569359780491476992,train,True,negative
2120,569359055937908736,train,False,neutral
2121,569357781402308608,train,False,negative
2122,569357497871437824,train,False,negative
2123,569357196141719552,train,False,positive
2124,569353669738688512,train,True,negative
2125,569352559598682112,train,False,negative
2126,569351147930169344,train,False,negative
2127,569350924633812992,train,False,negative
2128,569349932131487746,train,True,negative
2129,569349274049368064,train,False,neutral
2130,569347118034501632,train,False,positive
2131,569346431833673732,test,True,neutral
2132,569346420139905024,train,True,negative
2133,569345701487906818,train,True,negative
2134,569344598482546690,test,False,negative
2135,569343661063823360,test,False,neutral
2136,569343186046332928,test,True,negative
2137,569342888615620609,test,True,negative
2138,569342670184648704,train,False,neutral
2139,569342220534288384,train,False,negative
2140,569341769114128386,train,True,negative
2141,569340749466226688,train,False,negative
2142,569340645023698944,train,True,negative
2143,569340200934969344,train,False,neutral
2144,569340120790233089,train,False,negative
2145,569339467615506435,train,False,negative
2146,569339181136113664,train,False,neutral
2147,569339072805797888,train,False,negative
2148,569338724787593216,train,False,negative
2149,569338441172983809,train,True,negative
2150,569338341306572800,train,False,neutral
2151,569338032572116992,test,False,neutral
2152,569337969233887232,test,False,negative
2153,569337916872220673,test,False,negative
2154,569337916125798401,train,True,negative
2155,569337830184345601,test,False,negative
2156,569337170210607105,train,False,neutral
2157,569336402401472512,test,False,negative
2158,569336252597731329,test,False,negative
2159,569336095411965952,train,False,negative
2160,569335779371003904,train,False,positive
2161,569335521752715264,train,True,negative
2162,569334462292434944,train,True,neutral
2163,569333972452265985,test,False,negative
2164,569332961813753856,train,True,negative
2165,569332086345220096,train,False,negative
2166,569332072185249792,train,True,negative
2167,569331162897739776,train,False,negative
2168,569331021163814912,train,False,negative
2169,569330919020093442,train,False,neutral
2170,569330683623186433,train,True,negative
2171,569330646901895169,train,True,negative
2172,569330115114627073,train,False,negative
2173,569330006985347072,test,False,negative
2174,569329401122426880,train,False,negative
2175,569329378061979648,test,True,negative
2176,569328755409326080,train,False,negative
2177,569328128310403073,train,False,negative
2178,569328072027189248,train,False,negative
2179,569327949553520640,train,False,negative
2180,569327646917537793,train,True,negative
2181,569326940252991488,train,False,negative
2182,569326818697871360,train,False,negative
2183,569325988921810945,train,False,negative
2184,569325844906115072,train,True,negative
2185,569325061892481024,train,False,negative
2186,569324295635247104,train,True,neutral
2187,569323727818657792,test,False,negative
2188,569323015550296064,train,True,negative
2189,569322657822285824,train,True,negative
2190,569322456776892417,train,False,negative
2191,569322372995551232,train,True,neutral
2192,569321739093614592,test,False,negative
2193,569321654842564609,train,False,negative
2194,569320594400874497,train,True,negative
2195,569319928815202304,train,False,negative
2196,569319239900725248,train,True,negative
2197,569319188528963584,train,False,negative
2198,569319046790819840,train,True,positive
2199,569318947729887232,train,True,negative
2200,569318589817364481,train,False,negative
2201,569318505755103232,train,False,negative
2202,569318432648273920,test,True,negative
2203,569317718886903809,train,True,neutral
2204,569316673942990848,train,True,negative
2205,569316547673526272,test,True,positive
2206,569316508352045056,train,False,negative
2207,569316417226600448,train,False,negative
2208,569316018230677504,test,True,negative
2209,569315878828949504,train,False,positive
2210,569315664156069888,train,True,negative
2211,569314329276715010,train,False,negative
2212,569313492894752768,train,True,negative
2213,569312077954854913,train,False,negative
2214,569310731486699520,test,False,negative
2215,569310717393944577,train,True,negative
2216,569310253315174400,train,True,neutral
2217,569310249859080192,train,False,negative
2218,569310115377102850,train,True,negative
2219,569309623825670145,train,True,neutral
2220,569309296023998464,train,False,negative
2221,569308775435390976,train,False,negative
2222,569308255966666753,train,False,neutral
2223,569308224551309313,train,True,negative
2224,569308168364425216,test,True,neutral
2225,569307607007150080,train,False,negative
2226,569307466896424961,train,True,negative
2227,569307047285690369,train,False,negative
2228,569306599577112577,train,True,positive
2229,569306302964506624,test,True,neutral
2230,569305546819571712,train,False,neutral
2231,569304100048912384,train,False,negative
2232,569303395460259840,test,False,negative
2233,569302758018420736,test,False,negative
2234,569302599591022592,test,True,neutral
2235,569302568020549632,train,False,neutral
2236,569302490421833729,train,True,negative
2237,569302005111508992,train,False,negative
2238,569301951478935553,train,True,neutral
2239,569301745219850241,train,False,negative
2240,569300959911768064,train,True,negative
2241,569300431412850688,train,False,neutral
2242,569300135328530432,train,False,neutral
2243,569299492127842304,train,True,negative
2244,569299401643917313,train,True,negative
2245,569298744337788928,train,False,negative
2246,569298712247312384,train,False,neutral
2247,569298251418959872,test,True,negative
2248,569298147144556544,train,False,negative
2249,569297162795937792,train,True,neutral
2250,569296784922578944,train,True,negative
2251,569296585697464320,train,True,negative
2252,569296356143050754,train,True,negative
2253,569296055478722560,train,True,negative
2254,569295556729823232,train,True,negative
2255,569294326259253248,test,True,negative
2256,569293965448458240,train,True,negative
2257,569293296872222720,test,False,negative
2258,569293295655866369,train,False,negative
2259,569292823805042688,train,True,positive
2260,569291447377137664,train,True,neutral
2261,569289995749494784,train,True,negative
2262,569289573395800064,test,True,negative
2263,569287656607100929,test,True,negative
2264,569287433008754688,test,True,positive
2265,569287399131389953,train,True,neutral
2266,569287318898495490,test,False,negative
2267,569286569548320769,train,False,negative
2268,569285045401178113,train,False,negative
2269,569283956484415490,train,False,negative
2270,569283845985427457,train,True,negative
2271,569283511192051712,train,True,negative
2272,569282692014977025,train,True,neutral
2273,569282312203997185,train,False,positive
2274,569281144186908672,train,False,negative
2275,569281033365037056,train,False,negative
2276,569280669593038848,train,False,negative
2277,569280157678071808,train,True,negative
2278,569279586921353216,test,True,negative
2279,569278858123300864,train,False,positive
2280,569278347441799169,test,True,negative
2281,569278020441284608,train,True,negative
2282,569277733416513536,train,False,positive
2283,569276854458310658,train,True,positive
2284,569276415927037952,train,False,negative
2285,569276207696453632,train,False,positive
2286,569275566077165568,test,True,neutral
2287,569275476642013186,train,False,negative
2288,569275466936397825,train,True,negative
2289,569275430311751682,train,True,negative
2290,569275000232013825,train,True,negative
2291,569274801388425217,train,True,negative
2292,569274618428526592,test,True,neutral
2293,569274001173979137,test,True,negative
2294,569273451564785664,train,True,negative
2295,569273298325864448,train,True,neutral
2296,569273251186286593,train,False,neutral
2297,569272738826694656,train,False,negative
2298,569272664344428545,test,False,negative
2299,569272359334453249,train,True,negative
2300,569271943188209667,train,False,negative
2301,569271561481531392,train,True,neutral
2302,569270012894060545,train,True,negative
2303,569269140386488320,train,True,positive
2304,569267323330129920,train,True,negative
2305,569264951401054208,test,False,negative
2306,569264912695840768,train,False,negative
2307,569264736455536641,test,True,negative
2308,569262680965402624,train,True,negative
2309,569262631258705920,test,False,neutral
2310,569261989735718914,train,False,negative
2311,569261791928315905,train,False,negative
2312,569261737037455361,train,True,negative
2313,569261495449595905,test,False,negative
2314,569261077877248000,train,True,neutral
2315,569261063406882816,test,True,negative
2316,569260922365063169,train,False,neutral
2317,569260366221348864,train,False,negative
2318,569259694906220544,train,False,negative
2319,569259688887492608,train,True,negative
2320,569259575800569857,train,False,negative
2321,569259442547470336,train,False,negative
2322,569259272556535808,train,False,negative
2323,569259186711764992,train,False,negative
2324,569259152746221568,train,False,negative
2325,569259056956727296,train,False,negative
2326,569258900228190208,train,False,negative
2327,569258454633701376,train,True,positive
2328,569258100324048900,test,False,negative
2329,569258013950808064,train,True,positive
2330,569257932908470273,test,False,negative
2331,569257818789978113,train,False,positive
2332,569257540023951360,train,True,negative
2333,569257033972604929,train,False,negative
2334,569256471046823937,test,False,negative
2335,569256434736746496,train,False,negative
2336,569256307045179392,train,True,negative
2337,569256055781240832,train,True,negative
2338,569253414971899905,train,False,negative
2339,569253382898126850,train,True,negative
2340,569253285015752704,train,False,neutral
2341,569253190551498752,train,False,negative
2342,569252801802592256,train,False,positive
2343,569252759087685632,train,False,negative
2344,569252732940320768,train,False,negative
2345,569251080598478848,test,True,positive
2346,569250623427780608,train,False,positive
2347,569250015752749057,train,True,positive
2348,569249933271965696,test,False,negative
2349,569249783216537601,test,True,negative
2350,569249769421295616,test,True,negative
2351,569249493264289793,train,False,positive
2352,569249416462409729,train,False,negative
2353,569249223897526272,train,True,negative
2354,569248898071580672,test,True,negative
2355,569248843532886016,train,True,positive
2356,569248000456970240,test,True,negative
2357,569247579692781569,train,True,neutral
2358,569247182337019904,test,False,positive
2359,569247029446119424,train,False,negative
2360,569246786440830977,train,False,negative
2361,569245240336330752,train,True,negative
2362,569244295921692672,train,True,negative
2363,569244202225307648,train,True,neutral
2364,569244201021362176,train,False,negative
2365,569243889011281920,train,False,negative
2366,569243676594941953,train,False,negative
2367,569243519652470784,train,False,negative
2368,569243270745866240,train,True,negative
2369,569242387878428672,test,True,negative
2370,569242111100514305,test,False,neutral
2371,569242047917502464,test,False,positive
2372,569242037968445441,train,False,negative
2373,569241682283081728,train,True,negative
2374,569240866684071936,train,True,positive
2375,569239939776274433,train,True,neutral
2376,569239293429833728,train,False,negative
2377,569238938042421249,test,False,negative
2378,569238148032671744,test,False,neutral
2379,569237947033255936,test,False,negative
2380,569237356622024704,train,False,negative
2381,569236834783342593,train,False,negative
2382,569236060615667713,test,False,neutral
2383,569235954789015552,train,False,negative
2384,569235062862036992,train,True,neutral
2385,569234592420331520,test,False,positive
2386,569233531483918337,test,True,negative
2387,569233434423353344,train,False,neutral
2388,569233335915925505,test,True,negative
2389,569233194723078144,train,True,negative
2390,569232650965102592,train,True,negative
2391,569232560330555393,train,True,negative
2392,569232480181489665,train,True,positive
2393,569232221397065728,test,False,negative
2394,569231984334995456,test,False,negative
2395,569231858485080066,train,True,negative
2396,569231763173560320,train,True,positive
2397,569229796401684480,train,True,neutral
2398,569228892638019585,train,True,negative
2399,569228707203837952,train,True,negative
2400,569228668918222849,train,True,positive
2401,569227372223811584,test,True,positive
2402,569227342675116033,test,False,neutral
2403,569226313220947969,train,True,negative
2404,569226228152053760,test,False,negative
2405,569225585181880320,test,True,negative
2406,569225573773369344,train,True,negative
2407,569224849144418304,train,False,negative
2408,569224824066842624,train,True,negative
2409,569222424236916736,train,True,neutral
2410,569221589822083072,train,False,negative
2411,569221517298368512,train,True,neutral
2412,569221210019487745,train,False,positive
2413,569219928957394944,train,True,negative
2414,569219701001179138,train,False,negative
2415,569218838190907393,train,False,positive
2416,569217440250331136,train,False,negative
2417,569217317315354624,train,True,negative
2418,569217285593788416,train,False,neutral
2419,569216245574311936,train,True,neutral
2420,569216055018704896,train,True,neutral
2421,569215779830280192,test,False,negative
2422,569215742224281600,train,False,neutral
2423,569215344948199424,train,True,negative
2424,569213892980641792,train,True,negative
2425,569213883371683840,train,True,positive
2426,569213503954915329,train,False,negative
2427,569213441694568448,train,True,neutral
2428,569213197485514752,test,True,negative
2429,569212860665978880,train,False,negative
2430,569212318283771904,test,False,negative
2431,569211645710495745,test,False,negative
2432,569211244693098496,train,True,negative
2433,569209958627016706,test,True,negative
2434,569209543533699072,train,True,negative
2435,569209352730513409,test,False,neutral
2436,569209084144005120,train,True,negative
2437,569208751972065280,train,True,negative
2438,569208067243401217,train,True,neutral
2439,569207193377107968,train,True,negative
2440,569206925046493184,test,False,negative
2441,569205367575441408,test,False,negative
2442,569204255191490560,train,True,negative
2443,569204188334264320,train,True,negative
2444,569203010410119168,test,False,negative
2445,569202773704646658,test,False,negative
2446,569202656486432768,test,True,negative
2447,569201516881448960,train,False,negative
2448,569201109400555520,train,True,negative
2449,569199524629110784,train,False,negative
2450,569199095505690624,train,True,positive
2451,569197921150902272,test,False,negative
2452,569197579956842496,train,False,negative
2453,569196241252282368,train,True,negative
2454,569195472650268672,test,False,negative
2455,569194996143755264,test,False,negative
2456,569194348375613441,train,True,negative
2457,569193887706812416,test,True,neutral
2458,569192902922006528,train,True,negative
2459,569192549170032640,test,True,negative
2460,569191838579429377,test,True,negative
2461,569191687794270209,train,True,neutral
2462,569189285334618112,train,False,positive
2463,569188967180058625,train,False,negative
2464,569188938012880896,test,True,negative
2465,569188792541818880,train,True,negative
2466,569187853412012032,train,True,negative
2467,569186762947493888,train,False,negative
2468,569186566247051265,train,False,negative
2469,569185842876571648,train,True,negative
2470,569185594095509504,test,False,negative
2471,569184999900995585,test,True,negative
2472,569184788784918528,train,True,negative
2473,569183712606179329,train,True,negative
2474,569183387816038401,train,False,neutral
2475,569182643155300352,train,True,neutral
2476,569181132685574144,test,False,negative
2477,569179849518161920,train,True,positive
2478,569179721549914112,train,True,neutral
2479,569178715051188226,train,True,positive
2480,569177940027674624,train,False,neutral
2481,569177080014901248,test,True,neutral
2482,569175138349887488,train,False,positive
2483,569172396680175616,train,True,negative
2484,569172176214962176,train,True,negative
2485,569172065724428288,train,True,negative
2486,569170903948500992,test,False,negative
2487,569170897606709250,train,False,negative
2488,569170541250129920,test,False,neutral
2489,569169897906941952,test,True,negative
2490,569169887689641984,train,True,negative
2491,569168955786600448,test,True,negative
2492,569168884798005248,train,True,negative
2493,569168028014743552,train,False,negative
2494,569167347996495872,train,True,negative
2495,569165652876881920,test,False,negative
2496,569164871465439232,train,True,neutral
2497,569164614921019392,train,False,negative
2498,569164042679377921,train,True,neutral
2499,569163885393154048,train,True,negative
2500,569163371746095104,train,False,negative
2501,569162600237236224,train,True,negative
2502,569161748286083073,train,True,negative
2503,569159619710361600,train,True,positive
2504,569159333499576320,train,True,neutral
2505,569156387789361153,test,True,negative
2506,569155039983497216,train,True,negative
2507,569154879484235776,test,True,negative
2508,569153669867945984,train,True,negative
2509,569153491983327232,train,False,negative
2510,569152740414218240,train,True,negative
2511,569150031216779266,train,True,negative
2512,569149666027294720,test,True,neutral
2513,569149498183659520,train,True,negative
2514,569147852217135104,train,False,negative
2515,569144929093615616,train,True,neutral
2516,569144072843063296,test,True,negative
2517,569144056305074176,train,False,positive
2518,569143454434926592,test,True,negative
2519,569143406724837376,train,True,negative
2520,569140808227672064,test,True,negative
2521,569140362025050112,train,False,negative
2522,569139586124910593,test,True,negative
2523,569139480101314560,train,False,negative
2524,569134299024367616,train,True,negative
2525,569134266052816897,train,True,negative
2526,569130479690981376,test,True,negative
2527,569129269139537920,train,True,negative
2528,569128289178152960,train,False,negative
2529,569125947200413696,train,True,negative
2530,569125711556042752,train,True,negative
2531,569125558568783872,test,False,positive
2532,569125033509048320,train,True,negative
2533,569121422817112065,train,True,negative
2534,569120847115501568,train,True,neutral
2535,569119503516246016,test,True,negative
2536,569117696610185217,test,False,negative
2537,569116934379323392,test,False,negative
2538,569116399039344640,test,True,negative
2539,569115097198690305,train,True,negative
2540,569114239996076032,test,True,negative
2541,569106746486222849,test,True,positive
2542,569105159764242433,train,True,negative
2543,569102054922129409,train,True,negative
2544,569101653573570560,train,True,positive
2545,569098396914421763,train,True,negative
2546,569097525690568704,test,False,neutral
2547,569096764835414016,test,True,neutral
2548,569094744615157760,train,True,negative
2549,569093984640995328,train,False,positive
2550,569089890173874176,train,True,negative
2551,569088814184079361,train,False,positive
2552,569088496117415937,train,True,positive
2553,569087906851135488,train,False,neutral
2554,569086687336222720,train,False,negative
2555,569085424498446337,test,False,negative
2556,569083899478994944,train,True,positive
2557,569079375296999424,train,True,negative
2558,569078346660900864,train,True,negative
2559,569078332278513665,train,False,negative
2560,569077766022246400,train,False,negative
2561,569077393886810112,train,False,negative
2562,569076717689524224,train,True,negative
2563,569075488926371841,train,False,neutral
2564,569075352888176640,train,True,negative
2565,569059097632337920,test,True,positive
2566,569058014650433536,test,True,negative
2567,569056573731020800,train,True,negative
2568,569055189988024320,train,False,neutral
2569,569049391337578496,train,False,negative
2570,569036254253346818,train,False,positive
2571,569035887956271104,train,True,negative
2572,569035174328934401,train,False,negative
2573,569034721683861505,train,False,negative
2574,569034282485698560,train,False,negative
2575,569033988855037952,train,True,negative
2576,569032643548811264,train,True,positive
2577,569030219438239744,train,True,negative
2578,569027718626480128,test,False,positive
2579,569026124484706304,test,True,negative
2580,569025401906794496,train,True,positive
2581,569025196230877184,train,False,positive
2582,569024126641311744,train,False,negative
2583,569023489492955136,train,False,positive
2584,569021768788090881,test,False,negative
2585,569020829033492480,train,False,negative
2586,569017927803932672,train,False,neutral
2587,569017631602139137,test,False,negative
2588,569017218316369921,test,True,neutral
2589,569015669347319808,test,True,negative
2590,569014098811351040,train,False,negative
2591,569012722169466880,train,True,positive
2592,569012492598251520,train,False,negative
2593,569011846432366592,train,True,negative
2594,569011727532032001,train,False,negative
2595,569011185439285248,train,True,negative
2596,569011048843313153,train,False,negative
2597,569010309085536257,train,True,negative
2598,569009316490911745,train,False,negative
2599,569008708174262272,train,False,negative
2600,569008601009762305,train,False,negative
2601,569007629868998656,test,True,negative
2602,569007580925677568,train,True,positive
2603,569007103542587392,train,True,neutral
2604,569006044782800896,train,True,negative
2605,569005870463344640,train,False,negative
2606,569005718365298689,train,True,negative
2607,569004759069421568,train,True,negative
2608,569003577613512704,train,False,negative
2609,569002384258502656,train,True,neutral
2610,568999888043638785,train,True,negative
2611,568998609590419456,train,True,neutral
2612,568995447768899584,train,False,positive
2613,568995256525398016,train,False,negative
2614,568995205271015425,test,False,neutral
2615,568990399814987777,train,False,negative
2616,568989687353729024,train,True,positive
2617,568989506784722945,train,True,positive
2618,568989460618203136,train,False,negative
2619,568988757954678784,train,False,negative
2620,568988032067616768,train,False,neutral
2621,568987808792223744,train,False,negative
2622,568987648691449857,test,True,positive
2623,568987303302950913,train,False,negative
2624,568986895268519936,train,False,negative
2625,568986700984283136,train,False,positive
2626,568986491608834048,train,False,neutral
2627,568985883589906432,train,True,negative
2628,568985010742693888,train,False,neutral
2629,568984515298922496,test,False,negative
2630,568984098909237248,test,False,negative
2631,568983569563033600,train,True,positive
2632,568983296018751491,train,False,negative
2633,568982915956277249,train,True,positive
2634,568982505551851520,train,False,negative
2635,568982253553844225,train,False,negative
2636,568979198007595008,train,True,negative
2637,568977696786673664,train,False,negative
2638,568976619089620992,train,True,negative
2639,568976326666768384,train,True,negative
2640,568976065210806272,train,False,negative
2641,568975398236659712,train,True,negative
2642,568973797262372866,test,True,negative
2643,568973634087165953,test,False,negative
2644,568972990039265280,train,False,neutral
2645,568972562819997696,train,False,positive
2646,568972438693916672,train,True,neutral
2647,568972136322375680,train,False,positive
2648,568971802015170560,train,False,negative
2649,568970614238617600,test,True,negative
2650,568969371118391296,train,False,negative
2651,568968761954443264,test,False,negative
2652,568968480717983744,train,False,negative
2653,568968312274718721,test,False,negative
2654,568967744076410880,train,True,neutral
2655,568967598794149889,test,True,neutral
2656,568967381860503552,train,False,neutral
2657,568967313598386176,train,False,negative
2658,568966873880137728,train,True,neutral
2659,568965937875066880,test,False,negative
2660,568965883730776065,test,False,negative
2661,568965870178816000,train,False,negative
2662,568965585620459520,train,False,negative
2663,568965165783388160,test,False,negative
2664,568964974611193858,test,True,negative
2665,568964534083268608,train,True,positive
2666,568964028669800448,test,True,positive
2667,568963398781808640,train,True,negative
2668,568963218703564800,train,True,negative
2669,568963006547111936,train,True,neutral
2670,568962811772030976,train,True,negative
2671,568962609375895552,train,False,positive
2672,568962582934978562,train,True,negative
2673,568962468766212097,train,True,negative
2674,568961737715789824,train,True,negative
2675,568961016782036992,train,False,negative
2676,568960570486976513,test,True,negative
2677,568959737544339456,train,True,negative
2678,568958380032860160,train,True,positive
2679,568958227888500736,test,True,negative
2680,568958107205783554,train,True,negative
2681,568957558444175360,test,True,negative
2682,568957349534289920,train,True,neutral
2683,568957001658724353,test,True,neutral
2684,568955862124863488,train,True,positive
2685,568955339607019521,train,False,negative
2686,568955124300820480,train,True,positive
2687,568955060165554176,train,False,negative
2688,568954593591369728,train,False,negative
2689,568954266628575232,test,True,negative
2690,568954048038055936,train,True,negative
2691,568954046700064768,train,True,negative
2692,568953367646625792,train,False,positive
2693,568952850908213248,test,True,negative
2694,568951922734055424,train,True,negative
2695,568951819969232896,test,False,neutral
2696,568951601777512448,train,True,negative
2697,568951462413209601,test,False,negative
2698,568951377231114240,train,False,neutral
2699,568950980471103489,train,True,negative
2700,568950850615316480,train,True,positive
2701,568950706008231936,train,True,negative
2702,568950548411461632,test,True,negative
2703,568949970080018433,train,True,negative
2704,568949545972961280,train,True,negative
2705,568948971923742720,train,True,negative
2706,568948323916255233,train,True,negative
2707,568948016662474752,train,False,neutral
2708,568948008160661504,test,False,negative
2709,568947922731028480,train,True,negative
2710,568947542899052544,train,True,positive
2711,568947313676148737,train,False,negative
2712,568946825798905856,train,False,positive
2713,568946758404808704,train,False,positive
2714,568944096687075329,test,True,negative
2715,568942578026086401,train,False,negative
2716,568941851228528642,test,True,positive
2717,568940548301549568,train,False,negative
2718,568938647795314688,train,False,negative
2719,568935475815292928,train,True,negative
2720,568934749571387392,train,False,negative
2721,568934521506107392,train,True,negative
2722,568933083472220160,train,False,positive
2723,568932735181578240,test,True,negative
2724,568932482323623937,train,False,negative
2725,568931996891807744,train,False,neutral
2726,568931924166574080,train,True,negative
2727,568931759150084096,train,True,negative
2728,568931637699829761,train,True,negative
2729,568931356287365120,train,False,negative
2730,568931215149039617,train,False,negative
2731,568930692551221248,train,True,negative
2732,568929299350179840,train,True,negative
2733,568928251554299906,train,False,negative
2734,568928163058724865,train,False,negative
2735,568927730160549888,train,True,neutral
2736,568927727627202560,train,False,negative
2737,568927631103696896,train,False,negative
2738,568927281747505152,train,True,negative
2739,568926552836182016,train,True,negative
2740,568926321369153536,test,False,neutral
2741,568925709189705728,train,True,negative
2742,568925583939375104,test,False,negative
2743,568924206152306688,train,False,negative
2744,568923233866555392,train,True,positive
2745,568922616800657411,train,True,positive
2746,568922057552977920,train,True,negative
2747,568921968818270208,test,True,negative
2748,568921625715814401,train,False,positive
2749,568921407813521409,train,True,negative
2750,568921163901984768,test,True,negative
2751,568920314073260032,train,True,negative
2752,568919686978641920,train,True,negative
2753,568919230671794176,test,True,neutral
2754,568918820632403969,train,False,negative
2755,568918759664021504,train,False,negative
2756,568917936783491073,train,False,negative
2757,568917792172351488,train,True,positive
2758,568917786921009153,test,False,negative
2759,568917611565592577,test,True,negative
2760,568917429033652226,train,True,negative
2761,568917261869674497,train,False,negative
2762,568916446710857728,train,True,positive
2763,568916345506566145,train,False,neutral
2764,568916213130096640,train,True,neutral
2765,568915741551886336,train,True,negative
2766,568913508936458240,train,True,negative
2767,568911315026063361,train,True,negative
2768,568910880416464897,train,False,positive
2769,568910220644237312,train,True,negative
2770,568909613770211329,train,True,negative
2771,568908748732760064,test,False,positive
2772,568908474601639936,train,True,negative
2773,568905448897654784,train,False,negative
2774,568905087608881152,train,True,negative
2775,568904684561408000,train,True,neutral
2776,568903773491306496,train,True,neutral
2777,568903479722246144,train,False,negative
2778,568903193930764288,train,True,negative
2779,568903082765000704,train,False,neutral
2780,568902492118888448,train,True,positive
2781,568902405909143552,train,False,negative
2782,568902044561465344,train,False,negative
2783,568901828055707648,train,True,neutral
2784,568901675903119360,train,False,negative
2785,568900980080709632,train,True,negative
2786,568900770860392448,train,False,negative
2787,568900079962075137,train,True,negative
2788,568899587424931840,train,True,negative
2789,568899516872568832,train,True,positive
2790,568899252149035008,train,True,negative
2791,568898792755470336,test,True,negative
2792,568898784861814785,test,False,negative
2793,568897992712802304,train,False,negative
2794,568897757991186432,train,True,negative
2795,568895856750899202,test,False,neutral
2796,568895842293309440,test,True,negative
2797,568895188338380801,test,False,negative
2798,568894996683870208,test,False,neutral
2799,568894575596580864,train,False,positive
2800,568894256070287360,train,False,neutral
2801,568894073345437697,train,True,negative
2802,568893623099654144,train,False,negative
2803,568893275907575808,train,False,neutral
2804,568893072001646592,test,False,neutral
2805,568892505829347329,test,False,negative
2806,568890960358166528,train,False,negative
2807,568890017365561344,test,False,neutral
2808,568889252185903104,train,True,positive
2809,568887455044259842,test,True,negative
2810,568887240685785089,test,True,neutral
2811,568885959225446400,test,False,negative
2812,568885581297651713,test,True,neutral
2813,568885556718907392,train,True,neutral
2814,568885498464374785,test,True,negative
2815,568885117373927425,train,True,negative
2816,568884491294351360,train,False,negative
2817,568884473040752641,train,False,negative
2818,568884344221081600,train,False,negative
2819,568884211739971584,train,False,positive
2820,568883744246878208,train,True,negative
2821,568883664219537408,train,True,neutral
2822,568883475534745600,train,False,neutral
2823,568883108377808896,test,True,neutral
2824,568882789082222592,train,False,negative
2825,568882601261273089,train,False,negative
2826,568882449922416641,train,True,negative
2827,568882079091400705,test,True,negative
2828,568881812174299137,train,False,negative
2829,568881593395208192,test,True,neutral
2830,568881580015366145,train,True,negative
2831,568881357583097857,train,True,negative
2832,568880036234682370,test,True,negative
2833,568878265814949889,train,False,neutral
2834,568878121958694912,train,False,negative
2835,568877993453420544,train,False,negative
2836,568877085479071744,train,False,neutral
2837,568875530671554561,train,False,neutral
2838,568874741249007616,train,False,negative
2839,568874496507174912,train,False,negative
2840,568873730182504448,test,True,positive
2841,568873474392854530,train,True,neutral
2842,568873031428415489,train,False,negative
2843,568872291427160065,train,False,neutral
2844,568872120471687168,test,False,positive
2845,568871357007704064,train,True,negative
2846,568871340498821120,train,True,neutral
2847,568871143022731265,train,True,negative
2848,568870394708545536,train,False,positive
2849,568868944557133825,train,True,negative
2850,568868515857321985,train,True,negative
2851,568868305697525761,test,False,positive
2852,568865640569806848,train,False,negative
2853,568864796717805568,train,False,neutral
2854,568862914154770432,test,True,negative
2855,568862907850743808,train,True,negative
2856,568860978231709697,train,True,negative
2857,568860389640962048,test,False,positive
2858,568860308980117504,train,True,negative
2859,568859726315827200,train,False,positive
2860,568859503472422912,train,False,negative
2861,568859157253611520,train,True,negative
2862,568858368829313024,train,True,negative
2863,568858361011154944,test,True,negative
2864,568857956470517760,train,True,negative
2865,568857374934601728,train,True,negative
2866,568855505747095552,train,True,positive
2867,568855468975759360,train,True,negative
2868,568855465842466817,test,True,neutral
2869,568855251123449856,train,False,neutral
2870,568855071322198016,test,True,negative
2871,568854401802051584,train,False,negative
2872,568854214136479744,test,True,negative
2873,568854082536001536,train,True,negative
2874,568853249551409153,train,False,positive
2875,568853244476309504,train,False,neutral
2876,568851544537481216,train,False,negative
2877,568851512509800448,train,True,negative
2878,568851396923146240,train,False,negative
2879,568850852909342720,train,False,negative
2880,568850826552320000,train,False,negative
2881,568850600261226496,train,True,negative
2882,568849007641911296,train,False,negative
2883,568848928466198530,train,True,positive
2884,568848699960332288,train,True,negative
2885,568848259008962560,train,True,negative
2886,568847735530643457,test,True,neutral
2887,568847616404004864,train,True,neutral
2888,568847199460835328,train,False,negative
2889,568846499431337984,train,True,neutral
2890,568845724110213120,train,False,positive
2891,568845539405656064,train,False,positive
2892,568844772191940608,train,True,negative
2893,568844097374560256,train,False,positive
2894,568844078730727424,train,False,negative
2895,568842531531681792,train,False,neutral
2896,568842357069770752,train,True,positive
2897,568841631585021952,train,True,negative
2898,568841528455659520,train,False,neutral
2899,568840701850419200,train,True,negative
2900,568837615220166657,train,False,positive
2901,568837168350699520,train,False,neutral
2902,568836728716333056,test,False,negative
2903,568836642825375744,train,True,negative
2904,568835810532794368,train,True,negative
2905,568835255722860544,train,True,positive
2906,568835134603931649,train,False,neutral
2907,568834890046832640,train,True,neutral
2908,568834851517771776,train,True,negative
2909,568834824410148864,train,False,positive
2910,568834799592448000,train,False,neutral
2911,568833209288372224,train,False,negative
2912,568832931382366209,train,False,negative
2913,568832749093687296,train,True,positive
2914,568832682269888512,train,True,positive
2915,568832576468746240,train,True,positive
2916,568832394196684800,train,True,positive
2917,568832151119990784,train,True,negative
2918,568831929102913536,train,True,negative
2919,568831798857195520,train,False,neutral
2920,568831574474661888,train,True,negative
2921,568830996365193216,train,True,neutral
2922,568830888089423872,train,True,negative
2923,568830757730422784,train,False,negative
2924,568830614289252352,train,False,neutral
2925,568829906584346624,train,True,negative
2926,568828543423123456,train,False,negative
2927,568828240502128640,train,True,negative
2928,568828240204333056,train,False,negative
2929,568828064152424448,train,True,negative
2930,568827741832916994,test,False,negative
2931,568827677001428992,train,True,negative
2932,568826499597524992,test,True,negative
2933,568826225621405696,test,True,negative
2934,568826215089475584,train,False,negative
2935,568825791644966912,train,False,negative
2936,568825730718666754,train,False,neutral
2937,568825463918833664,train,False,negative
2938,568824987244584961,train,True,negative
2939,568823775745028096,train,False,negative
2940,568822919633240064,train,True,negative
2941,568822440631144448,train,False,positive
2942,568821307766222848,train,False,negative
2943,568821261767303168,test,False,negative
2944,568820700489781248,train,True,negative
2945,568819406207356928,test,True,negative
2946,568819285990215680,train,True,negative
2947,568819025733652481,train,False,positive
2948,568818998445522944,train,False,neutral
2949,568818346042339328,test,True,neutral
2950,568818335200223232,train,False,positive
2951,568817985147654144,train,False,negative
2952,568817894030741504,train,True,positive
2953,568817637754593280,train,True,negative
2954,568817350864023552,train,False,negative
2955,568815893641211905,train,False,negative
2956,568815686446788608,train,True,neutral
2957,568815660815519744,train,False,negative
2958,568815514702770176,train,False,neutral
2959,568815354388078593,test,True,negative
2960,568815310016548865,train,False,negative
2961,568815280903864321,train,True,negative
2962,568815263900180480,train,False,positive
2963,568814123540221952,train,True,negative
2964,568813570709782529,train,False,neutral
2965,568813431962226688,train,False,negative
2966,568813356296982528,train,False,negative
2967,568813269906890753,train,True,negative
2968,568812829324775428,test,True,negative
2969,568812129308053504,train,True,negative
2970,568811854216105984,train,True,neutral
2971,568810874204327936,train,False,negative
2972,568810866830913536,train,True,neutral
2973,568810700828741633,train,True,negative
2974,568810539939459072,test,False,positive
2975,568810516740644864,test,False,neutral
2976,568810180269494272,train,True,negative
2977,568809620019527680,train,True,negative
2978,568809617087696897,train,False,negative
2979,568809558786899968,train,False,positive
2980,568808975828955136,train,True,negative
2981,568808470536962048,train,True,negative
2982,568807928154558464,train,False,negative
2983,568807894264578048,train,False,negative
2984,568807747661266945,train,False,negative
2985,568807231396802560,train,False,neutral
2986,568806237804109825,train,True,negative
2987,568806138973540352,train,True,negative
2988,568806118660673536,train,False,negative
2989,568806035294695424,train,False,positive
2990,568805751386288128,train,False,negative
2991,568805571647942656,train,True,negative
2992,568805448696115200,train,True,negative
2993,568805444761681921,train,False,negative
2994,568804253151731712,test,False,negative
2995,568804026789138433,test,True,positive
2996,568803679018491904,train,True,negative
2997,568803598638796800,train,False,positive
2998,568803260569690112,train,False,neutral
2999,568803231335387137,train,True,positive
3000,568803218488033282,train,True,negative
3001,568803061361025024,train,True,negative
3002,568803013487276033,train,True,neutral
3003,568802906280845312,train,False,neutral
3004,568802044309430272,train,True,negative
3005,568802013196242944,train,True,negative
3006,568801885567606784,train,True,negative
3007,568801561377439744,train,False,neutral
3008,568801535662166016,train,False,neutral
3009,568801442770743296,test,False,negative
3010,568801277984944128,test,True,negative
3011,568801276416401408,train,True,neutral
3012,568800974632050688,test,True,negative
3013,568800389903962112,train,False,negative
3014,568797966489690112,train,False,negative
3015,568797800743313408,train,True,neutral
3016,568797413529538562,train,True,neutral
3017,568797401772892161,train,True,negative
3018,568796113081376768,test,False,negative
3019,568795875612463104,test,False,negative
3020,568795791445209088,test,True,positive
3021,568795451341856768,train,False,positive
3022,568795018816675841,train,True,negative
3023,568793902267936769,train,False,neutral
3024,568793432900177920,train,False,negative
3025,568793043664560128,train,True,negative
3026,568790336954175488,train,True,neutral
3027,568789500727570432,train,True,negative
3028,568788947859607552,train,True,negative
3029,568788152955092992,train,False,negative
3030,568787999036583936,train,False,negative
3031,568787202341081088,test,True,negative
3032,568787022472740864,train,False,negative
3033,568786817404817408,train,True,negative
3034,568786811381616641,train,True,neutral
3035,568786745715757056,train,True,positive
3036,568786206932250624,train,False,positive
3037,568786035053760512,train,False,neutral
3038,568784261064622080,train,True,neutral
3039,568782924302065665,train,False,negative
3040,568782405965713408,train,True,neutral
3041,568781213651087361,test,False,negative
3042,568780030538420225,test,True,negative
3043,568779794902614016,test,False,negative
3044,568778986567933952,train,True,negative
3045,568778028773347329,train,False,negative
3046,568775278505414656,train,False,negative
3047,568774320773849088,train,False,negative
3048,568773648724525056,train,False,positive
3049,568771089372979200,test,True,negative
3050,568771007529398272,train,False,neutral
3051,568770352635121664,train,True,negative
3052,568769786890424320,train,True,negative
3053,568768952366575618,train,False,negative
3054,568767621186912256,train,True,negative
3055,568767144407789569,train,False,neutral
3056,568761425029668864,train,True,positive
3057,568760341921959936,train,True,negative
3058,568760315569053696,train,True,negative
3059,568758807418896385,train,True,positive
3060,568757933502148608,test,True,negative
3061,568757166674460672,train,False,neutral
3062,568756110456270849,train,True,negative
3063,568755759670022147,train,False,negative
3064,568755688442191872,test,True,negative
3065,568752875205238784,train,True,negative
3066,568751950935691265,train,True,neutral
3067,568751415390285824,train,True,negative
3068,568747605653643264,train,False,negative
3069,568740200479793153,train,True,negative
3070,568738229274464256,train,True,positive
3071,568736451237707776,train,True,positive
3072,568735994838589441,test,True,negative
3073,568731988082999296,train,False,negative
3074,568731785019990017,train,True,neutral
3075,568731155303956480,test,True,positive
3076,568726628639100928,train,True,negative
3077,568725453831315456,train,True,negative
3078,568723674934722560,test,True,negative
3079,568722339833126912,train,False,negative
3080,568720333634609153,train,True,negative
3081,568716618794209280,train,False,negative
3082,568716388866629632,train,True,negative
3083,568716027577696256,train,True,neutral
3084,568716015338717184,train,True,negative
3085,568715107892641792,train,False,positive
3086,568710194575872001,train,False,neutral
3087,568706817980796928,train,False,negative
3088,568702964623216643,train,True,positive
3089,568701051903336448,train,False,negative
3090,568699390962958336,train,False,negative
3091,568696518665998336,train,False,negative
3092,568695647202717696,test,False,neutral
3093,568694278890901504,test,True,neutral
3094,568693355183538177,train,False,negative
3095,568690023513526272,train,True,negative
3096,568678201590996992,test,False,negative
3097,568677786329735168,test,False,negative
3098,568677633682214912,test,False,negative
3099,568677317590937600,train,True,negative
3100,568677207062609920,train,False,negative
3101,568676876866224128,test,False,negative
3102,568676407729131520,test,False,negative
3103,568675083314552832,train,False,positive
3104,568673332184240129,train,False,negative
3105,568672467889176577,train,False,negative
3106,568672436977168385,train,True,negative
3107,568671211430891520,test,True,neutral
3108,568670928407625729,train,False,negative
3109,568669880922165248,train,False,positive
3110,568668364144398336,train,False,negative
3111,568667108252319744,test,True,negative
3112,568663431433187328,train,False,positive
3113,568662835829415936,train,True,positive
3114,568662525530628096,test,True,negative
3115,568659661861175297,train,True,positive
3116,568657247896788992,train,False,negative
3117,568656888935481344,train,False,positive
3118,568656758027063296,train,True,neutral
3119,568656507480481792,train,True,negative
3120,568656014481846272,test,False,negative
3121,568655789247762432,train,False,negative
3122,568654569976123392,train,False,negative
3123,568654556634021890,train,False,neutral
3124,568654382620782592,train,True,negative
3125,568654300802473985,train,True,neutral
3126,568654208674586624,train,True,negative
3127,568652355346022400,train,False,negative
3128,568651726858747904,train,True,negative
3129,568650724399321088,test,False,positive
3130,568650439639437313,train,True,positive
3131,568650000227565568,train,False,positive
3132,568649837610037248,train,False,negative
3133,568649643187310593,train,True,positive
3134,568648940033343488,train,False,negative
3135,568648917551697920,train,True,negative
3136,568648390738706432,test,True,negative
3137,568647206695120896,test,True,positive
3138,568646083162836992,train,True,positive
3139,568645962425446401,train,True,negative
3140,568645576008400896,train,True,negative
3141,568644260129419264,test,True,negative
3142,568643928720850944,train,False,positive
3143,568640713635676160,train,False,negative
3144,568640385117003776,train,True,neutral
3145,568639679496454144,train,False,neutral
3146,568639359127150592,train,False,negative
3147,568639242483556352,train,False,neutral
3148,568639207846989824,train,True,neutral
3149,568637541513089024,train,False,negative
3150,568635531900243968,test,False,negative
3151,568632754939805696,train,True,neutral
3152,568631066736529409,train,True,neutral
3153,568630453521022976,test,True,negative
3154,568629979719675904,test,True,positive
3155,568628841431867392,train,True,negative
3156,568627869225766912,train,False,negative
3157,568627619991650305,train,True,neutral
3158,568625959835815936,train,False,neutral
3159,568625749214642176,test,True,negative
3160,568625636639506433,train,False,negative
3161,568625014037045248,test,True,negative
3162,568624528131125248,train,True,negative
3163,568624487031132162,train,True,negative
3164,568623603496792064,train,False,negative
3165,568622671287566336,train,False,negative
3166,568621100914991104,train,True,positive
3167,568621033273602048,train,True,positive
3168,568620841325301760,train,False,negative
3169,568617891412574208,train,False,neutral
3170,568616966191226880,train,True,negative
3171,568616603568492544,train,False,negative
3172,568615916730056704,train,False,negative
3173,568615812594077696,test,False,negative
3174,568615063738646528,train,False,negative
3175,568614750508036096,train,True,negative
3176,568613354245210112,train,True,neutral
3177,568612911222026241,train,True,negative
3178,568612680937766912,train,True,neutral
3179,568612163578773504,train,False,negative
3180,568611514711552000,train,True,neutral
3181,568611413687603200,train,False,negative
3182,568611364803096577,train,False,positive
3183,568611300609118208,train,False,negative
3184,568610311487561728,train,False,positive
3185,568608982321012736,train,True,negative
3186,568608850569338880,train,True,negative
3187,568608136485056512,train,False,negative
3188,568607646204465152,train,True,negative
3189,568607402645454848,train,True,negative
3190,568607013212590080,train,True,negative
3191,568606997546999809,train,True,negative
3192,568606485716078592,train,True,negative
3193,568606225027485696,train,True,negative
3194,568606101412962304,train,True,negative
3195,568605113457242112,train,True,negative
3196,568604039430033408,train,True,neutral
3197,568603081274986496,train,False,negative
3198,568602007583354880,test,True,positive
3199,568601750074236930,train,False,neutral
3200,568600380977893376,train,False,neutral
3201,568600144406568962,train,False,negative
3202,568599168949886977,train,False,negative
3203,568598412544704512,train,True,neutral
3204,568597262378655744,train,False,negative
3205,568597062104813568,test,True,negative
3206,568596833439760384,test,True,negative
3207,568596065882017792,train,True,negative
3208,568595828232863745,train,False,negative
3209,568594708177555457,train,False,negative
3210,568594180014014464,train,True,negative
3211,568593365601820672,train,True,neutral
3212,568592520659267584,train,True,neutral
3213,568591705802469376,train,False,negative
3214,568591278805528576,train,True,negative
3215,568591158777122818,train,True,negative
3216,568590189582536704,train,False,negative
3217,568589551477886977,train,True,negative
3218,568589359034859520,train,True,positive
3219,568589019925368833,train,True,negative
3220,568588791830736896,train,True,negative
3221,568588522069733376,train,True,neutral
3222,568587181264146432,train,True,negative
3223,568585421518544897,test,False,negative
3224,568584434376577024,test,True,negative
3225,568584104641368064,train,False,negative
3226,568583773794799616,train,True,negative
3227,568583360811016192,test,False,neutral
3228,568582924729073664,test,False,negative
3229,568582403670851584,train,True,negative
3230,568580515013398528,test,False,negative
3231,568579388704292864,train,False,negative
3232,568578571129761794,train,True,negative
3233,568577596172009472,test,False,negative
3234,568576763212619777,train,False,negative
3235,568576245027336193,train,False,negative
3236,568575520406765568,train,False,neutral
3237,568575427742011392,train,False,negative
3238,568575417650679808,train,True,negative
3239,568574762433138690,train,True,neutral
3240,568574249553637377,train,False,negative
3241,568574188086296576,train,True,negative
3242,568574174677114880,train,True,neutral
3243,568574014505029632,train,True,negative
3244,568573889359556608,train,True,positive
3245,568573570114134016,train,False,negative
3246,568573387817291776,train,False,negative
3247,568572835666522112,test,False,neutral
3248,568572753403650049,test,True,negative
3249,568572666178883584,train,False,negative
3250,568571642265227264,train,False,negative
3251,568570905690898432,train,False,negative
3252,568568938960805888,train,True,negative
3253,568568593262231552,train,True,positive
3254,568568197147799552,train,False,negative
3255,568567425106628609,train,False,negative
3256,568567048801906688,train,False,positive
3257,568566729992847360,test,False,neutral
3258,568565044994158592,train,False,negative
3259,568564957740175360,test,True,negative
3260,568564799593820161,train,True,negative
3261,568564757172764672,train,False,negative
3262,568564675312545792,train,True,negative
3263,568564485457252352,test,False,negative
3264,568564006329434113,train,False,positive
3265,568563494313857025,train,False,negative
3266,568563462995099649,train,True,negative
3267,568562804837490688,train,True,negative
3268,568562765654159361,train,False,negative
3269,568562718854111233,train,True,negative
3270,568562613040197634,train,True,negative
3271,568562512284659713,test,True,negative
3272,568561858875142144,train,False,negative
3273,568561041774231553,train,True,negative
3274,568560510896963584,train,True,negative
3275,568560083103137793,train,True,negative
3276,568559680894550016,train,False,positive
3277,568558728263254017,test,True,negative
3278,568558478039625728,train,True,negative
3279,568558135637463040,test,True,positive
3280,568558050635747328,train,True,negative
3281,568557220473884672,train,True,negative
3282,568556636068921344,train,False,positive
3283,568556238012678144,test,False,positive
3284,568555130624217089,test,False,negative
3285,568555022209847296,test,True,neutral
3286,568553155937452034,train,False,negative
3287,568553014786547712,train,True,negative
3288,568552943005224961,train,False,negative
3289,568552711840358401,test,True,positive
3290,568552347812524032,train,False,negative
3291,568549214696935424,train,True,negative
3292,568549060103135232,train,False,positive
3293,568548205421563906,train,False,positive
3294,568547227527819264,train,True,positive
3295,568547007003955200,train,False,positive
3296,568545648284340224,train,True,negative
3297,568544738032242688,test,False,positive
3298,568542661684015105,test,False,positive
3299,568541544506114048,train,True,negative
3300,568541325735415808,train,False,negative
3301,568541016472432641,train,False,positive
3302,568540843323338752,train,False,negative
3303,568539224770637825,train,False,negative
3304,568538872637816832,train,True,negative
3305,568538044703178752,test,False,neutral
3306,568537219822010368,train,False,negative
3307,568536972072865792,train,False,negative
3308,568536646963970048,train,False,neutral
3309,568536634058084352,train,True,negative
3310,568536558279593985,train,False,neutral
3311,568535677027028992,train,True,negative
3312,568535502996905984,test,True,neutral
3313,568534166742003712,train,True,neutral
3314,568534107875119105,test,False,negative
3315,568533371602608128,train,False,neutral
3316,568533330557186048,train,True,negative
3317,568532825281937408,test,True,positive
3318,568532050979893249,train,True,negative
3319,568530234368069632,train,True,negative
3320,568528656584146944,train,False,positive
3321,568527517910319104,train,True,positive
3322,568527393754738688,test,True,neutral
3323,568527304348942336,test,True,neutral
3324,568527292135133184,test,False,negative
3325,568526386249351168,train,True,negative
3326,568526349565972480,train,True,negative
3327,568526136017342464,train,False,neutral
3328,568525567575744512,train,True,neutral
3329,568524550251479040,test,False,negative
3330,568522747501895680,train,False,neutral
3331,568522028627533824,train,False,negative
3332,568520126095441920,train,False,positive
3333,568519880711872512,train,False,positive
3334,568516490405679104,train,True,positive
3335,568516063001853952,train,True,negative
3336,568515696197439489,train,True,negative
3337,568515553666539520,train,True,positive
3338,568515101319254016,train,False,positive
3339,568514213921947648,train,False,positive
3340,568513007849840640,test,True,positive
3341,568512847178645505,train,False,negative
3342,568511969335984128,train,True,negative
3343,568509763048357888,test,True,negative
3344,568509134276050945,train,False,negative
3345,568508151852457985,train,True,negative
3346,568507977235365888,train,True,negative
3347,568506885130682369,train,False,negative
3348,568506797805318144,test,True,positive
3349,568506752607498241,test,False,negative
3350,568505228062023680,train,True,negative
3351,568503887113498625,train,True,neutral
3352,568503322828783617,test,True,neutral
3353,568503174413225984,train,True,negative
3354,568503120130658305,train,True,negative
3355,568503048961724417,train,False,negative
3356,568502210268692480,train,False,negative
3357,568502194854612992,test,False,negative
3358,568497542100586497,test,False,negative
3359,568496673237929984,train,False,negative
3360,568496575716175872,train,False,negative
3361,568495877003857920,test,False,negative
3362,568494813655527424,train,True,negative
3363,568494749247778816,train,True,negative
3364,568493806414381058,train,False,negative
3365,568493336698490880,train,False,negative
3366,568493245191364609,train,False,neutral
3367,568493225788510209,train,True,negative
3368,568492898553102337,test,True,negative
3369,568491094327078912,train,True,neutral
3370,568490726419517441,train,True,negative
3371,568489967808327682,train,True,negative
3372,568487509958774784,train,False,negative
3373,568486216464785408,train,True,neutral
3374,568485707993497603,train,True,neutral
3375,568484777336172546,test,False,negative
3376,568484603658420224,train,False,negative
3377,568484161356476416,train,True,negative
3378,568482353254928384,train,False,neutral
3379,568481989776564224,test,False,negative
3380,568481405681999872,train,False,neutral
3381,568479942146707456,train,False,negative
3382,568476370130628608,train,True,negative
3383,568475497275002880,train,True,negative
3384,568475039680434176,train,True,negative
3385,568474931207352320,train,True,positive
3386,568474866753667072,test,False,negative
3387,568473862083461121,train,True,neutral
3388,568473140654788609,test,False,negative
3389,568471651114811393,train,True,negative
3390,568471227418832896,train,False,neutral
3391,568469807189790720,train,True,negative
3392,568469582295379969,train,True,negative
3393,568468959663489025,train,True,positive
3394,568468732441276416,train,False,neutral
3395,568468724048646145,train,False,negative
3396,568468409471492096,train,True,positive
3397,568468054306193408,train,True,positive
3398,568466895554408448,train,True,neutral
3399,568466673990307840,train,False,negative
3400,568466370205237248,train,True,negative
3401,568466243210108928,train,False,negative
3402,568465710629826560,test,True,positive
3403,568464076122279937,train,False,negative
3404,568463707795095552,train,False,neutral
3405,568463644503240704,train,False,neutral
3406,568462632719491072,train,False,negative
3407,568462402875863041,train,True,positive
3408,568462177415372801,test,True,positive
3409,568461830584029184,train,True,neutral
3410,568460680367644672,train,True,negative
3411,568460278662193152,train,False,negative
3412,568460037737324545,train,False,neutral
3413,568458999798108160,test,True,negative
3414,568458813189197824,train,True,negative
3415,568458701046050816,train,False,neutral
3416,568457810066800640,train,True,negative
3417,568457549973987328,train,True,negative
3418,568457483301339136,train,False,negative
3419,568456895515607040,train,True,neutral
3420,568456844429160448,train,True,neutral
3421,568454694756069376,train,True,neutral
3422,568454607040606208,train,True,negative
3423,568454386617356291,train,True,negative
3424,568450710553174016,train,True,neutral
3425,568450642085171200,train,False,negative
3426,568450413365571584,train,False,neutral
3427,568450262706167808,train,True,negative
3428,568450237028798464,test,True,neutral
3429,568450017649778688,train,True,positive
3430,568449164951953408,test,True,positive
3431,568446906524950528,train,True,negative
3432,568444328873467905,test,False,negative
3433,568444042851323904,test,True,negative
3434,568443923485437952,test,True,positive
3435,568441968327573504,train,False,negative
3436,568441679503495169,train,False,positive
3437,568438982301917184,test,True,negative
3438,568438724708544514,train,True,neutral
3439,568438094652956673,train,False,negative
3440,568437450927955969,train,True,positive
3441,568437324587012096,train,True,negative
3442,568437120966258688,train,False,neutral
3443,568435938264625152,train,True,neutral
3444,568435290722975745,train,False,negative
3445,568435244841500673,train,True,neutral
3446,568434065067491328,train,True,negative
3447,568433759919452160,test,True,positive
3448,568433610765815808,train,False,negative
3449,568433493987844096,train,True,negative
3450,568433431471886336,train,False,negative
3451,568432918110064640,train,False,negative
3452,568432782386466816,train,True,negative
3453,568431125502144512,train,True,negative
3454,568431007654924288,train,True,negative
3455,568429641699954688,train,False,neutral
3456,568428971504889856,train,False,negative
3457,568426849040261120,train,False,negative
3458,568425564282998785,train,True,negative
3459,568424596657078272,test,False,negative
3460,568424482764931072,train,True,positive
3461,568424307031805952,test,False,negative
3462,568422817601097728,train,False,neutral
3463,568422622922469376,train,True,neutral
3464,568421732157161472,train,True,negative
3465,568419711521841152,train,False,negative
3466,568418165853540352,test,True,negative
3467,568417968230694912,train,False,neutral
3468,568417151176060929,train,False,negative
3469,568416493446270976,train,True,negative
3470,568414872578465792,test,True,negative
3471,568413096940666881,train,False,negative
3472,568412555045179393,train,True,negative
3473,568412546673352705,train,False,positive
3474,568411566233804802,train,False,neutral
3475,568411504497856512,train,True,negative
3476,568408759019524097,train,True,negative
3477,568408653562294272,train,False,positive
3478,568406334787457024,train,True,neutral
3479,568405095060099072,train,True,positive
3480,568401790250700800,test,True,negative
3481,568399913358221312,test,True,negative
3482,568396209091702784,train,False,negative
3483,568396205270691840,train,False,negative
3484,568391639158226944,train,True,negative
3485,568390014238916608,train,False,neutral
3486,568388502431395840,train,False,negative
3487,568385303267782656,train,True,neutral
3488,568383474303959041,train,True,neutral
3489,568382290352590848,train,False,negative
3490,568381535063306241,train,True,negative
3491,568380957012525057,test,False,negative
3492,568380302114086912,train,False,negative
3493,568380045431058432,train,True,negative
3494,568379326678368256,train,True,positive
3495,568375354982842368,test,True,negative
3496,568374502582816768,train,True,negative
3497,568372335012679680,train,False,neutral
3498,568371161484161025,train,True,negative
3499,568370280415899648,train,True,negative
3500,568366109461606400,train,True,negative
3501,568364889280020481,train,True,negative
3502,568363838158065664,train,False,neutral
3503,568360704652279809,train,False,neutral
3504,568358096290111489,train,False,positive
3505,568356641877446656,train,True,negative
3506,568356065428918272,train,True,neutral
3507,568355672225673216,train,False,positive
3508,568355601144680448,train,True,neutral
3509,568354331503828992,train,True,neutral
3510,568353091407495168,train,False,negative
3511,568352803892150273,test,True,positive
3512,568352692466278400,train,False,negative
3513,568352500748849153,train,False,negative
3514,568352134422511616,train,False,negative
3515,568351842217947136,train,False,negative
3516,568350913858965504,train,True,positive
3517,568342540837105664,train,False,neutral
3518,568337096177528832,test,False,neutral
3519,568332024802447361,train,False,negative
3520,568328533421867008,train,True,negative
3521,568323479826771968,train,True,negative
3522,568309328127655936,test,True,neutral
3523,568308793005617152,train,False,negative
3524,568308464985903104,train,False,negative
3525,568303933774532608,train,True,negative
3526,568302985802956800,train,True,neutral
3527,568298659537915904,train,False,negative
3528,568298411163852800,train,False,negative
3529,568295728272900096,train,False,negative
3530,568291966909181952,train,False,neutral
3531,568290894992039936,train,False,positive
3532,568288672627318784,train,False,negative
3533,568287936820572160,train,True,negative
3534,568286497796812800,test,False,negative
3535,568283819477839872,test,False,negative
3536,568282692845842432,test,True,negative
3537,568282656590282754,train,False,negative
3538,568281801480904704,train,False,neutral
3539,568281631443841024,train,False,neutral
3540,568281546999754752,train,True,neutral
3541,568280611552681985,train,False,negative
3542,568280527305715712,train,True,neutral
3543,568279456780980226,train,True,negative
3544,568278936561401856,train,False,negative
3545,568278231973044225,train,False,positive
3546,568276805972570112,train,False,negative
3547,568276144107200512,train,True,neutral
3548,568275733736353792,train,True,neutral
3549,568275380441726977,train,False,negative
3550,568275123037286400,train,True,neutral
3551,568274855814152192,train,True,neutral
3552,568272841780682752,train,True,neutral
3553,568272715519561728,train,False,neutral
3554,568272688273174528,train,True,negative
3555,568272244792631296,train,False,negative
3556,568271741207891968,train,False,negative
3557,568271533782622209,train,True,negative
3558,568270132956409857,train,True,positive
3559,568269181394817024,train,True,negative
3560,568268831228964864,train,True,negative
3561,568267340405542914,train,True,neutral
3562,568266890499346432,train,True,negative
3563,568266347450273793,train,True,positive
3564,568265475114663936,test,True,negative
3565,568264441906618368,train,False,neutral
3566,568264293478744064,test,False,positive
3567,568263079789608961,train,False,negative
3568,568262694123339776,train,True,negative
3569,568262481698803712,train,False,neutral
3570,568261238444167170,test,False,negative
3571,568261172610220033,train,False,negative
3572,568260084230455296,train,False,negative
3573,568259835474677760,train,False,negative
3574,568259593773518848,train,True,neutral
3575,568258906159501312,train,True,negative
3576,568258846235316225,train,False,negative
3577,568258545772335104,train,False,neutral
3578,568257389402710016,train,False,neutral
3579,568256563829293056,train,False,negative
3580,568255550070362113,train,False,negative
3581,568254094739148800,test,True,negative
3582,568252997886545920,train,False,negative
3583,568252909231738880,train,True,negative
3584,568252805036638209,train,False,negative
3585,568252787756302336,train,False,negative
3586,568250452057427970,train,True,negative
3587,568250159689113600,train,False,negative
3588,568250065845944321,train,True,neutral
3589,568250000028925952,test,True,negative
3590,568249421877653505,train,True,negative
3591,568249367590768640,train,False,neutral
3592,568249132323770368,train,False,negative
3593,568248950450311169,train,True,negative
3594,568248416418926594,train,False,negative
3595,568248245563969536,train,False,positive
3596,568248180057325568,train,True,neutral
3597,568246093856641024,train,False,negative
3598,568244663154393088,train,True,negative
3599,568243964983308289,train,True,negative
3600,568241367396192256,train,True,neutral
3601,568240029413163008,train,True,neutral
3602,568239444500865025,train,False,positive
3603,568238725626355712,test,True,negative
3604,568238227791822850,train,False,positive
3605,568237684277141504,train,True,negative
3606,568237654606680064,train,True,positive
3607,568237611208318976,train,True,neutral
3608,568236691397279745,train,False,negative
3609,568236000390082560,train,False,neutral
3610,568234955672694784,train,True,negative
3611,568234670166568960,train,False,negative
3612,568234631465734144,train,True,negative
3613,568233965800304640,train,False,positive
3614,568233193738018817,train,True,negative
3615,568232723170484224,train,True,negative
3616,568231742449922049,train,True,negative
3617,568231586585550848,train,True,positive
3618,568231529823891456,test,True,positive
3619,568230767714799616,train,False,neutral
3620,568230620595417088,test,True,neutral
3621,568229032652709888,train,False,neutral
3622,568228749696577536,train,True,positive
3623,568228505160433665,train,False,negative
3624,568228257037856768,train,False,negative
3625,568228124263124992,train,True,positive
3626,568226940139782144,train,False,negative
3627,568226026209341441,train,False,neutral
3628,568225650760413184,test,True,neutral
3629,568225310753353728,train,True,neutral
3630,568224469480833024,train,False,negative
3631,568223557806915585,train,True,negative
3632,568221167288344577,train,True,positive
3633,568218887973703680,test,True,negative
3634,568217863611404288,train,True,negative
3635,568217304259010560,test,True,neutral
3636,568217301243133952,train,False,neutral
3637,568215213620637696,train,True,positive
3638,568215154569166848,train,False,positive
3639,568215031608815617,train,True,positive
3640,568215000306724864,train,True,neutral
3641,568214796514004992,train,True,positive
3642,568213785426726912,test,False,negative
3643,568212521657737216,train,True,neutral
3644,568210978447323136,train,True,neutral
3645,568210563991363584,train,False,negative
3646,568210483959836672,test,True,neutral
3647,568207908057567232,train,True,neutral
3648,568206570540163072,train,True,negative
3649,568206538147364864,train,True,neutral
3650,568206350804770816,train,False,negative
3651,568206092599218176,test,False,neutral
3652,568205117368836096,train,False,negative
3653,568204808122974209,train,True,negative
3654,568204231271796736,train,True,positive
3655,568204182676578304,train,False,negative
3656,568204138091307008,train,False,negative
3657,568204042964332544,train,False,positive
3658,568203839242764288,test,True,positive
3659,568203785996263424,train,True,positive
3660,568203369053077505,train,True,negative
3661,568202174917976064,test,True,negative
3662,568201465958772736,train,True,positive
3663,568200385849995264,train,True,negative
3664,568199122903293952,test,True,positive
3665,568198349393768448,train,False,positive
3666,568195829238005760,train,True,negative
3667,568195153464143872,train,True,neutral
3668,568194770524221440,train,False,negative
3669,568194744574214144,train,False,neutral
3670,568193817943257088,train,True,negative
3671,568192567348604928,train,True,negative
3672,568192024026996736,train,False,neutral
3673,568191963838746624,train,True,neutral
3674,568191654986792960,train,False,positive
3675,568191336764948480,train,False,negative
3676,568190725319311360,train,True,negative
3677,568190276990140417,train,False,neutral
3678,568189949415170048,train,False,negative
3679,568189520992198656,train,True,neutral
3680,568189430202130432,train,True,negative
3681,568189390444310528,test,False,neutral
3682,568188415524642816,train,False,negative
3683,568188203397574656,test,True,positive
3684,568187636449472513,train,True,negative
3685,568186803930464256,train,False,positive
3686,568186573965172736,train,False,negative
3687,568186071114252288,train,True,positive
3688,568186047659507712,test,False,neutral
3689,568185516971204608,test,False,positive
3690,568185339245756416,train,True,negative
3691,568185323668291584,train,False,negative
3692,568184886051389440,train,False,negative
3693,568184857538498560,train,False,negative
3694,568184231819481088,train,True,negative
3695,568183699658944512,train,False,negative
3696,568183509577125888,train,True,negative
3697,568183502161743873,train,True,negative
3698,568181167054196736,train,False,negative
3699,568180799838801920,train,False,positive
3700,568180768804978688,train,True,negative
3701,568180525644398593,train,True,negative
3702,568179591480811521,train,True,negative
3703,568179117851578369,test,False,neutral
3704,568178946585579520,test,False,negative
3705,568178665189711872,test,False,negative
3706,568178240101191681,test,False,negative
3707,568177910101745666,test,False,negative
3708,568177609281896449,train,True,negative
3709,568177521327509504,test,False,negative
3710,568177321724620800,test,False,negative
3711,568176925845237760,train,True,neutral
3712,568176902801735680,train,False,negative
3713,568176862159110144,test,False,negative
3714,568176078595985408,test,True,negative
3715,568174139531513856,train,False,positive
3716,568173937714028544,train,True,negative
3717,568172170569887744,train,True,neutral
3718,568170840174538752,train,False,negative
3719,568170564289867776,train,True,negative
3720,568170405552205824,train,True,negative
3721,568170198433460224,train,True,negative
3722,568168661732724736,train,False,positive
3723,568168460468895745,train,True,positive
3724,568167900919382017,train,True,negative
3725,568166403246850050,train,True,negative
3726,568166195758829568,test,False,negative
3727,568166099184783360,test,True,negative
3728,568166054624669696,test,True,negative
3729,568166027726434304,train,False,positive
3730,568165907975053312,test,True,positive
3731,568165349004316672,train,False,negative
3732,568165339290169344,train,True,negative
3733,568164374248067072,train,True,negative
3734,568164165090709504,train,True,negative
3735,568162409837400064,train,True,negative
3736,568161901089132544,train,True,negative
3737,568161023091478530,train,True,positive
3738,568159685238329344,train,False,negative
3739,568159364550406144,train,True,negative
3740,568159085356384256,train,False,negative
3741,568158670489387008,test,True,positive
3742,568158656522539008,train,False,negative
3743,568158459553714176,train,False,negative
3744,568157757406183424,train,False,negative
3745,568157451729526784,train,True,negative
3746,568157049344937984,train,True,negative
3747,568156641339805697,train,False,neutral
3748,568155450824216578,train,False,negative
3749,568155289146363904,train,False,negative
3750,568154805362950146,train,True,negative
3751,568153151636766721,train,False,negative
3752,568152968257613824,train,False,positive
3753,568149600403660800,train,False,positive
3754,568149201466617856,train,False,negative
3755,568148294087479296,train,False,negative
3756,568148282762874881,train,True,negative
3757,568148251569999873,train,False,negative
3758,568148213418455041,train,True,positive
3759,568148149610483712,test,False,negative
3760,568147319155073024,test,True,negative
3761,568144896852299776,test,False,negative
3762,568144894964994048,train,True,negative
3763,568144831496593408,train,False,negative
3764,568144589162287105,train,True,negative
3765,568143658089717761,train,True,negative
3766,568141442951942146,train,False,neutral
3767,568141110217805824,train,True,negative
3768,568140850963881984,train,True,negative
3769,568140595580919808,train,False,negative
3770,568140506116571136,train,True,positive
3771,568138258108051457,train,True,neutral
3772,568137238267047936,train,True,positive
3773,568135523530899456,test,False,neutral
3774,568134243177463815,train,True,negative
3775,568134171761065984,train,True,negative
3776,568133255410671617,train,True,neutral
3777,568132619092795392,train,False,negative
3778,568132185741500416,train,True,negative
3779,568129947752992768,train,False,negative
3780,568129909408841728,train,False,negative
3781,568129848910204929,train,True,negative
3782,568129661227499524,train,True,negative
3783,568129652625158147,test,True,negative
3784,568128387576762370,train,True,negative
3785,568127465224323072,train,False,neutral
3786,568127152450871296,train,True,negative
3787,568123356899250176,train,False,negative
3788,568123268231602176,train,False,negative
3789,568123098546843648,train,True,negative
3790,568122371854307328,train,True,negative
3791,568122284474544128,test,False,neutral
3792,568121964444950529,train,True,positive
3793,568118981170606080,test,False,negative
3794,568118452965085184,test,True,positive
3795,568117667879628800,train,True,negative
3796,568116996761452544,train,True,negative
3797,568116146899169280,train,False,negative
3798,568115946738597888,train,True,positive
3799,568115588024963072,train,False,negative
3800,568115014139162625,train,True,negative
3801,568114394397147137,train,True,neutral
3802,568112237765722113,train,True,negative
3803,568111503812870144,train,False,negative
3804,568110568097374208,test,True,neutral
3805,568109963509415936,train,True,negative
3806,568109878754934784,train,False,negative
3807,568109598034554880,train,False,negative
3808,568109592338518016,train,True,negative
3809,568109565796958209,train,False,negative
3810,568108909480824832,train,True,neutral
3811,568107551553794049,train,True,negative
3812,568107363195973633,train,True,negative
3813,568105932917481472,train,True,negative
3814,568105220410105857,train,False,negative
3815,568104397869350912,train,False,positive
3816,568103618500530176,train,True,neutral
3817,568101609894342656,train,False,negative
3818,568101444391276544,train,False,negative
3819,568101176551452673,train,True,negative
3820,568100858954522625,train,False,negative
3821,568100000418250752,train,False,negative
3822,568099620456423424,test,True,negative
3823,568098115988918273,train,True,negative
3824,568096772939067392,train,False,positive
3825,568096711450566657,train,False,negative
3826,568095956866093057,train,False,neutral
3827,568095662262358016,train,False,neutral
3828,568094839063089153,test,True,negative
3829,568094342302322688,train,True,positive
3830,568094311159476224,train,True,negative
3831,568093443823693824,train,True,negative
3832,568092350355865600,train,True,negative
3833,568092209368719360,test,False,negative
3834,568092044964421632,test,False,neutral
3835,568091960709230592,train,False,negative
3836,568090924141703169,train,True,neutral
3837,568090851907207169,train,True,negative
3838,568090000199270400,train,True,negative
3839,568089179520954368,train,True,positive
3840,568088967419023360,train,False,negative
3841,568088470712950784,train,True,negative
3842,568087744078954497,test,False,negative
3843,568087085120233473,train,False,negative
3844,568086132346322945,train,True,negative
3845,568085949663584256,train,False,positive
3846,568085636592349184,train,False,negative
3847,568084717481775104,train,True,negative
3848,568084167390564353,train,False,negative
3849,568082658741215235,train,True,negative
3850,568081386520723456,train,True,negative
3851,568081281910587392,train,True,negative
3852,568080133195755520,train,False,negative
3853,568078967602860032,train,True,neutral
3854,568078441364393985,train,True,negative
3855,568077514905505792,train,True,negative
3856,568077199162658816,test,True,neutral
3857,568076556997775360,train,True,neutral
3858,568072822955896832,train,True,neutral
3859,568072136192966656,train,False,neutral
3860,568071159285022720,test,True,neutral
3861,568070338438963200,train,True,negative
3862,568068509613178880,test,True,negative
3863,568068468261519360,train,False,negative
3864,568068216972423169,train,False,negative
3865,568067938843893761,test,True,negative
3866,568067622698291200,test,False,neutral
3867,568067535599505408,train,True,negative
3868,568067065388642304,test,False,positive
3869,568064842466250752,train,True,negative
3870,568064545568092160,train,True,positive
3871,568063784318832640,train,True,negative
3872,568062811856703489,train,True,negative
3873,568062560198664192,train,True,neutral
3874,568061931761864704,train,True,neutral
3875,568061117429231616,train,False,negative
3876,568059091848962048,train,True,negative
3877,568058934428372992,train,False,positive
3878,568057346607460354,train,True,neutral
3879,568057226776219648,train,True,negative
3880,568057046303576065,train,True,negative
3881,568056439291256832,test,True,neutral
3882,568055509795901440,train,False,negative
3883,568054377421901824,train,True,negative
3884,568052677881565185,test,True,negative
3885,568049646062444544,train,True,negative
3886,568049335235010562,train,True,positive
3887,568048515932426241,test,False,negative
3888,568047650945298432,test,False,negative
3889,568047159746174976,test,False,negative
3890,568046603916996609,train,True,negative
3891,568046298080923649,test,False,negative
3892,568043126775943168,train,False,neutral
3893,568042973688139777,test,True,negative
3894,568039503602065408,train,True,negative
3895,568037880859222016,test,True,positive
3896,568037433503145984,test,True,negative
3897,568036157482602497,test,False,negative
3898,568036095088160768,test,False,negative
3899,568035703768154112,test,True,neutral
3900,568034650477580289,train,False,neutral
3901,568034530667274240,train,True,negative
3902,568031932719566849,train,False,positive
3903,568030057769410560,train,False,negative
3904,568023874970861568,test,False,negative
3905,568020431036420096,test,False,negative
3906,568017128286261248,train,True,negative
3907,568011684067078144,train,False,negative
3908,568005542997860352,train,False,neutral
3909,567999609248858112,train,True,neutral
3910,567997819560333313,train,False,neutral
3911,567987484556013568,train,True,neutral
3912,567987284613545984,train,True,negative
3913,567985715017072640,test,False,negative
3914,567985483135000576,test,False,negative
3915,567985128422690816,test,False,negative
3916,567984939221852160,test,True,negative
3917,567982195471736833,train,True,neutral
3918,567969159927205888,train,True,negative
3919,567968123917242369,train,False,negative
3920,567967937446834177,train,False,negative
3921,567967872263331840,train,True,neutral
3922,567967189237518337,train,False,negative
3923,567966853068251136,train,True,negative
3924,567963422903705601,train,False,neutral
3925,567962289460137984,train,True,neutral
3926,567960564023967745,train,True,positive
3927,567957027093245952,train,True,neutral
3928,567953560362733568,train,True,negative
3929,567952115588423681,train,False,negative
3930,567951376480907264,train,False,negative
3931,567950122245623808,train,False,negative
3932,567949332395249664,train,False,negative
3933,567947943593926657,train,False,negative
3934,567946616792952832,train,True,negative
3935,567946595481706496,train,False,neutral
3936,567945572746792962,train,True,negative
3937,567940050186604545,train,True,negative
3938,567939727023673344,train,False,negative
3939,567939242854215680,train,True,negative
3940,567938175634702336,train,False,negative
3941,567936625453318144,train,True,negative
3942,567935142418780161,train,True,negative
3943,567931026686767104,test,True,negative
3944,567929586077425664,train,False,negative
3945,567927725815496704,test,True,negative
3946,567927596572360704,test,False,negative
3947,567927503718731777,train,True,negative
3948,567925054853496832,train,True,neutral
3949,567924953976152064,train,False,negative
3950,567924107183915009,train,True,positive
3951,567922347669262336,test,True,negative
3952,567921825948250112,train,True,negative
3953,567921406807261184,train,False,negative
3954,567920067364540416,train,False,negative
3955,567919961055711232,train,True,neutral
3956,567919558649995264,train,False,negative
3957,567919391515348992,train,False,negative
3958,567919301732098048,train,True,negative
3959,567918545046081537,train,False,positive
3960,567916798747619328,test,False,negative
3961,567913659650805760,train,True,negative
3962,567912190788771840,test,True,neutral
3963,567907430069329920,train,False,positive
3964,567905267033055233,train,True,negative
3965,567902121992921088,train,False,negative
3966,567901996763602945,train,True,negative
3967,567901267063803904,test,True,neutral
3968,567900686089719812,test,False,negative
3969,567900456460165120,train,True,negative
3970,567899010045988865,test,False,negative
3971,567898499540340736,train,True,negative
3972,567897640035160064,test,True,negative
3973,567895584625020928,train,False,positive
3974,567895319951835137,train,True,negative
3975,567895211575111680,train,False,positive
3976,567895077189627905,train,False,negative
3977,567894808439570433,train,False,negative
3978,567894706325188608,train,False,negative
3979,567894187900710912,train,True,neutral
3980,567893924699770880,train,True,negative
3981,567893808022568961,train,False,positive
3982,567893704058474496,train,False,neutral
3983,567892395867656193,test,True,negative
3984,567892179953262592,train,True,negative
3985,567891481555382272,test,True,negative
3986,567890765134852096,test,True,negative
3987,567889601869668352,train,False,neutral
3988,567887301021413376,train,True,negative
3989,567886909516685312,test,True,negative
3990,567886894761005056,train,False,negative
3991,567886700275310592,train,False,negative
3992,567886241179377664,train,False,negative
3993,567886093749604353,train,True,negative
3994,567886091975462912,test,False,negative
3995,567885401714589696,test,True,negative
3996,567884863031762945,train,True,positive
3997,567884646270267392,test,True,negative
3998,567883674462588929,test,True,positive
3999,567883485542658048,train,True,negative
4000,567883246433878018,train,False,negative
4001,567883234614210560,train,False,negative
4002,567882603405008896,train,False,negative
4003,567882458357714944,train,True,negative
4004,567881459161260032,test,False,negative
4005,567881305754595328,test,False,negative
4006,567880317345771520,train,True,neutral
4007,567877584341479424,train,False,negative
4008,567876794788872192,train,False,neutral
4009,567875594785923072,train,False,negative
4010,567875130824658946,train,False,negative
4011,567874134174101504,train,False,negative
4012,567873519356284928,train,False,neutral
4013,567873467401371648,train,True,positive
4014,567872769049825280,test,False,negative
4015,567872614296862720,train,True,neutral
4016,567872182136619008,train,False,negative
4017,567872136745852928,train,True,neutral
4018,567871780188061696,train,False,negative
4019,567871439585435648,train,False,negative
4020,567870608152793088,train,False,negative
4021,567869544049414145,test,False,neutral
4022,567869009661665280,train,True,positive
4023,567868808586620928,train,False,negative
4024,567868544572063744,train,True,positive
4025,567867311744380928,train,True,positive
4026,567867168429182976,train,True,neutral
4027,567864939349557248,train,False,neutral
4028,567864117047865344,test,False,negative
4029,567863121479536641,train,True,neutral
4030,567863082346627072,train,False,negative
4031,567862940348579840,train,False,negative
4032,567862586374529026,train,True,negative
4033,567862454576787456,train,False,negative
4034,567862181208805376,train,False,negative
4035,567861975419457537,train,False,positive
4036,567861727833894913,train,True,negative
4037,567857491284877312,train,True,neutral
4038,567856598762156032,train,True,neutral
4039,567855926486667265,train,True,negative
4040,567855470142197760,train,True,neutral
4041,567854782678982656,train,True,positive
4042,567853668608925696,test,True,negative
4043,567853644420423680,test,True,negative
4044,567853497435160577,train,True,negative
4045,567853052943663104,train,False,negative
4046,567852704980017152,train,True,negative
4047,567852278893416448,train,True,neutral
4048,567851359178989568,train,False,negative
4049,567851352249868288,test,False,negative
4050,567850537716092928,test,True,positive
4051,567850015600685056,test,True,negative
4052,567849597931888640,train,False,negative
4053,567848852943953920,test,False,positive
4054,567848544893169664,train,True,neutral
4055,567848374113693697,train,True,negative
4056,567848201505476608,test,True,negative
4057,567847753277120512,train,True,positive
4058,567845953245413376,train,True,positive
4059,567845500205936640,train,False,negative
4060,567845492849287169,train,False,negative
4061,567845165781532672,test,True,negative
4062,567844852135645186,train,False,neutral
4063,567844774994014208,train,False,negative
4064,567844362601697280,train,False,positive
4065,567842806930239488,train,False,positive
4066,567842015418978304,test,False,negative
4067,567841954484068353,train,True,negative
4068,567841308452249600,train,False,negative
4069,567839160779730944,train,False,neutral
4070,567838896731615234,test,False,neutral
4071,567838799243309056,train,True,negative
4072,567837709093347328,train,False,negative
4073,567837314782765056,train,False,negative
4074,567835857929035776,train,True,negative
4075,567834498655604736,train,False,negative
4076,567833916196843520,train,True,negative
4077,567833666925121536,test,True,negative
4078,567832640289579008,train,True,positive
4079,567831549539966976,test,False,negative
4080,567831351195484160,train,True,negative
4081,567830916950822912,test,True,negative
4082,567829834618904576,train,False,negative
4083,567829543723102208,test,True,negative
4084,567828973893259264,train,True,negative
4085,567828700726620160,train,True,negative
4086,567827860280324096,train,True,negative
4087,567827498660159489,train,True,negative
4088,567827442657677313,train,False,negative
4089,567827275619549184,test,False,negative
4090,567827039790571520,test,True,neutral
4091,567826439392927744,train,True,positive
4092,567826054522617858,train,True,negative
4093,567825347439370240,train,False,negative
4094,567824276414558208,test,True,negative
4095,567824271234592769,train,True,negative
4096,567824229296566272,train,False,negative
4097,567823707160354816,train,True,negative
4098,567823510245236739,test,True,negative
4099,567822865844928512,train,False,negative
4100,567822848878968832,test,True,negative
4101,567822779501846528,test,True,negative
4102,567822648047321088,train,True,negative
4103,567822613608718336,train,False,negative
4104,567822548545859587,train,False,negative
4105,567822377473728513,test,True,negative
4106,567822065471860736,train,True,negative
4107,567821292797186048,train,True,negative
4108,567821166775156736,train,False,negative
4109,567821133245067264,train,False,negative
4110,567820210264137729,train,True,negative
4111,567819066708226048,train,False,negative
4112,567818953881419776,train,True,positive
4113,567818055771918336,train,False,positive
4114,567816475898310656,train,False,neutral
4115,567816155369570304,train,True,negative
4116,567816074898513920,train,True,negative
4117,567815174045868032,train,False,neutral
4118,567814641918832640,train,True,neutral
4119,567814633047728128,test,True,negative
4120,567814334228774912,train,True,negative
4121,567814121870348289,train,False,negative
4122,567814094678675458,train,True,negative
4123,567814001212809216,train,False,neutral
4124,567813839539159040,train,False,negative
4125,567813037454917632,train,False,neutral
4126,567812841081688064,train,True,negative
4127,567812349895245824,train,True,negative
4128,567812160253865984,train,False,negative
4129,567811913586876417,train,False,negative
4130,567811376686637056,train,False,negative
4131,567811360404336641,train,False,neutral
4132,567811306900975616,train,False,negative
4133,567811268900556802,train,True,negative
4134,567811236231954433,train,False,positive
4135,567810811491524608,train,True,negative
4136,567810274083782657,train,True,neutral
4137,567809206314668033,train,True,positive
4138,567808424696893440,train,False,neutral
4139,567808255566602240,train,False,neutral
4140,567806898549051392,test,False,negative
4141,567806788708626433,train,False,neutral
4142,567806151191191553,train,False,negative
4143,567805894885638144,train,True,neutral
4144,567805339790475264,train,True,negative
4145,567805230550634496,train,True,negative
4146,567805176388788224,train,False,negative
4147,567805001050890240,train,False,negative
4148,567804951288901634,train,True,negative
4149,567804663303798784,train,False,neutral
4150,567804646157475840,train,True,neutral
4151,567804488687345665,train,False,neutral
4152,567804350040416256,train,False,negative
4153,567802900480585728,train,True,neutral
4154,567802723127803905,train,False,neutral
4155,567802662026014720,train,False,positive
4156,567802653078728705,test,False,negative
4157,567802111321444352,train,True,neutral
4158,567802015527755776,train,False,neutral
4159,567801519207374849,train,False,positive
4160,567801163581546496,train,True,negative
4161,567800930683609088,test,True,negative
4162,567800823674310658,train,True,negative
4163,567799935173947392,train,False,negative
4164,567798535262060544,train,True,positive
4165,567798174946172928,train,True,negative
4166,567797955202416641,train,False,neutral
4167,567797894431117312,train,True,negative
4168,567797429517692928,train,False,negative
4169,567797327071838208,train,True,positive
4170,567796570197086208,train,False,positive
4171,567796247672721409,train,False,neutral
4172,567794720425144321,test,True,negative
4173,567794573495250944,train,False,neutral
4174,567794017593991169,train,True,negative
4175,567793696956231680,train,True,negative
4176,567793494695157760,train,True,negative
4177,567793423248547840,train,True,neutral
4178,567793064221130752,train,False,negative
4179,567792433687175168,train,True,negative
4180,567791786145378304,train,True,negative
4181,567791389011910656,train,True,negative
4182,567791059393335297,train,False,neutral
4183,567790995148783616,train,True,negative
4184,567790926857531393,train,False,positive
4185,567790272265887744,test,False,neutral
4186,567790177063608320,test,False,negative
4187,567789974717747200,test,True,negative
4188,567789435795861504,train,True,negative
4189,567789433010016256,train,True,negative
4190,567788982974619649,train,False,neutral
4191,567788423352950784,train,False,neutral
4192,567788341538861056,train,False,negative
4193,567787240399851520,train,False,negative
4194,567786652991770629,train,False,negative
4195,567786475262345216,train,True,negative
4196,567786224812060672,test,False,negative
4197,567786135904980993,train,True,negative
4198,567782895306412032,test,True,positive
4199,567782346833686528,train,True,negative
4200,567781813326589952,train,True,positive
4201,567781357355794432,test,True,negative
4202,567780888700669952,train,True,negative
4203,567780426601996288,train,True,positive
4204,567778703959408641,train,True,negative
4205,567778606546694144,train,False,negative
4206,567778009013178368,train,True,negative
4207,567775456678912000,train,True,negative
4208,567775418612195328,train,False,positive
4209,567775140319358976,train,False,neutral
4210,567774437673603073,train,True,negative
4211,567773706707021824,test,False,neutral
4212,567773609939058688,train,True,negative
4213,567772765756080128,train,True,negative
4214,567771124235517952,train,False,negative
4215,567770993159307264,train,False,positive
4216,567770910107897856,train,False,negative
4217,567769798831255552,train,True,negative
4218,567768156111126528,test,True,negative
4219,567767997981671424,train,False,negative
4220,567767810655670272,test,False,negative
4221,567767744356294656,train,False,negative
4222,567767439493300224,train,True,negative
4223,567767341090361344,train,False,negative
4224,567767251383808000,train,True,negative
4225,567767199700758530,test,True,negative
4226,567767009908109312,train,True,negative
4227,567766554600038402,train,False,neutral
4228,567766384378388480,train,True,negative
4229,567766329352921088,train,True,negative
4230,567765716527771648,train,True,negative
4231,567765558393700352,train,False,negative
4232,567765379653849091,train,False,negative
4233,567764411205439488,train,True,negative
4234,567763529277923329,train,True,negative
4235,567761865779195904,train,True,neutral
4236,567761476338073600,train,False,negative
4237,567761267826651139,train,False,negative
4238,567761113631449089,train,False,negative
4239,567760901869416448,train,False,negative
4240,567760664752824321,train,True,negative
4241,567760060080599040,train,True,positive
4242,567758882484793344,test,True,negative
4243,567758478371196928,test,True,negative
4244,567756838529208320,train,True,positive
4245,567756837320392705,train,True,neutral
4246,567754288055988224,train,True,positive
4247,567754136255725568,test,True,negative
4248,567752542491516928,train,False,negative
4249,567752396097351681,train,True,negative
4250,567750428595871745,test,True,neutral
4251,567749045524131841,train,True,negative
4252,567748973428219904,train,True,negative
4253,567748863449395201,train,True,positive
4254,567748565095968769,train,True,negative
4255,567747764906635265,train,True,neutral
4256,567747041976410112,test,True,negative
4257,567746540903493632,test,False,negative
4258,567746527704018944,train,True,positive
4259,567745362727686145,train,True,negative
4260,567745233900044289,test,True,negative
4261,567745016702181376,train,True,negative
4262,567745009890623488,train,True,negative
4263,567744887664439298,train,False,negative
4264,567744571124482048,train,True,neutral
4265,567743132180033536,train,False,negative
4266,567742857411166208,train,True,neutral
4267,567742500366872576,train,True,negative
4268,567742141334437888,train,True,neutral
4269,567741700597366784,train,True,neutral
4270,567741692854276096,train,True,positive
4271,567740187380170752,train,True,neutral
4272,567739357881040896,train,False,negative
4273,567739149818413056,train,True,negative
4274,567738192426590209,train,True,neutral
4275,567738031398866944,train,True,neutral
4276,567736717352763394,test,True,negative
4277,567736507687895040,train,False,neutral
4278,567735983370539008,train,True,negative
4279,567735710392659968,train,False,neutral
4280,567735204656066560,train,False,positive
4281,567734795849834497,test,True,negative
4282,567734731694157824,train,True,neutral
4283,567734618095230976,train,False,negative
4284,567734128011784192,train,True,negative
4285,567733609130233856,train,False,positive
4286,567733228690083841,train,True,positive
4287,567733177590874114,train,True,positive
4288,567732468657041408,train,False,negative
4289,567732284959113216,train,False,negative
4290,567731810910498816,train,False,negative
4291,567731738924032000,train,False,negative
4292,567731485894270977,train,True,negative
4293,567730952260943873,train,False,neutral
4294,567730472076464129,test,True,negative
4295,567730299912482816,train,True,negative
4296,567730143536226304,train,True,neutral
4297,567729696662511616,train,True,positive
4298,567729246198837248,train,True,neutral
4299,567727599627943936,train,True,negative
4300,567727403964055552,train,True,negative
4301,567726860638101504,train,True,negative
4302,567725820056068096,train,True,negative
4303,567725163077070848,train,True,negative
4304,567724189872697348,train,True,negative
4305,567724091809878016,test,True,negative
4306,567717552290136065,train,True,negative
4307,567716403117957120,test,True,negative
4308,567714192980201472,train,True,negative
4309,567713896627470336,test,True,negative
4310,567711860938772480,train,True,neutral
4311,567703258425081857,test,True,negative
4312,567701830805618688,train,True,positive
4313,567686845903826947,train,True,neutral
4314,567676400933416960,train,True,negative
4315,567663136082513920,train,True,negative
4316,567634106058821632,test,True,neutral
4317,567630296783155203,train,True,negative
4318,567627253991735296,test,True,negative
4319,567623209026334720,test,True,negative
4320,567617486703853568,test,True,negative
4321,567614049425555457,train,True,negative
4322,567595670463205376,test,True,negative
4323,567594579310825473,train,False,negative
4324,567592368451248130,train,True,negative
4325,567591480085463040,test,True,negative
4326,570309156290367488,train,True,negative
4327,570309145276125185,test,True,negative
4328,570307615189835777,train,False,negative
4329,570306086475075585,test,True,neutral
4330,570305647759265793,train,True,negative
4331,570305078470557697,train,True,negative
4332,570304445734629376,train,False,negative
4333,570304178314190848,train,False,negative
4334,570303797605617665,test,True,negative
4335,570303399276761088,train,False,positive
4336,570302532955844608,train,True,positive
4337,570302460235026433,test,False,neutral
4338,570302337069264900,train,True,negative
4339,570302030742470658,train,True,neutral
4340,570301794850639872,train,True,negative
4341,570299642887442433,train,False,positive
4342,570299331707854848,train,True,neutral
4343,570298362907508738,test,True,neutral
4344,570298155465609217,train,True,neutral
4345,570296754832318465,train,True,neutral
4346,570296670568751106,train,True,negative
4347,570294002077061120,train,False,positive
4348,570293661377961984,train,True,negative
4349,570293557724110850,train,False,neutral
4350,570293527982301184,train,False,positive
4351,570293142257311744,test,True,neutral
4352,570293100326862849,train,False,positive
4353,570292976603295744,train,True,negative
4354,570292914686955520,train,False,neutral
4355,570291219919736832,train,False,neutral
4356,570289521113366531,train,False,negative
4357,570289080090689536,test,False,positive
4358,570288961064710145,test,False,negative
4359,570288841447366658,train,False,neutral
4360,570288799860846592,test,False,negative
4361,570288380384292864,train,False,positive
4362,570287651137445888,train,False,negative
4363,570287513874669568,train,True,negative
4364,570287238145290240,test,False,neutral
4365,570286359983886336,test,True,negative
4366,570285979753443328,train,False,neutral
4367,570285465145876480,train,True,negative
4368,570285012882472961,train,False,negative
4369,570284725740285952,train,False,neutral
4370,570284129138274304,train,True,positive
4371,570284111425892353,train,False,positive
4372,570283824040382464,test,True,positive
4373,570283248301043712,train,True,negative
4374,570282347267895296,train,True,negative
4375,570282333892251648,train,True,positive
4376,570281719074566145,train,True,neutral
4377,570281275216367616,train,False,positive
4378,570280800244994048,train,True,positive
4379,570280641503211520,train,False,negative
4380,570280553422950401,train,True,negative
4381,570279812922789888,train,True,neutral
4382,570279442750291969,train,False,positive
4383,570278679491670016,train,True,negative
4384,570277221916647425,train,False,negative
4385,570277008216870912,train,False,negative
4386,570276440874323968,train,True,negative
4387,570275218515726337,train,False,negative
4388,570274815736549376,train,True,negative
4389,570274371685777409,train,False,negative
4390,570274362936266752,train,True,neutral
4391,570274049118625792,train,True,negative
4392,570272778840104960,train,True,negative
4393,570272714205863936,train,False,negative
4394,570272387985514497,train,False,negative
4395,570272186419847168,train,True,neutral
4396,570272015598411776,train,True,neutral
4397,570271730729689088,train,True,negative
4398,570271704972464129,train,False,neutral
4399,570271248640401409,train,False,negative
4400,570271138464419840,train,True,negative
4401,570270848201797632,train,False,negative
4402,570270818539839488,train,False,neutral
4403,570270216694968320,train,True,negative
4404,570270166166183936,train,True,neutral
4405,570268558451720193,train,False,negative
4406,570268160202567680,train,True,negative
4407,570267457841033216,train,False,positive
4408,570266640614498304,train,False,negative
4409,570266265971003394,train,False,negative
4410,570265831822778368,train,False,negative
4411,570265804748550144,train,False,negative
4412,570265563035004928,train,False,negative
4413,570265397058002944,train,False,negative
4414,570265280674459648,train,False,negative
4415,570265133638942720,train,True,negative
4416,570264856223330304,train,True,negative
4417,570264793140953088,train,True,negative
4418,570264481772777472,train,True,negative
4419,570264474784894976,train,True,negative
4420,570264316743544832,train,True,negative
4421,570264292169162752,test,True,neutral
4422,570263130141564929,train,True,neutral
4423,570262460395098112,train,False,neutral
4424,570261981569159169,test,True,neutral
4425,570261977332731904,train,False,negative
4426,570261514340474880,train,True,negative
4427,570261349172973569,train,True,neutral
4428,570261289420898305,train,True,negative
4429,570261225520689152,train,False,negative
4430,570260387746029568,train,True,negative
4431,570260325611630592,train,True,negative
4432,570259423987404800,train,True,neutral
4433,570257719334187008,test,False,neutral
4434,570257631778107392,test,False,negative
4435,570257480401469441,test,False,negative
4436,570257317859610624,test,True,negative
4437,570256329543012352,train,False,positive
4438,570256052966395906,test,True,negative
4439,570255256589766656,train,False,positive
4440,570253313368698883,test,False,negative
4441,570253196213383168,test,True,negative
4442,570252802611679232,train,False,neutral
4443,570252528245456897,train,True,neutral
4444,570252231624265729,train,False,negative
4445,570250945281589248,train,True,negative
4446,570250780252504064,test,True,negative
4447,570250554670125056,train,False,neutral
4448,570250252382416896,train,False,neutral
4449,570249864841285632,test,True,positive
4450,570248600623521793,train,True,negative
4451,570248044341374976,train,True,neutral
4452,570248035369820162,train,False,negative
4453,570246695595999232,train,True,positive
4454,570246490473566208,train,True,negative
4455,570245840612265985,train,True,positive
4456,570245656972894208,train,True,neutral
4457,570245513720647680,train,True,negative
4458,570244762785210368,test,True,negative
4459,570242641264320512,train,True,negative
4460,570241403822813184,train,True,neutral
4461,570238577683996672,train,True,positive
4462,570237762063831040,train,True,positive
4463,570236169310437376,test,True,neutral
4464,570229420058918913,train,True,positive
4465,570228904469725184,train,True,positive
4466,570227814575804416,train,True,negative
4467,570227698334720002,train,False,neutral
4468,570226870119215104,train,True,negative
4469,570224719011704832,train,False,negative
4470,570224618272731136,train,False,negative
4471,570222660300378112,train,False,neutral
4472,570222625621831680,train,True,neutral
4473,570221343985295360,train,True,negative
4474,570220966284025857,train,False,negative
4475,570220817470115840,train,True,positive
4476,570219228181041153,train,True,negative
4477,570217918195220480,train,True,positive
4478,570217425100148738,test,True,positive
4479,570215711416537088,train,True,negative
4480,570215548589453313,train,False,neutral
4481,570214968622239744,test,False,neutral
4482,570214946815868929,train,False,negative
4483,570213389005414400,test,False,negative
4484,570212491134930945,train,False,negative
4485,570211592559685632,test,True,neutral
4486,570211577087041536,test,False,negative
4487,570210502955155456,test,False,negative
4488,570210411926016001,test,True,neutral
4489,570209843199524864,train,True,positive
4490,570208349339262976,test,False,negative
4491,570207643874123777,test,True,negative
4492,570206560439308289,train,False,neutral
4493,570205399619661824,train,True,positive
4494,570205323992174592,train,True,negative
4495,570205088595058688,train,False,negative
4496,570204088908034049,train,False,negative
4497,570203916643766273,train,False,negative
4498,570203842542829568,train,True,negative
4499,570200237622611968,train,True,positive
4500,570199956704919552,train,False,negative
4501,570198775203016704,train,False,negative
4502,570197979820224512,train,True,negative
4503,570195827341312000,test,False,negative
4504,570195784358100993,train,False,neutral
4505,570192105752039427,train,False,negative
4506,570190092213465089,train,True,neutral
4507,570187432815013888,train,True,positive
4508,570183297759752192,train,False,neutral
4509,570103012380667904,train,False,negative
4510,570100409009770497,train,True,positive
4511,570098324172206080,test,False,positive
4512,570097607478874112,train,False,negative
4513,570091771675348992,train,True,negative
4514,570089091276128258,train,True,neutral
4515,570087941277495296,test,True,negative
4516,570084122636365825,train,True,neutral
4517,570076476252356608,train,True,negative
4518,570076113453518848,test,True,negative
4519,570076090917650432,test,True,neutral
4520,570073365265944576,train,True,positive
4521,570070880983711744,train,False,negative
4522,570070659130220544,test,True,positive
4523,570068976778153984,train,True,positive
4524,570066487056027650,test,True,neutral
4525,570066283233972224,train,True,positive
4526,570065297568194560,train,False,negative
4527,570064381410734080,train,True,neutral
4528,570062210640322560,test,True,negative
4529,570062116096331776,train,True,neutral
4530,570061334898872321,test,True,positive
4531,570059574268469248,train,True,negative
4532,570059381284302848,test,False,negative
4533,570058699676520448,test,False,negative
4534,570056874583654402,test,True,negative
4535,570054105789550592,train,True,positive
4536,570053736950685696,train,False,positive
4537,570053254836416512,train,True,positive
4538,570052879643381760,train,True,positive
4539,570051666386374657,train,True,neutral
4540,570050691173101568,train,True,neutral
4541,570050402294636544,test,True,negative
4542,570049195446444033,train,True,neutral
4543,570046710870728704,train,True,positive
4544,570044516318748672,train,True,negative
4545,570042186399657984,train,True,positive
4546,570041591714455552,train,False,positive
4547,570040162840907776,train,True,neutral
4548,570035287679590400,train,False,neutral
4549,570035207316885505,train,True,positive
4550,570034833633767424,train,True,positive
4551,570034397153398784,train,False,neutral
4552,570034301774884865,train,False,positive
4553,570032949992800256,test,False,negative
4554,570032300265578496,train,True,neutral
4555,570032108447494144,train,True,neutral
4556,570031211336368128,train,True,positive
4557,570027786053636096,train,False,negative
4558,570024300905783296,test,True,positive
4559,570021128032407552,train,False,negative
4560,570017987349995521,train,False,positive
4561,570017357747380224,train,True,negative
4562,570014884651380736,train,True,negative
4563,570014685166219264,train,True,negative
4564,570014474993688576,train,False,negative
4565,570013108070014976,train,True,negative
4566,570012094570958850,train,False,positive
4567,570011378091753472,train,False,positive
4568,570010703391825920,test,False,negative
4569,570009897846374400,train,False,negative
4570,570009576273154048,train,True,negative
4571,570009252426883072,test,True,neutral
4572,570009135519035392,train,True,neutral
4573,570008817414639616,train,True,neutral
4574,570008612426289153,train,True,neutral
4575,570007457055055873,train,True,positive
4576,570005561338503170,train,True,positive
4577,570003111772692480,train,True,positive
4578,570000618707746816,train,False,positive
4579,569998842579566592,train,False,neutral
4580,569998122241232896,train,False,negative
4581,569998043761803264,test,True,negative
4582,569996707443970048,train,True,negative
4583,569996423074160640,train,True,positive
4584,569995730951147523,test,False,negative
4585,569995536545091584,train,False,neutral
4586,569995514558550016,train,False,positive
4587,569995418370646016,train,True,negative
4588,569995235608137728,train,False,neutral
4589,569994437390020608,train,False,neutral
4590,569994045205803009,train,True,positive
4591,569993437690245120,train,False,neutral
4592,569993176636739584,train,True,neutral
4593,569992825997279232,train,True,neutral
4594,569990034444689408,train,True,neutral
4595,569989812637167617,train,False,neutral
4596,569989340052344832,train,False,negative
4597,569989168903819264,train,False,positive
4598,569989082719358976,train,True,negative
4599,569989039874404352,train,True,negative
4600,569989007532142592,train,False,positive
4601,569988842335244289,train,True,positive
4602,569987277734207488,train,True,positive
4603,569986783024431105,test,True,negative
4604,569984682873352192,train,False,positive
4605,569984437720453121,train,False,negative
4606,569983511609757696,test,True,neutral
4607,569983469930967040,train,True,positive
4608,569982023667838979,test,False,neutral
4609,569981679806365697,train,False,positive
4610,569980827209207809,train,False,negative
4611,569980269379358720,train,False,negative
4612,569980137346707456,test,True,neutral
4613,569978876861902848,test,True,negative
4614,569978748780421121,train,True,positive
4615,569978197284130817,train,True,neutral
4616,569977907222880256,train,True,positive
4617,569977857755234304,train,False,negative
4618,569977819389800448,train,False,neutral
4619,569977223198822400,train,False,negative
4620,569977129728749568,train,True,neutral
4621,569976622054395904,train,False,positive
4622,569976246135697408,train,False,neutral
4623,569976092359917568,train,False,positive
4624,569976030603059200,test,True,positive
4625,569975684476641280,train,True,negative
4626,569975349750079488,train,True,neutral
4627,569975155964772352,train,False,neutral
4628,569975032127967232,train,True,neutral
4629,569975026239164416,test,True,positive
4630,569974833418600449,train,True,negative
4631,569974710915571712,train,True,positive
4632,569974656653877248,test,True,neutral
4633,569971949440524288,train,True,positive
4634,569971775011999744,train,False,neutral
4635,569971526876962819,train,False,neutral
4636,569971070394101763,train,True,neutral
4637,569970865607090176,train,False,negative
4638,569970729237782528,train,True,neutral
4639,569970324810240000,train,True,positive
4640,569969877286461440,test,True,positive
4641,569969833254764544,train,True,negative
4642,569968411561701378,test,True,neutral
4643,569967938607972352,train,False,neutral
4644,569965376186019840,train,True,neutral
4645,569964332026634241,train,True,positive
4646,569963097055604736,test,True,negative
4647,569961977231106048,train,True,neutral
4648,569961503308189696,train,True,positive
4649,569960248548593665,train,True,negative
4650,569958189862486016,test,False,neutral
4651,569957516748066817,train,True,positive
4652,569957187138797569,train,False,negative
4653,569957081811283968,test,False,negative
4654,569956726318850048,train,True,negative
4655,569956624036540416,train,True,negative
4656,569956564993310720,train,False,positive
4657,569956528507236352,test,True,negative
4658,569954583209881600,test,True,negative
4659,569954475433201665,train,True,negative
4660,569953874435567616,test,False,neutral
4661,569953672861388800,test,False,negative
4662,569952317556043776,test,False,positive
4663,569952285024915456,train,True,negative
4664,569952282277773312,test,True,negative
4665,569951879825907713,test,False,positive
4666,569951253666656257,test,True,positive
4667,569950945389518848,test,False,positive
4668,569950112631296002,train,True,positive
4669,569947823615012864,train,True,neutral
4670,569946428547551233,train,True,negative
4671,569946219826548736,test,True,neutral
4672,569944997308407808,train,True,negative
4673,569944956132990976,train,True,positive
4674,569944061848760320,test,True,neutral
4675,569943647103406080,test,False,negative
4676,569943306613886976,train,True,positive
4677,569942616617447424,test,True,negative
4678,569942482668167168,test,True,negative
4679,569941609225293824,train,True,positive
4680,569941247546286080,test,True,negative
4681,569940430365847554,train,True,negative
4682,569938799397990401,train,True,negative
4683,569937700993818625,test,False,negative
4684,569937119411462144,train,True,negative
4685,569935609940316160,train,False,positive
4686,569935276346351616,train,True,negative
4687,569933882662916096,train,False,neutral
4688,569932197735604224,train,False,positive
4689,569931705022164992,train,False,negative
4690,569930801577644034,test,False,negative
4691,569929973156327424,train,False,negative
4692,569927965007417344,train,True,positive
4693,569927739802652672,train,True,negative
4694,569925645204987904,test,False,neutral
4695,569924965446725632,train,True,positive
4696,569924679206457344,train,False,neutral
4697,569924393976987649,train,False,negative
4698,569924243946737664,train,True,negative
4699,569922915472244736,train,False,neutral
4700,569922730008518656,train,False,positive
4701,569922657937956864,train,True,negative
4702,569921747195076608,train,True,neutral
4703,569919280361414656,train,False,negative
4704,569918484726964224,test,True,negative
4705,569915419018067968,test,False,negative
4706,569914957552353280,test,True,negative
4707,569912094272782337,test,True,positive
4708,569911555967442944,test,True,negative
4709,569910583694196736,train,True,positive
4710,569910383047254016,train,False,positive
4711,569909718765842432,train,True,negative
4712,569906668743426048,test,True,negative
4713,569906317629874176,train,False,neutral
4714,569905567960952832,train,False,negative
4715,569904613069103104,train,True,negative
4716,569904370361483264,train,True,negative
4717,569903377598914562,train,True,positive
4718,569903253183455233,train,False,negative
4719,569901998780198912,test,True,negative
4720,569901925358968832,train,True,negative
4721,569901802994454528,train,True,negative
4722,569900699988860928,train,True,positive
4723,569900147343265792,train,False,positive
4724,569899502355681280,test,True,negative
4725,569898033128693760,test,False,neutral
4726,569897334760448000,train,True,neutral
4727,569895344458170368,train,False,negative
4728,569895187746418688,train,True,positive
4729,569894088209596416,train,False,positive
4730,569893988846546945,test,True,neutral
4731,569893924942299136,test,False,neutral
4732,569892876642955264,train,False,neutral
4733,569891377351233536,train,False,neutral
4734,569891267666006016,train,False,neutral
4735,569890333456117760,train,False,neutral
4736,569890211301191680,train,False,neutral
4737,569890103989903360,train,False,neutral
4738,569889885651234816,train,True,negative
4739,569888280793063424,train,False,neutral
4740,569887819297992704,train,False,negative
4741,569887230019284993,train,True,positive
4742,569885759513034752,train,True,negative
4743,569884616649269248,train,True,negative
4744,569883152493240320,test,True,negative
4745,569882596798132225,train,True,neutral
4746,569881035682521088,train,False,neutral
4747,569880788612866048,test,True,negative
4748,569878685723049985,train,True,neutral
4749,569877658286186496,train,False,neutral
4750,569875667245871104,train,False,neutral
4751,569875532600385536,train,False,negative
4752,569875430951542784,train,True,negative
4753,569875093360238592,train,True,negative
4754,569874524922978304,train,True,neutral
4755,569872444590129152,test,True,negative
4756,569872363170373632,train,True,negative
4757,569869220680470529,test,True,neutral
4758,569868010665611265,train,True,negative
4759,569866847690100736,train,False,negative
4760,569865838892691456,train,False,negative
4761,569865675793170432,train,True,negative
4762,569865352986951680,train,True,neutral
4763,569864693998690304,train,False,positive
4764,569862767236255744,train,True,negative
4765,569857504768757760,train,False,negative
4766,569857396899606528,train,True,neutral
4767,569855773951561728,test,True,neutral
4768,569855106583281664,train,True,negative
4769,569851178982338563,train,True,negative
4770,569846771301654528,train,False,negative
4771,569845106888585216,train,False,neutral
4772,569843082994315264,train,True,positive
4773,569842095483199488,train,True,negative
4774,569840840861839360,train,False,positive
4775,569837786930540545,train,True,negative
4776,569834388919328768,test,False,positive
4777,569832563403051008,train,False,positive
4778,569817937131016192,test,True,neutral
4779,569813808987787264,train,True,negative
4780,569813138910130176,train,False,neutral
4781,569795913788428288,train,True,negative
4782,569791667827388416,train,False,neutral
4783,569779173461336065,train,True,negative
4784,569769288174870528,train,True,neutral
4785,569767473525862400,train,False,neutral
4786,569766956062134272,train,True,positive
4787,569757790626906112,train,False,positive
4788,569752691460706304,train,True,positive
4789,569748667793588224,train,True,negative
4790,569735142564102145,train,True,positive
4791,569734069988286464,train,True,negative
4792,569733311595020288,train,True,neutral
4793,569731970562961408,test,True,negative
4794,569731104070115329,train,False,positive
4795,569728621344104448,train,True,neutral
4796,569728483384930304,train,True,negative
4797,569727036627034112,train,True,neutral
4798,569726038932111360,train,True,negative
4799,569720247948861440,train,False,negative
4800,569716065741045760,train,True,negative
4801,569715248720007169,train,False,negative
4802,569714755838935040,train,False,negative
4803,569714651489050624,train,False,negative
4804,569713993532600321,train,False,positive
4805,569713556935077888,train,False,negative
4806,569710964712411136,train,True,positive
4807,569709058636320768,train,False,negative
4808,569708173831094272,train,False,negative
4809,569706320212787200,train,True,negative
4810,569704587315138560,train,False,positive
4811,569704454376660992,train,False,negative
4812,569703794453295104,train,True,negative
4813,569703041957564416,train,True,negative
4814,569702019797286913,train,True,positive
4815,569701794714128384,train,False,negative
4816,569701285588541441,train,True,negative
4817,569701004188508161,train,False,neutral
4818,569700277244141568,test,True,positive
4819,569698892528222208,train,False,negative
4820,569698840149950464,train,True,neutral
4821,569698589653344256,train,True,neutral
4822,569698044175757312,train,True,positive
4823,569697662494121984,train,False,negative
4824,569697456536965121,train,True,positive
4825,569697236982104065,train,True,neutral
4826,569695695868817410,train,True,negative
4827,569694343776194560,train,True,positive
4828,569693012885770240,train,True,neutral
4829,569692110619877376,train,True,negative
4830,569691767953436674,train,True,negative
4831,569691144897953793,train,True,negative
4832,569690786180132865,train,False,neutral
4833,569689297084919808,test,True,negative
4834,569689184958595072,test,False,positive
4835,569688749208178688,train,False,negative
4836,569688256247427072,train,False,negative
4837,569687888771706880,train,True,neutral
4838,569687540644642817,train,True,neutral
4839,569686814136467456,train,True,neutral
4840,569685957437362176,train,False,negative
4841,569685746723848193,train,True,neutral
4842,569685259412836354,train,False,negative
4843,569684982366666752,train,True,negative
4844,569684626949718017,train,True,negative
4845,569684137755459584,train,True,neutral
4846,569683780593545218,train,False,negative
4847,569683748901367808,train,False,positive
4848,569683741779599361,train,False,negative
4849,569683334311366656,train,True,negative
4850,569683240828723201,train,False,negative
4851,569682747712770048,train,False,negative
4852,569682422981218304,train,True,positive
4853,569682325778231297,train,True,negative
4854,569681392369590272,train,False,neutral
4855,569681184898162689,train,True,negative
4856,569679850773958657,train,True,neutral
4857,569678813602418688,train,True,neutral
4858,569678562136956928,test,True,neutral
4859,569676404893163520,test,True,positive
4860,569676204728389632,train,True,positive
4861,569675861160386560,train,True,negative
4862,569675668524441600,train,True,neutral
4863,569675004482351104,train,False,positive
4864,569674930842775552,train,False,positive
4865,569674873787658240,train,True,neutral
4866,569673473607344128,train,True,negative
4867,569672501753724928,test,True,positive
4868,569672095753502720,train,True,negative
4869,569672091550658560,train,True,negative
4870,569672055471210496,train,True,neutral
4871,569671908251213824,train,True,neutral
4872,569671596744380416,test,True,positive
4873,569671454419079169,train,True,negative
4874,569671200978436096,train,False,negative
4875,569670962825846785,test,False,positive
4876,569670904852172800,test,True,positive
4877,569670671695011840,train,True,neutral
4878,569670402223562752,train,True,positive
4879,569670081946333184,train,False,negative
4880,569669872050765824,train,True,neutral
4881,569669629951549440,train,True,neutral
4882,569668913916567552,train,True,negative
4883,569668883147137024,train,False,neutral
4884,569668853849919488,test,True,positive
4885,569668792265019392,test,True,positive
4886,569668677731274752,test,False,positive
4887,569668606142783488,train,True,positive
4888,569668198389436416,test,True,neutral
4889,569668015047839744,train,True,positive
4890,569667923326971904,train,False,negative
4891,569667805643034624,train,True,positive
4892,569667787829809152,train,False,positive
4893,569667638651170816,train,True,neutral
4894,569667602148151296,test,False,neutral
4895,569667401769459712,train,False,neutral
4896,569667324879511552,train,True,positive
4897,569667313609404416,test,True,negative
4898,569667246026416130,train,True,positive
4899,569667238808068098,train,True,positive
4900,569667173544812546,train,True,neutral
4901,569667075280498688,train,True,positive
4902,569667019693359104,train,True,neutral
4903,569666778030346240,train,True,positive
4904,569666708278878208,test,True,neutral
4905,569666606424420352,train,True,positive
4906,569666513352806400,train,False,positive
4907,569666470482804737,train,True,negative
4908,569665019899572226,train,True,neutral
4909,569660864653099009,test,True,negative
4910,569660698231308290,train,False,neutral
4911,569658322732756992,train,True,neutral
4912,569657389722550272,train,True,negative
4913,569655614432915456,train,True,negative
4914,569652584761462784,train,True,negative
4915,569651470615887872,train,True,negative
4916,569650294746820609,test,True,negative
4917,569649779090833408,train,True,negative
4918,569649617802891264,train,True,negative
4919,569649277888106496,train,True,neutral
4920,569648240150204416,train,False,negative
4921,569646857632096256,train,True,neutral
4922,569644697309872128,train,True,positive
4923,569644492040613888,train,False,positive
4924,569644456376340480,train,False,positive
4925,569644414395486209,train,True,neutral
4926,569644350906310657,train,False,negative
4927,569644310045417472,train,True,positive
4928,569644213224148993,train,True,positive
4929,569640446999203842,train,True,neutral
4930,569639587842281473,test,True,negative
4931,569638751598563328,train,False,negative
4932,569638417505497088,train,False,negative
4933,569638063825154049,train,True,positive
4934,569635513138860032,train,False,neutral
4935,569635428237778944,train,True,neutral
4936,569630183747153920,train,True,negative
4937,569628970267705344,test,True,negative
4938,569627946459275264,train,False,positive
4939,569626389944659970,train,True,negative
4940,569626122578726913,train,False,positive
4941,569624788244828160,train,False,negative
4942,569622053214507008,train,True,negative
4943,569620438734807042,test,False,negative
4944,569619751124795392,train,True,negative
4945,569619309401546752,train,True,neutral
4946,569617202984255490,train,True,positive
4947,569615736387325952,train,False,negative
4948,569615206625599488,train,False,negative
4949,569614436660432896,train,True,negative
4950,569613284455948289,train,True,negative
4951,569613113718218752,train,False,negative
4952,569612549458522113,train,True,negative
4953,569612143873490944,train,True,neutral
4954,569611549960044544,train,True,negative
4955,569610806196768768,train,False,neutral
4956,569607647051317249,test,False,neutral
4957,569607114462793730,train,True,neutral
4958,569606089316167680,train,False,positive
4959,569604665240895488,train,True,negative
4960,569604198033170432,train,True,negative
4961,569604066239762432,train,False,positive
4962,569603326947364864,train,True,negative
4963,569602278988120064,train,True,negative
4964,569601658491002880,train,True,positive
4965,569598614235942912,train,True,negative
4966,569598588378087426,train,False,negative
4967,569598511483789312,train,True,neutral
4968,569596778426855426,train,True,positive
4969,569596469105299456,train,False,neutral
4970,569591945816772608,test,False,negative
4971,569590208095768576,train,True,neutral
4972,569589955837628416,test,True,neutral
4973,569589454194790400,train,True,positive
4974,569589379385008129,train,False,positive
4975,569589079710380032,train,False,negative
4976,569588375037960192,train,True,negative
4977,569588348593025024,train,False,negative
4978,569587157574135808,train,False,negative
4979,569586743831191552,train,True,positive
4980,569586235259404288,train,True,positive
4981,569586098772578304,train,True,negative
4982,569585343084650496,test,True,positive
4983,569584744532287490,train,True,negative
4984,569584431544971264,train,True,neutral
4985,569577548318777345,train,True,negative
4986,569576624158437376,test,False,negative
4987,569576038289711104,test,True,positive
4988,569571448412438528,train,True,positive
4989,569571437389881344,train,True,negative
4990,569568079761403904,train,True,neutral
4991,569567144318365696,train,True,negative
4992,569567028136296450,train,True,neutral
4993,569566673235271680,train,True,negative
4994,569565359524716544,train,True,negative
4995,569562867281690625,train,False,neutral
4996,569561754163769344,train,False,negative
4997,569558600353390592,train,True,positive
4998,569557305961750528,test,False,neutral
4999,569556215375613952,test,False,negative
5000,569555719885885441,train,False,negative
5001,569555395339018241,train,True,negative
5002,569555199062224897,test,False,negative
5003,569554826616381440,test,True,negative
5004,569554065606074368,test,True,neutral
5005,569552971362639873,train,True,negative
5006,569552378812194816,train,True,neutral
5007,569551863260913664,train,False,negative
5008,569550487474712576,train,False,neutral
5009,569549686857736193,train,False,negative
5010,569548841361412096,test,True,neutral
5011,569546319666110464,train,False,neutral
5012,569545575688830978,train,True,positive
5013,569543955622338560,train,True,negative
5014,569542114234671104,train,True,positive
5015,569541106112827393,train,False,neutral
5016,569538524321419265,test,True,positive
5017,569534939642925058,train,True,neutral
5018,569531018643955712,train,False,neutral
5019,569528523418775552,test,False,negative
5020,569527176350969856,train,True,negative
5021,569526101669769217,train,True,negative
5022,569524284873424896,train,True,positive
5023,569522923029041153,train,False,positive
5024,569522307657388032,train,False,neutral
5025,569521838625312769,train,False,negative
5026,569520929128251392,train,False,positive
5027,569518412550033408,train,True,neutral
5028,569517721764786176,train,False,neutral
5029,569516377524076544,train,False,negative
5030,569515731022454784,train,False,negative
5031,569514047554453504,test,True,positive
5032,569510774957170690,train,False,negative
5033,569508707178057728,train,False,positive
5034,569508595181731841,test,True,neutral
5035,569508406551322624,train,True,negative
5036,569507649940799489,train,False,negative
5037,569506823818117121,train,False,negative
5038,569506563628642304,train,True,negative
5039,569504763957653504,test,False,negative
5040,569503512968572928,train,True,neutral
5041,569502963317649408,train,False,neutral
5042,569502753694691328,train,False,negative
5043,569502188562546688,train,True,negative
5044,569499788934291456,train,True,negative
5045,569496793668591617,train,False,negative
5046,569495653526724608,test,True,neutral
5047,569495331399995392,test,True,neutral
5048,569494878968811520,train,False,neutral
5049,569493077368422400,train,True,negative
5050,569491425110466560,train,False,negative
5051,569491061543796737,train,True,positive
5052,569489752732274688,train,True,neutral
5053,569488587135295488,train,True,positive
5054,569487788753555456,train,True,positive
5055,569487121897033728,train,True,neutral
5056,569485882941509632,train,True,neutral
5057,569483821080453121,test,False,negative
5058,569483642931691520,train,True,negative
5059,569482685061554176,train,True,positive
5060,569482497496473600,test,True,negative
5061,569453233044885504,train,True,negative
5062,569451572792406016,train,True,positive
5063,569408185125052416,train,False,negative
5064,569397984519016448,train,True,negative
5065,569393239700013056,train,True,neutral
5066,569384007550394369,test,True,negative
5067,569377543687700480,train,False,negative
5068,569374522157207552,train,False,negative
5069,569374298168791040,train,True,positive
5070,569373258010660864,test,True,negative
5071,569372947720179714,train,True,negative
5072,569372333267394560,train,True,negative
5073,569369185559699456,train,True,negative
5074,569366218429337600,train,True,neutral
5075,569365709500710912,train,True,negative
5076,569364328857640961,train,False,negative
5077,569362928710914049,test,True,neutral
5078,569361107745263617,train,True,negative
5079,569360777926217728,train,False,negative
5080,569359647699812353,train,False,positive
5081,569358701317869571,train,True,negative
5082,569358646892748801,train,True,negative
5083,569358476402499584,train,False,negative
5084,569358458404802561,train,True,positive
5085,569358195862462464,train,True,negative
5086,569357168765501440,train,True,negative
5087,569357127040540673,test,True,negative
5088,569356085359996929,test,True,negative
5089,569355826248474624,train,True,negative
5090,569355332113309696,train,True,negative
5091,569355179717369857,train,True,negative
5092,569351618522705920,train,False,positive
5093,569350730034728960,train,True,negative
5094,569348678911021056,test,True,negative
5095,569347934866636800,test,False,neutral
5096,569347549858934784,train,True,positive
5097,569347252550017026,train,True,negative
5098,569347125575725057,train,True,negative
5099,569347122992185344,train,False,positive
5100,569346451526041600,train,True,positive
5101,569345829653254145,train,True,negative
5102,569344036256903168,train,True,negative
5103,569343579899822081,train,True,neutral
5104,569342909205647360,train,False,negative
5105,569342650068934657,train,True,negative
5106,569342608813793280,test,True,negative
5107,569341791482220545,test,False,positive
5108,569340341956038657,train,True,negative
5109,569338800452669440,train,True,negative
5110,569337520573390849,train,True,negative
5111,569336975750094848,train,True,negative
5112,569336871853170688,train,False,negative
5113,569336246474022912,test,True,neutral
5114,569335624056090624,train,False,negative
5115,569334635227820032,train,True,negative
5116,569334621252526080,train,True,negative
5117,569333637382053889,train,False,negative
5118,569333553705693184,test,True,negative
5119,569332773326090240,train,True,negative
5120,569332471193595904,train,False,negative
5121,569332442194178049,train,False,negative
5122,569332152065593345,train,True,positive
5123,569330414193483776,train,True,positive
5124,569329014826864640,train,True,negative
5125,569324719993827329,train,True,negative
5126,569324035835711489,train,True,positive
5127,569323555365752833,train,False,negative
5128,569321988591906818,train,False,negative
5129,569320844503228416,train,False,negative
5130,569318991224803328,train,True,neutral
5131,569318905476476928,train,False,neutral
5132,569318043702177793,train,False,negative
5133,569317747101982720,train,False,negative
5134,569316487447621632,test,False,positive
5135,569316220551372800,train,True,negative
5136,569314535103983617,train,False,negative
5137,569313760864632832,test,True,neutral
5138,569313734566547456,test,False,neutral
5139,569312734896136193,test,False,positive
5140,569312688272052224,train,True,positive
5141,569311935835062272,test,False,neutral
5142,569311644934807552,test,True,negative
5143,569311482950897665,train,False,negative
5144,569310885191286784,train,False,negative
5145,569310448300003328,train,True,negative
5146,569309777567875075,train,True,positive
5147,569308881438052352,train,False,negative
5148,569308552671707136,train,False,negative
5149,569306524155310080,test,True,positive
5150,569305311007399936,test,True,negative
5151,569304845091524608,test,False,neutral
5152,569304533140185088,train,True,negative
5153,569302780013355008,test,True,negative
5154,569301668904329216,train,True,negative
5155,569301386262745089,train,True,neutral
5156,569301244948324353,test,False,positive
5157,569296792426295297,train,False,negative
5158,569296707982221312,train,True,positive
5159,569293537864499200,train,False,negative
5160,569293499968950272,train,True,negative
5161,569292859909672960,train,True,positive
5162,569292280000962561,train,False,negative
5163,569292068981510144,train,True,negative
5164,569291509305970688,train,True,negative
5165,569288530419175424,train,True,negative
5166,569288268530917376,train,False,negative
5167,569288008144330752,train,True,negative
5168,569286897404669953,train,True,negative
5169,569285269981167616,train,True,negative
5170,569285184605986816,train,False,negative
5171,569282844155125761,train,True,negative
5172,569282410170314753,test,True,negative
5173,569282355904548864,train,False,negative
5174,569279532261203968,test,False,neutral
5175,569277813280415744,train,False,negative
5176,569277512892551168,train,False,positive
5177,569276864260255745,train,True,negative
5178,569276734798893056,train,True,positive
5179,569276042491211777,train,True,negative
5180,569275249725870080,train,True,negative
5181,569274600196075520,train,True,negative
5182,569273769652576256,train,False,negative
5183,569273733334077440,train,False,negative
5184,569273409252827137,train,True,negative
5185,569273375954243584,train,False,negative
5186,569273230579478529,train,True,positive
5187,569271529386745856,train,True,negative
5188,569269761240010752,train,True,neutral
5189,569268243854192640,test,False,negative
5190,569267194028298241,train,True,negative
5191,569266206596734976,test,True,positive
5192,569264328186179584,train,False,negative
5193,569264118219214848,train,True,negative
5194,569263177784905729,train,True,positive
5195,569262517333196800,train,False,negative
5196,569262088008417280,test,True,negative
5197,569262065988308993,train,True,neutral
5198,569261068050141184,train,False,negative
5199,569261053927919616,test,True,negative
5200,569260462606569473,train,False,neutral
5201,569260280687005697,train,True,negative
5202,569259858882662401,train,True,negative
5203,569259645019275264,train,False,negative
5204,569259613041897473,train,False,negative
5205,569259515398504449,train,False,negative
5206,569259404589191168,train,False,negative
5207,569259333197930498,train,True,negative
5208,569259238989688833,train,True,negative
5209,569259056017178624,train,True,negative
5210,569258359670644736,train,False,negative
5211,569258009320419330,train,True,negative
5212,569257918815539200,test,False,negative
5213,569257626715889664,train,False,positive
5214,569256107186782209,train,False,neutral
5215,569255845394952192,test,False,negative
5216,569255493610442752,train,True,negative
5217,569255280275369984,train,True,negative
5218,569254331725139968,train,False,neutral
5219,569254020457635840,train,True,negative
5220,569252529596297217,train,False,negative
5221,569251768770502656,train,False,negative
5222,569250912784519168,train,False,negative
5223,569250842894733312,train,True,negative
5224,569250176369471489,train,True,negative
5225,569250085516681216,train,True,neutral
5226,569248904866336768,train,True,negative
5227,569248702092541952,train,False,negative
5228,569248055817404416,train,True,negative
5229,569247724496822272,train,True,negative
5230,569247351392616448,train,False,negative
5231,569245091602124800,train,True,negative
5232,569244182155534336,train,True,negative
5233,569243229138202624,train,True,negative
5234,569242876909109248,train,False,negative
5235,569242798953594880,train,True,negative
5236,569242715759779840,test,False,negative
5237,569242689348071425,train,True,negative
5238,569242665956610048,train,True,negative
5239,569239823820705793,train,False,negative
5240,569238014418944000,test,True,negative
5241,569237713016229888,train,True,negative
5242,569236557367939072,train,False,positive
5243,569235727558447105,train,True,negative
5244,569235155061227520,train,False,negative
5245,569234924785414145,train,True,negative
5246,569234280632754176,train,True,positive
5247,569233955951480832,train,True,neutral
5248,569233400592257024,train,True,negative
5249,569232776454483969,train,True,negative
5250,569232748663214080,train,True,neutral
5251,569232738655412225,test,True,negative
5252,569231300843970561,train,True,negative
5253,569230652433936384,train,False,positive
5254,569229483288317952,train,True,neutral
5255,569229056362876928,train,False,negative
5256,569228870177591298,train,False,negative
5257,569228788481069057,train,True,negative
5258,569228110937202688,train,True,neutral
5259,569227063300718593,train,False,neutral
5260,569226723738324992,train,False,negative
5261,569226248393662464,train,True,negative
5262,569226157901684736,train,True,neutral
5263,569226128168062976,test,True,negative
5264,569225563417620480,train,True,negative
5265,569225489329598464,train,True,negative
5266,569225412540174336,test,False,neutral
5267,569225196386660352,train,True,negative
5268,569225085330071554,train,False,neutral
5269,569224755426930689,train,True,negative
5270,569223862941929472,train,True,positive
5271,569223781593403392,test,True,neutral
5272,569223447005433856,train,True,positive
5273,569222729125253121,test,False,neutral
5274,569221828025167872,test,True,negative
5275,569221337077587968,train,False,neutral
5276,569221317486116864,train,True,negative
5277,569221213026971649,train,True,positive
5278,569220096490483712,train,False,negative
5279,569219456506814464,train,True,negative
5280,569219080080658432,train,True,neutral
5281,569218789834821632,test,True,negative
5282,569217012980805632,train,True,neutral
5283,569216546779705344,train,False,neutral
5284,569215950597201921,train,True,negative
5285,569215124562554880,test,True,negative
5286,569215035089690624,train,False,positive
5287,569212457706782720,test,False,neutral
5288,569212300265017345,train,True,negative
5289,569211825218318336,train,True,negative
5290,569211553930743809,train,True,negative
5291,569210501059604480,train,False,negative
5292,569210406222344192,test,True,neutral
5293,569210394046275586,train,True,negative
5294,569209306874122241,train,False,neutral
5295,569209051260678144,train,False,neutral
5296,569209016276004864,train,False,neutral
5297,569208488217485312,train,False,negative
5298,569208317408514048,train,True,negative
5299,569208236487745536,train,False,negative
5300,569208219072991233,train,True,negative
5301,569208051145650177,train,False,negative
5302,569207912251289600,train,False,positive
5303,569207235953307648,train,True,negative
5304,569207022597509120,train,True,negative
5305,569206711443181569,train,True,positive
5306,569206447608877056,train,False,negative
5307,569206387483525120,train,False,neutral
5308,569206183283843072,train,False,negative
5309,569206152510226432,train,False,negative
5310,569206071081832448,train,False,neutral
5311,569205327465476096,train,False,negative
5312,569204914649489408,train,False,negative
5313,569204692401590273,train,True,neutral
5314,569204474155282433,train,True,negative
5315,569204038811717632,train,False,negative
5316,569203705750237184,train,True,negative
5317,569203468419751936,train,True,negative
5318,569202278298755072,train,False,negative
5319,569202179476754432,test,True,negative
5320,569201464658173952,train,True,negative
5321,569200932577280000,train,True,negative
5322,569197910895812608,test,True,neutral
5323,569197350901714944,train,True,negative
5324,569195435736244225,train,True,neutral
5325,569194554290774016,test,True,positive
5326,569192081618370560,train,True,positive
5327,569189483469410305,train,False,neutral
5328,569188394716278786,train,False,negative
5329,569186384121954305,train,False,neutral
5330,569186177238110208,train,False,neutral
5331,569185684268789761,train,False,negative
5332,569184886424268800,train,True,negative
5333,569184833361936387,train,True,neutral
5334,569183494259273728,train,True,negative
5335,569183099495383040,train,False,negative
5336,569181890998964224,train,True,negative
5337,569181243385909249,train,True,negative
5338,569180845594046464,train,False,neutral
5339,569180541662027779,train,False,positive
5340,569180531742486528,train,True,negative
5341,569179898532761600,train,True,negative
5342,569179843247517698,test,True,negative
5343,569179631409958912,test,True,negative
5344,569176969872605184,test,True,negative
5345,569176007225188352,train,True,negative
5346,569175548632698881,train,True,negative
5347,569175432702107648,train,True,positive
5348,569174663089287169,train,False,negative
5349,569173103009525760,train,True,positive
5350,569172793608278016,train,True,negative
5351,569172570932690947,train,True,negative
5352,569171631756546048,train,True,negative
5353,569171003852468224,train,True,positive
5354,569170590831132672,train,False,positive
5355,569170372018499584,test,True,negative
5356,569169704805371904,train,True,negative
5357,569168515674058752,train,True,negative
5358,569168436280098816,train,False,negative
5359,569168102212001793,test,True,neutral
5360,569168016136495104,test,True,neutral
5361,569166753101684736,train,True,negative
5362,569165654848204800,train,False,positive
5363,569165556722503681,train,False,positive
5364,569165378359656448,train,False,negative
5365,569165227847102465,test,True,negative
5366,569165128366755840,train,False,negative
5367,569165102307545088,train,False,negative
5368,569164886397353985,train,True,negative
5369,569164064636727298,train,True,negative
5370,569163696041172992,train,True,positive
5371,569162467051474944,train,True,negative
5372,569162276403609600,train,True,positive
5373,569161583718473728,train,True,negative
5374,569160924960919552,train,True,positive
5375,569159814426853376,test,False,negative
5376,569159068834623489,train,True,positive
5377,569158546404864001,train,True,negative
5378,569158261301227520,train,True,negative
5379,569158165176164353,train,True,negative
5380,569155784988164098,test,True,positive
5381,569155666440355840,train,False,negative
5382,569155235156856833,train,False,negative
5383,569154652735803392,train,True,negative
5384,569154129362186240,train,True,negative
5385,569153793058672641,train,True,negative
5386,569153249917452288,train,False,negative
5387,569153098595192832,train,True,negative
5388,569153071093297152,train,True,neutral
5389,569152201278525440,train,True,negative
5390,569151232738095105,train,True,negative
5391,569151206028931072,test,True,negative
5392,569150371706200064,train,True,neutral
5393,569149949989879808,train,True,negative
5394,569149358802759680,train,True,neutral
5395,569148485519462400,train,True,positive
5396,569148114193530881,train,True,positive
5397,569146504004415489,train,False,negative
5398,569146045306793984,train,True,negative
5399,569143996422995968,train,True,negative
5400,569143946930196483,train,True,negative
5401,569143944266833920,test,True,negative
5402,569143215405674497,train,False,neutral
5403,569143186439991296,train,True,negative
5404,569143132756914176,train,True,negative
5405,569140424251715584,train,True,negative
5406,569138500626292736,train,True,neutral
5407,569134718396051456,train,True,positive
5408,569133987668623360,train,True,negative
5409,569132950006185985,train,False,negative
5410,569132310110588928,train,False,neutral
5411,569130625053155328,train,True,negative
5412,569129049861304323,train,True,negative
5413,569127429702348800,train,True,negative
5414,569126026938335232,train,False,negative
5415,569124760224813056,train,True,negative
5416,569124416891817984,train,True,positive
5417,569115621213884417,train,True,negative
5418,569111291454840833,train,True,negative
5419,569110078403551232,train,True,negative
5420,569108013547687936,test,True,positive
5421,569104886119297024,train,True,neutral
5422,569100490027499520,train,True,negative
5423,569099306147454976,train,False,negative
5424,569096233232547840,train,False,negative
5425,569089388350738432,train,True,negative
5426,569086048388538368,train,True,negative
5427,569085417045143552,test,True,negative
5428,569084344930676736,train,True,neutral
5429,569078309033803776,test,True,negative
5430,569076249487925248,train,True,negative
5431,569075205106229248,test,True,negative
5432,569071393356288000,train,True,neutral
5433,569069311962132480,test,True,negative
5434,569030858759213056,train,True,neutral
5435,569030463760650241,train,True,positive
5436,569025555343007744,train,True,negative
5437,569022042349051905,train,False,neutral
5438,569021943828983808,train,True,neutral
5439,569020255441264640,test,True,neutral
5440,569019132978405376,train,True,negative
5441,569017194564096000,train,True,negative
5442,569017052310056960,train,True,neutral
5443,569017002439761920,train,True,neutral
5444,569008329038524417,train,True,neutral
5445,569003484701282304,train,True,negative
5446,569002132621398016,train,True,negative
5447,569001941533003776,test,False,negative
5448,568999279936679937,test,False,negative
5449,568999266741411840,train,False,positive
5450,568998681715695618,test,True,negative
5451,568998369353297921,train,True,positive
5452,568992290833899520,test,True,negative
5453,568988406476189696,train,True,neutral
5454,568987434051989504,train,True,neutral
5455,568984950709432320,train,False,neutral
5456,568981498046623744,train,True,neutral
5457,568977492410703872,train,False,negative
5458,568976322032087041,train,True,negative
5459,568976030947418112,train,True,negative
5460,568975192615223296,train,True,neutral
5461,568974423358726144,train,True,negative
5462,568974008076652545,train,False,neutral
5463,568973617687625728,test,True,positive
5464,568971982554963969,train,True,positive
5465,568971449815289856,train,False,neutral
5466,568970172062691328,train,True,negative
5467,568969519252680706,train,True,negative
5468,568969143581413376,test,True,positive
5469,568967580595064832,train,True,negative
5470,568965309505380352,train,True,negative
5471,568964732981530624,train,True,positive
5472,568964652455092224,train,True,positive
5473,568962547891736576,train,True,neutral
5474,568958697856040961,train,False,negative
5475,568958074230190080,train,True,positive
5476,568957488021827585,train,True,positive
5477,568957365464076288,train,True,negative
5478,568956596862066688,train,False,neutral
5479,568955169183903745,train,True,negative
5480,568954934084788224,train,True,positive
5481,568953190252544000,train,False,positive
5482,568953095423705088,train,True,negative
5483,568951532252585987,train,True,positive
5484,568951506042425346,train,True,positive
5485,568951064688373760,train,False,positive
5486,568951063463616512,train,True,positive
5487,568949828518084608,train,True,neutral
5488,568949312098476032,train,True,neutral
5489,568949199779155968,train,True,neutral
5490,568948848263081986,train,True,positive
5491,568947768149938176,train,True,positive
5492,568947596242235392,train,False,neutral
5493,568947250325561344,train,True,negative
5494,568946700791861248,train,True,negative
5495,568946686896132096,train,False,negative
5496,568946502615179264,train,False,negative
5497,568945639834267648,train,True,negative
5498,568945562705371136,train,False,negative
5499,568945176401457153,train,False,negative
5500,568945122961784833,train,True,negative
5501,568944054303625217,train,True,positive
5502,568943601306210305,train,True,negative
5503,568943214130040832,train,True,negative
5504,568942857123336193,train,False,positive
5505,568942133698146306,train,True,neutral
5506,568940981321637889,test,True,positive
5507,568938023439765504,test,True,neutral
5508,568937199145783297,train,False,neutral
5509,568934745909829633,test,True,negative
5510,568932070447140864,train,True,positive
5511,568929816797323265,train,False,neutral
5512,568929782286516224,train,False,positive
5513,568929754151145472,test,True,positive
5514,568929652003217409,train,False,positive
5515,568929641756368896,train,True,neutral
5516,568929490929377281,train,True,neutral
5517,568928486188032000,train,True,positive
5518,568928195581513728,train,True,negative
5519,568926999680569344,train,True,negative
5520,568926716644745216,train,False,positive
5521,568926656615690240,test,True,positive
5522,568926306496172032,train,True,neutral
5523,568925938840240128,train,False,neutral
5524,568925711077117953,train,False,neutral
5525,568925579933671424,train,True,neutral
5526,568925459540344833,train,True,positive
5527,568925054089629696,train,False,positive
5528,568923827788505088,train,False,negative
5529,568919211357048832,train,False,neutral
5530,568918313239064576,train,False,negative
5531,568915699290284032,train,True,negative
5532,568915536844759040,train,True,neutral
5533,568914672826474496,train,True,neutral
5534,568913643779203073,train,False,neutral
5535,568913623327703040,train,True,negative
5536,568913412505251840,test,True,negative
5537,568913346675613696,train,False,neutral
5538,568913108153946112,train,False,neutral
5539,568911873438920705,train,False,neutral
5540,568911349092212736,train,False,negative
5541,568911099740839936,train,True,negative
5542,568910702070534144,train,True,neutral
5543,568908838784475136,train,True,neutral
5544,568906726906335234,train,False,positive
5545,568906461461393408,train,True,negative
5546,568906176353554432,train,True,neutral
5547,568905924217217024,train,False,negative
5548,568905259550056448,train,True,negative
5549,568904155332354050,train,True,negative
5550,568900531696984064,train,False,negative
5551,568900052397092864,train,False,negative
5552,568899508601430016,train,False,negative
5553,568898165635575808,train,False,positive
5554,568895164577685504,train,True,neutral
5555,568894805914169345,train,False,negative
5556,568894687911632896,train,False,negative
5557,568894680881963008,train,False,positive
5558,568894341243998208,train,True,positive
5559,568894224738856961,train,True,neutral
5560,568893685397483522,train,True,negative
5561,568893498193158144,train,True,neutral
5562,568893453515378689,train,True,negative
5563,568893092927029249,train,True,negative
5564,568892942770786304,train,False,neutral
5565,568892540889509888,train,True,neutral
5566,568892047559503873,train,False,positive
5567,568891084107087872,train,True,neutral
5568,568889677094232064,train,True,negative
5569,568889146179072000,train,False,negative
5570,568889116399525888,train,False,neutral
5571,568888806805512192,test,True,positive
5572,568888623787089920,train,False,negative
5573,568888508703752194,train,False,neutral
5574,568885971913023488,train,False,negative
5575,568885499986874369,train,True,neutral
5576,568885007646740480,train,False,neutral
5577,568884751022624768,train,False,negative
5578,568884731489562624,train,False,neutral
5579,568884675021635584,train,False,negative
5580,568884252110159873,train,True,positive
5581,568883988338581504,train,False,negative
5582,568883981371846656,train,False,neutral
5583,568883827218763777,train,True,neutral
5584,568883464923000832,train,True,positive
5585,568883124517494784,train,True,neutral
5586,568882359409340416,train,False,negative
5587,568882321119510528,train,True,positive
5588,568882182686707712,train,True,negative
5589,568881291766034432,train,False,negative
5590,568880408701435904,train,False,neutral
5591,568880146284982272,train,True,neutral
5592,568880082606911488,train,False,neutral
5593,568880030123745280,train,False,negative
5594,568879053496655872,test,False,neutral
5595,568879046215520256,test,False,negative
5596,568878340200906752,test,True,negative
5597,568878319074029568,train,False,neutral
5598,568878244331696128,train,True,neutral
5599,568876836324638720,train,True,neutral
5600,568876016216600576,train,True,negative
5601,568875674552807425,train,True,neutral
5602,568874435907682304,test,True,neutral
5603,568873612524032000,train,True,negative
5604,568873020460126209,train,True,positive
5605,568872880865325056,train,True,positive
5606,568870144891600896,train,True,positive
5607,568869594531651584,train,True,positive
5608,568868703762296832,train,True,positive
5609,568866106317746176,train,True,positive
5610,568863304975839233,test,False,negative
5611,568862460519813120,test,False,negative
5612,568861568609456128,train,False,negative
5613,568860857326637056,train,True,neutral
5614,568859651980156928,test,True,negative
5615,568858239372103680,train,False,neutral
5616,568858194447085568,train,False,negative
5617,568856987632603136,train,True,positive
5618,568856905445199872,train,True,neutral
5619,568856846523502594,test,True,negative
5620,568856823048089600,test,True,neutral
5621,568855390462603264,test,True,negative
5622,568855357923074049,train,True,neutral
5623,568853687130390528,test,False,neutral
5624,568853498726449152,test,True,neutral
5625,568853440794730496,train,False,neutral
5626,568852204750135296,train,True,neutral
5627,568852176799277057,train,False,positive
5628,568850531642253312,train,False,negative
5629,568850515309826048,train,False,negative
5630,568849994167529472,train,False,positive
5631,568849739346608128,train,False,negative
5632,568849058523033601,train,True,positive
5633,568848795733069824,train,True,neutral
5634,568848068977799168,train,False,neutral
5635,568846061307084800,train,True,positive
5636,568845879307735040,train,False,negative
5637,568845241526038528,train,True,negative
5638,568845012777111552,train,True,negative
5639,568844412970770433,train,True,negative
5640,568843439107919872,test,False,negative
5641,568842944024875008,test,True,neutral
5642,568841522663329793,train,False,neutral
5643,568841522646552576,train,True,neutral
5644,568840247657820160,test,False,negative
5645,568839199773732864,train,True,positive
5646,568838781907935233,train,True,neutral
5647,568836930550534145,train,True,neutral
5648,568836616166313984,train,False,neutral
5649,568836477099995137,train,False,neutral
5650,568834328937009152,train,True,negative
5651,568833691306369025,train,False,negative
5652,568833608460283904,test,True,negative
5653,568832907525152769,train,True,negative
5654,568831166976884736,train,True,negative
5655,568830255282040832,train,True,neutral
5656,568829994786426881,train,True,positive
5657,568829852721106944,test,True,negative
5658,568829686257623040,test,True,neutral
5659,568829652233428992,train,False,neutral
5660,568829494556897280,train,False,negative
5661,568829196962828289,train,False,negative
5662,568828959879790592,test,True,negative
5663,568828574641328128,train,True,positive
5664,568828335922356224,test,True,positive
5665,568828267660054528,test,True,positive
5666,568827958527275008,train,True,positive
5667,568826365878730753,test,True,negative
5668,568825797613645824,train,False,neutral
5669,568825542792720385,train,True,neutral
5670,568823099182985216,train,False,positive
5671,568823050571026432,train,True,positive
5672,568821349688471552,train,False,negative
5673,568821268239089664,train,True,neutral
5674,568820729879367680,train,True,negative
5675,568818517694402561,train,True,negative
5676,568818427579793409,train,True,negative
5677,568818229461721088,train,False,neutral
5678,568813634152849408,test,False,negative
5679,568813302140284928,train,False,neutral
5680,568812233146404864,test,False,neutral
5681,568811734040862720,test,True,negative
5682,568810642523725824,train,True,neutral
5683,568808340387536896,train,True,negative
5684,568808165636214784,test,False,neutral
5685,568807908374286336,test,False,positive
5686,568807451249627136,train,False,positive
5687,568807206059028481,train,True,negative
5688,568804291755945984,train,False,negative
5689,568803368367366144,train,False,neutral
5690,568802316893216769,train,False,neutral
5691,568802305606361089,train,True,negative
5692,568802232004513792,train,True,neutral
5693,568802105005346817,train,True,neutral
5694,568802037057646594,train,True,neutral
5695,568801542322548737,train,True,neutral
5696,568800998929661953,test,True,positive
5697,568800246433775617,train,False,positive
5698,568800184345468929,train,False,negative
5699,568798426810355712,train,True,negative
5700,568797768162127872,train,True,negative
5701,568797729876344833,train,False,negative
5702,568795746721513472,train,True,positive
5703,568794864533385216,test,True,positive
5704,568793782164062208,train,True,neutral
5705,568791283575201792,train,True,positive
5706,568788357431447552,train,True,neutral
5707,568787787815776256,train,False,positive
5708,568787660266823680,train,False,negative
5709,568787046778720256,train,False,positive
5710,568785762218610690,train,True,negative
5711,568784615877574656,train,False,positive
5712,568784436428300290,train,True,positive
5713,568784295759777797,train,True,negative
5714,568784239841431552,train,True,negative
5715,568782761852596225,train,False,neutral
5716,568781747128803328,train,False,positive
5717,568781555784507392,train,True,negative
5718,568781450146787328,train,True,negative
5719,568781422804262912,test,True,neutral
5720,568780060720701440,train,False,neutral
5721,568779480019251201,train,False,negative
5722,568779073117245441,train,False,negative
5723,568778893085290496,train,True,negative
5724,568778115956092928,train,True,negative
5725,568777943104802817,test,True,negative
5726,568776728333541376,train,True,neutral
5727,568774192029523969,train,False,neutral
5728,568773575705899008,train,True,positive
5729,568772912557133824,train,True,positive
5730,568772846878461952,test,False,negative
5731,568772817598050304,train,False,negative
5732,568772614639845377,test,False,negative
5733,568772334632349696,test,True,negative
5734,568768874037915648,train,True,neutral
5735,568768837744611328,train,True,neutral
5736,568768156841308160,train,True,negative
5737,568764097015058432,train,False,neutral
5738,568763877992706048,train,False,negative
5739,568763876377907200,train,False,negative
5740,568763245911126017,train,False,positive
5741,568763087689379840,train,True,negative
5742,568762437832478720,train,True,positive
5743,568761996973379584,test,True,negative
5744,568760785113120768,train,False,negative
5745,568759914514014208,train,True,positive
5746,568758001856847872,train,False,positive
5747,568755032138469376,train,True,negative
5748,568753398100692992,test,True,neutral
5749,568752276040495104,train,False,neutral
5750,568742080715104256,train,True,negative
5751,568724299873431552,train,True,negative
5752,568697648028487680,train,True,positive
5753,568673970251116544,test,True,negative
5754,568671818262773760,test,False,positive
5755,568664266502479872,train,True,positive
5756,568658885361438720,train,False,neutral
5757,568650933049147392,test,False,negative
5758,568644929595056128,train,True,negative
5759,568639956622512128,train,True,negative
5760,568639461648502784,train,False,positive
5761,568637034761302017,test,True,negative
5762,568630779720417280,train,True,neutral
5763,568629791869394945,train,True,negative
5764,568629558716592128,train,True,negative
5765,568627477259485185,train,True,negative
5766,568624572985004033,train,True,positive
5767,568622676773703681,train,False,neutral
5768,568622422309482496,train,False,positive
5769,568621312622657536,train,False,positive
5770,568621122368851968,train,True,positive
5771,568618050745864192,train,True,negative
5772,568617163465957377,train,True,negative
5773,568615365619662848,train,True,positive
5774,568614676612964352,test,True,positive
5775,568613837198340098,train,True,neutral
5776,568613712858198016,train,True,negative
5777,568613245839224832,train,True,neutral
5778,568611966937214976,train,True,negative
5779,568611700674584576,test,True,negative
5780,568611482780508161,test,True,negative
5781,568611276026351618,train,True,negative
5782,568609263485984768,train,True,negative
5783,568607454893727744,train,True,positive
5784,568605955614642176,train,True,positive
5785,568605600273141760,test,False,neutral
5786,568605358534447104,train,True,neutral
5787,568604899870711808,test,False,neutral
5788,568604830291222530,train,True,negative
5789,568604231026003968,test,True,negative
5790,568597968405835776,train,True,neutral
5791,568596145456291840,train,False,negative
5792,568592809344819200,train,True,negative
5793,568591059602829314,train,True,positive
5794,568590782640164865,test,True,negative
5795,568589740833939456,train,True,positive
5796,568589732520665089,train,True,negative
5797,568588931379253248,train,False,negative
5798,568587821264609280,train,False,negative
5799,568587490971533312,train,False,negative
5800,568587424747511808,train,True,negative
5801,568587228353585154,train,True,negative
5802,568586882600161280,train,False,negative
5803,568586231409475584,train,False,neutral
5804,568585356586586113,test,True,positive
5805,568584029106266113,train,True,positive
5806,568582794340896768,train,True,positive
5807,568582726875516929,test,False,negative
5808,568582374549807104,test,True,negative
5809,568581984055906304,train,True,neutral
5810,568581908075933696,train,True,negative
5811,568579873926746112,train,True,positive
5812,568578381320597504,train,False,negative
5813,568578230933979136,train,True,negative
5814,568578057293807616,test,False,neutral
5815,568575335148580864,train,True,positive
5816,568575202713583616,train,True,negative
5817,568574960035360768,train,False,negative
5818,568574614110117888,train,False,negative
5819,568573661378174976,train,False,positive
5820,568573057184473089,test,True,positive
5821,568572506300243968,train,True,positive
5822,568571900596772864,train,True,negative
5823,568571242627903488,train,True,neutral
5824,568571203553599488,train,True,negative
5825,568571021554556929,train,True,negative
5826,568570374335524865,train,True,positive
5827,568570219951554560,train,True,negative
5828,568568900767653889,train,True,positive
5829,568567255291703298,test,False,positive
5830,568566331169247232,train,True,neutral
5831,568565615327227904,train,False,neutral
5832,568565272824582145,train,False,neutral
5833,568563550475698177,train,True,negative
5834,568563324704706560,test,False,neutral
5835,568562849447948288,train,False,negative
5836,568562728585064449,train,True,positive
5837,568562631616942080,test,True,positive
5838,568560904469684224,train,False,neutral
5839,568559381295407104,train,False,neutral
5840,568559216912416768,test,False,neutral
5841,568559061668507648,train,False,negative
5842,568558819959119872,train,True,negative
5843,568556874439790594,train,True,neutral
5844,568555484589871105,test,False,neutral
5845,568553101587832832,test,False,positive
5846,568552809555103744,test,True,neutral
5847,568551937185951744,train,True,negative
5848,568550726311346177,train,False,negative
5849,568549781502496768,train,True,positive
5850,568548764484542464,train,True,positive
5851,568548629973209089,test,True,negative
5852,568546953262436352,test,True,positive
5853,568546414604750848,test,True,negative
5854,568545857332588544,train,True,negative
5855,568543965026390016,train,True,neutral
5856,568543722943614976,train,False,neutral
5857,568542896539873281,train,False,neutral
5858,568542364207325185,train,False,positive
5859,568541825092304897,train,False,negative
5860,568539903979446272,train,True,negative
5861,568539290344402944,train,True,negative
5862,568539193669914626,train,False,positive
5863,568538790244909056,test,True,positive
5864,568538599903244290,test,True,negative
5865,568538034947297281,train,False,positive
5866,568536883199746048,train,False,neutral
5867,568535948042104832,train,True,positive
5868,568535604159332352,train,True,negative
5869,568533372709908480,train,False,positive
5870,568531207459221506,train,False,neutral
5871,568531187481706496,train,False,neutral
5872,568531043805999104,train,False,neutral
5873,568531035723603968,train,False,positive
5874,568531020267458561,test,False,positive
5875,568528678671360000,train,True,negative
5876,568526769373859841,train,False,neutral
5877,568525573175136256,train,False,neutral
5878,568524407850688512,train,True,positive
5879,568524265663803395,train,True,negative
5880,568523935853051906,train,True,negative
5881,568523051853197312,train,True,positive
5882,568520773444308992,train,True,positive
5883,568519360953716736,test,True,neutral
5884,568519214211813377,train,True,negative
5885,568518406959312897,test,True,neutral
5886,568515166410653696,train,True,neutral
5887,568514819369754624,train,True,negative
5888,568513072819646464,test,True,negative
5889,568513003307429888,train,True,positive
5890,568511254530101248,train,True,neutral
5891,568510632930050048,test,True,positive
5892,568510570799869952,test,True,positive
5893,568506661373145089,train,True,neutral
5894,568505615208693761,train,True,positive
5895,568504198385373184,train,True,negative
5896,568502870435336192,train,True,neutral
5897,568502289402630144,test,True,positive
5898,568502021390786561,test,True,negative
5899,568498076962451456,test,True,negative
5900,568496445164273665,train,False,negative
5901,568496176116457472,train,False,negative
5902,568495924135235585,train,True,neutral
5903,568495601471647745,test,False,neutral
5904,568495464015929344,train,True,neutral
5905,568495231877967872,test,True,negative
5906,568495216291913728,train,True,negative
5907,568494692117155841,train,True,negative
5908,568494596973600769,test,True,neutral
5909,568494498361294848,train,False,positive
5910,568494397144358914,train,True,positive
5911,568491900195500032,train,True,negative
5912,568491765910659072,test,False,negative
5913,568491484401557504,test,False,negative
5914,568491160056045568,test,False,neutral
5915,568491142410571778,test,False,negative
5916,568490268271484929,train,True,negative
5917,568489786081714176,train,True,positive
5918,568489413262610433,train,False,neutral
5919,568486399663575040,test,True,neutral
5920,568484677868265473,train,False,neutral
5921,568484335747268608,train,True,neutral
5922,568483773467262976,train,True,positive
5923,568483386580439040,train,False,neutral
5924,568482840750530560,train,True,negative
5925,568482803266031616,train,False,neutral
5926,568482252168019968,train,False,neutral
5927,568481017876623360,test,True,negative
5928,568480653819453440,test,True,negative
5929,568479399273758721,train,False,neutral
5930,568478881063276545,test,True,negative
5931,568478666868588545,train,True,positive
5932,568478536715120640,train,False,neutral
5933,568478204190720000,train,True,negative
5934,568476518852247552,train,False,positive
5935,568474442210283520,train,True,neutral
5936,568471761051721728,train,False,neutral
5937,568470715009277952,train,True,positive
5938,568470266793340929,test,True,negative
5939,568469882922102785,train,True,negative
5940,568469155709624321,train,False,negative
5941,568468715819266048,train,False,positive
5942,568468372524023808,train,False,negative
5943,568467596414210049,train,False,negative
5944,568467366780264448,train,False,negative
5945,568467150475812864,train,True,negative
5946,568467055747313664,train,False,negative
5947,568466642193104897,test,False,negative
5948,568466550337875969,train,True,negative
5949,568465058264698880,train,False,positive
5950,568464940367007744,train,True,positive
5951,568464798926524417,train,True,positive
5952,568464337146404864,train,True,positive
5953,568463331251634176,train,True,positive
5954,568463093568835584,test,False,neutral
5955,568462314388656128,test,True,negative
5956,568460539602608128,train,True,positive
5957,568460395544862720,train,False,negative
5958,568458879220076545,test,True,positive
5959,568458185071132672,train,True,negative
5960,568457802059902976,train,True,neutral
5961,568457761366781952,train,False,negative
5962,568457681855340544,test,False,negative
5963,568456567835619328,train,True,negative
5964,568454986574602240,train,False,positive
5965,568454606675529731,train,False,positive
5966,568454418141614080,train,False,neutral
5967,568454304488673280,test,False,positive
5968,568453988758233089,test,False,positive
5969,568453818335129601,train,False,neutral
5970,568453351479721986,train,False,negative
5971,568453042816868352,train,False,neutral
5972,568452051740413952,train,False,positive
5973,568451916319096832,train,False,neutral
5974,568451244009742336,train,False,negative
5975,568450643175866368,train,True,negative
5976,568448902011224064,train,False,neutral
5977,568448300325605377,train,False,neutral
5978,568448282239713280,train,True,negative
5979,568448265441554432,train,True,negative
5980,568448242804871168,train,True,negative
5981,568448077624770560,train,True,positive
5982,568447937929289729,train,True,negative
5983,568447131431931904,train,True,neutral
5984,568446993548206081,train,False,neutral
5985,568446450700558336,train,False,positive
5986,568445415768477696,train,True,positive
5987,568444321113862145,test,True,positive
5988,568443742610305024,train,True,neutral
5989,568443115415035904,train,True,positive
5990,568442711910576128,train,True,positive
5991,568441899402584064,train,True,neutral
5992,568440930593697792,train,True,neutral
5993,568440587411726336,test,False,negative
5994,568440527328120832,train,True,positive
5995,568440514506301440,test,True,neutral
5996,568440384897966080,train,True,positive
5997,568440058895863808,test,False,negative
5998,568439748047581184,test,True,negative
5999,568439319779790848,train,False,negative
6000,568439171028791297,train,True,negative
6001,568438759466934272,train,False,neutral
6002,568438312177762304,train,False,positive
6003,568438257454682112,test,False,negative
6004,568438018572300289,test,False,positive
6005,568438000843034624,train,False,positive
6006,568437777647460352,test,True,neutral
6007,568437634835595264,train,False,neutral
6008,568437385844924416,train,True,neutral
6009,568437028205035520,train,True,positive
6010,568437004045672448,train,True,positive
6011,568436966628261889,train,True,negative
6012,568436693210173441,train,True,neutral
6013,568436267702071296,train,True,negative
6014,568436061959028736,train,True,neutral
6015,568435434964938752,test,True,neutral
6016,568434790707277824,train,True,positive
6017,568434328943915009,train,True,positive
6018,568434014672916480,test,True,negative
6019,568434004732416001,train,True,positive
6020,568433948126154752,train,True,positive
6021,568432638823772160,test,True,negative
6022,568432390957355008,test,True,positive
6023,568432260912959488,train,True,neutral
6024,568431720707579904,test,True,neutral
6025,568430867447549952,train,True,neutral
6026,568430198254747649,test,False,negative
6027,568429191546277888,train,True,positive
6028,568429188975173634,test,False,negative
6029,568429136584286209,test,False,neutral
6030,568429062642929664,train,True,neutral
6031,568428195193729025,test,False,neutral
6032,568427566916345856,test,True,neutral
6033,568427565003599872,test,False,negative
6034,568427056221933568,train,True,negative
6035,568426870963712000,train,True,neutral
6036,568426579874996224,test,False,negative
6037,568426007583170560,test,False,positive
6038,568425737092513792,train,True,positive
6039,568425421240455168,train,False,negative
6040,568425343452721152,train,True,positive
6041,568425317028610049,train,True,neutral
6042,568421605132484608,train,False,neutral
6043,568421124201017345,test,True,neutral
6044,568418629236219904,test,True,negative
6045,568418531777355776,train,True,negative
6046,568416519073468416,train,True,positive
6047,568413746726457344,train,True,negative
6048,568413673330331648,train,True,positive
6049,568413365254488064,test,True,neutral
6050,568413356492599296,test,True,positive
6051,568408789512105985,train,True,neutral
6052,568404564375969792,train,False,neutral
6053,568403209766744064,train,True,neutral
6054,568397976110010368,train,True,positive
6055,568394676501217281,train,True,neutral
6056,568391392528969730,test,True,positive
6057,568391382496378880,train,True,negative
6058,568389719093940224,train,True,negative
6059,568389266155438080,train,True,neutral
6060,568386996525252609,train,True,negative
6061,568385950486802432,test,False,neutral
6062,568385277514919937,test,True,negative
6063,568383068244819968,train,True,negative
6064,568377392420356096,train,True,positive
6065,568377318822912000,train,True,negative
6066,568364870757797888,train,True,neutral
6067,568361830160175104,test,True,positive
6068,568326927695491072,test,True,negative
6069,568319110779514880,train,True,positive
6070,568308149796474880,train,True,positive
6071,568305064529408000,train,True,neutral
6072,568303293635522560,train,True,neutral
6073,568299906466762752,train,False,neutral
6074,568299749121654784,train,True,neutral
6075,568294699515187200,train,True,neutral
6076,568284515728302080,train,False,negative
6077,568284092707401728,test,True,neutral
6078,568281771298521088,train,True,positive
6079,568276647885086720,test,True,neutral
6080,568275746516385793,train,True,positive
6081,568274752864948224,train,True,positive
6082,568273514970501120,train,False,negative
6083,568271522332192768,train,True,negative
6084,568269180153274368,train,True,neutral
6085,568269127992913920,train,True,neutral
6086,568267732556255232,test,True,neutral
6087,568266994069295105,test,True,neutral
6088,568262925833515008,test,True,neutral
6089,568260044896243712,train,True,negative
6090,568258896038506496,train,True,positive
6091,568247978835578880,train,True,neutral
6092,568243352258236416,test,False,neutral
6093,568240532746473472,train,True,neutral
6094,568240355772108800,train,True,positive
6095,568238793150611457,train,True,negative
6096,568238379847921665,test,True,positive
6097,568236511524745216,train,True,negative
6098,568236231374581760,train,True,positive
6099,568233937761230848,test,True,negative
6100,568232493779824640,test,True,positive
6101,568229659810209792,train,True,negative
6102,568228761566642176,train,True,positive
6103,568227390566109184,test,True,neutral
6104,568225322543538176,train,True,neutral
6105,568223025805422592,train,False,negative
6106,568222976744824832,test,True,neutral
6107,568222514956013568,train,False,negative
6108,568221293914533889,train,True,neutral
6109,568220487500709889,train,True,negative
6110,568220464071356416,train,False,neutral
6111,568220313370013696,train,True,positive
6112,568216890918637568,train,True,negative
6113,568216414957408256,train,True,negative
6114,568215698524246016,train,True,positive
6115,568214541852495872,train,False,neutral
6116,568212893012860928,train,False,negative
6117,568212796422406144,train,True,positive
6118,568212443433865217,train,False,negative
6119,568211739059326976,test,True,positive
6120,568210342880227328,train,True,negative
6121,568210101573722112,train,True,negative
6122,568210087212388353,train,False,neutral
6123,568209603332214784,train,True,positive
6124,568206236081995776,train,True,neutral
6125,568204029517553665,train,False,neutral
6126,568202940839800832,train,True,positive
6127,568202855166967808,train,True,neutral
6128,568201125012353024,train,False,negative
6129,568198843034169344,train,False,neutral
6130,568196066430083074,train,False,negative
6131,568193603954085888,train,False,positive
6132,568193347216474112,test,True,negative
6133,568192038040006656,train,True,neutral
6134,568192010789777408,test,True,positive
6135,568191101087019008,train,False,negative
6136,568190250377461760,train,True,neutral
6137,568189481590886400,train,True,negative
6138,568188732806963201,train,True,negative
6139,568188595456118785,train,True,positive
6140,568187725834289152,train,True,neutral
6141,568187577909563392,train,True,neutral
6142,568183277774868480,train,True,neutral
6143,568183137467043840,train,False,positive
6144,568182492055912449,train,False,neutral
6145,568182386409607168,train,True,positive
6146,568181877560852481,test,True,neutral
6147,568180928746369027,train,True,negative
6148,568180868126150656,train,True,positive
6149,568180710252646400,test,False,positive
6150,568180422070247424,train,False,neutral
6151,568180264914051072,test,True,positive
6152,568179570651709441,train,False,negative
6153,568178355452792832,train,False,neutral
6154,568178151173562368,train,True,negative
6155,568177022712676353,train,False,neutral
6156,568176529584173056,train,True,negative
6157,568174911841177600,train,True,negative
6158,568173585484771328,train,True,negative
6159,568173435173482496,train,False,neutral
6160,568172001300340736,train,True,negative
6161,568171015131394048,train,True,negative
6162,568170929639059456,train,False,positive
6163,568170493544673280,train,False,negative
6164,568170036248092674,train,False,negative
6165,568169837878484992,train,False,positive
6166,568169379613032448,train,True,negative
6167,568169352383602688,test,False,neutral
6168,568168034394873857,test,True,negative
6169,568166220706418688,train,True,negative
6170,568165260605014016,train,True,positive
6171,568164059981307904,train,True,positive
6172,568162290890964992,train,False,positive
6173,568161313274404864,train,True,neutral
6174,568160511264571392,train,True,negative
6175,568159614069444608,train,True,negative
6176,568157733746294787,train,True,negative
6177,568155440267161600,train,False,positive
6178,568155246616121344,train,True,positive
6179,568154689449168896,train,True,neutral
6180,568153578453524480,train,True,neutral
6181,568151905165316097,test,True,negative
6182,568149878095753216,train,False,neutral
6183,568149287948967936,train,True,neutral
6184,568149194654904320,train,True,positive
6185,568148807684198401,train,True,positive
6186,568148009722073089,train,False,neutral
6187,568147483269971969,train,True,neutral
6188,568147443151454208,train,True,negative
6189,568146404784209920,train,False,negative
6190,568145575452876800,train,True,negative
6191,568144447931686912,train,True,positive
6192,568144357230026752,train,True,neutral
6193,568141111601926145,train,True,neutral
6194,568140628959358976,train,True,positive
6195,568139299021041664,train,False,negative
6196,568139007617597440,train,False,negative
6197,568137557935960066,train,False,positive
6198,568136806224379904,train,True,positive
6199,568136521502605312,train,True,negative
6200,568135153903656960,train,True,negative
6201,568134973728755712,train,True,positive
6202,568134503987851264,train,True,neutral
6203,568134211493695488,test,False,positive
6204,568133264168214528,train,True,neutral
6205,568132209330098177,train,True,neutral
6206,568130768788185088,train,True,negative
6207,568130367900798976,test,True,neutral
6208,568128236649095168,train,False,negative
6209,568128069845848064,train,False,negative
6210,568126682336534529,test,True,neutral
6211,568126169008218112,train,False,neutral
6212,568125472527097856,train,False,neutral
6213,568124227641065472,test,True,neutral
6214,568122064919527424,train,False,negative
6215,568121659988824064,train,True,negative
6216,568118177537744897,train,True,neutral
6217,568116430966648833,train,True,negative
6218,568113383242911744,train,True,positive
6219,568112842261594112,train,True,positive
6220,568112578989137920,train,True,negative
6221,568111819325366273,train,False,neutral
6222,568111779705958400,test,True,negative
6223,568111588546375680,train,True,neutral
6224,568110846057975808,train,True,neutral
6225,568110095646781440,train,True,negative
6226,568108822360760320,train,True,neutral
6227,568108322924191744,train,False,positive
6228,568108100827217920,test,False,positive
6229,568107719737020417,train,False,negative
6230,568107670177239040,train,True,neutral
6231,568107472260624384,train,False,positive
6232,568107058605608960,train,False,neutral
6233,568106704866582528,train,True,neutral
6234,568105844174397440,test,False,neutral
6235,568105722413649920,train,True,negative
6236,568105481018822656,train,False,neutral
6237,568105106647838720,train,True,positive
6238,568104783061520384,train,True,neutral
6239,568104424029036545,train,True,positive
6240,568103931307405312,train,True,positive
6241,568103735827804160,test,True,neutral
6242,568102187294973952,train,False,negative
6243,568101606585020416,test,False,negative
6244,568100987887427584,train,False,neutral
6245,568100973966569472,train,True,positive
6246,568100626183417856,test,False,neutral
6247,568098977545134080,train,True,negative
6248,568096674167595008,train,False,neutral
6249,568096554638159872,train,False,negative
6250,568095623875964928,train,True,neutral
6251,568094581041934336,test,True,negative
6252,568094319766147072,test,True,negative
6253,568093988516802560,train,True,positive
6254,568093497431101440,train,True,neutral
6255,568093190185566208,train,False,neutral
6256,568092537786748928,test,True,neutral
6257,568092489011236864,train,True,positive
6258,568092479452549120,train,True,negative
6259,568091794304401409,train,True,positive
6260,568091623986319360,train,True,negative
6261,568090175122907136,test,False,negative
6262,568088989820792832,train,True,negative
6263,568087881387884544,train,False,positive
6264,568087802279288832,test,False,neutral
6265,568087614303166464,train,True,neutral
6266,568087131748503553,train,True,positive
6267,568086667258679296,train,True,positive
6268,568086184888561664,train,False,negative
6269,568086073814827008,test,True,negative
6270,568086068135895040,train,False,negative
6271,568085970983251968,train,True,positive
6272,568085962049216514,train,True,positive
6273,568085714744684544,train,False,positive
6274,568085705479618560,train,False,negative
6275,568085571509334016,train,True,neutral
6276,568085366441246720,test,True,positive
6277,568085308727808000,train,True,negative
6278,568085082746933248,train,True,neutral
6279,568084881303072770,test,False,positive
6280,568084860008570881,train,True,positive
6281,568084748020649984,test,True,neutral
6282,568083999761010689,train,True,neutral
6283,568082817562898432,test,True,positive
6284,568082656413552640,train,True,negative
6285,568082454336151552,train,True,neutral
6286,568082378406682624,train,True,neutral
6287,568081678272307201,train,True,negative
6288,568081316282916864,train,True,neutral
6289,568080061372502016,test,False,neutral
6290,568079810389549057,train,True,neutral
6291,568079239343439872,test,True,neutral
6292,568078285520785408,train,False,neutral
6293,568078069568839680,train,True,negative
6294,568077930783485952,train,True,neutral
6295,568077464892628993,train,False,negative
6296,568076650782404608,train,True,negative
6297,568076399166140416,train,True,negative
6298,568076081665679360,train,True,positive
6299,568075679008468992,test,False,negative
6300,568074028990259200,test,True,neutral
6301,568072958821990400,train,True,positive
6302,568072079096061952,train,False,neutral
6303,568069670475071488,train,False,negative
6304,568069616003629057,test,False,negative
6305,568069437506641920,test,True,negative
6306,568067878546755584,train,False,positive
6307,568066878192508928,train,True,neutral
6308,568066302818058240,train,True,negative
6309,568064339544051712,train,True,negative
6310,568062804697202688,train,True,negative
6311,568059610969604096,train,False,positive
6312,568058224433340416,train,False,negative
6313,568058146729668608,train,False,positive
6314,568058084846911488,train,False,negative
6315,568057887223894016,train,False,neutral
6316,568057812322021376,train,True,negative
6317,568057671443750912,train,False,negative
6318,568056811401703424,train,False,neutral
6319,568056741885288448,train,False,negative
6320,568056298937430016,train,False,negative
6321,568056050877919232,train,False,negative
6322,568055996884619264,train,True,neutral
6323,568055766130827264,test,True,negative
6324,568055724078706689,train,False,negative
6325,568055480226066434,train,False,negative
6326,568055279839023105,train,False,negative
6327,568055034296049664,train,False,negative
6328,568054955967418368,test,True,neutral
6329,568054866045747200,train,False,negative
6330,568054687993352192,train,False,negative
6331,568054666216509441,test,True,negative
6332,568054514617622528,train,False,negative
6333,568054330550587392,train,True,negative
6334,568053732929359872,train,False,positive
6335,568052354525696000,test,True,negative
6336,568052343922507776,train,True,neutral
6337,568051605247021056,train,False,positive
6338,568051218477654016,train,True,negative
6339,568050804101410816,test,True,positive
6340,568050718772314112,train,False,neutral
6341,568049316582932480,train,True,negative
6342,568049201453469697,train,True,negative
6343,568047468384002048,test,True,positive
6344,568044275910512640,train,True,negative
6345,568042869505654784,train,True,neutral
6346,568042046608580608,test,True,neutral
6347,568041723642961920,test,True,positive
6348,568039503065174016,train,False,positive
6349,568037842838024192,train,True,positive
6350,568037591687270400,test,False,neutral
6351,568034773156933632,train,True,neutral
6352,568028183267639297,train,True,positive
6353,568027403462651905,test,True,positive
6354,568024504057913344,train,True,neutral
6355,568015713836752896,train,True,neutral
6356,568014567089029120,train,True,neutral
6357,567996668320346112,train,False,neutral
6358,567983341405745152,train,True,positive
6359,567982055503622144,train,True,negative
6360,567972426027565056,train,True,negative
6361,567969280752521216,train,True,neutral
6362,567954287185125377,train,True,neutral
6363,567951109677027328,train,True,negative
6364,567943461476806656,train,True,negative
6365,567935883086688256,train,False,negative
6366,567933117610074113,test,True,negative
6367,567931567881875457,train,False,positive
6368,567921252901367808,train,True,neutral
6369,567919829589442560,train,True,neutral
6370,567912504656965632,train,True,positive
6371,567907935331971072,train,True,positive
6372,567907813126582272,train,True,neutral
6373,567907483177582592,train,True,positive
6374,567907070269198337,train,True,positive
6375,567906137938399232,train,True,positive
6376,567902921829978112,train,True,negative
6377,567900433542488064,train,True,negative
6378,567899634833690624,train,False,negative
6379,567899604605218816,train,True,neutral
6380,567899319157669888,train,True,neutral
6381,567898236809277440,train,True,negative
6382,567898186414710784,train,True,negative
6383,567897629364850689,test,True,positive
6384,567896042093617153,train,False,negative
6385,567895533664120832,train,True,negative
6386,567892966980870144,train,True,negative
6387,567892874756501504,test,True,positive
6388,567890395322920960,train,True,positive
6389,567888186967470080,train,False,negative
6390,567887646162161664,test,True,negative
6391,567887502306050048,train,True,negative
6392,567887437998997504,train,False,negative
6393,567887103465496576,train,False,negative
6394,567886632155680770,train,True,positive
6395,567886422826307585,train,True,negative
6396,567885982340636672,train,False,positive
6397,567883722948763648,test,True,negative
6398,567881925727113217,train,True,negative
6399,567880908528832513,train,True,positive
6400,567880664600698880,train,False,positive
6401,567880238962716672,train,True,negative
6402,567879888490868736,test,False,negative
6403,567879304593408001,test,True,negative
6404,567878436909228033,test,False,positive
6405,567878239156338688,train,False,positive
6406,567878205157281793,test,True,negative
6407,567876860647833600,train,True,neutral
6408,567876290524495872,train,True,negative
6409,567875758053400576,train,False,positive
6410,567875729045590017,train,False,negative
6411,567875308377911297,train,True,neutral
6412,567875147941552128,train,True,negative
6413,567874892634304512,train,False,positive
6414,567873196730421248,train,True,negative
6415,567872810770657280,train,False,positive
6416,567872411418247169,train,True,negative
6417,567871270014025728,train,True,negative
6418,567870895383015424,train,True,positive
6419,567870311539933184,train,True,negative
6420,567870045981929473,train,True,negative
6421,567869456048865281,test,False,neutral
6422,567869273109958656,train,True,neutral
6423,567869191002263553,train,True,negative
6424,567868770284208128,train,True,neutral
6425,567866673325285376,train,True,negative
6426,567866511626346496,train,False,negative
6427,567865403101298688,train,True,neutral
6428,567864832235405313,test,True,negative
6429,567863933018640384,train,True,neutral
6430,567863445422546944,train,True,positive
6431,567863197341847552,test,False,positive
6432,567862240419934208,train,True,positive
6433,567861645084631041,train,True,negative
6434,567861140895580160,train,True,neutral
6435,567860982422306816,test,True,positive
6436,567860325179072512,train,True,negative
6437,567859569621372928,train,True,positive
6438,567859338615865344,test,True,negative
6439,567858373527470080,test,True,positive
6440,567858173282906112,train,False,negative
6441,567858076285452288,train,False,negative
6442,567857591222603776,train,False,negative
6443,567856422030942208,train,True,positive
6444,567856355907760128,test,False,negative
6445,567855736665051136,train,True,neutral
6446,567855640640516096,train,False,positive
6447,567853059419856896,train,True,negative
6448,567851763136491520,train,True,negative
6449,567847571223388160,train,True,negative
6450,567845681768968192,train,False,positive
6451,567843845247016960,test,False,positive
6452,567843646881599489,train,True,positive
6453,567843309349036032,test,True,negative
6454,567843014300692480,train,True,negative
6455,567840923008237568,train,False,neutral
6456,567840732305858560,train,True,negative
6457,567838174816395264,test,True,negative
6458,567836660899057664,train,False,negative
6459,567835334572130304,train,False,neutral
6460,567833247242264577,test,False,negative
6461,567833231434723328,test,True,positive
6462,567831380157206528,train,False,negative
6463,567831245260005376,train,True,positive
6464,567831160748916736,train,True,negative
6465,567831075763003393,train,False,negative
6466,567830740373868544,train,True,positive
6467,567830627219939328,train,False,negative
6468,567830505414103040,train,True,negative
6469,567830500095688704,train,False,negative
6470,567830414615662592,test,True,negative
6471,567830279809937408,train,True,negative
6472,567829997668470785,train,False,negative
6473,567829689600892928,train,False,neutral
6474,567829387485130752,train,True,positive
6475,567828625388609536,train,True,negative
6476,567827255088390144,train,True,negative
6477,567826899776446464,train,True,neutral
6478,567826761141985280,train,False,positive
6479,567825886449250304,train,True,positive
6480,567823996852428801,train,True,negative
6481,567823967555178496,train,True,neutral
6482,567823930985091072,train,False,negative
6483,567823459276877824,train,False,negative
6484,567823244549480448,train,False,negative
6485,567822994925441025,train,False,negative
6486,567822780135124992,train,True,negative
6487,567821242029359104,train,True,negative
6488,567820713156943872,train,True,positive
6489,567820352329523200,train,True,negative
6490,567819541939494913,train,False,negative
6491,567819359255810048,train,True,negative
6492,567818783616954369,train,True,negative
6493,567818765888557056,train,False,negative
6494,567817558418804737,train,True,neutral
6495,567817455234715649,train,True,negative
6496,567816909816635392,train,False,positive
6497,567815252881977344,test,True,negative
6498,567814896965124096,train,True,negative
6499,567814300594769920,train,True,positive
6500,567814095626575873,train,True,neutral
6501,567813976492417024,train,True,negative
6502,567813189334790144,train,True,positive
6503,567813060027772928,train,True,negative
6504,567812709342822400,train,True,negative
6505,567812544099827712,train,True,negative
6506,567811776025468929,test,True,negative
6507,567811713870876672,train,False,negative
6508,567811407309185024,test,True,neutral
6509,567811142924656640,train,False,negative
6510,567811093369790464,train,True,neutral
6511,567810419672268800,train,True,positive
6512,567809695260639232,train,True,negative
6513,567806843310907392,train,False,positive
6514,567806786331234305,train,True,negative
6515,567806501402976257,train,True,neutral
6516,567805887319912448,train,True,positive
6517,567805714216792064,train,False,negative
6518,567804718886711296,test,True,neutral
6519,567803969235390464,train,True,neutral
6520,567802999880552448,train,False,negative
6521,567802937394655232,train,False,neutral
6522,567802829567467520,test,False,negative
6523,567802752677457920,train,True,negative
6524,567802649526976512,train,True,neutral
6525,567801645795643393,test,True,positive
6526,567801559788068864,train,False,neutral
6527,567801079388471296,train,True,positive
6528,567800801248161792,train,False,neutral
6529,567800671572926464,train,True,negative
6530,567800574051151872,train,True,negative
6531,567800329824399360,train,True,positive
6532,567799932897210368,train,True,negative
6533,567799259224940544,train,True,neutral
6534,567796413880397825,train,True,negative
6535,567796276100886528,train,True,negative
6536,567793635892174848,test,True,negative
6537,567793538134716417,test,True,neutral
6538,567791323597524992,train,True,neutral
6539,567791182199197697,train,True,positive
6540,567790581901971456,test,False,neutral
6541,567790510502371328,train,True,negative
6542,567789749013086208,train,True,positive
6543,567788514952368129,train,True,positive
6544,567787583138230272,train,True,neutral
6545,567785122708332546,train,True,positive
6546,567785042891567104,train,True,negative
6547,567784912011689984,train,False,negative
6548,567783978955993088,train,True,negative
6549,567783802492420096,train,False,positive
6550,567783187901915136,test,True,neutral
6551,567783113309585409,train,True,negative
6552,567782794261438466,train,True,negative
6553,567781731156377600,train,False,negative
6554,567781675514343424,train,False,negative
6555,567781663469481984,train,True,neutral
6556,567780392179351553,test,True,negative
6557,567780076926693376,train,False,negative
6558,567779815227260928,train,True,positive
6559,567779798782595072,train,True,neutral
6560,567778721474822145,train,True,negative
6561,567778453006655488,train,True,negative
6562,567778403755900928,train,True,neutral
6563,567777978327633920,train,False,positive
6564,567777622357475328,train,True,neutral
6565,567776832410636288,train,True,negative
6566,567776143273512961,train,True,negative
6567,567775685796589568,train,False,negative
6568,567775613348376577,train,False,neutral
6569,567774320170119168,train,True,positive
6570,567774277656682496,train,True,negative
6571,567774139353722880,train,False,negative
6572,567774100299739138,train,True,positive
6573,567773933928476672,train,True,negative
6574,567773611591626752,train,True,neutral
6575,567773445195583488,train,True,positive
6576,567773236734074880,train,True,neutral
6577,567773009092812802,train,True,neutral
6578,567772246060433408,train,False,negative
6579,567772219549478912,train,True,positive
6580,567771317705773056,test,False,neutral
6581,567770722882580480,test,False,negative
6582,567770621451702273,test,False,negative
6583,567770347065384960,test,True,positive
6584,567769787317907456,test,True,neutral
6585,567769620648828929,test,True,neutral
6586,567768484612816896,train,True,neutral
6587,567767201286205441,train,True,neutral
6588,567767091579592704,train,True,positive
6589,567766563533897729,test,False,negative
6590,567766512392364032,test,False,neutral
6591,567766130907832322,train,False,negative
6592,567765690589790208,train,False,negative
6593,567765679764697089,train,True,negative
6594,567765457731624960,train,True,negative
6595,567764953289875456,train,True,neutral
6596,567764660683857920,train,True,negative
6597,567764034418909186,train,True,positive
6598,567764010812985344,train,True,negative
6599,567763775751987201,train,True,negative
6600,567763748559937536,train,True,negative
6601,567762333779628032,train,True,negative
6602,567762099708112897,train,True,positive
6603,567761790357209088,train,True,negative
6604,567761297879646208,train,False,negative
6605,567760872739975168,test,False,positive
6606,567760797062152192,train,True,negative
6607,567760331829559296,train,True,negative
6608,567760115579621376,train,False,negative
6609,567759608643452929,train,True,negative
6610,567758296417718272,train,False,negative
6611,567758180068130816,train,True,positive
6612,567758165287002112,train,True,neutral
6613,567758009607421952,train,True,negative
6614,567757771953561600,train,True,negative
6615,567756963329867776,train,True,negative
6616,567756556536909825,train,True,negative
6617,567754562053091328,train,True,neutral
6618,567754504817606656,test,False,positive
6619,567754223362666496,test,False,negative
6620,567754165904887810,train,False,negative
6621,567754096272224256,train,True,neutral
6622,567753899939860480,test,False,negative
6623,567753747283988481,test,False,negative
6624,567753194546421760,train,False,positive
6625,567752826353225728,train,False,negative
6626,567752680514330624,train,False,negative
6627,567752478309875714,train,False,negative
6628,567752407166103552,train,False,negative
6629,567752230111936512,train,False,negative
6630,567752048402104320,train,True,negative
6631,567752009806131200,train,True,negative
6632,567751489754382336,train,True,negative
6633,567750645462360064,train,True,negative
6634,567750589040181248,test,True,negative
6635,567750529620697088,train,True,negative
6636,567750519402143745,train,False,positive
6637,567750328729485314,test,True,negative
6638,567749848074813442,train,True,neutral
6639,567749206236880896,test,False,neutral
6640,567748702781992960,test,False,negative
6641,567748407070953472,test,False,neutral
6642,567748330734641152,test,True,neutral
6643,567748208844365825,train,True,negative
6644,567748162178125825,test,True,negative
6645,567748089805799425,train,True,negative
6646,567747787807526912,test,True,negative
6647,567746544536145921,train,False,positive
6648,567745845781864449,train,False,positive
6649,567744948934426625,train,True,negative
6650,567744842935980032,train,True,negative
6651,567744627143213056,train,False,positive
6652,567744219281129473,train,True,positive
6653,567743010322935808,train,True,neutral
6654,567741655587905537,train,True,neutral
6655,567741610373685250,train,True,neutral
6656,567741202884075520,train,True,positive
6657,567741157070086144,train,True,positive
6658,567740403755909120,test,True,positive
6659,567740235061014528,train,True,neutral
6660,567739785981493248,test,False,positive
6661,567739785406873601,train,True,positive
6662,567739553251725312,test,False,negative
6663,567739453884465152,test,False,negative
6664,567739426499862528,train,False,neutral
6665,567738743491411968,train,False,neutral
6666,567738715657609216,test,True,negative
6667,567738484082114561,test,False,negative
6668,567738375755415552,train,True,negative
6669,567738154128769028,test,True,negative
6670,567738065595019265,train,True,negative
6671,567737962541375490,train,True,neutral
6672,567737653118779392,train,False,positive
6673,567737625637687296,train,False,neutral
6674,567737617031380992,train,True,positive
6675,567737554087059457,train,True,neutral
6676,567737449938685952,train,False,negative
6677,567737317432258560,train,False,neutral
6678,567736870365171713,train,True,negative
6679,567736166787850240,train,False,neutral
6680,567735766416392194,train,True,positive
6681,567735667879575552,test,True,negative
6682,567735489688395776,train,True,positive
6683,567735409724366848,train,True,negative
6684,567734769312882688,train,True,negative
6685,567734329212940288,train,True,positive
6686,567734115899027457,train,True,neutral
6687,567734113088835585,test,True,neutral
6688,567734002287513602,train,True,neutral
6689,567733978363621376,test,True,negative
6690,567733656106459136,test,True,negative
6691,567732510692347904,train,True,negative
6692,567732427691683840,train,False,neutral
6693,567731712004595714,train,True,neutral
6694,567731598871642112,train,False,negative
6695,567731546661326848,train,True,negative
6696,567731246462033920,train,True,negative
6697,567730704055037953,test,True,negative
6698,567729904788054017,train,True,negative
6699,567729416231321600,train,True,negative
6700,567729203894702082,train,False,negative
6701,567728698900488192,test,False,neutral
6702,567728679426326528,train,True,negative
6703,567728229340172288,train,True,negative
6704,567728114588209152,train,True,neutral
6705,567727499367682048,train,True,neutral
6706,567727026313101315,train,True,negative
6707,567726949049454592,train,True,negative
6708,567725232203390977,train,True,positive
6709,567724948375212032,train,True,negative
6710,567724266045837313,train,True,negative
6711,567723534344933376,test,True,negative
6712,567723431513575424,train,True,negative
6713,567723096186945538,test,True,positive
6714,567722937545814018,train,True,positive
6715,567722844319404033,test,True,neutral
6716,567722689989578752,train,True,neutral
6717,567722664597286913,train,True,negative
6718,567722330340986880,train,True,negative
6719,567722294680641538,train,True,negative
6720,567721764285726720,train,True,neutral
6721,567721738155622401,train,True,neutral
6722,567721299162968065,train,True,negative
6723,567720839408533504,test,False,positive
6724,567720082860949504,train,True,negative
6725,567719199850496000,train,False,negative
6726,567719031634157568,test,True,negative
6727,567718653735731200,train,True,negative
6728,567717985092395008,test,True,neutral
6729,567717415367090176,test,True,negative
6730,567715917983776772,train,True,negative
6731,567715682918227970,train,True,negative
6732,567713868747902976,train,True,negative
6733,567713338873118722,train,True,positive
6734,567704339448209409,test,True,negative
6735,567702414157824000,train,True,negative
6736,567692504397803520,train,False,negative
6737,567692251954827265,test,True,negative
6738,567688411289755648,train,True,negative
6739,567688325276770306,test,True,neutral
6740,567686758708817921,train,True,neutral
6741,567676626855419904,train,True,negative
6742,567663504102940672,test,True,negative
6743,567655489119326209,train,True,positive
6744,567617081336950784,train,True,negative
6745,567594449874587648,train,True,negative
6746,570309345281486848,train,True,positive
6747,570309308937842688,train,False,neutral
6748,570308513181904901,train,False,neutral
6749,570307820962373632,train,False,negative
6750,570305363859406848,train,True,negative
6751,570305098557091840,train,True,neutral
6752,570304873620746240,train,False,neutral
6753,570303683872886784,test,False,negative
6754,570299924555956227,train,True,negative
6755,570297402281893888,train,True,negative
6756,570296417094373376,train,False,negative
6757,570296110633381889,train,True,neutral
6758,570295207763316736,train,False,negative
6759,570294460476760064,test,False,positive
6760,570293674472558592,train,False,neutral
6761,570293669628157952,test,False,neutral
6762,570292360749453312,train,False,negative
6763,570292174044200963,train,True,negative
6764,570291934306168834,train,True,neutral
6765,570291828349669378,train,False,neutral
6766,570291817087930369,test,True,neutral
6767,570291699731308545,train,True,negative
6768,570291473528320001,test,True,negative
6769,570291066466897921,train,True,neutral
6770,570289587794407425,train,False,negative
6771,570289518194126849,train,False,positive
6772,570288803849637888,train,True,positive
6773,570287886135918593,test,True,neutral
6774,570287704728084480,train,True,positive
6775,570287622343540736,test,False,positive
6776,570287303681294337,train,False,neutral
6777,570287210219606016,train,True,negative
6778,570284988224008192,train,True,negative
6779,570284840752427008,test,True,negative
6780,570280782373228544,train,True,neutral
6781,570280776849346561,test,True,negative
6782,570280755085090816,train,True,positive
6783,570280008557547520,train,True,positive
6784,570279787287093248,test,False,negative
6785,570278619416694784,train,False,positive
6786,570277811795001344,test,True,negative
6787,570277278627848192,train,False,negative
6788,570277054635057153,train,True,negative
6789,570276843812732928,train,True,positive
6790,570273378403102720,test,True,neutral
6791,570267929322921985,train,False,neutral
6792,570267544906555393,train,True,neutral
6793,570267535515324417,train,False,neutral
6794,570267215720800256,test,True,neutral
6795,570265811623002112,test,False,negative
6796,570264515285266432,train,True,neutral
6797,570264106059624448,train,True,neutral
6798,570252044528959488,train,False,neutral
6799,570251671265083393,train,False,neutral
6800,570251142942171136,train,True,positive
6801,570248591295557632,train,False,neutral
6802,570246294582771712,train,True,positive
6803,570246094157946880,test,True,neutral
6804,570245603118211072,train,True,neutral
6805,570244951914782721,train,True,positive
6806,570243767585935360,train,True,positive
6807,570242512012451840,train,True,positive
6808,570240052279648257,test,True,neutral
6809,570239998383038464,train,True,neutral
6810,570239297456091136,train,True,neutral
6811,570239272575315969,train,False,positive
6812,570238950801059840,train,False,positive
6813,570238126347714560,test,True,negative
6814,570237440616570880,test,True,neutral
6815,570237343669608448,train,False,positive
6816,570235244999270400,train,True,negative
6817,570233869212856320,train,False,positive
6818,570233306664591361,train,True,neutral
6819,570232676491202561,train,False,neutral
6820,570232616755929088,train,False,positive
6821,570231750959329280,train,False,positive
6822,570229813937463299,train,True,positive
6823,570227706140323840,train,True,positive
6824,570227199766179840,train,False,positive
6825,570226143045033985,train,False,positive
6826,570225899964129281,train,False,positive
6827,570225396404359168,train,True,negative
6828,570224962184867840,train,True,negative
6829,570222626712514560,train,True,positive
6830,570221178658418689,train,True,positive
6831,570218339118800896,train,True,positive
6832,570217760430493698,train,False,negative
6833,570215386102292480,test,False,negative
6834,570213762948567040,train,True,neutral
6835,570212129313316864,test,False,neutral
6836,570212047692161025,test,False,neutral
6837,570211016308596736,test,True,neutral
6838,570208115205021696,train,False,positive
6839,570206077826039808,train,True,positive
6840,570204309041893376,train,True,positive
6841,570200546679726082,train,True,negative
6842,570199572435185664,train,False,negative
6843,570198506222194692,train,False,negative
6844,570198409497288705,train,True,negative
6845,570198289376677888,train,False,negative
6846,570197146894520320,test,True,neutral
6847,570195373018505216,train,False,negative
6848,570195036782133248,train,True,positive
6849,570193464467570688,train,True,negative
6850,570192452486889473,test,False,neutral
6851,570190438281248768,train,True,positive
6852,570184343857045504,train,True,negative
6853,570179466716176384,train,False,positive
6854,570174713072369664,train,False,neutral
6855,570173181727674368,test,True,negative
6856,570168203470446592,train,True,neutral
6857,570137183442608128,train,True,positive
6858,570121321192894464,train,True,neutral
6859,570102708734197760,train,False,negative
6860,570095219091361792,train,False,positive
6861,570093964059156481,train,False,neutral
6862,570088573598355456,train,False,positive
6863,570087324949864448,train,False,negative
6864,570084883332239360,train,False,neutral
6865,570084632999428096,train,False,negative
6866,570083989601411072,train,False,neutral
6867,570083380265689088,train,True,negative
6868,570079918782095360,train,False,negative
6869,570077234570010624,train,True,negative
6870,570076673162543104,train,True,neutral
6871,570076595647426560,train,False,neutral
6872,570075711433609216,train,False,positive
6873,570073705507725313,train,True,neutral
6874,570073661241057280,train,True,positive
6875,570073592848715776,train,True,negative
6876,570070740566990848,train,True,positive
6877,570068045500194816,train,False,neutral
6878,570066859330019329,train,False,negative
6879,570066554848743424,train,False,negative
6880,570066245195829249,train,False,negative
6881,570066175008350208,train,False,neutral
6882,570066166930145280,train,False,negative
6883,570065109961322496,train,False,negative
6884,570063322449616896,train,False,negative
6885,570061375592136706,train,False,negative
6886,570060184908910592,train,True,negative
6887,570059496300548096,test,False,negative
6888,570059462976917507,train,False,negative
6889,570059116066017280,train,False,negative
6890,570058565974675456,train,False,negative
6891,570058262743101440,test,True,negative
6892,570056726793359360,train,False,negative
6893,570051731033235456,train,True,neutral
6894,570050603851710464,train,False,neutral
6895,570049623697461248,train,False,positive
6896,570049018820042752,train,False,positive
6897,570048915518533634,train,False,neutral
6898,570048890466111488,train,True,negative
6899,570048804550004737,train,False,negative
6900,570047938401071105,train,False,negative
6901,570047651875594240,train,False,neutral
6902,570047059878936576,train,False,neutral
6903,570045153295011841,train,True,neutral
6904,570044715321569280,train,False,neutral
6905,570043468321419264,train,True,neutral
6906,570042533679656960,train,True,negative
6907,570042339575640066,train,True,negative
6908,570040888321318912,train,True,neutral
6909,570039630973829120,train,False,negative
6910,570038962561134594,train,False,negative
6911,570037998773018624,train,True,negative
6912,570035525761011713,train,False,negative
6913,570032796472778752,train,True,neutral
6914,570030390309552128,train,False,neutral
6915,570027259999821824,test,False,neutral
6916,570025186000539648,train,True,neutral
6917,570023530466840576,train,True,positive
6918,570021779521085440,train,False,neutral
6919,570021223482191873,train,False,neutral
6920,570020255793352704,train,False,negative
6921,570018254271463424,train,True,negative
6922,570016890996723713,train,True,neutral
6923,570016801192456192,test,False,neutral
6924,570016312610709504,train,True,neutral
6925,570012934287568898,train,False,positive
6926,570012849067720704,train,False,neutral
6927,570012000648081409,train,True,negative
6928,570011803389788160,test,True,neutral
6929,570011200613806082,train,True,neutral
6930,570010882069151744,train,False,positive
6931,570009951474753537,train,False,neutral
6932,570009886198796288,train,True,neutral
6933,570009292885123072,train,True,neutral
6934,570008005774860289,train,True,neutral
6935,570007995813273600,train,True,positive
6936,570007685367799808,train,True,neutral
6937,570006917927575552,train,True,negative
6938,570002674747367424,train,False,positive
6939,570002509906837504,train,True,neutral
6940,570001825358860289,train,False,negative
6941,570001706676842497,train,True,negative
6942,570001601072652288,train,False,neutral
6943,570001601055883265,train,False,neutral
6944,570001601051668480,train,True,neutral
6945,570001191796678656,train,False,positive
6946,570000250225754114,train,True,neutral
6947,570000249910996992,train,True,neutral
6948,569998019694866432,train,True,negative
6949,569996914546094080,train,True,neutral
6950,569996141753802752,train,False,neutral
6951,569994678155780096,train,True,neutral
6952,569994012670734336,train,True,negative
6953,569993670482644992,train,True,negative
6954,569992753649729536,train,True,negative
6955,569991184120193025,train,False,positive
6956,569990330227007488,train,False,neutral
6957,569989971156860928,train,False,negative
6958,569989575793180672,train,True,neutral
6959,569987608912142337,train,True,negative
6960,569987325347954688,test,True,neutral
6961,569985299448795137,train,True,neutral
6962,569984773365612544,test,True,neutral
6963,569984653920210944,train,True,neutral
6964,569984229393637377,train,True,neutral
6965,569983750798516225,test,False,neutral
6966,569983421549834240,train,False,positive
6967,569983338880114688,test,True,positive
6968,569979057028227072,train,True,positive
6969,569978798906716161,train,True,neutral
6970,569978537953902592,test,True,positive
6971,569977974176378880,train,True,neutral
6972,569977517945126912,train,False,neutral
6973,569977008077148161,test,False,negative
6974,569973084398100480,train,True,neutral
6975,569968565513625600,train,True,positive
6976,569968197224439809,test,False,neutral
6977,569968117037707264,train,True,neutral
6978,569968023592943616,train,False,neutral
6979,569967910417866752,train,True,positive
6980,569967834203189248,test,False,negative
6981,569967159549534208,train,True,negative
6982,569966440381595648,train,True,neutral
6983,569966215621246976,test,True,negative
6984,569965774498095105,test,True,neutral
6985,569964286954618880,train,True,neutral
6986,569963701987450880,train,True,neutral
6987,569963064495366145,test,False,neutral
6988,569962605671919616,train,True,neutral
6989,569962417876131840,train,False,neutral
6990,569962078791979009,test,False,neutral
6991,569961886046760961,train,True,neutral
6992,569961785509478400,test,True,neutral
6993,569961511440879616,train,True,neutral
6994,569961185107431425,train,True,negative
6995,569961170389618688,test,True,neutral
6996,569960833884803072,train,True,neutral
6997,569960635376766976,train,True,neutral
6998,569960497312768000,train,True,neutral
6999,569960350876979200,test,True,neutral
7000,569960010249334784,test,False,negative
7001,569959737246109696,train,False,negative
7002,569959406927945728,test,True,neutral
7003,569959283934277633,test,False,neutral
7004,569959200891252736,train,True,neutral
7005,569959122331836416,test,False,positive
7006,569958895700959232,train,True,neutral
7007,569958873819279360,train,True,neutral
7008,569958588837285890,test,True,neutral
7009,569958349514485760,train,False,negative
7010,569958127258497025,train,True,negative
7011,569957235033399297,train,False,negative
7012,569957094788624384,train,True,positive
7013,569956617988345856,train,True,neutral
7014,569954824265076737,train,True,neutral
7015,569954556001566721,train,True,neutral
7016,569954393216454656,train,True,neutral
7017,569953847797530624,test,True,neutral
7018,569953507874373632,train,False,neutral
7019,569953259479277568,train,True,positive
7020,569953001751732225,train,True,neutral
7021,569952664445808640,train,True,neutral
7022,569952605721337856,train,True,neutral
7023,569952340612149250,test,True,neutral
7024,569952252087177216,train,True,neutral
7025,569951324508446721,train,True,positive
7026,569951211471962112,train,True,positive
7027,569950913554620416,train,True,negative
7028,569950766389182464,train,True,neutral
7029,569950567663050752,train,True,negative
7030,569950348908982273,train,True,neutral
7031,569949718832398339,train,True,neutral
7032,569949588527775744,train,True,neutral
7033,569949297220980737,train,True,negative
7034,569949217843605504,train,True,negative
7035,569948928864600064,train,True,neutral
7036,569948808320315392,test,True,neutral
7037,569948710370717696,train,True,negative
7038,569948686228295681,train,False,positive
7039,569948353003446274,test,True,neutral
7040,569948345583562752,train,True,positive
7041,569948225278480384,test,True,negative
7042,569948212607393792,train,True,neutral
7043,569948131397410816,train,True,neutral
7044,569947823426441216,test,True,neutral
7045,569947699471974400,test,True,negative
7046,569947618413031424,train,True,positive
7047,569947518655721472,train,True,negative
7048,569947514633191424,test,True,negative
7049,569947476830101504,train,True,neutral
7050,569947389383065600,train,True,negative
7051,569947367203450880,train,True,neutral
7052,569947357787385859,train,True,neutral
7053,569947356428419073,test,True,neutral
7054,569947332135018496,test,True,neutral
7055,569947331241639936,train,False,neutral
7056,569947151339429889,train,True,positive
7057,569946477356818432,train,False,neutral
7058,569946372901707776,train,True,negative
7059,569946008840491008,train,False,neutral
7060,569945451564277760,train,False,neutral
7061,569945380198203392,train,False,neutral
7062,569944919894327297,train,False,neutral
7063,569943785905332225,test,True,neutral
7064,569942703494070272,train,True,positive
7065,569942253365534721,train,True,positive
7066,569941529902641153,train,True,neutral
7067,569941344053018625,train,True,negative
7068,569941314713726976,test,True,neutral
7069,569940998035345408,train,True,negative
7070,569940702425169920,train,True,neutral
7071,569940579221504001,train,True,neutral
7072,569940226984042496,train,True,neutral
7073,569939966584852480,train,True,negative
7074,569939932191559680,test,True,neutral
7075,569939924964630528,train,False,neutral
7076,569939614175248384,test,True,negative
7077,569939611650166785,train,False,positive
7078,569939532096925697,train,True,neutral
7079,569939494465462272,train,True,negative
7080,569939458965032963,train,False,neutral
7081,569939281084583937,train,True,negative
7082,569939265154617344,train,False,neutral
7083,569939057247023104,train,True,neutral
7084,569938880495026176,train,False,positive
7085,569938848156930050,train,True,neutral
7086,569938845111848961,train,True,neutral
7087,569938796986433537,train,True,negative
7088,569938767860994048,train,True,neutral
7089,569938559836299264,train,True,neutral
7090,569938470824574976,train,True,positive
7091,569938450633388032,test,False,neutral
7092,569938303694319616,train,True,neutral
7093,569938090510454784,train,False,neutral
7094,569937905872822272,train,True,neutral
7095,569937891788505088,train,False,neutral
7096,569937862109450240,test,True,neutral
7097,569937767775510530,test,True,neutral
7098,569937722804211713,train,False,positive
7099,569937664964743169,train,True,neutral
7100,569937408013176832,test,True,negative
7101,569937260994564098,test,True,neutral
7102,569937017150291968,train,False,neutral
7103,569936900804505600,test,True,neutral
7104,569936658876862464,train,False,negative
7105,569936613016350720,train,True,neutral
7106,569936426902687744,train,True,neutral
7107,569936252977451008,train,True,neutral
7108,569935956880420864,train,True,negative
7109,569935951868207104,test,True,neutral
7110,569935918225711105,test,True,negative
7111,569935592651411456,train,True,neutral
7112,569934977963573248,train,True,positive
7113,569934594268471296,train,True,neutral
7114,569934048346251264,test,True,neutral
7115,569932678688055296,train,True,negative
7116,569931753768382464,train,True,negative
7117,569931469990154242,train,True,neutral
7118,569930522677399553,train,True,neutral
7119,569930252606164993,train,True,negative
7120,569929677571166208,test,True,negative
7121,569929507945234433,train,False,positive
7122,569929414491779072,test,True,negative
7123,569929075894194176,train,True,negative
7124,569928989231353857,train,True,positive
7125,569928060587233280,test,True,neutral
7126,569927906241212416,train,True,negative
7127,569927856232534016,train,True,neutral
7128,569927792781086720,train,False,positive
7129,569927506112815106,train,True,neutral
7130,569927476463452160,train,True,neutral
7131,569927299908444160,test,True,negative
7132,569927288751587328,train,True,negative
7133,569927127350407168,train,True,positive
7134,569927035524681728,train,True,negative
7135,569926945535860736,train,True,positive
7136,569926909515034624,train,True,neutral
7137,569926688244703232,train,True,negative
7138,569926674353160192,train,True,neutral
7139,569926659219922944,train,True,positive
7140,569926608997498881,test,True,neutral
7141,569926559982751744,train,True,positive
7142,569926460036657152,test,True,negative
7143,569925941067186179,train,True,neutral
7144,569925929713188864,train,True,positive
7145,569925590276419584,train,True,neutral
7146,569925551475056640,train,True,positive
7147,569925538946551808,train,True,negative
7148,569925511394119680,train,True,neutral
7149,569925190236442624,train,True,negative
7150,569925187757592576,train,True,neutral
7151,569925111475793921,train,True,neutral
7152,569925091095646209,train,True,neutral
7153,569925082832728064,test,True,neutral
7154,569924793232785408,train,True,negative
7155,569924676715220992,train,True,neutral
7156,569924654401495040,train,True,negative
7157,569924418320740352,train,True,negative
7158,569924385387241474,train,True,neutral
7159,569924375723560961,train,True,neutral
7160,569924145380634624,train,True,positive
7161,569924117719199744,train,True,neutral
7162,569924116335108096,train,True,positive
7163,569924101080535042,train,True,neutral
7164,569924092280774656,test,True,negative
7165,569923934054805504,train,True,positive
7166,569923825179054081,test,True,positive
7167,569923761232850944,train,True,neutral
7168,569923685848653824,test,True,positive
7169,569923525508665344,train,True,neutral
7170,569923518051323906,train,True,neutral
7171,569922420624068608,train,False,positive
7172,569921913667104768,test,True,negative
7173,569921467552567296,train,False,positive
7174,569921385100750849,train,True,negative
7175,569920656621465601,train,False,neutral
7176,569920515542003712,test,False,positive
7177,569920090440916994,train,True,positive
7178,569918453722656768,train,False,positive
7179,569917729022586880,test,False,negative
7180,569913667476549632,train,False,negative
7181,569911600934752256,train,False,positive
7182,569909756493746176,train,True,negative
7183,569908792776892416,train,False,neutral
7184,569908080114339840,train,True,neutral
7185,569906378233356290,train,False,neutral
7186,569905884425383936,train,False,negative
7187,569905336380989440,test,True,negative
7188,569904537739382784,train,False,positive
7189,569902181366820864,train,True,negative
7190,569901265163034624,train,False,neutral
7191,569900367254831104,train,False,neutral
7192,569899437662863360,train,False,positive
7193,569899413558169600,train,True,neutral
7194,569898995327377408,train,True,neutral
7195,569894640675102722,train,True,negative
7196,569894012800217088,train,True,negative
7197,569893737385472000,train,True,neutral
7198,569892980712013824,test,True,positive
7199,569892141335334913,train,True,neutral
7200,569890600474021889,train,False,neutral
7201,569890099917246464,test,True,positive
7202,569890084893413376,train,False,neutral
7203,569889846472409088,train,False,neutral
7204,569889547162669056,train,True,negative
7205,569889219805642752,train,False,neutral
7206,569889139593646080,train,False,positive
7207,569888931443052544,train,False,negative
7208,569888183409893377,train,True,neutral
7209,569888159707738113,train,True,neutral
7210,569887654713499648,train,False,neutral
7211,569885859954229248,train,True,negative
7212,569884951207813122,test,True,neutral
7213,569884948091396096,train,True,positive
7214,569883383930621952,train,False,positive
7215,569880288702173184,train,False,positive
7216,569880105507540992,train,False,negative
7217,569879547908206592,train,True,positive
7218,569879497891303424,train,True,neutral
7219,569877622869663744,test,False,positive
7220,569877431227686912,test,False,negative
7221,569876427270701056,train,False,negative
7222,569874374741925889,train,False,negative
7223,569874150636048384,train,True,neutral
7224,569873065464573952,train,False,positive
7225,569870480993181698,train,True,negative
7226,569867719874650112,train,True,positive
7227,569866317706231808,train,True,neutral
7228,569865536873500672,test,True,negative
7229,569864437739495424,train,False,negative
7230,569863166189924352,train,True,negative
7231,569862271968669697,train,False,negative
7232,569861557775163393,train,True,neutral
7233,569857331284078592,train,False,negative
7234,569855477854691328,train,False,negative
7235,569854312702201856,train,False,negative
7236,569851813706539009,train,True,positive
7237,569851605358669824,train,True,negative
7238,569847852605812737,train,True,negative
7239,569847066555498496,train,True,negative
7240,569845862366633984,test,True,negative
7241,569844102239531008,train,False,neutral
7242,569836725612220416,train,True,negative
7243,569836232999612417,train,True,positive
7244,569835633147056128,train,True,negative
7245,569830923597955073,train,True,negative
7246,569797465416683521,train,True,negative
7247,569786249508048896,train,True,neutral
7248,569775081636782081,train,True,positive
7249,569763942144176128,test,True,negative
7250,569747874952683520,train,False,negative
7251,569746271336062978,train,True,neutral
7252,569741756968919040,train,True,positive
7253,569739521291452416,train,False,negative
7254,569737259999571968,train,True,negative
7255,569736434803978240,train,True,positive
7256,569733882007801857,train,True,negative
7257,569729732952109056,train,False,negative
7258,569723086465069056,train,False,negative
7259,569722876879884288,train,False,neutral
7260,569722367343136768,train,True,positive
7261,569721150156230657,train,True,negative
7262,569718205524127745,test,False,positive
7263,569716857869107200,test,False,negative
7264,569716645150781440,test,True,negative
7265,569713071435829249,train,False,neutral
7266,569711837656125440,train,False,negative
7267,569708004075044864,test,True,negative
7268,569707583646375936,train,False,positive
7269,569705786408079360,train,False,negative
7270,569705380282019841,test,False,neutral
7271,569704700490219523,train,True,negative
7272,569704005250777090,test,False,negative
7273,569702870423117825,train,True,negative
7274,569702567573368832,train,False,positive
7275,569700499319959553,train,False,positive
7276,569699027782012930,train,False,negative
7277,569698562734321665,train,False,negative
7278,569698117685268481,train,False,negative
7279,569697728890056704,train,False,neutral
7280,569696862011133952,train,False,negative
7281,569696663742365696,train,True,negative
7282,569693923183972352,test,False,negative
7283,569692158287962112,train,True,positive
7284,569691489179021312,train,True,positive
7285,569690317869330432,train,False,neutral
7286,569687874288914432,train,True,negative
7287,569687244031852544,train,True,neutral
7288,569686510108344320,train,False,negative
7289,569686267354599426,train,True,positive
7290,569685767527596032,test,True,negative
7291,569685692038557696,train,False,negative
7292,569685194908819457,train,False,negative
7293,569685096527056896,train,False,positive
7294,569684947151093760,train,False,positive
7295,569683696422244352,train,False,neutral
7296,569683558081687552,train,True,negative
7297,569683366632493056,train,True,negative
7298,569682277111889920,train,False,negative
7299,569679888682061826,train,False,negative
7300,569679240586764288,train,False,negative
7301,569678931785228288,test,True,negative
7302,569678787383857152,test,False,negative
7303,569678058199732225,train,False,negative
7304,569676138253049859,train,False,positive
7305,569675848770408448,test,True,positive
7306,569675498873159680,train,True,negative
7307,569674356915347456,train,False,negative
7308,569674349734711296,test,True,negative
7309,569674104913014784,test,False,negative
7310,569672563506458624,test,False,positive
7311,569672510565969920,test,False,positive
7312,569672477967835136,train,False,negative
7313,569672448716742656,train,True,neutral
7314,569672099704508416,train,False,negative
7315,569672010734968832,train,False,positive
7316,569671981852798976,train,False,negative
7317,569671435309809664,train,False,positive
7318,569671231001092096,train,True,negative
7319,569671173136637953,test,False,negative
7320,569671000486502400,train,False,positive
7321,569670844047192064,test,True,negative
7322,569670407709544448,train,True,negative
7323,569670228713578496,test,True,neutral
7324,569669991450185728,train,False,neutral
7325,569669129130647552,train,True,negative
7326,569669059941261312,test,False,negative
7327,569668818253053952,train,True,negative
7328,569668536966053888,train,True,negative
7329,569668144198848514,train,False,neutral
7330,569667821455708160,train,False,neutral
7331,569667688743763968,train,False,negative
7332,569666892882952192,train,False,negative
7333,569666838340210689,train,True,negative
7334,569666455114903552,train,True,negative
7335,569666011147821057,test,True,negative
7336,569665766628286464,train,True,negative
7337,569665692770967552,train,True,negative
7338,569664636179476480,train,False,negative
7339,569662513111023616,train,False,negative
7340,569661069913821184,train,False,negative
7341,569660111976689664,train,False,negative
7342,569659637575917568,train,False,negative
7343,569659473804947456,train,False,positive
7344,569658903044218880,train,False,negative
7345,569658058546286592,train,True,neutral
7346,569657725304610816,train,True,negative
7347,569655420962238465,train,True,negative
7348,569655262765719553,train,True,negative
7349,569652510794887168,train,False,negative
7350,569650936911683586,train,False,negative
7351,569650612545187840,train,True,neutral
7352,569650423318982657,train,False,positive
7353,569648753357037569,test,False,neutral
7354,569648229295329280,train,False,positive
7355,569647396940075008,train,False,negative
7356,569647169084526593,test,False,neutral
7357,569646982282612736,train,False,negative
7358,569646269221773312,train,True,negative
7359,569646184005894144,train,True,negative
7360,569646004254998528,test,False,negative
7361,569645522363011072,train,False,neutral
7362,569645505950695424,test,True,negative
7363,569644675352662016,train,True,negative
7364,569644634386911232,train,False,negative
7365,569643287918845952,train,False,negative
7366,569642730932064256,train,True,positive
7367,569642569203904512,train,True,negative
7368,569640193931612160,train,False,negative
7369,569638848214507520,train,True,positive
7370,569638521817968641,train,True,neutral
7371,569636980612427776,train,False,negative
7372,569634891857600514,train,False,neutral
7373,569634729324122112,train,False,negative
7374,569634575653183488,train,False,neutral
7375,569633643821441024,train,False,negative
7376,569633562879619073,test,False,positive
7377,569633484333051904,train,False,neutral
7378,569633393673150464,train,True,negative
7379,569633257689518081,train,False,negative
7380,569633166031511552,train,False,negative
7381,569633036251340800,train,False,neutral
7382,569632594221867008,train,False,neutral
7383,569632519387099137,train,False,negative
7384,569630310779854848,test,False,negative
7385,569630240512876546,train,False,positive
7386,569630160233873411,train,True,neutral
7387,569629537400696832,train,False,negative
7388,569628922431873025,train,False,negative
7389,569628752231018496,train,False,negative
7390,569628503550906368,train,True,neutral
7391,569628172842479616,train,False,negative
7392,569628159085301760,train,False,negative
7393,569628053648904195,train,False,neutral
7394,569627907871502338,train,True,negative
7395,569627675557384192,test,False,neutral
7396,569627624617611264,test,False,neutral
7397,569627374674964480,train,False,negative
7398,569627273407569920,train,False,negative
7399,569626884549578752,train,False,negative
7400,569626613664653312,train,False,negative
7401,569625782181617664,train,False,negative
7402,569625606536732672,train,True,neutral
7403,569624621047111680,train,False,negative
7404,569624091646431232,train,False,negative
7405,569623948767268864,train,True,negative
7406,569623368711991296,test,True,negative
7407,569623248205430785,train,False,negative
7408,569622819283337218,train,False,negative
7409,569622618195652608,train,False,negative
7410,569622447869304832,train,False,negative
7411,569622389920641024,train,True,negative
7412,569621991852019713,train,False,positive
7413,569621840844464128,train,False,negative
7414,569621744295682048,train,True,negative
7415,569621351650209792,train,False,negative
7416,569621047353450496,train,False,negative
7417,569620910019182592,train,True,negative
7418,569620873394696192,train,False,negative
7419,569620598307074048,train,False,negative
7420,569620168671756288,train,True,neutral
7421,569619984802054144,train,True,neutral
7422,569618489788346368,train,True,negative
7423,569618309357940737,train,False,neutral
7424,569618014141751298,test,True,negative
7425,569617906390052865,train,True,negative
7426,569617776509378560,train,True,neutral
7427,569617259548708864,test,False,negative
7428,569616883734974464,train,True,negative
7429,569616576481267712,train,False,neutral
7430,569615753885970432,train,False,negative
7431,569615636869062659,train,False,negative
7432,569614500044918784,train,False,positive
7433,569612120758878208,train,False,neutral
7434,569609436714680320,train,False,positive
7435,569607909501472769,train,False,negative
7436,569607852236640256,train,True,negative
7437,569606966772940801,train,True,negative
7438,569605593159352322,test,False,positive
7439,569604507405037569,train,False,negative
7440,569604469324967938,train,False,neutral
7441,569604208661409792,train,False,negative
7442,569604033083789312,train,False,negative
7443,569603641767792641,train,False,positive
7444,569603529888788480,train,False,negative
7445,569603273033945090,train,True,negative
7446,569603039750852608,train,True,negative
7447,569603002278944768,test,True,positive
7448,569602974671990784,train,False,negative
7449,569602897572450305,train,False,negative
7450,569602645712769025,train,False,neutral
7451,569601850820976640,train,True,negative
7452,569599590355173376,train,True,neutral
7453,569596394819883008,train,True,positive
7454,569594354924425216,train,False,negative
7455,569592675638382592,train,True,negative
7456,569590527349252096,train,False,neutral
7457,569588667225927680,test,True,negative
7458,569587048811761664,train,False,negative
7459,569586611085815808,train,False,neutral
7460,569586189776371712,train,False,positive
7461,569585827019399168,train,False,neutral
7462,569585355319599104,train,True,negative
7463,569585203666161664,train,False,negative
7464,569584372820647936,train,True,neutral
7465,569582603902128128,train,False,negative
7466,569581303785328640,train,False,negative
7467,569581126215438336,train,False,positive
7468,569580460843651072,train,False,positive
7469,569580001672237056,train,False,positive
7470,569579153604743171,train,False,negative
7471,569578439797313536,train,False,neutral
7472,569578296360378369,train,True,negative
7473,569577794910490624,train,True,negative
7474,569577434657492992,train,False,neutral
7475,569577005278064640,train,False,neutral
7476,569576321011077121,train,False,negative
7477,569576214047760385,train,True,negative
7478,569576099018985472,train,False,negative
7479,569576074050473984,train,True,positive
7480,569575699314569216,train,False,neutral
7481,569574711899922433,train,True,positive
7482,569574221216661505,test,True,positive
7483,569573843825790976,train,True,positive
7484,569573528149716992,train,False,negative
7485,569572707299299328,train,False,positive
7486,569572180012371968,train,True,negative
7487,569571938819055617,train,True,negative
7488,569571829033144320,train,False,negative
7489,569571763744452608,train,True,negative
7490,569571731649667072,train,False,negative
7491,569571492947742720,train,False,negative
7492,569568878977794048,train,False,negative
7493,569568357030232066,train,True,negative
7494,569566880006086656,test,False,neutral
7495,569566511184125952,train,False,negative
7496,569565393502793728,test,True,neutral
7497,569564824939556864,train,False,negative
7498,569564666013163520,train,False,negative
7499,569564016906891264,train,True,negative
7500,569563087964995584,train,False,positive
7501,569562990250323968,train,False,negative
7502,569559833415970816,train,False,negative
7503,569559370104639488,train,True,negative
7504,569559136540561408,train,False,negative
7505,569558286216929280,test,True,negative
7506,569558235897688064,train,False,positive
7507,569558114447560706,train,True,negative
7508,569558065516822528,train,True,negative
7509,569557216480665600,train,True,negative
7510,569556860652675072,train,True,negative
7511,569554776611901440,train,True,neutral
7512,569554727572099072,train,False,negative
7513,569554300495462400,train,False,neutral
7514,569552658010210305,train,False,negative
7515,569552552297041920,train,False,negative
7516,569550230376423424,train,True,neutral
7517,569549922569224192,train,True,negative
7518,569548726265470976,test,True,neutral
7519,569548188375326721,train,True,negative
7520,569547458520469505,train,False,negative
7521,569547374454050816,train,False,negative
7522,569546763297796096,train,True,negative
7523,569545323657494528,train,False,negative
7524,569543615862722561,train,False,positive
7525,569543457452064768,train,True,positive
7526,569543012914565126,train,True,negative
7527,569542909533384707,train,False,negative
7528,569542385627230208,train,False,neutral
7529,569542242983124992,test,True,positive
7530,569542052259766272,train,False,negative
7531,569541545029804034,train,True,negative
7532,569541478244089857,train,False,negative
7533,569541336224927744,train,True,negative
7534,569541328289165312,train,True,negative
7535,569540050821763072,train,False,positive
7536,569539928129818624,train,False,negative
7537,569539746348675073,train,False,negative
7538,569539287118692352,train,False,negative
7539,569539111222190081,train,False,neutral
7540,569538840735703040,train,False,negative
7541,569538135916351489,train,True,positive
7542,569538127016144896,train,True,negative
7543,569538002025779200,train,False,neutral
7544,569537388986421249,train,False,positive
7545,569536910990950401,test,False,negative
7546,569535821486952448,train,False,negative
7547,569535647704354816,train,False,negative
7548,569535236884664320,test,True,negative
7549,569535203888271361,train,False,negative
7550,569534889055395841,train,True,negative
7551,569533875308916736,train,False,negative
7552,569533648367722496,train,False,negative
7553,569533479362408448,train,True,positive
7554,569533394025099265,test,True,negative
7555,569533355248766976,test,False,positive
7556,569533328396832768,train,False,negative
7557,569533098402009088,train,False,positive
7558,569532566610571265,train,True,positive
7559,569531924219191296,test,True,negative
7560,569531651732217857,train,False,neutral
7561,569530599129501696,train,True,positive
7562,569530195306258432,train,False,negative
7563,569530159247826944,train,False,positive
7564,569529242893090816,train,False,negative
7565,569529128585555968,train,False,neutral
7566,569529020892651521,train,False,negative
7567,569528694613671936,train,False,negative
7568,569528451339673600,train,False,neutral
7569,569528351364292608,train,False,negative
7570,569528083755237376,train,False,negative
7571,569527951831666688,train,False,negative
7572,569527848131637248,train,False,positive
7573,569527641025306624,test,False,positive
7574,569527586960711681,train,False,negative
7575,569527183825182720,train,False,negative
7576,569526960268963840,test,False,negative
7577,569526894028197888,train,False,negative
7578,569526559012495361,test,False,negative
7579,569526493023498240,train,False,positive
7580,569526458529349632,train,False,negative
7581,569526325255364609,train,False,positive
7582,569525974284558338,train,False,neutral
7583,569525875860905984,train,True,negative
7584,569525684864983041,test,True,negative
7585,569525641759993856,train,False,neutral
7586,569525452081111041,train,False,negative
7587,569525270907981825,test,True,negative
7588,569524310186061824,train,True,negative
7589,569524116769914882,train,False,positive
7590,569522879764807680,train,True,negative
7591,569522767868989440,train,True,negative
7592,569522690261950464,train,True,neutral
7593,569521778797744128,train,False,positive
7594,569520477351383040,train,False,negative
7595,569519860994203648,train,True,negative
7596,569519571314589696,train,True,neutral
7597,569517479296409600,train,True,positive
7598,569516908195815425,train,False,positive
7599,569514902748061696,train,False,neutral
7600,569514688809181184,test,False,positive
7601,569514471296774146,train,True,negative
7602,569514168576974848,train,True,neutral
7603,569512447717085185,train,False,neutral
7604,569512252639981568,test,True,negative
7605,569512239209824256,train,True,negative
7606,569511892215062528,train,True,negative
7607,569510849846611968,train,False,positive
7608,569510667612504065,train,True,negative
7609,569509408939487232,train,False,positive
7610,569508802891882497,train,False,neutral
7611,569508336594505728,test,True,negative
7612,569506408145784832,train,False,negative
7613,569506389397282816,train,True,positive
7614,569506217271427072,train,False,negative
7615,569504946120298496,train,False,positive
7616,569504299992141824,train,False,negative
7617,569503983623999488,train,False,negative
7618,569503518224211968,train,True,positive
7619,569502050536587264,train,False,negative
7620,569501773863493632,train,True,neutral
7621,569501556275605506,train,False,positive
7622,569498738856755200,train,False,negative
7623,569498511609356288,train,False,neutral
7624,569497966660218882,train,True,negative
7625,569497959932530689,train,False,neutral
7626,569497791623512065,train,False,negative
7627,569496729755652098,train,True,neutral
7628,569494958006263809,test,False,negative
7629,569493813884030976,train,False,neutral
7630,569493046557069313,train,False,negative
7631,569491537610059776,train,False,negative
7632,569490427625086976,train,True,negative
7633,569490072975876097,test,False,negative
7634,569489114707431424,train,False,negative
7635,569487598709817344,test,True,neutral
7636,569485297639149568,test,False,negative
7637,569484400594952192,test,True,negative
7638,569483493236969473,train,True,neutral
7639,569479404428120064,train,True,positive
7640,569479008708120576,train,False,negative
7641,569477571726974976,train,False,negative
7642,569474081202032641,train,False,negative
7643,569473231498964992,train,True,neutral
7644,569471837614137344,train,True,negative
7645,569462004332646400,train,False,positive
7646,569460591644925952,train,True,negative
7647,569447456896917505,train,True,positive
7648,569439829328408576,train,False,positive
7649,569439674294337536,train,False,positive
7650,569436958281183233,train,False,negative
7651,569435866902302720,train,True,positive
7652,569423132240556033,train,True,neutral
7653,569420237189181440,train,False,negative
7654,569420073707773952,train,False,negative
7655,569418216935723008,train,True,negative
7656,569413676337274880,train,True,negative
7657,569394918675783681,train,True,positive
7658,569387453418762241,train,False,negative
7659,569386956435488768,train,True,positive
7660,569386581938860032,train,True,negative
7661,569385087424458752,test,False,neutral
7662,569382239131168769,train,True,positive
7663,569381811278770176,train,True,negative
7664,569380376709238784,test,False,neutral
7665,569378165610524672,test,True,neutral
7666,569373511455776768,test,True,neutral
7667,569369662955261953,test,True,negative
7668,569366846547369984,test,False,negative
7669,569366479008862208,test,False,negative
7670,569365818229829632,test,True,negative
7671,569364648576872448,train,False,positive
7672,569364383652044800,train,True,negative
7673,569359788120907776,train,True,positive
7674,569358956549681152,train,True,negative
7675,569357827522699264,train,False,negative
7676,569355673068118016,train,False,neutral
7677,569353033915584513,train,True,positive
7678,569352134774415360,test,True,positive
7679,569349960228974592,train,False,negative
7680,569348995136376833,train,True,negative
7681,569348268154609664,train,False,positive
7682,569346870423769088,train,False,negative
7683,569346433305993216,train,False,neutral
7684,569346428839063552,train,False,positive
7685,569346317706768385,train,True,neutral
7686,569345693770502144,train,True,negative
7687,569344914485583872,train,False,neutral
7688,569344744297521152,train,False,negative
7689,569344334761316354,train,True,negative
7690,569343882389016577,train,False,neutral
7691,569343781092401152,train,False,negative
7692,569343607326547968,train,True,negative
7693,569343003476819969,train,False,neutral
7694,569342641571291136,train,True,negative
7695,569342393943773184,train,True,neutral
7696,569342336158851074,test,False,negative
7697,569341821505163264,train,True,negative
7698,569341641200439296,train,True,negative
7699,569341255399964672,train,True,negative
7700,569341160482856960,train,False,negative
7701,569339932801703936,test,False,negative
7702,569339717990400000,test,True,negative
7703,569333461401481216,test,False,neutral
7704,569332001720967168,train,True,positive
7705,569330782537437184,train,True,positive
7706,569330095644659712,train,True,positive
7707,569330091857219585,train,True,positive
7708,569329921740427264,train,False,negative
7709,569328773876871168,train,True,negative
7710,569327066887401473,train,False,negative
7711,569322419036356608,train,True,neutral
7712,569320520728113152,test,False,positive
7713,569318653792948226,train,True,negative
7714,569313006406012928,train,False,positive
7715,569312396097003520,train,False,positive
7716,569311730540683264,test,True,positive
7717,569310328862830592,train,True,neutral
7718,569310202174025729,train,True,neutral
7719,569310070825226241,test,False,positive
7720,569308292893290496,train,False,positive
7721,569307978798645248,test,True,neutral
7722,569307917712805889,train,False,positive
7723,569305802487439360,train,True,neutral
7724,569305705750114305,train,False,negative
7725,569305409925873664,train,True,positive
7726,569304186548047872,train,False,positive
7727,569303932691984384,train,False,negative
7728,569301593587208193,train,False,neutral
7729,569301330306699264,train,True,negative
7730,569301025280167936,train,True,neutral
7731,569300522705883136,train,False,positive
7732,569300264349364224,train,False,positive
7733,569300193503367168,train,False,negative
7734,569299428068233217,train,True,neutral
7735,569297850456109056,train,False,positive
7736,569296877902041088,test,True,positive
7737,569296354607935488,train,False,positive
7738,569294070129930240,train,False,positive
7739,569294014026903552,train,False,neutral
7740,569287489883500545,train,False,neutral
7741,569284887955558401,test,False,neutral
7742,569284604567228416,train,True,neutral
7743,569283532167757826,train,False,negative
7744,569280114296401920,test,False,neutral
7745,569280107724050432,train,False,negative
7746,569279670048452608,train,False,negative
7747,569278644943757312,test,False,positive
7748,569276518305820672,test,False,positive
7749,569275935905722368,test,False,positive
7750,569275580543320064,train,True,negative
7751,569275554110664705,train,False,negative
7752,569275378331717633,test,True,neutral
7753,569274492607967232,test,False,neutral
7754,569274123525844994,train,True,negative
7755,569274057897730048,train,True,neutral
7756,569273795850178560,test,True,negative
7757,569273785553178624,train,False,negative
7758,569273777999241216,train,True,negative
7759,569273297491378176,train,False,neutral
7760,569271994212069376,train,True,positive
7761,569271364521103361,train,False,neutral
7762,569271020395241472,train,True,negative
7763,569268751008436224,test,False,negative
7764,569268455314219008,train,False,positive
7765,569267891721375745,train,True,negative
7766,569266679903080448,train,False,neutral
7767,569265728408440833,train,True,neutral
7768,569262534232039427,train,False,negative
7769,569260955953176578,train,False,negative
7770,569260189486063616,train,True,neutral
7771,569259756344487938,test,True,neutral
7772,569258404742500353,train,True,negative
7773,569255973958889472,train,False,negative
7774,569254571622727682,train,False,negative
7775,569254216415481856,train,True,negative
7776,569253874445492225,train,True,neutral
7777,569253270356664322,train,False,negative
7778,569252657967341569,test,True,negative
7779,569251925482475520,train,True,negative
7780,569249704543965184,train,False,positive
7781,569249554236878848,train,True,positive
7782,569248721139048448,train,False,positive
7783,569248084934443010,train,False,negative
7784,569247182475407360,train,False,negative
7785,569245707477131264,train,True,negative
7786,569245342421491712,test,False,negative
7787,569244956663148544,test,False,positive
7788,569244701875769345,train,False,neutral
7789,569243807331409920,train,False,neutral
7790,569243017552375809,train,False,negative
7791,569242143748964353,test,True,positive
7792,569241776617160704,train,True,neutral
7793,569239947061927938,train,False,positive
7794,569238749802074113,train,False,neutral
7795,569238666654195714,train,True,positive
7796,569238439373234176,test,False,neutral
7797,569238252676378627,test,True,neutral
7798,569237160886276096,train,True,negative
7799,569236960528756737,train,True,negative
7800,569236645180018689,train,False,negative
7801,569236124192931840,train,False,negative
7802,569235924544045057,test,False,positive
7803,569235825680105472,train,True,neutral
7804,569235773645410304,train,False,negative
7805,569235531973832704,train,False,negative
7806,569235333050576898,test,True,negative
7807,569235156717989888,test,False,neutral
7808,569234639233142784,train,False,negative
7809,569233861651144704,train,False,negative
7810,569233554242080768,train,False,negative
7811,569233440463155201,test,False,neutral
7812,569233260108124160,train,False,negative
7813,569232785786998785,train,False,negative
7814,569231102428250112,test,True,neutral
7815,569230997650214913,train,True,negative
7816,569230859896803328,train,False,negative
7817,569230515833856000,test,True,positive
7818,569230445654740992,train,False,neutral
7819,569230193220554753,train,False,neutral
7820,569229572123680769,test,True,positive
7821,569229142597771265,train,False,negative
7822,569229104286986240,train,False,neutral
7823,569229091657936896,train,True,neutral
7824,569228412159721473,train,False,neutral
7825,569227490046164992,train,False,negative
7826,569226460281610241,train,True,negative
7827,569224171303145473,test,True,positive
7828,569223830759059458,test,False,positive
7829,569222694778105857,test,True,positive
7830,569222108200476672,train,True,positive
7831,569221909231104000,train,True,positive
7832,569219656482824192,test,True,negative
7833,569215076655214592,train,True,neutral
7834,569213183455563776,test,False,positive
7835,569211529880576001,train,True,neutral
7836,569204185318723584,train,True,positive
7837,569200983173156864,train,False,negative
7838,569199676282564609,train,True,negative
7839,569196231546830848,train,False,negative
7840,569195394065952768,test,True,negative
7841,569191875271372801,train,True,negative
7842,569191191448817664,test,False,neutral
7843,569191124373520384,test,False,negative
7844,569190933297807360,test,False,negative
7845,569190811113525249,test,False,negative
7846,569190678758080512,test,True,negative
7847,569189652080533504,train,True,neutral
7848,569188266089381888,train,True,positive
7849,569187541120724992,train,True,neutral
7850,569185441171316737,test,False,positive
7851,569184255399620608,train,False,neutral
7852,569179937841815553,test,False,neutral
7853,569178210325430272,train,True,neutral
7854,569177868221202432,train,False,positive
7855,569176746735632384,test,True,positive
7856,569175278255284224,train,True,negative
7857,569174723877146625,test,True,negative
7858,569168865256546304,train,False,negative
7859,569168473194041344,train,True,negative
7860,569158629443502081,train,False,neutral
7861,569157073906176000,test,False,positive
7862,569156321636847617,train,False,negative
7863,569154503188070400,train,True,positive
7864,569153142526332930,train,False,neutral
7865,569152332765667328,train,False,neutral
7866,569152074052542464,train,True,neutral
7867,569150828952444928,train,False,neutral
7868,569146861082161152,train,True,neutral
7869,569146084632760320,train,False,neutral
7870,569144474359738368,train,True,neutral
7871,569143699017371649,train,True,neutral
7872,569143528397254656,train,False,neutral
7873,569138202424025088,train,True,negative
7874,569132246810144769,train,True,neutral
7875,569130620963696640,train,True,positive
7876,569126841354743809,train,True,negative
7877,569125697530101760,train,True,positive
7878,569125454684278785,train,True,neutral
7879,569122341797691392,train,True,negative
7880,569121160149012480,train,True,positive
7881,569118085245898752,train,False,positive
7882,569114409613860864,test,True,neutral
7883,569113910776881152,train,True,positive
7884,569113328724807680,train,False,neutral
7885,569109515657826304,test,True,positive
7886,569103956795904000,test,False,positive
7887,569102757875077121,test,True,positive
7888,569096740676222976,train,True,positive
7889,569091868153253888,train,True,neutral
7890,569091378438746112,train,False,positive
7891,569087442092826624,train,True,neutral
7892,569083604216623104,train,True,neutral
7893,569083132353204224,train,False,neutral
7894,569076569983086592,train,False,neutral
7895,569075196117839872,train,False,neutral
7896,569068027917922304,train,False,neutral
7897,569066946433581056,test,True,negative
7898,569046984369111041,train,False,negative
7899,569044397645385728,train,True,negative
7900,569036471232892929,test,True,positive
7901,569017837576069120,train,False,neutral
7902,569006801192161280,train,False,neutral
7903,569005006902468608,train,False,negative
7904,569003837975089152,train,True,negative
7905,569003165984534528,train,False,negative
7906,569002746117902336,train,True,negative
7907,568996575617409026,train,True,negative
7908,568995644276383744,test,True,negative
7909,568993773277069312,train,False,neutral
7910,568993159419535360,train,False,negative
7911,568992314296819712,train,True,negative
7912,568991695917834240,train,False,negative
7913,568987540155453440,train,True,positive
7914,568984446487166976,train,False,positive
7915,568983580585517056,train,False,positive
7916,568983464172584960,train,False,negative
7917,568983310438805505,train,True,positive
7918,568982494676172800,train,False,neutral
7919,568977430439817216,train,False,neutral
7920,568976617453658113,train,False,positive
7921,568974681115459584,train,False,neutral
7922,568974096161234946,train,False,positive
7923,568973348840943616,train,False,positive
7924,568972783234912257,train,False,negative
7925,568970344154836993,train,False,neutral
7926,568969600559226880,train,True,negative
7927,568968141814046720,train,False,neutral
7928,568968059517411329,train,True,negative
7929,568967907042037761,train,True,neutral
7930,568967902520590337,train,False,neutral
7931,568965774649520128,train,True,negative
7932,568964945259466752,test,False,positive
7933,568964635103076354,train,False,neutral
7934,568963192489029632,train,False,neutral
7935,568962000614658048,train,False,neutral
7936,568961738596462593,train,True,negative
7937,568961404067164160,train,False,positive
7938,568961064651460608,train,True,negative
7939,568960315888668672,train,True,neutral
7940,568960217976864769,train,True,negative
7941,568959170730266624,train,False,negative
7942,568958770849705984,train,True,negative
7943,568956535679758337,train,False,neutral
7944,568955324511563776,train,True,negative
7945,568955077165260800,train,True,positive
7946,568944962311626752,train,True,neutral
7947,568944928266412032,train,False,neutral
7948,568944687077199872,train,True,neutral
7949,568940704451289089,train,True,neutral
7950,568940291530493952,train,True,negative
7951,568937402837786625,train,True,positive
7952,568932998051016704,train,False,positive
7953,568932129872039936,train,False,neutral
7954,568931762518110208,train,False,neutral
7955,568931575980814336,train,False,negative
7956,568930822952103938,train,False,negative
7957,568929935273930752,train,True,positive
7958,568929608566837249,train,False,positive
7959,568928817651167232,train,True,negative
7960,568927427847544833,train,True,negative
7961,568926268772581377,train,True,positive
7962,568925181848227840,train,False,negative
7963,568924781837455360,test,True,negative
7964,568924327275401218,train,False,positive
7965,568921315069042688,train,False,positive
7966,568920810947272704,train,False,negative
7967,568920607347384321,train,False,negative
7968,568920546043408385,train,True,neutral
7969,568920244691070976,train,False,neutral
7970,568919308006395904,train,True,negative
7971,568919118193291264,train,False,negative
7972,568917869762904066,train,False,negative
7973,568916674168135681,train,False,negative
7974,568914888728449025,train,True,negative
7975,568912677994696706,test,False,negative
7976,568911851674836992,train,True,negative
7977,568911101146091520,train,False,neutral
7978,568910753652199424,train,False,positive
7979,568909776635236352,train,False,neutral
7980,568908255310827520,train,False,neutral
7981,568907615809503233,train,False,neutral
7982,568906811308257280,train,False,neutral
7983,568906503358259200,test,False,negative
7984,568905816973172736,train,False,neutral
7985,568905143883849728,test,False,positive
7986,568904934495629312,train,False,negative
7987,568904127834558464,train,False,negative
7988,568900016636452864,test,True,negative
7989,568899893206450176,test,False,negative
7990,568898792247992320,train,True,positive
7991,568897720410374145,test,True,negative
7992,568897013997289472,train,True,neutral
7993,568896227917451264,train,False,negative
7994,568895587900207104,test,True,negative
7995,568894423507058688,test,True,negative
7996,568894248457646080,train,False,negative
7997,568894231651098624,test,True,neutral
7998,568894021688434690,train,True,neutral
7999,568891974687830016,train,False,positive
8000,568891233386561537,train,True,neutral
8001,568889828588331009,train,True,neutral
8002,568888413308391424,train,True,positive
8003,568888167681695744,train,False,positive
8004,568885004610240512,train,False,positive
8005,568884379600224258,train,True,neutral
8006,568883264791785472,train,False,negative
8007,568882606634369024,test,True,positive
8008,568881791156822017,train,True,negative
8009,568879791648088065,train,False,negative
8010,568877772828880896,test,True,positive
8011,568876769455054849,train,True,neutral
8012,568876711300997121,train,True,neutral
8013,568875992128729088,test,False,neutral
8014,568875212202078208,train,True,positive
8015,568872365146251264,train,False,positive
8016,568871330495406080,train,False,positive
8017,568870342443184128,train,False,neutral
8018,568864286266814465,train,False,positive
8019,568862787193081856,train,False,neutral
8020,568862241497305088,train,True,negative
8021,568862134966345729,train,True,neutral
8022,568861835568369664,train,False,negative
8023,568861309384728577,train,True,negative
8024,568861149053231104,train,False,neutral
8025,568861022343307264,train,True,negative
8026,568860520796725248,train,True,negative
8027,568858899438178305,train,True,negative
8028,568857976733376512,train,True,positive
8029,568855090930429952,train,True,neutral
8030,568854763057475584,train,False,positive
8031,568853588858023936,train,False,negative
8032,568853321659736064,train,True,neutral
8033,568851381769134080,train,False,positive
8034,568850938796118016,train,True,neutral
8035,568850770331721728,train,False,neutral
8036,568849719625158657,train,True,positive
8037,568848952768000000,test,True,neutral
8038,568846033997803520,train,False,positive
8039,568845545986400256,train,False,neutral
8040,568843464361713664,test,False,neutral
8041,568843160224452608,train,True,positive
8042,568842695864504320,train,False,positive
8043,568841355226517504,test,False,neutral
8044,568840506148573186,train,False,positive
8045,568839596261249024,train,False,neutral
8046,568839278681174016,train,False,neutral
8047,568837638611992576,train,False,neutral
8048,568837619372593153,test,True,positive
8049,568836750598123521,train,True,positive
8050,568836365309190145,train,False,neutral
8051,568835573982633984,train,False,neutral
8052,568834558268973056,train,False,positive
8053,568834182694240256,test,True,positive
8054,568833490818453504,train,False,negative
8055,568829891220803584,train,True,neutral
8056,568828957002493953,train,True,positive
8057,568827568973066240,train,True,positive
8058,568827397103099904,train,False,negative
8059,568826055324098562,test,False,positive
8060,568825255604699136,train,True,positive
8061,568824366928039936,test,True,neutral
8062,568823603627565056,train,True,negative
8063,568823136600371200,train,False,negative
8064,568821070767255552,train,True,neutral
8065,568819697438871553,test,True,neutral
8066,568818695562260481,train,False,positive
8067,568818669024907264,train,True,negative
8068,568816016622354432,train,False,neutral
8069,568815117120319488,test,True,neutral
8070,568812654346653697,train,False,neutral
8071,568811069575204864,train,True,negative
8072,568810170383536128,train,True,positive
8073,568809510644527104,test,False,negative
8074,568809330151022592,train,False,neutral
8075,568808746689933312,train,True,neutral
8076,568808318560550912,test,False,positive
8077,568807823187976193,train,False,positive
8078,568807083270762497,train,False,negative
8079,568806985505726464,train,True,neutral
8080,568806899275018241,test,True,negative
8081,568806618097455104,train,True,negative
8082,568805624164851712,test,False,positive
8083,568804502645706752,train,True,negative
8084,568804416662454272,train,False,negative
8085,568801701378928641,train,False,positive
8086,568801400815292416,train,True,negative
8087,568800846789545984,test,False,neutral
8088,568800822693380096,train,False,negative
8089,568799543698935808,train,False,positive
8090,568799486392143872,train,True,positive
8091,568798862086836225,test,True,negative
8092,568798853656223745,train,False,positive
8093,568798264943902720,train,True,neutral
8094,568798045799784448,train,True,positive
8095,568797557914148865,train,False,positive
8096,568797120410619904,train,True,negative
8097,568796340714639360,train,False,positive
8098,568796240319639552,train,False,neutral
8099,568796018348724226,train,False,negative
8100,568794248654426112,train,False,positive
8101,568789117426921472,train,True,neutral
8102,568787185341751296,train,True,neutral
8103,568786394656722944,test,False,positive
8104,568785867743105024,train,True,neutral
8105,568785094430883840,train,True,positive
8106,568784868257214464,train,False,positive
8107,568782407698149376,train,False,positive
8108,568781359331844096,train,False,negative
8109,568781140217049088,train,False,neutral
8110,568780552964145152,train,False,negative
8111,568779615323299840,train,False,positive
8112,568778730186928128,test,False,negative
8113,568778553933889536,train,True,neutral
8114,568778374451220480,test,True,negative
8115,568775130505207809,train,False,negative
8116,568774914452418561,train,False,negative
8117,568773939754889216,train,True,neutral
8118,568769775515635712,train,False,negative
8119,568768028831289344,test,True,negative
8120,568766741746225152,train,True,negative
8121,568766295761682432,train,True,positive
8122,568763889506082816,train,True,neutral
8123,568762267493249024,train,False,neutral
8124,568761693997674496,train,True,negative
8125,568760613792579584,train,False,negative
8126,568760299978948608,train,True,neutral
8127,568760283864416257,train,True,negative
8128,568760152129720320,train,False,negative
8129,568758241745719297,train,False,neutral
8130,568757775205056512,train,False,negative
8131,568754053083222016,train,False,positive
8132,568752951164063745,train,False,negative
8133,568752793999286273,train,True,positive
8134,568752061682208768,train,False,positive
8135,568751647809273856,train,True,neutral
8136,568749392083206144,train,True,neutral
8137,568746335446441984,train,False,negative
8138,568745705864626176,train,True,negative
8139,568743141861228544,train,False,neutral
8140,568737248931397632,train,True,neutral
8141,568735841771597825,train,False,neutral
8142,568735475847950336,test,True,positive
8143,568727789311889409,train,False,neutral
8144,568724024362037248,train,True,neutral
8145,568712938019639296,train,False,neutral
8146,568711179318779904,train,True,neutral
8147,568706272788262912,test,True,neutral
8148,568703064691113984,train,True,neutral
8149,568682740020690945,train,False,neutral
8150,568679098920206337,train,False,negative
8151,568677157569826816,train,False,negative
8152,568676137699651584,train,True,negative
8153,568672781979619328,train,True,neutral
8154,568670498646700032,train,False,negative
8155,568668179158806529,train,True,negative
8156,568662554047696896,train,True,neutral
8157,568660340910592000,train,False,neutral
8158,568652268305666048,train,True,positive
8159,568649338005487618,train,False,neutral
8160,568649053711380480,train,False,neutral
8161,568648777315147777,train,False,negative
8162,568647808619659264,train,True,negative
8163,568645379031347200,train,False,neutral
8164,568644388001337344,train,False,neutral
8165,568643357108531200,train,True,negative
8166,568642357379399681,train,True,positive
8167,568642209823612929,train,False,negative
8168,568641342869544960,test,False,positive
8169,568640650129731585,test,True,positive
8170,568637437812944896,train,False,neutral
8171,568636973964898305,train,True,negative
8172,568636474637357056,train,True,negative
8173,568636400419151873,test,False,neutral
8174,568635298759860226,train,True,negative
8175,568634780264374272,test,False,negative
8176,568634515884789761,test,False,negative
8177,568633738567012352,test,False,negative
8178,568633534627381248,test,False,negative
8179,568633098474299392,test,False,negative
8180,568632724078125056,test,True,negative
8181,568632557836865536,train,False,positive
8182,568631249989988354,test,True,negative
8183,568631243228762112,train,False,negative
8184,568631189856264192,train,False,positive
8185,568630308284850176,train,True,neutral
8186,568629820306952192,train,False,positive
8187,568628159618424833,train,False,neutral
8188,568626612314308608,train,True,negative
8189,568626423273017344,train,True,negative
8190,568625613797511169,train,True,negative
8191,568625258351063040,train,True,negative
8192,568623875468226560,train,False,positive
8193,568621210986090497,train,False,neutral
8194,568620542682468352,train,False,neutral
8195,568620103895367680,train,True,neutral
8196,568619425886121985,train,True,positive
8197,568617016917168128,train,True,neutral
8198,568616851531378688,train,False,positive
8199,568616034384498688,train,False,negative
8200,568615445596471296,train,False,negative
8201,568614009584291840,train,False,neutral
8202,568612181480243200,train,False,positive
8203,568611819864117248,train,False,positive
8204,568611474416906240,train,False,negative
8205,568611024837849088,train,True,negative
8206,568608189089869825,train,True,positive
8207,568606685230555136,test,False,negative
8208,568604366690627584,train,False,neutral
8209,568604311598469121,train,False,negative
8210,568603024320434176,test,True,negative
8211,568602933035601921,train,False,positive
8212,568602701623218177,train,True,negative
8213,568602614839033856,train,True,neutral
8214,568602597197623298,train,False,neutral
8215,568602015456215040,train,True,positive
8216,568601554275721216,test,True,positive
8217,568601459983400960,train,False,neutral
8218,568601051584196608,train,True,positive
8219,568600552814174208,train,False,positive
8220,568599227342852096,train,True,neutral
8221,568591345801158656,train,True,negative
8222,568589571929350144,test,False,negative
8223,568589127290998784,test,False,negative
8224,568588936852799488,test,False,positive
8225,568588896218587137,test,False,negative
8226,568588797182648320,train,False,negative
8227,568587875702476800,train,False,negative
8228,568587429830983680,test,True,negative
8229,568586894776406017,train,True,negative
8230,568583737417605122,train,False,positive
8231,568583414519083010,train,True,negative
8232,568579899243380736,train,True,positive
8233,568574897988874240,train,False,positive
8234,568574059652489217,train,False,negative
8235,568571758627790849,train,True,neutral
8236,568569739225604096,train,False,neutral
8237,568569662717313024,train,True,positive
8238,568568690381168640,train,False,neutral
8239,568567970450055170,train,True,neutral
8240,568566512308523008,train,True,negative
8241,568562657265131520,train,True,negative
8242,568561938457690112,train,False,neutral
8243,568561033641480192,train,False,positive
8244,568560914779078656,train,False,positive
8245,568560786756366336,train,False,neutral
8246,568560685568937985,test,True,neutral
8247,568559580717805568,train,False,neutral
8248,568558979841810432,train,False,negative
8249,568558887290441728,train,False,negative
8250,568558562810544129,train,True,positive
8251,568558484653883392,train,False,negative
8252,568556148368019456,train,True,positive
8253,568554719934844928,train,False,positive
8254,568554542897307648,train,False,positive
8255,568554411078889473,train,False,negative
8256,568554107952177152,train,False,neutral
8257,568552775325364224,train,True,negative
8258,568552263641210881,train,False,negative
8259,568551504505802752,train,False,negative
8260,568551350025330691,train,True,negative
8261,568548980122103808,train,False,negative
8262,568548307200393217,train,True,negative
8263,568547839636332544,train,True,positive
8264,568547201208565760,train,False,positive
8265,568546837231042560,train,False,neutral
8266,568545534056787968,train,True,negative
8267,568545438976102400,train,False,positive
8268,568544491596083200,train,False,negative
8269,568544467944407040,train,True,negative
8270,568542819788451841,train,True,neutral
8271,568542766860541952,train,False,positive
8272,568542018760286209,train,True,neutral
8273,568541219711819776,train,True,positive
8274,568540097639030784,train,False,neutral
8275,568540063216197632,train,True,positive
8276,568539689176530944,test,True,positive
8277,568538242380742656,train,False,neutral
8278,568537606503280640,train,True,neutral
8279,568535586325303296,train,True,negative
8280,568535405361913857,train,True,neutral
8281,568535276546449409,train,True,negative
8282,568533876873633793,train,False,neutral
8283,568533099908182016,test,False,negative
8284,568531409209421826,train,False,neutral
8285,568531076915662848,train,False,positive
8286,568530694353190912,train,False,neutral
8287,568529886920335360,train,True,negative
8288,568528982439669761,train,True,positive
8289,568528082841112576,train,False,negative
8290,568527922576777216,train,True,neutral
8291,568527764812374016,test,False,neutral
8292,568526521910079488,test,True,negative
8293,568525820764897280,train,True,negative
8294,568524724256444416,train,False,positive
8295,568523834980057088,train,False,neutral
8296,568521960088449025,train,False,neutral
8297,568521376245501956,train,False,negative
8298,568510973469855745,train,True,positive
8299,568509669758660608,test,False,neutral
8300,568509433229099009,train,True,neutral
8301,568509343047352322,train,False,neutral
8302,568509302505377792,train,False,positive
8303,568503966687993856,test,False,negative
8304,568502766747971585,train,True,positive
8305,568502279193681921,train,True,negative
8306,568502226597101568,test,False,negative
8307,568501539167473664,train,False,neutral
8308,568501157452230656,train,False,positive
8309,568499629043687426,train,False,neutral
8310,568498446216400896,train,True,neutral
8311,568498114300153856,train,True,negative
8312,568495595440234496,train,False,positive
8313,568492016587436033,train,False,neutral
8314,568491668858662914,train,False,negative
8315,568491434397073408,train,False,negative
8316,568490310524936192,train,False,negative
8317,568490190194515970,train,False,positive
8318,568489782298476544,train,False,positive
8319,568489700232695808,train,True,neutral
8320,568489124098924546,train,False,negative
8321,568488247514554369,train,False,negative
8322,568487688510287873,train,False,negative
8323,568487677114363904,train,False,positive
8324,568487439062441984,train,False,negative
8325,568487293100691457,train,False,neutral
8326,568487040234459138,train,False,negative
8327,568486660410908674,train,False,neutral
8328,568485564112117760,train,False,negative
8329,568484039499378690,train,False,negative
8330,568483098310152193,train,True,neutral
8331,568482785389899776,train,False,negative
8332,568480654347935745,train,True,negative
8333,568475439460515840,test,False,positive
8334,568475010798637056,train,True,negative
8335,568474960097878016,test,False,negative
8336,568474423742738432,train,False,positive
8337,568474096058507264,train,True,neutral
8338,568473686178717696,train,False,neutral
8339,568473361388572672,test,True,negative
8340,568472330097332225,train,True,positive
8341,568470507433168896,train,True,neutral
8342,568467286333513728,train,True,negative
8343,568464487931613185,train,True,positive
8344,568460351873937408,train,True,negative
8345,568456085536935936,train,False,negative
8346,568454161962049536,train,False,negative
8347,568451040397422593,train,True,negative
8348,568450407204139008,train,True,positive
8349,568448110256640000,train,False,positive
8350,568448023845572608,train,False,neutral
8351,568444650903748609,train,True,positive
8352,568444359391252480,train,False,negative
8353,568443892569235457,test,True,positive
8354,568442989258911745,train,False,negative
8355,568442965661761536,train,False,positive
8356,568442328794464256,train,False,positive
8357,568442077400436736,test,True,neutral
8358,568441576206286848,train,False,positive
8359,568440681531875328,train,True,negative
8360,568440372206182400,train,False,negative
8361,568440180769746946,train,False,neutral
8362,568439661590396928,train,False,negative
8363,568438528666959872,train,False,negative
8364,568438162369822720,train,False,negative
8365,568437285605257216,train,False,negative
8366,568437189694111744,train,False,negative
8367,568436943131951104,train,True,neutral
8368,568436613384155136,train,False,negative
8369,568435926503976960,train,True,negative
8370,568435750485819392,train,False,negative
8371,568435677190336512,train,False,negative
8372,568435364349808640,train,True,positive
8373,568434959226179585,train,True,positive
8374,568434729684307970,train,True,negative
8375,568434307989159936,train,True,negative
8376,568434301496381441,train,False,negative
8377,568433716206436353,train,False,negative
8378,568433301880479746,train,False,negative
8379,568433145437138944,train,False,negative
8380,568433045805465600,test,True,negative
8381,568432677789011968,train,False,negative
8382,568432609866457088,train,False,negative
8383,568432405482229760,train,True,positive
8384,568432328902610944,train,False,negative
8385,568431356037996545,train,True,negative
8386,568431120032915457,train,False,negative
8387,568430874049581058,train,False,negative
8388,568430681367453696,train,False,negative
8389,568430087298801666,train,False,negative
8390,568429798604857344,train,False,negative
8391,568427942382071810,train,True,negative
8392,568427870055305216,test,False,positive
8393,568427853265571840,test,True,positive
8394,568426494554480640,test,False,positive
8395,568426489055719425,train,False,negative
8396,568425693828132864,test,False,positive
8397,568425272304934912,train,True,negative
8398,568424902287446016,train,False,negative
8399,568424725929701376,test,True,positive
8400,568424704597467137,train,True,positive
8401,568423886762569728,test,False,positive
8402,568423284401836032,train,False,negative
8403,568423278555086848,test,False,positive
8404,568422658494185472,test,True,negative
8405,568420497563598848,train,True,negative
8406,568419991030087681,test,True,positive
8407,568417260668379136,train,True,negative
8408,568416873211015168,train,True,neutral
8409,568416305101070336,train,False,negative
8410,568413198518329344,test,False,positive
8411,568412747324485632,train,True,neutral
8412,568411980542775296,train,True,positive
8413,568403649753448448,train,True,negative
8414,568401416982806528,test,True,neutral
8415,568400398748266496,train,False,negative
8416,568400096586395649,train,False,negative
8417,568397325820956672,test,True,positive
8418,568395094232932352,train,True,negative
8419,568394474243665920,train,True,neutral
8420,568394078817267712,train,True,positive
8421,568393752596717568,train,True,neutral
8422,568391878871285760,train,True,negative
8423,568387402810728448,train,False,neutral
8424,568387362239205376,train,False,negative
8425,568385676737167360,train,False,positive
8426,568382780251480064,train,False,neutral
8427,568380876855353344,train,True,negative
8428,568380749495164929,train,False,neutral
8429,568379591569629185,train,True,positive
8430,568378598043852800,train,False,positive
8431,568365652597014528,train,False,negative
8432,568335451741749248,train,False,positive
8433,568290152151269377,train,False,neutral
8434,568282853240209408,train,False,neutral
8435,568279415370735618,test,False,positive
8436,568278516309090304,test,False,neutral
8437,568273152456810496,train,True,neutral
8438,568270768989081600,train,False,positive
8439,568269372151734273,test,False,negative
8440,568260165759307776,test,False,positive
8441,568256684642213888,train,True,negative
8442,568255102567518208,test,False,negative
8443,568254137676242945,test,False,negative
8444,568253469129187328,train,False,positive
8445,568253266456395776,test,False,negative
8446,568251373189349376,train,False,positive
8447,568250993776803840,train,True,negative
8448,568246340246999041,train,False,positive
8449,568244687477161984,train,True,negative
8450,568244401308184576,test,True,neutral
8451,568244170848137217,train,False,negative
8452,568244071770296320,test,False,neutral
8453,568243600196296704,test,False,positive
8454,568243175074242560,test,False,neutral
8455,568242480518434816,test,True,neutral
8456,568241499831287808,train,False,negative
8457,568241460279181312,train,True,negative
8458,568241382776635392,train,False,negative
8459,568241156347305984,train,True,positive
8460,568240338164252672,train,True,negative
8461,568240100934426624,train,True,neutral
8462,568240048384151554,train,True,positive
8463,568239330168315905,train,False,negative
8464,568239189055176704,train,True,negative
8465,568237879337422848,train,True,positive
8466,568232942612447232,train,True,positive
8467,568231725970505728,test,True,positive
8468,568228052485812225,train,True,neutral
8469,568221088750161920,test,False,negative
8470,568220169803325440,test,True,negative
8471,568220131819720705,train,False,negative
8472,568219452929662976,train,False,positive
8473,568218559278661632,train,False,neutral
8474,568218462281183232,train,False,neutral
8475,568216861550239744,train,False,neutral
8476,568216703055876096,train,False,negative
8477,568215628890411009,train,True,neutral
8478,568215093596573696,train,True,negative
8479,568214651336396801,train,False,neutral
8480,568214398474432512,test,False,positive
8481,568214147025870848,test,False,positive
8482,568214091229224960,train,True,neutral
8483,568213769098108928,test,True,positive
8484,568213658117005314,train,False,positive
8485,568212538778906624,train,False,negative
8486,568211991757770752,train,True,negative
8487,568210310663835648,train,True,neutral
8488,568210186755813376,test,False,positive
8489,568209287517835265,train,False,positive
8490,568209150410248192,train,False,neutral
8491,568208831030943744,test,False,negative
8492,568208666035417088,test,True,neutral
8493,568207527067783168,train,False,negative
8494,568207228412542976,test,False,negative
8495,568207206023360512,train,False,neutral
8496,568206634758983681,train,True,negative
8497,568206455251144704,train,True,neutral
8498,568205359208230912,train,False,positive
8499,568205181990637568,train,True,neutral
8500,568204705861652480,test,True,negative
8501,568204616594165760,test,False,negative
8502,568203709802532864,train,False,negative
8503,568203438099529728,test,False,negative
8504,568203327965696002,train,True,neutral
8505,568203124760055808,test,False,negative
8506,568202590032236544,test,False,negative
8507,568202482746335232,train,False,neutral
8508,568202287216234496,test,False,negative
8509,568201002731622400,test,True,negative
8510,568200934507057152,train,False,neutral
8511,568199579201605632,train,False,negative
8512,568199550084591616,train,False,neutral
8513,568199101981937665,test,False,negative
8514,568198666613338112,train,True,negative
8515,568198336651649027,train,False,positive
8516,568198057155641344,train,True,negative
8517,568197789655515136,test,False,neutral
8518,568196466503770112,train,False,negative
8519,568196150718824448,train,False,neutral
8520,568196117147463680,test,True,negative
8521,568195569350549504,train,True,negative
8522,568193698284118016,train,False,negative
8523,568192942088843264,train,True,positive
8524,568192660923666433,train,True,negative
8525,568192252792541184,train,False,neutral
8526,568191343769620480,train,True,neutral
8527,568190857263915008,train,False,neutral
8528,568189945308786688,test,True,neutral
8529,568189029478481920,train,True,neutral
8530,568188639412400128,test,True,neutral
8531,568187334111289344,train,False,positive
8532,568186350219821057,train,True,neutral
8533,568186002759671808,train,False,negative
8534,568184134666981376,train,False,negative
8535,568183785558310914,test,False,positive
8536,568182544124014592,train,False,negative
8537,568181761114546176,train,False,negative
8538,568179392293281792,test,True,neutral
8539,568178422175948801,train,True,positive
8540,568177882620661760,train,False,negative
8541,568177152924860416,train,False,neutral
8542,568177098038349825,train,False,positive
8543,568176390325075968,train,False,negative
8544,568176138574372864,train,True,neutral
8545,568175537258156033,train,True,negative
8546,568174545854726144,train,True,positive
8547,568173938292985858,train,True,positive
8548,568173792406740994,train,False,negative
8549,568173309747048448,train,True,positive
8550,568172923531481088,test,True,positive
8551,568172843520950272,train,True,neutral
8552,568172398161354752,test,True,neutral
8553,568172386903851008,train,False,positive
8554,568171002208886784,test,False,positive
8555,568169348721848322,train,False,neutral
8556,568168505998229505,train,True,negative
8557,568167917004718080,train,True,negative
8558,568166479327313920,train,False,neutral
8559,568165395279929344,train,False,negative
8560,568164652821184512,train,True,neutral
8561,568162505597566976,test,False,neutral
8562,568162054206435328,train,False,neutral
8563,568161493981794304,train,False,neutral
8564,568161102254616576,train,True,neutral
8565,568160197367242752,train,False,negative
8566,568159714737049601,train,False,neutral
8567,568159336104636417,train,False,positive
8568,568158732930191360,train,False,neutral
8569,568157857151102976,train,False,positive
8570,568157634999783424,train,False,neutral
8571,568157491927896064,train,False,negative
8572,568156758025187329,train,False,positive
8573,568156672365092864,train,True,negative
8574,568155933832044544,test,False,positive
8575,568155066668060672,train,True,negative
8576,568154777739259907,test,False,neutral
8577,568153823581216768,test,True,neutral
8578,568152817656930305,train,False,neutral
8579,568152534507855872,train,False,positive
8580,568152035767554048,test,True,neutral
8581,568149912665198592,train,True,positive
8582,568146952635854848,train,False,neutral
8583,568146088416448513,train,False,negative
8584,568145983931969536,train,False,neutral
8585,568145883679875072,train,True,negative
8586,568142966570807296,train,True,negative
8587,568140724618686464,train,False,neutral
8588,568140722240512001,train,False,negative
8589,568140717198938112,train,True,negative
8590,568140329821577217,test,False,neutral
8591,568139150710296577,train,False,neutral
8592,568137238732771328,train,True,neutral
8593,568134036239097856,test,True,neutral
8594,568132912761208832,test,False,neutral
8595,568132703738077185,test,False,negative
8596,568131853929947136,train,False,neutral
8597,568130484934459392,test,False,neutral
8598,568128390487789568,train,False,positive
8599,568127434173878272,train,False,neutral
8600,568127068287963136,train,False,negative
8601,568126722903814144,train,False,negative
8602,568126461477068800,train,False,negative
8603,568125723594133504,train,True,neutral
8604,568124733851443200,train,True,positive
8605,568124691673686016,train,True,negative
8606,568123089344733184,train,False,neutral
8607,568122440934658048,train,False,positive
8608,568118442454355968,train,False,positive
8609,568116088631791616,train,False,positive
8610,568115928044404736,train,False,positive
8611,568115829616861184,train,False,neutral
8612,568115571788808192,train,False,negative
8613,568115075266973696,train,False,positive
8614,568109390026448896,train,False,negative
8615,568108968867819520,train,False,neutral
8616,568107822275305472,test,False,positive
8617,568107816923340800,train,True,negative
8618,568107407647207424,train,False,negative
8619,568106969812189184,train,False,negative
8620,568105765442945024,train,True,negative
8621,568104907384832000,test,False,neutral
8622,568102992110465025,train,False,positive
8623,568101669809946624,train,False,positive
8624,568101513605681152,train,False,negative
8625,568101162672500736,train,True,negative
8626,568100786657316864,train,False,positive
8627,568100774204600320,train,False,neutral
8628,568098794031714304,train,True,positive
8629,568098769847218177,train,True,positive
8630,568098677618683904,train,False,negative
8631,568096875435282432,train,True,negative
8632,568095961408507904,train,False,positive
8633,568095014435229696,train,True,positive
8634,568094760151486464,train,True,negative
8635,568094681256497152,train,True,negative
8636,568094548141977600,test,True,positive
8637,568094199586938880,train,True,negative
8638,568094177394888705,train,False,negative
8639,568093784417951744,train,True,neutral
8640,568091845848231937,train,True,positive
8641,568091027774545920,train,True,neutral
8642,568090890549374976,train,False,positive
8643,568090417641746432,test,True,positive
8644,568087713972236289,train,True,positive
8645,568086568059027456,train,False,neutral
8646,568086156899966976,train,True,positive
8647,568084948948684800,train,True,positive
8648,568083588308197376,train,False,negative
8649,568081068278075394,train,True,neutral
8650,568080730150076416,test,True,negative
8651,568080542345895937,test,False,negative
8652,568079126462128129,test,True,negative
8653,568078149231067136,train,True,positive
8654,568076919146557440,train,False,negative
8655,568074993856335872,train,False,positive
8656,568071468312981504,train,False,neutral
8657,568069392422051841,train,False,negative
8658,568068967098658816,train,False,negative
8659,568068942771695616,train,True,positive
8660,568066927723212800,train,True,positive
8661,568066161922977792,train,False,negative
8662,568064382627921920,train,True,negative
8663,568064005048152065,train,False,positive
8664,568059376474439680,test,True,negative
8665,568056665821413376,train,True,positive
8666,568052101504372737,train,True,positive
8667,568051199565533184,train,False,negative
8668,568045949999661058,train,True,positive
8669,568045766280933377,train,True,positive
8670,568045665185452032,train,True,neutral
8671,568045397408661504,train,False,neutral
8672,568044610955681793,train,False,negative
8673,568042975856619520,train,False,negative
8674,568041225174953985,train,False,positive
8675,568041161652342784,train,False,negative
8676,568041051182616576,train,False,positive
8677,568039128001937408,train,True,positive
8678,568036279989858304,train,True,positive
8679,568034012930936832,train,False,negative
8680,568031723004555264,train,True,negative
8681,568029763438186496,train,False,neutral
8682,568028497001590784,train,False,neutral
8683,568027668026937344,train,True,negative
8684,568027443052720130,train,True,positive
8685,568025019068108800,train,False,negative
8686,568023553548922880,train,False,negative
8687,568020304510869504,train,True,positive
8688,568018490331930625,train,False,negative
8689,568017916161085441,train,False,negative
8690,568016314457047040,train,False,negative
8691,568014845062332416,train,True,negative
8692,568014723926626304,train,True,negative
8693,568011010029838336,train,False,neutral
8694,568008802865274880,train,True,positive
8695,568005720026660864,train,True,positive
8696,567995970232795136,train,False,neutral
8697,567992830943223808,train,True,neutral
8698,567980868997763072,train,False,neutral
8699,567973066929614848,train,False,neutral
8700,567965767808864256,train,False,neutral
8701,567950666578030594,train,False,neutral
8702,567947508208377858,train,True,positive
8703,567935527481188352,train,True,neutral
8704,567930900731854848,train,True,negative
8705,567919283419742210,test,True,neutral
8706,567918931148685312,test,False,negative
8707,567918283866898432,test,False,negative
8708,567918173992910848,test,False,negative
8709,567917894144770049,test,False,negative
8710,567916937679884288,test,True,negative
8711,567915499868131328,train,True,positive
8712,567912664996786177,train,False,neutral
8713,567911142955311104,train,True,positive
8714,567910969856229377,train,False,positive
8715,567907212154118145,train,False,positive
8716,567906937423073280,train,False,neutral
8717,567906374870528001,train,True,positive
8718,567905540761870336,train,False,neutral
8719,567905220828606466,train,False,neutral
8720,567905158346207233,train,True,positive
8721,567904873246781440,train,False,negative
8722,567903883047088128,train,True,negative
8723,567903653933101056,train,False,negative
8724,567902218059264000,train,True,negative
8725,567899906150703104,train,False,positive
8726,567897563065511936,train,False,neutral
8727,567897030934269952,train,False,neutral
8728,567896250013601792,train,True,neutral
8729,567895874598215680,train,False,neutral
8730,567895664769785856,train,False,negative
8731,567894002286096384,train,True,positive
8732,567893822585327616,train,True,negative
8733,567892715603652608,train,True,positive
8734,567892508987908096,train,True,negative
8735,567891805867483136,train,True,positive
8736,567890265416945664,train,False,neutral
8737,567887437826908160,test,True,negative
8738,567887326350811137,test,False,negative
8739,567885370064506880,train,True,negative
8740,567880900358311936,train,True,positive
8741,567879331810246656,test,True,negative
8742,567878078782898176,train,False,positive
8743,567876244722814976,test,False,neutral
8744,567875974869680128,train,True,positive
8745,567875922906456064,train,False,neutral
8746,567874970463780864,train,True,positive
8747,567874858815733761,test,False,negative
8748,567874505881845760,train,True,neutral
8749,567873801653997569,test,False,negative
8750,567873229055991808,test,False,negative
8751,567873087108161536,test,False,neutral
8752,567873006501888000,test,False,negative
8753,567872392116191233,test,False,negative
8754,567872361304821760,test,False,negative
8755,567872267910262784,test,False,negative
8756,567872077899763712,test,False,negative
8757,567872044030918657,test,False,negative
8758,567871911960645632,test,False,negative
8759,567871783107452930,test,False,negative
8760,567869962800472064,train,True,negative
8761,567868027376517121,train,True,neutral
8762,567867483622748160,train,False,negative
8763,567864793404555264,test,True,negative
8764,567864588521381888,train,False,negative
8765,567864058742845440,train,False,negative
8766,567862754557759488,train,True,positive
8767,567862628460158976,train,False,positive
8768,567861067088596993,train,False,neutral
8769,567860450676903936,train,True,negative
8770,567860067602558977,train,False,neutral
8771,567857135066963968,train,True,negative
8772,567856962521661440,train,True,positive
8773,567856400522563584,train,False,negative
8774,567856127246999552,train,False,negative
8775,567855566590255105,train,True,negative
8776,567853709100720128,train,False,negative
8777,567853054348754944,train,False,negative
8778,567853001534210049,train,False,negative
8779,567852550512181248,train,False,negative
8780,567852264099999744,train,False,neutral
8781,567851942627577856,train,False,negative
8782,567851561474383873,train,True,negative
8783,567849376925618176,train,False,positive
8784,567848716738011136,train,False,negative
8785,567848437992984576,train,True,neutral
8786,567848171155496960,train,False,negative
8787,567848084572532736,train,False,negative
8788,567847163465764864,train,False,negative
8789,567846268090740737,train,True,positive
8790,567846026507390976,train,False,negative
8791,567845998166339584,train,False,negative
8792,567845382102859777,train,False,negative
8793,567845089508233217,train,True,negative
8794,567843889748418560,train,False,negative
8795,567843811990376449,train,False,negative
8796,567842726861021184,train,True,negative
8797,567842661463240704,train,True,negative
8798,567842593440145408,train,True,neutral
8799,567841828411551744,train,True,positive
8800,567837218628362241,train,False,neutral
8801,567837023014273024,train,True,neutral
8802,567836728100200449,test,False,positive
8803,567836310775324672,train,False,negative
8804,567836118181277696,train,True,negative
8805,567831806944223232,train,False,neutral
8806,567831434838159360,train,False,positive
8807,567831392526036992,train,False,negative
8808,567830303121870848,train,True,neutral
8809,567829349727211521,train,True,positive
8810,567829088380919809,train,True,positive
8811,567828425278283777,train,True,neutral
8812,567827488736419840,test,False,negative
8813,567827091409092608,test,True,negative
8814,567826599270416385,test,True,neutral
8815,567825891209912320,train,False,positive
8816,567824260207738880,train,True,positive
8817,567821839784939520,test,True,positive
8818,567821528424845312,train,True,positive
8819,567818543569317888,test,False,negative
8820,567818156607074304,train,False,negative
8821,567817897893982208,train,True,negative
8822,567817476144242688,train,True,neutral
8823,567816742300356608,test,True,negative
8824,567814769077436416,train,False,positive
8825,567814010914222080,train,True,negative
8826,567813515353804801,train,True,neutral
8827,567813437003411456,test,False,negative
8828,567812799767003136,train,False,negative
8829,567811776566542336,train,True,positive
8830,567810786576576512,train,True,neutral
8831,567810683485753344,test,False,positive
8832,567810661372424193,test,False,negative
8833,567810573002620928,test,False,neutral
8834,567808748711051264,train,False,neutral
8835,567808067237326848,test,True,negative
8836,567808014725464064,test,False,neutral
8837,567807844687577089,train,True,neutral
8838,567807693534031872,test,False,positive
8839,567807375667912704,test,True,negative
8840,567807333498355713,train,True,neutral
8841,567807269707206657,train,True,negative
8842,567807014388154368,test,True,negative
8843,567806964832460800,train,False,neutral
8844,567805458053099520,test,False,neutral
8845,567803467282046976,train,False,positive
8846,567803109687443456,train,True,neutral
8847,567802194155565056,test,False,positive
8848,567801642633162753,train,True,negative
8849,567801569157324800,test,True,neutral
8850,567801567630618624,train,False,neutral
8851,567801343861092352,test,False,neutral
8852,567799665061576704,train,False,neutral
8853,567799518448848897,test,True,neutral
8854,567798973008994304,test,True,positive
8855,567797436652199936,train,False,negative
8856,567796079446745088,train,False,neutral
8857,567796029056385024,train,False,positive
8858,567795784876589057,test,True,neutral
8859,567795026307325952,train,True,positive
8860,567794802394406912,train,False,positive
8861,567794198095872001,train,True,positive
8862,567793799590854656,train,False,negative
8863,567792966690168832,train,True,negative
8864,567792296654299137,train,True,negative
8865,567790133224681472,train,True,neutral
8866,567789001374183424,train,True,neutral
8867,567785752751505412,train,False,neutral
8868,567784566614540289,train,False,neutral
8869,567783892711526400,train,True,neutral
8870,567783456420012032,train,True,positive
8871,567781694183186432,train,False,positive
8872,567781607797305345,train,False,neutral
8873,567780486978609152,train,True,neutral
8874,567779535307800576,train,True,neutral
8875,567778921812389888,test,True,neutral
8876,567778149132664833,train,True,positive
8877,567777885277405184,test,True,neutral
8878,567776761510907904,train,False,neutral
8879,567776348828360707,train,True,positive
8880,567775864679456768,test,True,neutral
8881,567774038680801281,train,False,negative
8882,567773326631821312,train,True,positive
8883,567773176031145984,train,False,negative
8884,567772770604298240,test,False,positive
8885,567772568833503233,train,False,negative
8886,567772565956222976,train,False,negative
8887,567772012735922176,train,False,negative
8888,567771662167179264,train,True,negative
8889,567771077359570944,test,False,neutral
8890,567770698111852544,test,True,negative
8891,567769879759962112,train,False,positive
8892,567769468278988800,train,False,neutral
8893,567769131663884290,train,True,neutral
8894,567768878613536769,train,True,neutral
8895,567768330624372736,train,True,positive
8896,567768306799882241,test,True,neutral
8897,567766755797389312,train,False,negative
8898,567766410169954304,train,True,negative
8899,567766269810581505,train,True,positive
8900,567765664459669504,train,True,negative
8901,567763818257063937,train,True,negative
8902,567761644802293760,train,True,positive
8903,567760693643214848,test,False,negative
8904,567760260598104064,test,False,neutral
8905,567759774016868352,test,False,neutral
8906,567758927111401474,test,True,positive
8907,567758699574226944,train,True,positive
8908,567758248481415170,test,False,neutral
8909,567758065320361985,test,True,positive
8910,567758020239966208,train,True,neutral
8911,567758007912906752,test,True,positive
8912,567756085583302656,test,True,positive
8913,567755768037130241,train,False,negative
8914,567754559762612225,train,True,neutral
8915,567754367860633600,train,False,neutral
8916,567752625647394816,train,True,negative
8917,567750136223518720,train,False,positive
8918,567749860611211265,train,True,neutral
8919,567749243658858496,train,True,neutral
8920,567747668512735232,test,False,negative
8921,567746576626356225,train,False,neutral
8922,567743028215836672,train,True,positive
8923,567742238562975745,train,True,negative
8924,567740211384168448,train,True,positive
8925,567740053967736832,train,True,positive
8926,567739036425805824,train,True,positive
8927,567738388980068352,test,False,negative
8928,567738171215994880,test,False,negative
8929,567737909072367616,train,False,positive
8930,567737803060940800,test,False,negative
8931,567737267095994368,train,False,neutral
8932,567735239456194560,train,True,neutral
8933,567734644515536896,train,True,negative
8934,567734573464027136,train,True,neutral
8935,567733946717196288,test,False,negative
8936,567733847132229632,train,True,neutral
8937,567733834964156417,train,False,negative
8938,567733251620356096,test,True,negative
8939,567732811772080129,train,True,positive
8940,567731944151322626,train,True,positive
8941,567731794498174978,train,True,neutral
8942,567730696656273408,train,True,positive
8943,567729368110096385,train,False,negative
8944,567728800864010242,train,False,negative
8945,567728357555437568,train,False,neutral
8946,567727883993358336,train,True,negative
8947,567727701620822016,train,False,neutral
8948,567727526777073664,train,False,positive
8949,567727490567639041,train,True,neutral
8950,567727329783582720,train,False,positive
8951,567726912186118144,test,True,neutral
8952,567725676958998528,train,True,neutral
8953,567724950556258304,train,True,negative
8954,567724178317402112,train,False,positive
8955,567719957686136832,train,True,negative
8956,567718292530688000,train,True,neutral
8957,567716378681933825,train,False,neutral
8958,567696188602712064,train,True,negative
8959,567695310860730369,train,True,negative
8960,567690417265975296,train,True,neutral
8961,567680108002291712,train,True,positive
8962,567671602280923136,train,True,positive
8963,567667301067915264,train,False,neutral
8964,567590027375702016,train,True,negative
8965,567588278875213824,train,True,neutral
8966,570310600460525568,test,False,negative
8967,570310144459972608,test,False,negative
8968,570309340952993796,test,True,neutral
8969,570309000279023616,train,False,neutral
8970,570308799950692353,train,False,negative
8971,570308156699611137,train,False,neutral
8972,570307605631012864,train,True,negative
8973,570307109218340865,train,False,negative
8974,570307011981783040,train,True,positive
8975,570306867135696897,train,False,neutral
8976,570306715880706049,train,False,negative
8977,570304779412508673,test,False,negative
8978,570304740279640064,train,True,neutral
8979,570304445336178688,test,True,negative
8980,570304440017788929,train,False,negative
8981,570304244001193984,train,True,negative
8982,570304059384713218,train,True,neutral
8983,570303720308809728,test,True,negative
8984,570302717085790209,test,True,negative
8985,570302023968694272,test,True,positive
8986,570300325917270018,test,True,negative
8987,570298036938772483,test,True,negative
8988,570297185704812545,train,True,neutral
8989,570296537433186305,train,False,negative
8990,570296516314845185,train,True,negative
8991,570296273611448320,train,True,negative
8992,570296212336865283,train,False,negative
8993,570295658185408512,test,False,positive
8994,570295637708816384,train,False,negative
8995,570295405818335236,train,True,neutral
8996,570295290063925249,train,True,neutral
8997,570295202616889345,train,False,neutral
8998,570294237348143104,train,False,neutral
8999,570293289045364736,train,False,positive
9000,570292371340062720,train,False,negative
9001,570291091204919297,train,False,neutral
9002,570290730796777473,train,False,negative
9003,570290421336813568,test,False,positive
9004,570289532953874432,train,True,neutral
9005,570289473898082305,train,False,negative
9006,570288981847502850,train,True,negative
9007,570288667790594048,train,False,negative
9008,570288445156941824,train,True,neutral
9009,570288039454486529,train,False,negative
9010,570287589216751616,train,False,neutral
9011,570287318264905729,train,True,neutral
9012,570286925556424705,test,True,negative
9013,570286345454800896,train,False,negative
9014,570286290203070465,train,False,negative
9015,570286035118071808,train,False,negative
9016,570285320085880832,train,True,negative
9017,570285070184898561,train,True,negative
9018,570284855163883520,train,False,negative
9019,570281232287731712,train,True,negative
9020,570280852791422976,train,False,neutral
9021,570280737951375360,train,False,negative
9022,570280653389996034,train,True,negative
9023,570280436796166144,train,False,negative
9024,570279106090274817,train,True,positive
9025,570279050276704257,train,True,neutral
9026,570278902959988736,train,True,neutral
9027,570278432417972224,test,False,negative
9028,570278202897276928,train,True,negative
9029,570277612389412864,train,False,negative
9030,570276878788861953,test,True,negative
9031,570276806512779264,train,True,neutral
9032,570276681551732736,train,False,negative
9033,570276439829774336,train,True,negative
9034,570275106724782080,train,False,negative
9035,570274750821486592,train,False,positive
9036,570274417546113025,train,True,neutral
9037,570274302118858752,train,True,negative
9038,570274057729519617,train,False,neutral
9039,570273880486629377,train,True,negative
9040,570273188485197825,train,True,negative
9041,570272465299083264,train,False,negative
9042,570272309434564608,test,True,negative
9043,570272154635374592,train,False,negative
9044,570271713512046592,train,False,positive
9045,570271209822294016,train,False,neutral
9046,570271160363057154,train,False,neutral
9047,570270772746461186,train,True,negative
9048,570270630660218881,train,True,neutral
9049,570269976042573824,train,False,negative
9050,570269272502607873,train,True,negative
9051,570267781859557377,train,False,negative
9052,570266871586553856,test,False,neutral
9053,570265780186710017,train,False,neutral
9054,570265699215675392,train,False,negative
9055,570265609122029568,train,False,neutral
9056,570264306350227456,test,True,negative
9057,570262977947013120,train,True,neutral
9058,570262676481421312,test,True,negative
9059,570259388872695808,test,False,neutral
9060,570259268844314625,train,True,neutral
9061,570258946860171264,train,False,neutral
9062,570258435448688641,train,True,negative
9063,570258209534922752,train,True,negative
9064,570257918798516224,train,False,neutral
9065,570257107737571329,train,False,positive
9066,570256300556165122,test,True,negative
9067,570255224155348992,train,False,neutral
9068,570253865066602497,test,True,negative
9069,570252052099678208,train,False,negative
9070,570251909447192577,train,False,negative
9071,570250989305004033,train,False,negative
9072,570250443034640384,train,False,positive
9073,570249204767055872,train,False,negative
9074,570248954572619776,train,True,negative
9075,570248242853773312,train,False,positive
9076,570247763704868864,train,False,negative
9077,570245576815546368,train,True,negative
9078,570243874062503936,train,False,negative
9079,570242474750423040,train,True,negative
9080,570242452092813312,train,True,negative
9081,570242191685234688,train,False,negative
9082,570241590758920192,train,False,negative
9083,570240576144211968,train,False,positive
9084,570239546673238017,train,True,negative
9085,570237453229019137,test,True,negative
9086,570236495367315456,train,True,negative
9087,570236313393373186,train,True,negative
9088,570235676916117504,train,True,negative
9089,570235609933078529,train,True,negative
9090,570232671353376769,train,False,negative
9091,570231786824994816,train,False,negative
9092,570231607757381632,train,True,negative
9093,570230527032229889,test,True,negative
9094,570229647713148928,train,False,negative
9095,570229176621510659,train,False,negative
9096,570226365410230272,train,True,negative
9097,570226104839090176,test,False,negative
9098,570225817873227776,train,False,negative
9099,570224746652160000,train,False,negative
9100,570223944260849664,test,True,negative
9101,570223851570909185,test,True,negative
9102,570223460632403969,test,False,negative
9103,570222748615598081,train,False,neutral
9104,570222481618948096,train,False,negative
9105,570220968435716097,train,True,positive
9106,570219953741279232,test,True,neutral
9107,570219138125324288,train,True,neutral
9108,570217639584395264,test,False,positive
9109,570217450874146818,train,True,negative
9110,570215793511825408,train,True,neutral
9111,570215234088116224,test,False,negative
9112,570214488739225601,test,True,negative
9113,570213946348560388,test,True,negative
9114,570213783085432832,test,True,negative
9115,570212087223287809,train,True,positive
9116,570208640520622080,train,False,negative
9117,570208313163550721,train,False,negative
9118,570208172289474560,train,False,negative
9119,570206113783795713,train,False,negative
9120,570205604314255360,train,False,negative
9121,570205370649604096,train,True,negative
9122,570204219191504896,train,False,negative
9123,570203789963218944,train,True,negative
9124,570203037823836160,train,False,negative
9125,570199481943261184,train,False,negative
9126,570197883716300800,train,False,negative
9127,570197868813918208,train,False,negative
9128,570196428364111873,train,True,negative
9129,570195970610348032,train,True,negative
9130,570192366272970752,train,True,neutral
9131,570190931321757696,train,True,negative
9132,570185347453329409,train,False,neutral
9133,570184073139912704,train,False,negative
9134,570181464773562368,train,True,negative
9135,570177698166923267,train,False,negative
9136,570157409458642944,train,False,negative
9137,570157210183069696,train,False,negative
9138,570156989541687296,train,False,negative
9139,570156777297350656,train,True,negative
9140,570151995472027649,train,False,negative
9141,570151703410053120,train,True,negative
9142,570133607223840768,train,True,positive
9143,570125976195219456,train,True,negative
9144,570120432453615617,train,False,negative
9145,570119853312311296,train,True,positive
9146,570114300888678401,train,False,negative
9147,570114273021534209,train,False,negative
9148,570110504254857217,train,False,negative
9149,570110280635588608,train,False,positive
9150,570109961511895040,train,False,negative
9151,570109219078152193,train,False,negative
9152,570108987284197376,train,True,negative
9153,570108377029685248,test,False,negative
9154,570106579879645185,train,False,negative
9155,570105696219308033,train,False,negative
9156,570104704241307649,train,False,negative
9157,570104544622981122,train,False,negative
9158,570101746590093312,test,False,negative
9159,570098159076171776,train,False,positive
9160,570097596913623040,test,True,negative
9161,570091270334509056,train,True,negative
9162,570085837821632512,train,False,negative
9163,570085644015419393,train,False,negative
9164,570085487261700096,train,False,negative
9165,570085423801888768,train,False,negative
9166,570085229576265728,train,False,negative
9167,570085132251598850,train,False,negative
9168,570084871101661184,train,False,neutral
9169,570084707548958720,train,False,neutral
9170,570084406204997632,train,False,negative
9171,570084337099673600,train,False,negative
9172,570084217301962752,train,False,negative
9173,570084200235335680,train,False,negative
9174,570083998380232704,train,False,negative
9175,570083761582428160,train,False,negative
9176,570083548364992512,train,False,negative
9177,570083458925490176,test,True,negative
9178,570083021099032576,train,False,negative
9179,570082431304392704,train,True,negative
9180,570082420936052737,train,False,negative
9181,570081545211375616,train,False,negative
9182,570081206412431360,train,False,negative
9183,570079855821389824,train,False,negative
9184,570079508797243392,train,False,negative
9185,570078379421990912,train,False,negative
9186,570078355770339328,train,False,negative
9187,570078280591781888,train,False,negative
9188,570078102551834624,test,True,negative
9189,570078049779081216,test,False,positive
9190,570077991436484609,train,False,negative
9191,570076827135246336,train,False,negative
9192,570075916430397440,train,False,negative
9193,570075866748694528,train,False,neutral
9194,570075456302649344,train,True,negative
9195,570074662086045696,train,False,negative
9196,570074077383102464,test,True,negative
9197,570073507465469952,train,True,negative
9198,570073473952968705,train,False,negative
9199,570072227942674432,train,True,negative
9200,570071350133579776,train,True,negative
9201,570071071220609024,train,False,negative
9202,570070928425676800,train,False,neutral
9203,570070449406812160,train,False,negative
9204,570069362310324224,test,True,negative
9205,570068659193950208,train,False,neutral
9206,570067865946234883,train,False,negative
9207,570064017022181376,train,True,negative
9208,570063683256242177,train,True,negative
9209,570061827100422144,test,False,negative
9210,570061033253023744,train,False,negative
9211,570060873328414721,train,True,negative
9212,570060752926728192,train,False,negative
9213,570060273798631424,train,False,negative
9214,570060272049778688,train,False,negative
9215,570058295689523200,test,False,negative
9216,570058065480962048,test,True,neutral
9217,570057520162721792,train,False,negative
9218,570056984986300418,train,True,negative
9219,570056859698270208,train,False,negative
9220,570056533356224512,train,False,negative
9221,570054495943720960,train,False,neutral
9222,570054266267811840,test,True,positive
9223,570054257577041921,train,False,neutral
9224,570052124010278912,train,True,negative
9225,570051488875020288,train,True,negative
9226,570050881879568384,train,True,negative
9227,570048851295383552,train,False,negative
9228,570048275367079937,test,True,negative
9229,570048188830216192,train,True,negative
9230,570047737347088384,train,True,negative
9231,570047733236695040,train,False,negative
9232,570045890750230529,train,True,negative
9233,570045818205384704,train,True,negative
9234,570044019897556994,train,True,negative
9235,570043607954137090,test,True,negative
9236,570043569605648385,test,False,negative
9237,570043114058076160,train,True,negative
9238,570042796624777216,train,True,negative
9239,570038112166002688,test,True,negative
9240,570037369841135616,train,False,positive
9241,570033719609827328,train,True,negative
9242,570033554492690432,train,True,negative
9243,570030761539182592,train,True,negative
9244,570030590466121728,train,True,positive
9245,570030173300658176,train,False,negative
9246,570030083093729280,train,True,negative
9247,570024409630515202,train,False,neutral
9248,570024174162485251,train,True,negative
9249,570023602793238528,train,False,negative
9250,570023318251642883,train,True,negative
9251,570022626724220928,train,False,negative
9252,570021943899877377,train,False,negative
9253,570021485466685440,train,False,negative
9254,570021301223604224,train,True,neutral
9255,570020147827752961,train,False,negative
9256,570020023630057472,train,False,neutral
9257,570019741806538752,train,True,neutral
9258,570019623078383616,train,False,neutral
9259,570019459244691456,train,False,negative
9260,570019234505474049,train,True,negative
9261,570018892031991808,train,False,negative
9262,570018836239364096,train,True,negative
9263,570017568964132865,train,False,negative
9264,570017458742030336,train,False,negative
9265,570015794387685376,train,False,negative
9266,570015715530395648,train,False,negative
9267,570015470570639360,train,False,negative
9268,570015373447159808,train,False,negative
9269,570015223408668672,train,False,positive
9270,570013961808187393,train,False,negative
9271,570013535696232449,train,False,negative
9272,570013472093642752,train,True,negative
9273,570012789479055360,train,True,negative
9274,570012549631975424,train,True,negative
9275,570012421345005568,train,True,neutral
9276,570012047917907969,train,True,negative
9277,570011533205336064,train,True,negative
9278,570011088508604416,test,False,neutral
9279,570010979074834432,train,False,neutral
9280,570010973047795713,train,False,neutral
9281,570009630786453505,train,False,neutral
9282,570009129579900928,train,False,negative
9283,570008684413104128,train,True,neutral
9284,570007761355980800,train,False,negative
9285,570007297927221249,train,True,negative
9286,570005034340974592,train,True,positive
9287,570005004012138496,train,True,neutral
9288,570004421352001536,train,True,negative
9289,570003343222964224,train,True,negative
9290,570001983408635904,train,True,neutral
9291,570001283907768320,train,False,negative
9292,570001064424026112,train,True,negative
9293,570000760035024896,train,False,negative
9294,570000520083075072,train,True,negative
9295,570000158454353920,train,False,negative
9296,569999956796444674,train,False,neutral
9297,569997350493663233,train,True,negative
9298,569996446348517376,train,False,negative
9299,569993444342534144,train,True,negative
9300,569993393767460864,train,False,neutral
9301,569992662779961344,train,False,negative
9302,569992620744708096,train,False,negative
9303,569992532123258881,train,False,negative
9304,569992414653362176,train,True,negative
9305,569992362728005632,train,True,positive
9306,569992234801737728,test,True,negative
9307,569991295776595968,train,False,neutral
9308,569990010067423233,train,False,neutral
9309,569989999963213824,train,False,neutral
9310,569989745503297536,train,False,negative
9311,569989322641936385,train,True,neutral
9312,569989043456380928,train,False,negative
9313,569988987420434432,train,True,negative
9314,569987511830904832,test,False,positive
9315,569987452334690305,train,False,negative
9316,569987227075239936,train,False,neutral
9317,569986794797842433,train,False,negative
9318,569986344484794369,train,False,negative
9319,569985838689456128,train,True,negative
9320,569985813712392194,train,False,negative
9321,569985760482365440,train,False,negative
9322,569985288992264192,train,False,negative
9323,569985270415818752,train,True,negative
9324,569985084348104704,train,True,neutral
9325,569984789798899712,test,False,positive
9326,569984789673078785,train,False,negative
9327,569984178764308480,train,False,positive
9328,569984162377003008,train,False,negative
9329,569983587572789248,train,False,negative
9330,569982742198251520,train,True,negative
9331,569981026598043648,test,False,neutral
9332,569981015378112512,train,False,negative
9333,569980923179094016,test,False,positive
9334,569980771424976896,test,False,negative
9335,569980561344897024,test,False,negative
9336,569978187465166848,test,False,positive
9337,569977263191662595,test,False,negative
9338,569976848786034688,train,False,negative
9339,569976124278640640,train,False,negative
9340,569975515974656000,train,True,positive
9341,569975508756267008,train,False,negative
9342,569973204263034880,train,True,negative
9343,569972804822704128,train,True,negative
9344,569972558218440704,train,True,neutral
9345,569972447329574912,test,False,neutral
9346,569972250385862656,train,False,negative
9347,569971550008573953,train,False,negative
9348,569971542538346496,train,False,negative
9349,569971374820884481,test,False,negative
9350,569971233351213056,test,False,negative
9351,569970977368645632,train,True,negative
9352,569970853334650880,test,False,neutral
9353,569970659297792000,train,False,positive
9354,569970626057801728,train,False,neutral
9355,569970608693493760,test,False,negative
9356,569970518381744128,test,False,negative
9357,569970287493705728,test,False,negative
9358,569970186431959040,test,False,negative
9359,569970117154484224,train,True,negative
9360,569969714245431296,train,False,negative
9361,569969506740674560,train,True,neutral
9362,569969386062266368,train,False,positive
9363,569969218306904067,test,False,negative
9364,569969062228439040,test,False,negative
9365,569969045946175490,test,False,negative
9366,569968886227050496,test,True,negative
9367,569968799576924160,train,False,neutral
9368,569968609440563201,train,False,negative
9369,569967974284713984,train,False,negative
9370,569967965346664448,train,False,neutral
9371,569967808446009345,train,False,negative
9372,569967469135142914,train,False,negative
9373,569966745982791680,train,True,negative
9374,569966073304522752,test,False,neutral
9375,569964627305603073,test,False,neutral
9376,569964389660540928,train,True,negative
9377,569963395652280320,test,True,positive
9378,569962709057298432,train,True,positive
9379,569961481455976449,train,True,neutral
9380,569961117235191809,train,False,negative
9381,569961070519050240,train,False,negative
9382,569960904852312064,train,False,negative
9383,569960704717008896,test,False,negative
9384,569960575792504833,train,True,neutral
9385,569960024455454721,train,False,negative
9386,569959975566467072,train,False,negative
9387,569959415433965569,train,False,negative
9388,569959393917149189,train,False,negative
9389,569959365236690945,test,True,negative
9390,569958552493793280,train,True,negative
9391,569958301443739650,test,False,negative
9392,569957315568394242,train,True,negative
9393,569956170393194496,train,False,negative
9394,569956147433574401,train,True,positive
9395,569952376473300992,train,False,positive
9396,569951958552805376,train,False,negative
9397,569951021398683650,test,False,negative
9398,569950785859145728,test,True,neutral
9399,569950482665308160,train,False,positive
9400,569950215513497601,train,False,negative
9401,569949968750010370,test,True,negative
9402,569949405136232449,train,False,negative
9403,569949007465844736,train,False,negative
9404,569948356933332992,train,False,negative
9405,569948119712063489,train,False,negative
9406,569947283846004737,train,False,neutral
9407,569947048574758912,test,True,negative
9408,569947033857069057,train,True,neutral
9409,569947001456070656,train,True,negative
9410,569946740855582722,train,False,negative
9411,569946472751476737,train,False,negative
9412,569945501166133248,train,False,neutral
9413,569945237025648640,train,False,negative
9414,569945085158264832,train,False,negative
9415,569944996616351746,train,False,negative
9416,569944514137362432,train,False,negative
9417,569944182011379712,train,False,negative
9418,569943857418399746,train,False,negative
9419,569943774253621248,train,True,negative
9420,569943434536091649,train,False,negative
9421,569943345000280064,train,False,negative
9422,569943328701095937,train,False,negative
9423,569943090766721024,train,False,neutral
9424,569942656522047490,train,False,negative
9425,569942569951600640,train,False,negative
9426,569941616649244673,test,False,negative
9427,569941050002972672,train,False,negative
9428,569940989403635712,train,False,negative
9429,569940889591795712,train,True,negative
9430,569940462678749186,train,True,negative
9431,569939368598753280,train,True,negative
9432,569939301301153792,test,False,negative
9433,569939286935674880,train,False,negative
9434,569938945871626240,test,True,negative
9435,569938939122991104,train,False,negative
9436,569938672935546880,train,True,negative
9437,569938487920566272,train,False,negative
9438,569938470589718528,test,False,negative
9439,569938119060955136,test,True,negative
9440,569937457837273088,train,False,negative
9441,569936893325897728,train,True,negative
9442,569936213760716801,test,False,negative
9443,569935818783125504,train,False,negative
9444,569935639539425280,train,True,negative
9445,569935531213086721,train,True,negative
9446,569935522497478656,test,True,negative
9447,569934782643224576,test,True,negative
9448,569933275436707840,train,True,negative
9449,569932287380467712,test,True,negative
9450,569932207311048705,train,True,negative
9451,569930403106172928,train,False,negative
9452,569930292024221696,train,True,negative
9453,569930199036497920,train,True,positive
9454,569929945331449856,train,True,negative
9455,569929134639611904,train,False,negative
9456,569928540004753409,train,True,negative
9457,569926843853185024,train,False,negative
9458,569926412234326016,train,True,neutral
9459,569926031542345728,train,True,negative
9460,569925709025509376,train,True,negative
9461,569923242015764480,train,False,positive
9462,569923163259318274,train,False,negative
9463,569922365322338304,train,False,positive
9464,569921842204565504,train,False,negative
9465,569921840904327168,train,False,negative
9466,569921757647212544,train,False,negative
9467,569921646057926656,train,True,negative
9468,569921267601580032,train,True,negative
9469,569920484856475649,train,True,negative
9470,569920436466794496,train,False,negative
9471,569919319821434880,train,False,neutral
9472,569918035097731072,test,False,positive
9473,569917765676601344,test,True,negative
9474,569917692758630400,train,True,negative
9475,569917431059099648,train,False,negative
9476,569916586682945536,train,False,negative
9477,569914295854739456,train,False,negative
9478,569914076496850945,train,True,negative
9479,569913838746742784,train,False,neutral
9480,569912963273879552,train,False,negative
9481,569911231705944064,train,True,negative
9482,569911064105754624,train,True,negative
9483,569910971222892545,train,True,negative
9484,569910571686088704,train,False,negative
9485,569910441423417345,train,False,neutral
9486,569910410343804928,train,True,neutral
9487,569910335353851904,train,True,neutral
9488,569909641129402368,train,False,negative
9489,569909232696483842,train,False,negative
9490,569909058250997760,test,False,positive
9491,569908805724712961,train,True,negative
9492,569908781720702976,train,True,negative
9493,569907782108839938,train,False,negative
9494,569907323650633728,train,True,neutral
9495,569906167947898880,test,False,negative
9496,569905936980185088,train,False,negative
9497,569905899650883585,train,False,negative
9498,569905773276307457,train,False,negative
9499,569905559652012032,train,True,negative
9500,569904589010575360,train,False,positive
9501,569903725449322496,test,False,neutral
9502,569903376583913472,test,False,positive
9503,569902284710084608,train,False,positive
9504,569900620095856640,train,True,negative
9505,569899859995693056,train,False,negative
9506,569899859161026560,train,False,negative
9507,569899709734752256,train,True,negative
9508,569899203339657217,test,True,neutral
9509,569899102198206464,train,False,negative
9510,569898346036404224,test,False,negative
9511,569897798692286465,train,True,negative
9512,569897573294743552,train,False,positive
9513,569896616322334720,train,True,negative
9514,569896241196339201,train,False,negative
9515,569895538910498817,train,False,negative
9516,569895100526039040,test,False,negative
9517,569894983265710081,test,False,neutral
9518,569894449922252800,train,True,negative
9519,569894295953645568,train,True,negative
9520,569894100649947136,train,True,negative
9521,569894035797753856,train,False,negative
9522,569893878536527872,train,False,negative
9523,569893554753040386,train,False,negative
9524,569892553690124288,train,True,positive
9525,569892413235294208,train,False,negative
9526,569891350302367745,train,False,negative
9527,569891260405665792,train,False,negative
9528,569890430893993986,train,False,negative
9529,569890311608111105,train,False,negative
9530,569890309624082432,train,True,negative
9531,569890152832749568,train,True,negative
9532,569889475658178560,train,True,negative
9533,569888762982850560,train,False,neutral
9534,569888646633017344,train,True,negative
9535,569887957810864129,train,False,negative
9536,569887533267611648,train,False,negative
9537,569886919833874432,test,True,negative
9538,569886537128632320,test,True,negative
9539,569885003020181504,test,False,neutral
9540,569884559380238336,test,False,negative
9541,569884071758835712,train,True,negative
9542,569884052758659072,train,False,negative
9543,569883910735159297,train,False,negative
9544,569883672679215104,test,False,negative
9545,569883558749335552,train,True,negative
9546,569883376041250816,train,False,negative
9547,569883285989531649,test,False,negative
9548,569882980992335872,test,False,negative
9549,569882442129133568,train,True,negative
9550,569882324713783296,train,True,negative
9551,569881123741937664,test,True,negative
9552,569881062169567232,train,False,negative
9553,569880207911460864,train,False,negative
9554,569880100218544128,test,False,negative
9555,569879818063507457,test,False,negative
9556,569879601784041472,train,True,negative
9557,569879100971753472,test,False,negative
9558,569878754551599104,train,False,negative
9559,569878117583622145,train,False,positive
9560,569876325588197377,train,False,neutral
9561,569874973021622272,test,True,positive
9562,569874944282234880,test,True,negative
9563,569874553175810050,train,True,negative
9564,569873968175259650,train,True,negative
9565,569873190190600192,train,True,neutral
9566,569873091763032065,train,False,negative
9567,569871932251729920,test,False,neutral
9568,569870924410970112,train,False,negative
9569,569870657246404608,train,False,negative
9570,569870445710671872,test,False,negative
9571,569870442388983808,train,False,negative
9572,569870374638235649,train,True,neutral
9573,569870248779902976,train,False,negative
9574,569870128915083264,train,True,negative
9575,569870036992593920,test,False,negative
9576,569870007368331264,train,True,negative
9577,569869978217914368,train,True,negative
9578,569869163029762048,train,False,positive
9579,569867947130421249,test,True,neutral
9580,569866875452203010,train,True,negative
9581,569866461172387841,test,False,negative
9582,569866081164111873,test,True,neutral
9583,569865823415902208,train,True,neutral
9584,569865637666930688,train,True,negative
9585,569864720305553409,train,False,negative
9586,569863183961165826,train,True,neutral
9587,569862572540878848,train,True,positive
9588,569861759240171522,train,False,positive
9589,569860355746213893,train,True,negative
9590,569857037477158912,test,False,negative
9591,569856874604048385,train,False,negative
9592,569854370726064132,train,False,negative
9593,569852380327612416,test,False,negative
9594,569850182784966656,train,True,positive
9595,569849295786127360,train,False,negative
9596,569849281533874176,test,False,neutral
9597,569848398129565696,test,True,negative
9598,569846619996360704,train,True,neutral
9599,569844919617101824,train,False,neutral
9600,569844782702338048,train,False,negative
9601,569844191938908160,train,False,neutral
9602,569843749230133248,train,False,negative
9603,569843142830071808,train,False,neutral
9604,569842257588846592,train,False,negative
9605,569841949185839104,train,True,negative
9606,569837569392967680,train,True,positive
9607,569833680316829696,train,True,negative
9608,569832968954499072,train,False,neutral
9609,569827255653941248,train,False,negative
9610,569827206928715776,train,False,neutral
9611,569825936788598786,train,True,negative
9612,569825133705216001,train,True,negative
9613,569824422279950336,test,False,negative
9614,569822645065093121,train,True,negative
9615,569821862873726976,train,False,negative
9616,569820790905970688,train,True,negative
9617,569817859406352384,train,False,negative
9618,569817051482726400,train,False,negative
9619,569815690531758082,train,False,negative
9620,569815061440679937,train,False,negative
9621,569810990189191168,train,True,negative
9622,569810057795391488,train,True,negative
9623,569802676914909184,train,False,negative
9624,569783738210525184,train,False,negative
9625,569777311475765248,train,False,positive
9626,569776946365620224,test,True,negative
9627,569775147919372288,train,False,neutral
9628,569772867774230528,train,True,negative
9629,569771711408644096,test,False,positive
9630,569771270839013376,test,True,negative
9631,569764668366938112,train,True,negative
9632,569763137819267072,train,False,negative
9633,569762394169221121,test,False,negative
9634,569760267485122560,train,True,negative
9635,569760231846072321,test,False,negative
9636,569760128343220224,test,False,negative
9637,569759999083171840,test,False,negative
9638,569759558777892864,test,True,negative
9639,569759459632750592,test,False,negative
9640,569759330662109185,test,False,negative
9641,569759291839803392,train,True,negative
9642,569759259480600577,test,False,negative
9643,569759131143262208,test,False,negative
9644,569758956941234176,test,False,negative
9645,569758821310017536,test,False,negative
9646,569758649112854529,test,False,negative
9647,569758482989084674,test,False,negative
9648,569758349354340352,test,False,negative
9649,569758145020428288,test,False,negative
9650,569757977785184256,test,False,negative
9651,569757907048202240,test,False,negative
9652,569757773937770496,test,False,negative
9653,569757651539660801,test,False,negative
9654,569757363797757952,test,False,negative
9655,569757234260942848,test,False,negative
9656,569757094166994944,test,False,negative
9657,569754180883247104,train,True,neutral
9658,569752107730890752,train,False,positive
9659,569747533641199617,test,False,negative
9660,569747390758047745,test,True,negative
9661,569747046338588672,train,False,negative
9662,569746612433629184,train,False,negative
9663,569746398519955456,train,True,negative
9664,569745728693784576,train,False,negative
9665,569735732060753921,train,True,negative
9666,569734884396302338,train,True,negative
9667,569734868344684544,train,True,negative
9668,569734821091487744,train,False,negative
9669,569731306092961792,train,False,negative
9670,569729663351832576,train,True,positive
9671,569729072697352192,train,False,negative
9672,569727223357427712,train,False,negative
9673,569726849988878336,train,True,negative
9674,569726350380150784,train,True,negative
9675,569725021951791104,test,True,negative
9676,569724225466073088,train,True,negative
9677,569722436935151616,train,True,negative
9678,569721813220995072,train,True,negative
9679,569721779645767680,train,False,positive
9680,569721604315312129,train,True,negative
9681,569720701197750272,test,True,negative
9682,569719964023853056,train,False,negative
9683,569719741906075648,test,True,negative
9684,569719242427396096,train,False,negative
9685,569718807939428354,train,True,negative
9686,569718492108230657,train,True,neutral
9687,569718474047664129,train,True,negative
9688,569717336959160323,train,False,negative
9689,569717188468334593,train,False,negative
9690,569716908787933184,train,False,negative
9691,569716670689902592,train,True,neutral
9692,569716646165778432,train,False,negative
9693,569716449704587265,train,False,negative
9694,569715656632999936,train,True,negative
9695,569715361660207105,train,True,negative
9696,569713111537717248,train,True,negative
9697,569710305707601920,train,False,negative
9698,569709901737406464,train,True,negative
9699,569709870729068544,train,True,negative
9700,569709195936735232,train,True,negative
9701,569709103188197376,train,False,negative
9702,569708507961950209,train,True,negative
9703,569708139517480960,train,True,negative
9704,569706908002578432,train,False,negative
9705,569706041673322498,train,True,neutral
9706,569704108095111168,train,False,negative
9707,569704066760232960,train,True,negative
9708,569703596914282496,train,True,negative
9709,569703468736376832,train,False,negative
9710,569702495926267905,train,True,negative
9711,569702009751916544,train,False,negative
9712,569701230479413249,train,False,negative
9713,569701192449654784,train,False,negative
9714,569700068476866560,test,False,positive
9715,569699694454001664,test,False,negative
9716,569699616750489600,test,True,negative
9717,569699279566016512,test,False,negative
9718,569698944084680704,test,False,negative
9719,569698937281470464,train,False,negative
9720,569698882797641728,train,True,negative
9721,569698150757244928,test,True,positive
9722,569697267856187392,test,True,negative
9723,569696666611261440,train,True,negative
9724,569696521425281024,train,False,negative
9725,569695412740714496,train,True,negative
9726,569694350831161344,train,False,negative
9727,569693042040418304,train,False,negative
9728,569692835907129345,train,True,negative
9729,569692108367400960,train,True,neutral
9730,569691438784647168,test,True,neutral
9731,569690010531680256,train,False,negative
9732,569689743061069824,train,True,negative
9733,569689324595376128,train,True,negative
9734,569688335788036096,train,False,negative
9735,569687410969321472,train,False,negative
9736,569687262444720128,train,False,negative
9737,569686624721707009,train,False,negative
9738,569686602940858368,train,False,negative
9739,569686000240345090,train,True,negative
9740,569685606202093570,train,True,negative
9741,569685186495057920,test,False,negative
9742,569684917145223170,train,True,negative
9743,569684686160719872,train,False,neutral
9744,569684138304741377,train,True,negative
9745,569684101197910016,test,False,negative
9746,569683278715883523,train,False,negative
9747,569683111404908544,train,True,negative
9748,569682877300023296,train,False,negative
9749,569682751063924736,train,False,negative
9750,569682545375354880,train,False,negative
9751,569682454757257216,train,False,negative
9752,569682228269068288,train,True,negative
9753,569682194236641282,train,True,negative
9754,569682192332234752,train,True,negative
9755,569682149277900800,train,True,positive
9756,569680829481406464,train,True,negative
9757,569680782622633984,train,True,negative
9758,569679976053805056,train,True,positive
9759,569679450750750720,train,True,negative
9760,569678919307280384,train,False,neutral
9761,569678632567881728,train,False,negative
9762,569678568692719616,train,True,negative
9763,569677827068579840,train,True,positive
9764,569677776384598017,train,False,negative
9765,569676612851134464,train,True,neutral
9766,569676387113672704,train,True,negative
9767,569673913892003840,train,False,negative
9768,569673622505328640,train,True,neutral
9769,569672763536842752,test,False,negative
9770,569672330261106688,train,True,neutral
9771,569672234949742592,train,False,negative
9772,569672202037170177,train,False,positive
9773,569671871634935809,train,False,negative
9774,569671712830308352,train,False,negative
9775,569671624921915392,train,False,positive
9776,569671485930876928,train,False,negative
9777,569671413671591937,train,True,negative
9778,569671332092252160,train,False,negative
9779,569670882207129601,train,True,negative
9780,569670708818780161,train,False,neutral
9781,569669921258409985,train,False,negative
9782,569669815205560320,train,False,negative
9783,569669786810114048,test,True,negative
9784,569669547210309632,train,False,negative
9785,569668704524308480,train,True,negative
9786,569668310637404163,train,True,negative
9787,569668179758350336,train,True,negative
9788,569668051764969474,train,False,negative
9789,569666926294798338,train,True,negative
9790,569666826352898048,train,True,negative
9791,569666501504073728,train,True,negative
9792,569665202616020992,train,True,negative
9793,569663875836219392,train,False,neutral
9794,569663278298890241,train,False,negative
9795,569662906842750976,train,True,positive
9796,569662030984056834,train,False,negative
9797,569661154638872576,train,False,negative
9798,569661113593425920,train,False,negative
9799,569660306298945537,train,False,negative
9800,569659952681361408,train,True,negative
9801,569659646916440065,train,True,positive
9802,569659137581326336,train,False,negative
9803,569659027073867777,test,True,negative
9804,569658553381883905,train,False,negative
9805,569658168097292288,train,True,negative
9806,569657895522054145,test,True,neutral
9807,569657128866095104,train,True,negative
9808,569656884262793216,train,True,neutral
9809,569656088817233921,train,True,negative
9810,569655603783708673,train,True,negative
9811,569655302871580673,train,True,neutral
9812,569654471342600193,train,False,negative
9813,569654319391354880,train,True,negative
9814,569653977714962433,train,False,negative
9815,569653415317413888,test,True,negative
9816,569653219229630464,train,True,negative
9817,569652631938985984,train,True,negative
9818,569652266006941698,train,False,negative
9819,569651499422375936,train,False,neutral
9820,569651459152859137,train,True,negative
9821,569651165396373504,train,False,neutral
9822,569651085348110336,train,False,negative
9823,569650819894652928,train,True,negative
9824,569650751598944256,train,True,negative
9825,569650547562811393,train,True,negative
9826,569649975342333952,train,True,negative
9827,569649590632374273,train,True,negative
9828,569649433635368961,train,False,negative
9829,569649297731399682,train,False,negative
9830,569649203753791488,train,False,negative
9831,569649125525983233,train,True,neutral
9832,569648671870099456,train,False,negative
9833,569648534569361408,test,False,negative
9834,569647597666889728,train,True,negative
9835,569647318535786496,train,True,negative
9836,569647082870415361,train,True,negative
9837,569646886610702337,train,False,negative
9838,569646309159927808,train,True,negative
9839,569646045656948737,train,True,negative
9840,569645836109418496,train,True,negative
9841,569645701291843584,train,False,negative
9842,569644766779936768,train,False,negative
9843,569644694759714816,train,False,neutral
9844,569644249337110528,train,False,negative
9845,569643648910028801,train,False,negative
9846,569642526065471488,train,True,negative
9847,569642419307864064,test,True,negative
9848,569641916855402496,test,True,negative
9849,569641343254970368,train,False,negative
9850,569640733466103808,train,True,negative
9851,569640574971715584,train,False,negative
9852,569639784819372032,train,False,negative
9853,569639305016152066,train,True,negative
9854,569638835539349504,train,True,neutral
9855,569638678194040832,train,False,negative
9856,569638479157723136,train,False,neutral
9857,569638381375909889,train,True,negative
9858,569637822929317890,test,True,negative
9859,569635479383085056,train,True,negative
9860,569635391965405184,train,True,negative
9861,569634364780351488,test,False,positive
9862,569633357451153408,train,False,negative
9863,569633323997212672,train,True,negative
9864,569633287204773888,train,True,negative
9865,569633285288157184,train,False,negative
9866,569633099174322177,train,True,negative
9867,569632828478136320,train,True,negative
9868,569632685318115329,train,False,negative
9869,569632379326869504,train,False,negative
9870,569632283046469634,test,True,negative
9871,569630712233627648,train,True,negative
9872,569630148468670464,train,True,neutral
9873,569629882323496961,train,True,negative
9874,569629631814508544,test,True,negative
9875,569629346777968640,train,True,negative
9876,569628521666117632,train,True,negative
9877,569628242044428288,train,True,negative
9878,569628145030004736,train,False,negative
9879,569627574336421888,train,False,neutral
9880,569627477200535552,train,True,negative
9881,569627346166284288,train,False,negative
9882,569627079458865153,train,True,negative
9883,569627069463842816,test,True,negative
9884,569626882053787649,train,True,negative
9885,569626841046224896,train,True,negative
9886,569626683139104768,train,True,negative
9887,569625848334000128,train,True,negative
9888,569625599570014209,test,True,negative
9889,569625053916061696,train,True,positive
9890,569625014179377152,test,False,negative
9891,569624406437306370,test,True,negative
9892,569624021605740545,train,False,negative
9893,569624009354170369,train,False,negative
9894,569623606684209154,train,False,negative
9895,569623415767871489,train,False,negative
9896,569623396729917440,train,False,negative
9897,569623359304003584,train,True,negative
9898,569623211324735488,train,True,negative
9899,569623190730887168,train,True,negative
9900,569623164105433088,train,True,negative
9901,569623156337586177,train,True,negative
9902,569622857120137216,test,False,negative
9903,569621714046455808,train,False,neutral
9904,569621698905022464,train,False,negative
9905,569621548446957568,train,False,neutral
9906,569621412325023744,train,True,negative
9907,569621365634015232,train,True,negative
9908,569621238152368128,train,True,negative
9909,569621210746789888,test,True,negative
9910,569620355783925760,train,True,negative
9911,569619861879590912,train,False,negative
9912,569619668060807169,test,False,neutral
9913,569619075246235648,train,True,negative
9914,569618838767181825,train,False,neutral
9915,569618750946873344,train,True,negative
9916,569618538924789760,train,True,negative
9917,569617777075625986,train,False,neutral
9918,569617704644165632,train,True,negative
9919,569617332907212800,test,False,negative
9920,569616551239917569,train,True,neutral
9921,569614672061575168,train,True,negative
9922,569614422496444417,train,False,negative
9923,569614361574158336,train,True,negative
9924,569613897516380160,train,False,negative
9925,569612804350717953,test,True,positive
9926,569612379811676161,train,True,negative
9927,569611341394264064,train,False,negative
9928,569610893052518400,train,False,negative
9929,569610759795314688,train,True,negative
9930,569610542723309568,train,False,negative
9931,569609828831780865,train,False,neutral
9932,569609621834301440,train,False,negative
9933,569608831816351745,train,True,negative
9934,569608141689753600,train,True,negative
9935,569607757784952832,train,False,negative
9936,569607719713288192,train,True,negative
9937,569607287867883520,train,False,negative
9938,569606281998299137,test,True,negative
9939,569605710314668035,train,False,negative
9940,569605690471288832,train,True,negative
9941,569605604416888832,train,False,negative
9942,569605521050898433,train,False,negative
9943,569605258621661184,train,True,positive
9944,569604286369431552,train,True,negative
9945,569604198771363840,train,False,negative
9946,569604041141039104,train,False,neutral
9947,569603833804038144,train,True,negative
9948,569603523954016256,train,True,negative
9949,569603357406576641,test,True,negative
9950,569602860020850688,train,True,negative
9951,569602817633222656,train,False,negative
9952,569602407417692162,train,True,negative
9953,569601913832022016,train,True,negative
9954,569601628279480320,train,True,negative
9955,569601275672829952,test,True,negative
9956,569601264679559168,train,False,neutral
9957,569600990430806017,train,True,negative
9958,569600989055086592,train,True,neutral
9959,569600757516914688,train,False,negative
9960,569600720254541824,train,True,negative
9961,569600023597428736,train,True,negative
9962,569600009097904128,train,False,negative
9963,569599725240000513,train,True,negative
9964,569599532268449792,train,False,negative
9965,569599260288819201,train,False,negative
9966,569598915722518528,train,False,negative
9967,569598852912668672,train,True,neutral
9968,569598323621023745,train,False,negative
9969,569597857013084160,train,True,negative
9970,569597711789502464,train,True,negative
9971,569597328522387456,train,True,negative
9972,569596783011217408,train,False,negative
9973,569596364197199873,train,False,negative
9974,569596357381644289,train,True,negative
9975,569596034059358208,test,False,negative
9976,569595745126494208,train,False,negative
9977,569595534916202496,train,True,neutral
9978,569595123799101440,train,False,negative
9979,569595015518793730,train,True,negative
9980,569594973949206529,train,True,negative
9981,569592443542343680,train,True,negative
9982,569592390211801089,test,True,negative
9983,569592368518660096,train,True,negative
9984,569592120954236928,train,True,negative
9985,569591310589431808,test,True,negative
9986,569589123218079745,test,False,neutral
9987,569589028590391298,train,False,negative
9988,569588578159697920,test,True,negative
9989,569588465593143297,train,False,neutral
9990,569588073438121984,train,True,negative
9991,569587844693536768,train,False,negative
9992,569587663692554242,train,False,negative
9993,569586372866150400,train,False,negative
9994,569585968610615296,train,True,negative
9995,569585747503611905,test,False,negative
9996,569584885108748290,train,True,negative
9997,569584719089836032,train,True,positive
9998,569584207011434497,train,True,negative
9999,569584057270575105,train,True,neutral
10000,569583725408870401,test,False,negative
10001,569583698640818176,train,False,negative
10002,569581828258078721,train,False,negative
10003,569581400850096128,train,False,negative
10004,569580275182772225,train,False,negative
10005,569579478168547328,train,True,negative
10006,569578297945919488,train,False,negative
10007,569578016843669504,train,False,negative
10008,569577771292237824,train,False,negative
10009,569577696793006080,train,False,negative
10010,569576236541825024,train,True,negative
10011,569575780864241664,train,True,negative
10012,569575176322424832,test,True,negative
10013,569574737929576448,test,True,negative
10014,569572536834498560,train,False,negative
10015,569572184768835585,test,True,positive
10016,569572095794917376,train,False,negative
10017,569571654998888448,train,False,negative
10018,569569120951390209,train,True,negative
10019,569568612215865344,train,False,negative
10020,569567629083430912,train,True,negative
10021,569567252363812864,train,False,negative
10022,569567084721655808,train,False,negative
10023,569566712397471746,train,True,negative
10024,569566514132717568,train,False,negative
10025,569566323912671232,train,False,neutral
10026,569565598772043776,train,True,negative
10027,569565468937232384,test,True,neutral
10028,569565125344141312,train,False,negative
10029,569564566272811008,train,True,negative
10030,569563297164480513,train,True,negative
10031,569563148472225794,train,False,negative
10032,569562731356901376,train,True,negative
10033,569562007671853056,train,True,negative
10034,569561389121060864,train,False,negative
10035,569561225488678913,test,True,neutral
10036,569561062749700097,train,False,negative
10037,569560386548006912,train,True,neutral
10038,569560151100821504,train,False,negative
10039,569559847131164672,test,True,negative
10040,569559311095095296,train,False,negative
10041,569559149933142016,train,True,neutral
10042,569558986665537537,test,True,negative
10043,569558791433416704,test,True,negative
10044,569558377178603520,train,False,negative
10045,569558156512088064,train,True,negative
10046,569558153202774016,train,False,negative
10047,569558096613380098,train,False,negative
10048,569557964991930368,test,True,negative
10049,569557662997852160,test,False,negative
10050,569557167411478528,train,False,negative
10051,569556807703764992,train,False,negative
10052,569556697603280897,train,False,negative
10053,569556500928188416,train,True,negative
10054,569556399585402880,train,False,negative
10055,569555930028748800,train,False,negative
10056,569555929798217730,test,False,negative
10057,569555517502300160,train,True,negative
10058,569555455963471872,test,True,negative
10059,569555413450027011,train,True,negative
10060,569555411998613505,train,True,negative
10061,569555072067051520,train,True,negative
10062,569553488885243904,train,True,negative
10063,569552947903754240,test,False,negative
10064,569552945324273665,train,True,negative
10065,569552426698723330,train,False,negative
10066,569551994949648385,train,False,negative
10067,569551779752386560,train,True,negative
10068,569551374867939328,train,False,negative
10069,569549401364029440,train,True,negative
10070,569548800169283586,train,False,negative
10071,569548355489148928,train,False,negative
10072,569547921189933056,train,True,negative
10073,569547782039728129,train,False,negative
10074,569546858122616833,train,True,neutral
10075,569546689943482368,test,True,negative
10076,569546406442209280,train,True,negative
10077,569545779079094272,train,True,negative
10078,569544955800264704,test,False,negative
10079,569544528299995137,test,True,negative
10080,569544271017037824,train,True,positive
10081,569544122098446337,test,True,negative
10082,569543665221136384,train,True,negative
10083,569542699222573056,train,True,negative
10084,569542427758866433,test,True,negative
10085,569541879441858560,train,True,negative
10086,569541291467522048,train,True,negative
10087,569540826231152640,train,True,negative
10088,569540668403662849,train,True,negative
10089,569540659209596928,train,True,negative
10090,569540652935069696,train,True,negative
10091,569540460810620928,train,True,negative
10092,569540173408698369,train,False,neutral
10093,569539560910282752,train,True,negative
10094,569539074106789889,train,False,negative
10095,569538992980566017,train,False,negative
10096,569538857328353280,test,True,negative
10097,569538649110548480,test,False,negative
10098,569537708202307584,train,False,negative
10099,569537485761433600,train,False,positive
10100,569537042201194496,test,False,neutral
10101,569536791830798336,train,True,negative
10102,569536168301211649,train,False,negative
10103,569535962604310529,train,True,negative
10104,569535820270583809,train,False,neutral
10105,569535527227150336,train,False,negative
10106,569535230996045825,train,False,negative
10107,569534372954681344,train,True,negative
10108,569533663211356161,train,False,negative
10109,569533202835984385,train,True,negative
10110,569533159475277825,train,False,negative
10111,569533103359660033,train,False,negative
10112,569532924036407297,test,False,negative
10113,569532793530785792,train,True,negative
10114,569532711787892736,train,True,neutral
10115,569532667869335554,test,True,negative
10116,569532394455359488,train,False,negative
10117,569531768321269760,train,True,negative
10118,569531387629318144,train,False,negative
10119,569529813121290240,train,False,negative
10120,569529416155402240,train,True,negative
10121,569529412196167682,train,True,negative
10122,569528768148041728,train,True,negative
10123,569528550589464576,train,True,negative
10124,569528410684461057,train,True,negative
10125,569528409723969537,train,False,negative
10126,569528105557053442,train,False,negative
10127,569527721916796929,train,True,negative
10128,569527440499978240,train,True,negative
10129,569527205291802624,test,True,positive
10130,569526583473483776,train,False,negative
10131,569526164575924225,train,True,positive
10132,569526029859094528,train,False,negative
10133,569525811704934401,train,False,negative
10134,569525690615205888,test,False,neutral
10135,569525679823425536,train,True,negative
10136,569525636575793152,train,True,negative
10137,569525480178769920,train,False,negative
10138,569525150263214080,train,True,negative
10139,569525116725567491,train,False,negative
10140,569524522291892226,test,False,neutral
10141,569524497377861632,train,False,positive
10142,569524026294571008,train,True,negative
10143,569523635171405824,test,False,neutral
10144,569523377842606080,train,True,negative
10145,569523293356630016,test,False,negative
10146,569523240252661760,train,False,neutral
10147,569522820725788674,train,True,negative
10148,569522534724403201,train,False,negative
10149,569522479049400320,test,False,negative
10150,569521573268480002,train,True,negative
10151,569519918833643521,train,False,negative
10152,569519156502106112,train,True,negative
10153,569519040504287232,train,True,negative
10154,569519007965061121,train,True,negative
10155,569518608797323265,test,True,negative
10156,569518382883704832,train,False,negative
10157,569518200410546176,train,False,negative
10158,569516370506993664,train,True,negative
10159,569514501730643968,train,True,negative
10160,569514031695962112,test,False,negative
10161,569513151517073408,test,True,positive
10162,569513103970455552,test,False,negative
10163,569512656274468864,test,False,negative
10164,569512408420622336,test,False,negative
10165,569512132494159872,train,True,negative
10166,569510808847196160,test,True,negative
10167,569509671213662208,test,False,negative
10168,569509520034156544,test,True,negative
10169,569509505022746624,test,True,negative
10170,569508277026983937,train,True,negative
10171,569507677501595649,test,False,neutral
10172,569507632509267968,test,False,negative
10173,569507522412986368,test,False,negative
10174,569507349548957696,train,True,negative
10175,569506974930481153,train,True,negative
10176,569506361266085888,train,True,negative
10177,569506137013420032,train,True,negative
10178,569505992163135490,train,True,negative
10179,569504928810414080,train,False,negative
10180,569504866260930560,train,False,negative
10181,569504813915832321,train,True,negative
10182,569504566380797952,train,True,negative
10183,569500867159699456,train,False,negative
10184,569500787849728001,test,True,negative
10185,569500607637262336,train,False,negative
10186,569499262855331840,train,False,neutral
10187,569497632361594880,train,True,negative
10188,569496193249767424,train,True,negative
10189,569496169652428800,train,True,neutral
10190,569496068255195137,train,False,neutral
10191,569496017210462208,train,True,negative
10192,569495664729726976,train,True,negative
10193,569495613173309441,train,False,negative
10194,569495604944089088,train,True,positive
10195,569494421345046528,test,True,negative
10196,569494270966685696,test,True,negative
10197,569493923451834369,test,False,negative
10198,569493018081947649,train,False,negative
10199,569492838448300032,train,True,negative
10200,569492459258056704,train,True,negative
10201,569492269000204288,train,True,negative
10202,569492208203776000,test,True,neutral
10203,569492106923806720,test,True,negative
10204,569491590105980929,test,False,positive
10205,569491240481382400,train,True,negative
10206,569490688569679872,train,False,negative
10207,569489753332191232,train,True,negative
10208,569489006955769856,train,True,negative
10209,569488962324172801,train,True,negative
10210,569488002361249792,train,True,negative
10211,569487757741051904,test,False,negative
10212,569487317917958144,test,False,negative
10213,569487075797565440,train,False,negative
10214,569485322431696896,test,True,negative
10215,569485181633089536,test,False,negative
10216,569484935557484544,test,False,negative
10217,569484900828491776,train,False,negative
10218,569484781668458496,train,True,negative
10219,569484638219071488,test,True,negative
10220,569484458744807425,train,True,negative
10221,569484387055734784,train,True,positive
10222,569483987564961792,train,True,negative
10223,569483885404413952,train,True,negative
10224,569483303067131905,train,True,negative
10225,569482278646124544,test,True,negative
10226,569481844300898304,train,False,negative
10227,569480594419281920,train,False,negative
10228,569479822226952192,test,True,negative
10229,569478023839416320,train,False,negative
10230,569477458023616512,train,True,negative
10231,569475215832387584,train,True,negative
10232,569472446954389504,train,True,negative
10233,569472029717610496,train,False,negative
10234,569470776576880640,test,False,negative
10235,569470441573609473,test,False,negative
10236,569470268474683393,test,True,negative
10237,569469169927720960,test,False,negative
10238,569468659648872448,train,True,negative
10239,569467550100267008,train,True,negative
10240,569466525297590272,train,True,negative
10241,569465622301552641,train,True,negative
10242,569465299495358466,train,True,negative
10243,569464902164856832,train,False,negative
10244,569464183374385152,train,True,negative
10245,569463954155700224,train,True,negative
10246,569463202817417216,train,True,negative
10247,569459836389335040,train,True,negative
10248,569459455273897984,train,False,negative
10249,569459269394956288,train,False,negative
10250,569457108355289088,train,True,negative
10251,569456923663151104,train,True,negative
10252,569456828511326208,train,False,negative
10253,569454891644674049,train,True,negative
10254,569451523878420480,train,True,negative
10255,569450700532535296,train,True,negative
10256,569443675194966016,test,False,negative
10257,569438126806052864,test,False,negative
10258,569437674257276930,train,False,negative
10259,569436595746684929,test,False,negative
10260,569436161032073218,train,True,neutral
10261,569435327544369153,train,False,negative
10262,569434598825992192,test,True,negative
10263,569432100652384256,train,False,negative
10264,569431884217909248,test,True,negative
10265,569429468781150208,train,True,negative
10266,569421478460063745,train,False,negative
10267,569421367243878400,train,True,negative
10268,569419928173989889,train,True,negative
10269,569419080479875072,train,True,negative
10270,569418962108162048,train,False,negative
10271,569418351295926273,train,True,negative
10272,569417702764363776,train,True,negative
10273,569416670340636672,train,False,negative
10274,569416236171456513,train,True,negative
10275,569414739694104576,train,True,negative
10276,569408340616351744,test,True,negative
10277,569407067007496192,test,True,negative
10278,569406451980091392,train,False,neutral
10279,569400188491730945,train,True,negative
10280,569399153253429248,train,False,negative
10281,569398722884280320,train,True,negative
10282,569395278731747329,train,False,negative
10283,569394015055040512,train,False,positive
10284,569393942296432640,train,False,negative
10285,569392880911036416,train,True,negative
10286,569392511732588544,test,True,negative
10287,569392471966388224,test,True,negative
10288,569391350879137792,test,True,negative
10289,569388260633542657,train,True,negative
10290,569388156031799297,test,False,negative
10291,569387765957308416,train,False,neutral
10292,569387570364198913,train,True,negative
10293,569387211025727488,train,True,negative
10294,569387005131546624,train,True,negative
10295,569386555107733505,train,False,negative
10296,569386397683073024,test,True,negative
10297,569385862489776128,train,False,negative
10298,569382407847211008,train,True,negative
10299,569382354529030144,train,False,negative
10300,569381601374638081,train,False,negative
10301,569381443257958401,test,True,neutral
10302,569380739285786625,train,False,negative
10303,569380098119499776,train,True,negative
10304,569380081254027265,train,True,negative
10305,569379997175177216,train,True,negative
10306,569379979055796224,train,False,negative
10307,569378015429447680,test,False,negative
10308,569377633894445056,train,True,negative
10309,569377149045444608,train,True,negative
10310,569376311824621568,train,False,negative
10311,569375244751745025,train,True,negative
10312,569374561197789184,test,True,negative
10313,569374560505737216,train,True,negative
10314,569373650647945216,test,False,negative
10315,569373631999926272,test,False,negative
10316,569373375988150272,test,False,negative
10317,569373336922230784,train,True,negative
10318,569372837854756864,test,False,negative
10319,569372595067490304,train,False,negative
10320,569372422509453313,train,False,negative
10321,569372340309651457,train,True,negative
10322,569372015980707840,train,True,negative
10323,569371693602476032,train,False,negative
10324,569371393294344192,train,True,negative
10325,569370553963786241,train,False,neutral
10326,569369390178799616,train,True,negative
10327,569369008580874240,test,False,negative
10328,569368532242145280,train,True,negative
10329,569368352868556800,train,False,positive
10330,569367829188886528,train,False,negative
10331,569366960871333889,test,True,negative
10332,569366383458275329,train,False,negative
10333,569365604832047104,train,False,negative
10334,569364758681559042,test,False,negative
10335,569364610572259328,train,False,negative
10336,569364189753544705,train,True,neutral
10337,569363263588339712,test,False,negative
10338,569362336991092736,test,False,negative
10339,569362149400838144,train,False,negative
10340,569361961487478785,train,False,negative
10341,569361898581467136,test,True,negative
10342,569361887659294720,train,False,negative
10343,569361587032748032,train,False,negative
10344,569360552272769024,test,True,negative
10345,569360352594546688,train,False,negative
10346,569359793800024064,test,True,negative
10347,569359025655181312,train,True,negative
10348,569358953567670272,train,True,negative
10349,569357810867138560,train,False,negative
10350,569357691715493888,train,False,neutral
10351,569357122527469568,train,True,neutral
10352,569357079716229121,train,True,negative
10353,569356553977012225,train,False,negative
10354,569356513061556225,train,True,negative
10355,569355923396780032,train,False,negative
10356,569354882370572289,train,True,neutral
10357,569353641615687680,train,False,negative
10358,569353501123280896,train,False,negative
10359,569353454914662400,train,True,negative
10360,569353354545008640,train,False,negative
10361,569353230007664640,train,True,negative
10362,569352847898386432,test,True,negative
10363,569352324700708864,test,True,negative
10364,569351289026568192,test,False,negative
10365,569351224274718720,train,True,negative
10366,569350289729458177,train,True,negative
10367,569347552484728832,test,False,negative
10368,569347372595212289,train,True,negative
10369,569346960181870592,test,True,negative
10370,569346721173655552,train,True,negative
10371,569345780244312067,train,True,negative
10372,569345132866220032,train,True,negative
10373,569345076406693888,test,True,negative
10374,569343970360348672,test,False,negative
10375,569343738331275264,train,True,negative
10376,569343563244425216,test,False,negative
10377,569343160062742528,test,False,negative
10378,569343070849740801,train,False,negative
10379,569342681551400960,test,False,negative
10380,569342508553121795,test,False,negative
10381,569341439148236800,train,True,neutral
10382,569340402786025472,test,False,negative
10383,569339928678522880,train,False,negative
10384,569338966857687040,train,False,negative
10385,569338658295193600,train,True,negative
10386,569338605057015808,train,False,negative
10387,569338492515278848,train,True,negative
10388,569337645878390784,train,True,negative
10389,569337605223006209,train,True,negative
10390,569337274707660800,train,False,positive
10391,569337230935724032,train,True,negative
10392,569337064484962304,train,False,negative
10393,569336493224955904,train,True,negative
10394,569335998083174400,train,True,negative
10395,569333934670139392,train,True,positive
10396,569332399471001600,train,False,negative
10397,569332237138841600,train,False,positive
10398,569332044909678592,train,False,negative
10399,569330686135537664,test,False,negative
10400,569330337735696385,test,False,negative
10401,569330030074990592,train,False,negative
10402,569329707084353536,train,True,negative
10403,569329041544749056,train,True,neutral
10404,569328931905642496,test,True,negative
10405,569328854948573187,test,True,positive
10406,569328005677494272,test,True,negative
10407,569327664919498752,train,False,negative
10408,569326785353129984,test,False,negative
10409,569326191213219841,test,False,negative
10410,569325844931448832,test,False,negative
10411,569325511635308544,test,False,negative
10412,569325005823217664,test,True,negative
10413,569324647906480128,train,True,negative
10414,569323273172832256,train,True,negative
10415,569322901691707392,train,True,neutral
10416,569322478847135744,train,False,neutral
10417,569322175175352322,train,True,neutral
10418,569322078819766272,train,True,negative
10419,569321800359927808,train,False,negative
10420,569319723889876993,test,True,negative
10421,569319324810235904,train,False,neutral
10422,569317626687717376,train,False,negative
10423,569317490276360193,train,True,negative
10424,569317426975760384,train,True,neutral
10425,569316516321202176,train,True,negative
10426,569316342769291264,train,True,negative
10427,569314734752854017,train,True,negative
10428,569314643627413504,train,False,positive
10429,569313126342123520,train,True,negative
10430,569313112089886720,train,False,negative
10431,569312745306382336,train,True,negative
10432,569312530620817408,test,False,negative
10433,569312129456545792,train,True,negative
10434,569310913079214080,train,False,negative
10435,569309864759050240,test,True,negative
10436,569308130464698368,train,True,negative
10437,569307561083703296,train,True,negative
10438,569306871242366977,train,False,negative
10439,569305239834136576,train,True,negative
10440,569304295444774912,train,False,negative
10441,569303779822190593,test,False,positive
10442,569301606891712512,test,True,neutral
10443,569300435091251200,train,False,negative
10444,569298163632373761,train,True,negative
10445,569297324285022209,test,True,neutral
10446,569295822006960128,train,False,positive
10447,569294599614803968,train,True,negative
10448,569294079835705346,train,False,negative
10449,569290509883187202,test,False,positive
10450,569289836995190784,train,True,positive
10451,569289545058947072,train,False,negative
10452,569289254616076288,train,True,negative
10453,569289098944507904,train,False,positive
10454,569288052725694464,train,True,neutral
10455,569287724471066625,train,True,positive
10456,569284223590232064,train,True,negative
10457,569281170996891649,train,False,negative
10458,569280553574277120,train,True,neutral
10459,569279106086522880,train,True,negative
10460,569278421743878144,train,True,negative
10461,569278418606559233,train,False,negative
10462,569278041165324290,train,True,negative
10463,569277895224516608,train,False,negative
10464,569277477652172800,train,True,negative
10465,569274195332325377,train,True,negative
10466,569274088289660928,test,False,negative
10467,569273247252008961,train,True,negative
10468,569273176775114752,train,False,neutral
10469,569272209887404032,train,True,neutral
10470,569270187725160449,test,True,negative
10471,569269757293293568,train,True,negative
10472,569269594386526209,train,False,positive
10473,569268918566719488,train,True,negative
10474,569268155383717889,train,False,negative
10475,569267207324246019,train,True,neutral
10476,569263908973903872,train,False,negative
10477,569263732280451072,train,False,positive
10478,569263677234388993,train,False,neutral
10479,569263496560422912,train,False,positive
10480,569263373092823040,train,True,negative
10481,569262702301876224,train,True,negative
10482,569261236094967808,test,False,neutral
10483,569260276626956288,train,True,neutral
10484,569259449115942913,test,False,positive
10485,569258945254191104,test,True,positive
10486,569258934864781312,train,False,neutral
10487,569258544714911746,train,False,positive
10488,569256468198924288,train,False,positive
10489,569256374011428866,train,False,negative
10490,569255036796215297,test,True,negative
10491,569253430100946944,train,True,positive
10492,569252439548952576,test,True,negative
10493,569252020474896385,train,True,negative
10494,569250990291062786,train,True,neutral
10495,569250438882705410,train,False,neutral
10496,569248875825008640,train,False,negative
10497,569248700947689474,test,False,negative
10498,569248672606597121,train,True,negative
10499,569248250424918021,train,False,negative
10500,569246373020717057,train,False,negative
10501,569246231500685314,train,False,negative
10502,569245856680914944,train,False,negative
10503,569245155837882368,train,False,negative
10504,569245152406953984,train,True,negative
10505,569244957698969602,train,False,negative
10506,569243185832169472,train,False,negative
10507,569242425530712064,train,False,negative
10508,569242046621491200,train,True,positive
10509,569241970662645762,train,False,negative
10510,569241834670698496,train,False,negative
10511,569241701434449920,train,True,positive
10512,569241467916566530,train,False,negative
10513,569241158196400130,train,True,negative
10514,569239087493857281,train,False,negative
10515,569238450794209280,train,False,negative
10516,569237783715422208,test,True,neutral
10517,569236665950203904,train,False,negative
10518,569234806543929344,train,False,negative
10519,569234264153174017,train,True,negative
10520,569230567759327233,train,False,negative
10521,569229557468827648,train,True,negative
10522,569229441739522048,train,True,negative
10523,569229135752642560,train,False,negative
10524,569226857272516608,train,True,positive
10525,569226044118581248,test,True,negative
10526,569225958495952897,train,True,negative
10527,569223653952323584,train,False,negative
10528,569223536507809792,train,True,negative
10529,569223492987723778,train,False,negative
10530,569223482791366656,train,True,negative
10531,569220920218296320,train,True,negative
10532,569220438397751299,train,True,positive
10533,569220243123544065,train,True,positive
10534,569219405852377090,train,True,negative
10535,569217929541238784,train,True,negative
10536,569217342380445696,train,False,negative
10537,569212558952960000,train,True,neutral
10538,569212376421158912,train,True,negative
10539,569211350985134081,train,False,negative
10540,569210743133831168,train,True,negative
10541,569209605198376961,test,True,negative
10542,569206566035042305,train,True,negative
10543,569202715571703808,train,True,negative
10544,569198999904886784,train,False,negative
10545,569198593158086656,train,False,negative
10546,569198480226439168,train,False,negative
10547,569196701401128961,train,True,negative
10548,569194567603499008,train,False,negative
10549,569192350607671297,train,True,negative
10550,569191845219209217,train,True,negative
10551,569191270654070784,train,True,negative
10552,569190606276333568,train,False,negative
10553,569190357344358400,train,True,negative
10554,569189803746574337,train,True,negative
10555,569189550570016768,train,False,negative
10556,569188782492266496,train,False,negative
10557,569188447157661696,train,True,negative
10558,569184069734395906,train,False,neutral
10559,569183862493810690,train,False,neutral
10560,569182303034974208,train,False,negative
10561,569182050219126785,train,False,negative
10562,569181501830656000,train,True,neutral
10563,569180856423567361,test,False,negative
10564,569180231782801408,train,False,negative
10565,569178197499256832,train,False,neutral
10566,569176543236399104,train,False,negative
10567,569176528338202624,train,False,positive
10568,569174847374233600,train,False,negative
10569,569174820308590592,train,True,negative
10570,569171651381702657,train,True,negative
10571,569171167174627328,train,False,negative
10572,569170176165478401,test,True,negative
10573,569169690997751808,train,True,negative
10574,569169274109100032,train,False,negative
10575,569168696083656705,test,True,neutral
10576,569167658698067970,train,True,negative
10577,569167514300784640,train,True,negative
10578,569166368781635584,train,True,negative
10579,569165517614944256,train,True,negative
10580,569164415322492928,train,False,negative
10581,569164183473762304,train,False,negative
10582,569163241781403648,train,True,negative
10583,569163008309657600,train,True,negative
10584,569162593819955203,train,False,negative
10585,569162211748245504,train,True,negative
10586,569161513056935936,train,True,negative
10587,569159165626716160,test,False,negative
10588,569158030404800513,train,True,negative
10589,569156425626329089,train,False,neutral
10590,569154174929244162,train,True,negative
10591,569153841083625473,train,False,negative
10592,569153207148150785,test,True,negative
10593,569152792314687488,train,True,negative
10594,569151367702401025,test,True,negative
10595,569147067559485440,test,True,neutral
10596,569145957721505792,train,False,negative
10597,569144026084962305,train,True,negative
10598,569143915405651968,test,False,negative
10599,569143704109215745,test,True,negative
10600,569143443512897536,train,True,negative
10601,569139808804605953,train,True,negative
10602,569136628301729792,train,False,negative
10603,569136050951622656,train,True,positive
10604,569135312175280128,train,False,negative
10605,569135148660342784,train,False,negative
10606,569135011322064897,test,True,negative
10607,569134333166002177,train,True,negative
10608,569129625592274944,train,False,negative
10609,569128660101427200,test,False,neutral
10610,569126921096859648,train,True,negative
10611,569126397161054208,train,False,negative
10612,569125267270017024,train,True,negative
10613,569124893477842944,train,True,negative
10614,569124496990466051,train,True,negative
10615,569124024426618881,train,False,neutral
10616,569123565984997376,train,False,negative
10617,569120836264853505,train,True,negative
10618,569120452586700800,train,False,negative
10619,569119050682339329,train,False,positive
10620,569118675070005248,train,False,negative
10621,569117839308800001,train,True,negative
10622,569117360965193728,train,True,negative
10623,569116333998256129,train,True,negative
10624,569115483313582080,train,True,negative
10625,569114772211437568,train,False,negative
10626,569114030268424192,train,False,negative
10627,569108474233270273,train,True,negative
10628,569108069893992448,train,False,negative
10629,569108027644645376,test,True,negative
10630,569107706302357504,train,True,negative
10631,569103591966793728,train,False,negative
10632,569103475709054976,train,False,negative
10633,569102942088900608,train,True,negative
10634,569088825420607488,train,False,positive
10635,569083218554519552,train,False,negative
10636,569079956912758784,train,False,neutral
10637,569072664997801984,train,False,negative
10638,569064161747083266,train,True,negative
10639,569040346262282241,train,False,neutral
10640,569039105775939584,train,True,neutral
10641,569033300662218752,test,True,negative
10642,569031663520489472,train,True,negative
10643,569021593852239872,train,False,positive
10644,569016660927123456,train,False,negative
10645,569016588411789312,train,False,negative
10646,569016065600008193,train,False,negative
10647,569015470025793536,train,True,negative
10648,569015379021795328,train,True,negative
10649,569015346624991232,test,True,positive
10650,569013921660731393,train,True,negative
10651,569009996668624896,train,False,negative
10652,569007993897013249,train,True,neutral
10653,569007890029129728,train,True,negative
10654,569007852607680512,train,False,negative
10655,569006176186183680,train,True,negative
10656,569002703558475777,train,False,negative
10657,569000361735761920,train,False,negative
10658,568999879176949760,train,False,negative
10659,568999631956393984,train,False,negative
10660,568997394345533440,train,False,negative
10661,568997237176569856,train,False,neutral
10662,568997136643309568,train,False,negative
10663,568997044406374400,train,False,negative
10664,568996855566245889,train,False,positive
10665,568996669167181824,train,False,negative
10666,568996536555851776,train,False,negative
10667,568996205910466560,train,True,negative
10668,568995608238772224,test,False,neutral
10669,568995277580996609,train,False,negative
10670,568995213529759745,train,False,negative
10671,568994886336307200,train,False,negative
10672,568994755268513793,train,False,negative
10673,568994696980238336,test,True,negative
10674,568994622866915328,train,False,negative
10675,568994507074772992,train,True,negative
10676,568992757169065984,train,True,negative
10677,568992118309462016,test,True,negative
10678,568991327389671425,train,False,negative
10679,568990617394647040,train,True,negative
10680,568985734163664896,train,False,negative
10681,568983517037772800,test,True,negative
10682,568982821454245888,train,False,negative
10683,568981931599237120,train,False,negative
10684,568981079278751744,train,True,negative
10685,568979232786939904,test,True,positive
10686,568977167410802688,train,False,negative
10687,568977086922297345,train,False,negative
10688,568974120030875648,train,True,negative
10689,568973830086995968,train,True,neutral
10690,568971304914853889,train,True,negative
10691,568970274303045634,test,True,positive
10692,568969970513653762,train,False,negative
10693,568969667106045952,train,True,negative
10694,568969274410168321,train,True,negative
10695,568969040133165056,train,False,negative
10696,568968393765711874,train,False,negative
10697,568966649728114688,test,True,positive
10698,568966330315091968,train,True,negative
10699,568966274887389185,train,True,neutral
10700,568964227366387713,train,False,positive
10701,568964010101514240,train,False,negative
10702,568963705439789056,train,False,negative
10703,568963494390820864,train,False,neutral
10704,568962249177436160,train,False,negative
10705,568961160357285889,train,True,negative
10706,568959916498509824,train,True,negative
10707,568959870445031424,train,False,negative
10708,568959665360384000,train,False,negative
10709,568959416524886016,train,False,negative
10710,568958322306650113,train,True,negative
10711,568957769858060290,train,True,negative
10712,568957173692108800,train,False,negative
10713,568954558589702144,train,False,negative
10714,568949250152734720,train,False,negative
10715,568948462030467072,train,False,negative
10716,568948170060746752,train,True,negative
10717,568947860424642560,train,False,negative
10718,568947623626846208,train,True,negative
10719,568947358349701120,train,True,negative
10720,568941140415803393,train,False,negative
10721,568940264020004864,test,False,negative
10722,568940215190085633,test,True,negative
10723,568937741037088768,train,False,negative
10724,568937707994419200,train,True,negative
10725,568937604328108032,train,False,neutral
10726,568935917341286400,train,False,negative
10727,568935636318552064,train,False,positive
10728,568935494375108608,train,True,negative
10729,568933672033910784,test,False,positive
10730,568932061882552320,test,True,negative
10731,568930740127326209,train,False,negative
10732,568930588868141056,train,True,negative
10733,568929851379478529,train,False,negative
10734,568929010966765568,train,True,negative
10735,568924897575088130,train,True,negative
10736,568923795228139521,train,True,negative
10737,568922138348019712,test,True,negative
10738,568919673548337152,test,False,negative
10739,568917054004334592,train,True,negative
10740,568916807815438336,train,True,negative
10741,568914516546850816,train,True,negative
10742,568914125549649920,test,True,negative
10743,568913819881205761,train,True,negative
10744,568913418092224512,train,False,negative
10745,568912730742255616,train,True,negative
10746,568912678917271552,train,True,negative
10747,568912588748292097,train,False,negative
10748,568911270566608896,train,False,negative
10749,568911225167474688,train,True,neutral
10750,568910988361244672,train,False,negative
10751,568909605499215872,train,False,neutral
10752,568909200832618496,train,True,negative
10753,568908978001993729,train,False,negative
10754,568905470502670336,train,True,negative
10755,568904804451409920,train,False,positive
10756,568903820283158528,train,True,negative
10757,568903208015433728,train,False,negative
10758,568902736462262272,train,False,negative
10759,568902419972694016,train,False,negative
10760,568902192364548097,train,False,negative
10761,568901905910521856,test,True,negative
10762,568899726273323008,train,False,neutral
10763,568898634923843586,train,False,negative
10764,568897700315435008,train,False,neutral
10765,568896751102533632,train,False,neutral
10766,568895534825639936,train,False,negative
10767,568895061284364288,train,False,negative
10768,568895050601508865,train,True,negative
10769,568894795294363648,train,False,negative
10770,568894101766012929,test,True,negative
10771,568891505869344770,train,True,negative
10772,568890203923980288,train,True,neutral
10773,568889054286053377,train,False,negative
10774,568887349481861120,train,True,negative
10775,568885966523527168,train,False,neutral
10776,568885645927686144,train,False,negative
10777,568883826333777920,train,False,negative
10778,568883598281076738,train,False,neutral
10779,568882629409411072,train,False,positive
10780,568881975177515009,train,True,negative
10781,568881442438176769,train,True,negative
10782,568881148325007360,train,True,neutral
10783,568878979576410112,train,False,negative
10784,568877748967444480,train,True,negative
10785,568877690821877760,train,False,negative
10786,568877353478299648,train,False,negative
10787,568875591308611584,train,True,positive
10788,568875453773168640,test,False,negative
10789,568874399652306944,test,False,neutral
10790,568874175693242369,train,True,neutral
10791,568873459901702145,test,False,negative
10792,568873199250706433,train,True,neutral
10793,568870841120731138,train,True,neutral
10794,568870473934761985,train,True,neutral
10795,568870279906234368,train,False,neutral
10796,568869609622904832,train,True,positive
10797,568868928732028928,test,True,neutral
10798,568867930127114240,train,True,negative
10799,568864981917110272,train,False,negative
10800,568863902106320896,train,True,negative
10801,568863640721477632,train,True,negative
10802,568862839340961792,train,False,neutral
10803,568862320442662912,train,False,negative
10804,568862015575461889,test,False,negative
10805,568861899435016192,train,True,positive
10806,568861573479059456,train,False,negative
10807,568861255731154944,train,False,neutral
10808,568858974281314304,train,False,negative
10809,568858696198938624,train,False,negative
10810,568857663171366912,test,True,negative
10811,568857278721478656,train,True,negative
10812,568854976119898112,train,False,negative
10813,568854243097976832,test,True,positive
10814,568853412617560064,train,False,neutral
10815,568853290513010688,train,False,negative
10816,568852572188098561,test,False,neutral
10817,568852319762313216,train,True,negative
10818,568852246462631936,train,True,negative
10819,568849460450725890,test,True,negative
10820,568847612503334912,train,False,neutral
10821,568846754701058048,train,False,neutral
10822,568846188725841920,test,True,negative
10823,568845552114405376,train,False,negative
10824,568845421390344192,train,True,negative
10825,568845145510158336,train,False,neutral
10826,568843696105496577,train,True,negative
10827,568842945530441728,train,True,negative
10828,568841635049533440,train,True,negative
10829,568841068348878848,test,True,negative
10830,568840215089041409,train,False,negative
10831,568839036007260162,train,False,negative
10832,568838743030956032,train,False,positive
10833,568838717303074816,test,False,negative
10834,568836390991101952,test,True,negative
10835,568834902365503488,test,False,positive
10836,568834884942336000,train,False,neutral
10837,568834834040164352,train,True,positive
10838,568834249303785472,test,True,neutral
10839,568834026317832193,train,False,negative
10840,568833970143698944,train,True,negative
10841,568833409138745344,train,True,negative
10842,568829465788350464,train,True,negative
10843,568826425538519041,train,False,negative
10844,568826247809273856,train,False,neutral
10845,568826070897717250,train,False,negative
10846,568826004891832321,train,True,negative
10847,568825686472953856,test,True,neutral
10848,568825563126865922,train,True,neutral
10849,568825140898873344,train,False,positive
10850,568824821531996162,train,False,negative
10851,568824786337574912,train,True,neutral
10852,568824193380425731,test,False,neutral
10853,568823990321598465,train,False,negative
10854,568823897967034368,test,True,positive
10855,568823817679847425,train,False,negative
10856,568823143789416449,test,False,negative
10857,568822571875098624,train,False,negative
10858,568822419823169536,train,True,negative
10859,568821402389893120,test,True,negative
10860,568818512191471616,test,False,positive
10861,568818328132841472,train,True,negative
10862,568817526823456768,train,True,positive
10863,568815766474244096,train,True,positive
10864,568814284680994816,train,False,negative
10865,568814251311288320,test,False,neutral
10866,568813649336381440,train,False,negative
10867,568812675175591936,train,False,negative
10868,568812584469528576,train,True,negative
10869,568811771315814401,train,False,positive
10870,568811022049349633,train,False,negative
10871,568810681279111168,train,False,neutral
10872,568809407120855041,train,False,negative
10873,568809369678315521,train,False,negative
10874,568809327298883584,train,False,negative
10875,568808528426741760,train,True,negative
10876,568808397660774401,train,False,negative
10877,568807947423375360,train,True,negative
10878,568807901608828928,train,True,negative
10879,568807391484997632,train,False,positive
10880,568806740227166208,test,True,negative
10881,568806267940048896,train,False,positive
10882,568805605432958976,train,False,negative
10883,568804625257791488,train,False,negative
10884,568804534845345792,test,True,neutral
10885,568803508784275457,test,True,negative
10886,568803073835077632,train,False,neutral
10887,568802225058926592,train,True,negative
10888,568800165886210048,train,False,negative
10889,568799336097656836,train,True,negative
10890,568796551394549760,test,True,negative
10891,568796449863028736,train,False,negative
10892,568796187299606528,train,False,negative
10893,568795549211738113,train,False,negative
10894,568795462125428736,train,True,negative
10895,568794464749264896,train,False,positive
10896,568793575300796417,train,False,neutral
10897,568793221809250304,train,False,negative
10898,568792664931508225,train,False,neutral
10899,568791745925918721,train,True,negative
10900,568791243800473600,train,False,negative
10901,568790903776636928,train,True,negative
10902,568790795253186560,train,True,negative
10903,568790707470790656,train,True,negative
10904,568790685723136001,train,False,neutral
10905,568790282839433216,train,False,neutral
10906,568790015142178816,train,True,negative
10907,568789565483454464,train,True,negative
10908,568789267180331008,train,True,negative
10909,568789020890812416,train,False,neutral
10910,568788849440063489,train,False,negative
10911,568788652995833856,train,False,negative
10912,568788141236199424,train,False,negative
10913,568787831436345344,train,True,negative
10914,568787210188812289,train,True,negative
10915,568786315820470272,train,False,positive
10916,568785504004497408,train,False,positive
10917,568785393358905345,train,False,negative
10918,568783658150191104,train,True,negative
10919,568783455338819584,train,False,negative
10920,568782732358258689,train,False,negative
10921,568782673587658752,train,False,negative
10922,568781642946490368,train,False,negative
10923,568781427636092928,train,False,negative
10924,568780964677201920,train,False,negative
10925,568780741909319680,train,True,negative
10926,568780675672907776,train,False,negative
10927,568780228648144896,train,True,negative
10928,568779311261622272,train,False,negative
10929,568779110710964224,train,False,negative
10930,568778215671664640,train,False,negative
10931,568777504368005120,train,True,positive
10932,568776950665371648,train,False,negative
10933,568776831006064640,train,False,negative
10934,568775800599801856,train,False,negative
10935,568775493727551488,train,False,negative
10936,568775413192921088,train,False,negative
10937,568775265406611456,train,False,negative
10938,568775146703589376,train,False,negative
10939,568774932844261376,train,False,neutral
10940,568774385965932545,train,False,negative
10941,568774317410009088,train,False,negative
10942,568773869512761345,train,False,positive
10943,568773776638406656,train,False,negative
10944,568773342053969920,train,False,negative
10945,568772824523001856,train,True,negative
10946,568770442292551680,test,False,negative
10947,568770125114929152,train,False,negative
10948,568769725175435264,train,False,negative
10949,568769373122342912,train,True,negative
10950,568769216662282240,train,False,negative
10951,568769111561527297,train,True,negative
10952,568768864793681921,train,False,negative
10953,568764059732058112,train,True,negative
10954,568762393083449345,test,True,negative
10955,568761600359993344,train,True,negative
10956,568760999194591232,train,False,neutral
10957,568760866088337409,train,True,negative
10958,568760648135544832,train,False,negative
10959,568759575807184896,train,True,negative
10960,568759027775225856,train,True,negative
10961,568753556498604032,train,False,neutral
10962,568751669892268032,train,True,negative
10963,568751082547089408,test,True,neutral
10964,568750153315676160,test,True,negative
10965,568749045528842240,train,True,positive
10966,568748360599019520,train,True,negative
10967,568748242109927424,test,True,positive
10968,568725291247525888,train,True,negative
10969,568724832898162688,train,True,negative
10970,568715209944244224,train,True,negative
10971,568706442850660352,train,False,negative
10972,568678961229762560,train,True,negative
10973,568652138915766272,train,True,negative
10974,568650058780041216,train,False,negative
10975,568646628795666432,train,True,neutral
10976,568644931792687104,test,True,positive
10977,568644286306242561,train,True,neutral
10978,568644053522391041,train,False,negative
10979,568643981258723328,train,True,negative
10980,568641157724549120,train,False,negative
10981,568640966866935808,train,False,negative
10982,568639824145584128,train,False,negative
10983,568638903097421824,train,False,negative
10984,568638610385158145,train,False,positive
10985,568637273945866240,train,False,neutral
10986,568637070207422464,test,False,negative
10987,568635173216133120,test,False,positive
10988,568634603885502464,train,False,negative
10989,568634467587264512,test,True,negative
10990,568634185155358720,train,True,positive
10991,568633911959363586,test,False,neutral
10992,568633802433507329,test,False,negative
10993,568633680605945856,test,False,negative
10994,568632534117908480,test,True,negative
10995,568631538541326336,test,False,negative
10996,568627373027020800,train,False,negative
10997,568627064062009344,train,False,negative
10998,568626974278733826,train,False,negative
10999,568626969983750145,train,False,negative
11000,568626857576407041,train,True,negative
11001,568626368373780481,train,False,negative
11002,568624462863720448,train,True,negative
11003,568623037962039297,test,True,negative
11004,568622478081306624,train,True,negative
11005,568620917531623424,train,False,negative
11006,568620349027323905,train,False,negative
11007,568619699212140544,train,True,negative
11008,568619609101721601,train,False,negative
11009,568619178363478018,train,True,negative
11010,568618649751171072,train,True,negative
11011,568617305757728768,test,True,negative
11012,568616488766029824,train,False,negative
11013,568616463407255552,train,False,negative
11014,568616190609764354,train,True,negative
11015,568615362960293888,train,True,negative
11016,568609999200477185,train,True,negative
11017,568609430754865152,train,True,negative
11018,568608665072246784,train,False,negative
11019,568608132731154432,train,False,negative
11020,568607755042484224,train,False,negative
11021,568607425047240704,train,False,negative
11022,568607094426996738,train,False,negative
11023,568606704566439936,train,False,neutral
11024,568606238428270594,train,True,negative
11025,568606066155634688,train,True,positive
11026,568605590735294464,train,True,negative
11027,568605539866976256,train,False,positive
11028,568605001666449408,train,True,positive
11029,568604735772741632,train,True,negative
11030,568602309703249921,train,False,negative
11031,568602156988657664,train,True,negative
11032,568601527591440386,train,False,negative
11033,568598882613133314,train,False,positive
11034,568598334643916800,train,False,negative
11035,568595632140775424,train,True,negative
11036,568594726317887488,train,True,negative
11037,568594646168948736,train,True,negative
11038,568593538520231936,train,False,negative
11039,568592695699976192,train,True,negative
11040,568591324737200128,train,False,negative
11041,568588273137754112,train,True,negative
11042,568583191260483584,train,False,negative
11043,568583014176960513,train,True,negative
11044,568576810474201088,test,True,positive
11045,568576058645188608,train,True,negative
11046,568574989688901632,train,False,negative
11047,568569972529745920,test,True,negative
11048,568569906201038848,train,False,negative
11049,568569646389067776,train,False,negative
11050,568569324245532672,train,False,neutral
11051,568564623156211712,train,True,negative
11052,568564342150598656,train,True,negative
11053,568561924985782272,train,False,positive
11054,568561877699182592,test,True,neutral
11055,568560130117251072,train,False,neutral
11056,568556953640820736,train,True,negative
11057,568553063935557632,train,True,negative
11058,568552167122055168,train,True,negative
11059,568552050797068290,train,True,negative
11060,568550060461408257,train,True,negative
11061,568549003626811392,train,True,positive
11062,568548629432004609,train,False,positive
11063,568544549536198656,train,True,neutral
11064,568544211370418176,train,True,negative
11065,568544199072735232,train,True,negative
11066,568542052205666305,train,True,negative
11067,568541965060427776,train,False,positive
11068,568541894076026881,train,True,neutral
11069,568541043106435072,train,True,neutral
11070,568540062306181120,test,False,negative
11071,568538553862340608,train,True,negative
11072,568538064487735296,test,True,neutral
11073,568535163690287104,train,True,neutral
11074,568534114527113216,test,False,positive
11075,568533394402861056,test,True,neutral
11076,568531781835571200,train,True,neutral
11077,568529856977199104,train,True,positive
11078,568527941723774976,train,False,negative
11079,568527605063757824,train,True,negative
11080,568527545097805824,train,False,negative
11081,568526809387544576,train,True,negative
11082,568526216958857216,train,False,negative
11083,568524186185961473,test,False,negative
11084,568523003778084864,train,True,negative
11085,568522861205266432,test,False,negative
11086,568522744356212738,train,False,neutral
11087,568521303956656128,test,True,negative
11088,568517827482685440,train,True,positive
11089,568517386795507712,train,False,positive
11090,568516267440631808,train,False,negative
11091,568514794287796224,train,True,negative
11092,568514293441757184,train,True,negative
11093,568512284202438656,train,True,negative
11094,568511208011071488,test,True,negative
11095,568510886324744193,train,True,negative
11096,568509738763169792,train,False,neutral
11097,568507131902726144,test,False,negative
11098,568506804096917504,test,True,negative
11099,568505918540750848,train,False,negative
11100,568505037833396224,train,True,negative
11101,568505005633880064,train,True,negative
11102,568502112457510912,test,True,neutral
11103,568501367754661888,test,False,negative
11104,568501293079248896,train,True,negative
11105,568501242248499201,train,False,neutral
11106,568500854082420737,train,False,negative
11107,568499953041080321,train,False,negative
11108,568499798099304449,train,False,neutral
11109,568499384704479233,train,False,positive
11110,568497723109974016,train,False,negative
11111,568496915211538436,train,True,negative
11112,568496861797076992,train,False,negative
11113,568496811662581760,train,False,neutral
11114,568496664677363712,train,False,negative
11115,568494962880475137,train,True,neutral
11116,568494910405517312,train,True,neutral
11117,568494466929188864,train,True,positive
11118,568494200163074048,train,True,positive
11119,568492653987418112,train,False,neutral
11120,568492370821562368,train,False,negative
11121,568492323824381952,train,False,negative
11122,568492240273874944,train,True,negative
11123,568491905903939584,train,True,negative
11124,568491813528576000,train,False,negative
11125,568491593512198144,test,True,neutral
11126,568491460250742784,train,False,negative
11127,568491224946098176,train,False,neutral
11128,568491035564879872,train,False,negative
11129,568490964173627393,train,False,negative
11130,568490899396829186,train,True,negative
11131,568490860901478400,train,True,negative
11132,568490780203065347,test,True,negative
11133,568490703476682752,train,True,neutral
11134,568487367536996354,train,False,negative
11135,568486436355346432,train,True,negative
11136,568483559532568576,train,False,negative
11137,568483338257895424,train,False,neutral
11138,568482925177651201,train,True,neutral
11139,568482893913333762,train,False,negative
11140,568482672789622784,train,False,negative
11141,568482472880697345,train,True,negative
11142,568482412990218241,train,False,negative
11143,568482168021917697,train,True,neutral
11144,568481998257430530,train,False,negative
11145,568481836290220033,train,False,negative
11146,568481515899908096,train,True,neutral
11147,568481179646758913,train,False,negative
11148,568480476803035137,train,False,negative
11149,568480213123919874,train,False,negative
11150,568479680229208064,train,True,negative
11151,568475947617411072,train,True,neutral
11152,568475305675001857,train,True,negative
11153,568474825989054464,train,True,neutral
11154,568474546275287040,train,True,negative
11155,568474189818146816,train,False,negative
11156,568473401544859648,train,False,positive
11157,568472920466411520,train,True,neutral
11158,568472783354773504,train,True,negative
11159,568472775729516544,train,True,neutral
11160,568472259020648448,test,True,neutral
11161,568472185993629696,train,True,negative
11162,568471991889612800,train,False,negative
11163,568471539433275393,train,True,neutral
11164,568469645843279872,train,False,positive
11165,568467880481665025,train,True,neutral
11166,568465174702772226,train,True,positive
11167,568464356687679488,test,True,neutral
11168,568463569458741248,train,True,negative
11169,568462805235597312,train,False,neutral
11170,568460100970668032,train,False,negative
11171,568459150444769281,train,True,positive
11172,568458157703499776,train,True,negative
11173,568457955223453696,train,True,negative
11174,568457722909368320,test,False,positive
11175,568457663123746816,train,True,negative
11176,568456310972424192,train,False,neutral
11177,568455524599132160,test,False,neutral
11178,568454321219596289,train,False,negative
11179,568454157478326272,test,True,negative
11180,568454051144339456,train,True,negative
11181,568451849054851072,train,True,positive
11182,568451219477250048,train,True,negative
11183,568451138221166592,test,False,negative
11184,568450712314753024,train,True,neutral
11185,568449649951907840,train,True,neutral
11186,568449520645906432,train,False,positive
11187,568449323895275520,train,True,negative
11188,568449223730925571,train,False,negative
11189,568447513759522816,train,False,positive
11190,568447062976524288,train,True,negative
11191,568444203883204608,train,False,negative
11192,568444091836604416,test,False,negative
11193,568444029257584640,train,False,negative
11194,568444017106690048,train,False,positive
11195,568443870570278912,train,True,negative
11196,568442952176918528,train,True,negative
11197,568442492569456640,train,True,neutral
11198,568440682584477696,train,False,negative
11199,568440431454736384,train,True,negative
11200,568440004281823233,test,True,negative
11201,568438860390244353,train,False,negative
11202,568438645591384064,test,False,negative
11203,568438142673555457,train,True,negative
11204,568436081303158784,train,True,positive
11205,568436010817712128,test,False,negative
11206,568434509017960449,train,False,negative
11207,568432364717633536,test,True,negative
11208,568431753272168448,train,True,negative
11209,568428263762214913,train,True,negative
11210,568423848732991488,train,False,negative
11211,568423588077936640,train,False,positive
11212,568422454609219584,train,False,negative
11213,568422177571258368,train,True,negative
11214,568417913914441728,test,False,negative
11215,568417751854931968,test,False,positive
11216,568416602728890370,train,False,negative
11217,568414700326797312,train,False,negative
11218,568411114448523264,test,False,negative
11219,568410282298621952,train,True,negative
11220,568409651466899457,train,False,neutral
11221,568408074161160192,train,False,negative
11222,568405950958333952,test,True,negative
11223,568402562107498497,train,True,neutral
11224,568398620686467072,train,False,neutral
11225,568397140977979392,train,False,negative
11226,568396913726382080,train,True,negative
11227,568394432900431872,train,False,negative
11228,568388846125223936,test,False,negative
11229,568388625689235456,train,False,neutral
11230,568388037484220416,train,False,neutral
11231,568387549867036672,train,False,negative
11232,568387111931527168,test,True,negative
11233,568386094875738113,train,True,negative
11234,568386017037672448,train,False,neutral
11235,568384147464568834,train,True,negative
11236,568384143379156993,train,False,negative
11237,568383500530769920,train,False,negative
11238,568382790506389504,train,False,negative
11239,568382196081229824,train,True,negative
11240,568378076955938816,train,True,negative
11241,568374422136070144,train,False,negative
11242,568373807414714369,train,True,negative
11243,568373623737556992,train,False,neutral
11244,568372767810125825,train,True,negative
11245,568364074427420672,train,False,negative
11246,568361346464497664,train,False,negative
11247,568360334609612801,train,False,negative
11248,568356849189150721,train,False,neutral
11249,568354818344923136,train,True,neutral
11250,568341364951388160,test,True,negative
11251,568298773941755904,train,True,negative
11252,568289529561518080,train,True,negative
11253,568284538914385920,train,False,negative
11254,568282478076669952,train,False,negative
11255,568276831134191618,train,False,negative
11256,568274949275824128,test,True,negative
11257,568273310347165696,train,False,positive
11258,568272139075387392,train,True,negative
11259,568265355115814913,train,False,positive
11260,568265016253628416,train,False,negative
11261,568259618884993024,test,True,positive
11262,568258726668443648,train,False,negative
11263,568258333649604608,train,True,positive
11264,568258093051727873,train,True,neutral
11265,568258075431477248,train,False,negative
11266,568257392195936259,train,True,neutral
11267,568256282668302337,train,False,neutral
11268,568255924130983936,train,False,negative
11269,568255867751165952,train,False,negative
11270,568255534941544448,train,False,neutral
11271,568252192592769025,train,False,negative
11272,568251315220041728,train,True,negative
11273,568250311455981570,train,True,negative
11274,568248151368269824,test,False,neutral
11275,568248102018285570,train,True,negative
11276,568247480023961600,train,True,negative
11277,568246970126438400,train,True,neutral
11278,568246736222879744,train,True,negative
11279,568245800788221953,train,True,negative
11280,568245558919503872,train,False,negative
11281,568245429491654656,train,True,negative
11282,568244508837736449,train,False,neutral
11283,568244413031448577,train,True,negative
11284,568244094583107585,train,False,negative
11285,568243079003529216,train,False,negative
11286,568242359928037377,test,False,negative
11287,568241989453393920,train,True,negative
11288,568239978276360192,train,False,positive
11289,568238605036064768,train,False,negative
11290,568236763128463361,train,False,negative
11291,568235890205532160,train,True,neutral
11292,568234992557527040,train,True,positive
11293,568234162638999552,test,False,positive
11294,568232802749161472,train,False,negative
11295,568231913040814080,train,True,negative
11296,568230023251042304,train,True,negative
11297,568229427286405121,train,True,positive
11298,568229143860658176,train,True,negative
11299,568228746697814016,train,False,negative
11300,568228614275260416,test,True,negative
11301,568226977070632960,train,True,negative
11302,568225166527991808,train,True,negative
11303,568224769872502784,train,True,negative
11304,568223950926446593,train,False,negative
11305,568223612802637824,train,True,negative
11306,568223380375076864,train,False,positive
11307,568222090769379328,test,False,neutral
11308,568221761898209280,train,True,positive
11309,568220625648672768,train,True,negative
11310,568220033299542016,train,False,negative
11311,568219901359460353,train,True,negative
11312,568218884060241920,train,True,negative
11313,568218389619077121,train,True,positive
11314,568217681838641152,train,True,positive
11315,568216602866376704,train,False,negative
11316,568216411404808192,train,False,negative
11317,568216196132302848,train,False,negative
11318,568215917894737920,test,False,neutral
11319,568215307170521088,train,True,negative
11320,568214100578324480,train,True,negative
11321,568213843618299904,train,False,negative
11322,568213769798578176,test,True,negative
11323,568211517398786048,train,True,negative
11324,568211263303639040,train,False,negative
11325,568211021497638912,train,False,negative
11326,568210928484913152,test,True,neutral
11327,568210743390117888,train,True,negative
11328,568210512405790720,train,False,negative
11329,568208488335331329,train,False,negative
11330,568208413286477825,train,True,negative
11331,568208027775569920,train,False,negative
11332,568202255205335041,test,False,negative
11333,568200350697717760,test,False,negative
11334,568199988255330304,train,True,negative
11335,568199678896037890,train,False,negative
11336,568196165780578304,train,True,negative
11337,568194520497713152,test,True,negative
11338,568194475077570560,train,True,neutral
11339,568194427904069632,train,False,negative
11340,568194265022648320,train,True,negative
11341,568192271453188096,train,False,negative
11342,568189372362674176,train,True,negative
11343,568188243713372161,train,True,negative
11344,568187959276646401,train,False,negative
11345,568185352441212929,train,True,negative
11346,568185092163678208,train,True,negative
11347,568181747357229057,train,True,negative
11348,568180869120135169,train,True,negative
11349,568178085415092226,train,True,negative
11350,568175505314336768,train,False,negative
11351,568175323470290944,test,True,positive
11352,568175282919739392,train,True,negative
11353,568174975028465664,train,True,negative
11354,568174847450329088,train,False,negative
11355,568174802059464705,train,False,negative
11356,568173724974878720,train,False,negative
11357,568173388663013377,train,False,negative
11358,568173151798108161,train,False,negative
11359,568172839758630912,train,False,negative
11360,568171538324840449,train,True,positive
11361,568171144504872961,train,False,negative
11362,568170794670551040,test,False,negative
11363,568170119664443393,train,False,negative
11364,568169732895051777,test,False,neutral
11365,568167414493532161,test,True,negative
11366,568166478572204032,train,True,negative
11367,568166390873653248,train,True,negative
11368,568166268546748416,test,False,positive
11369,568165058229997569,train,False,negative
11370,568164721406418945,train,True,negative
11371,568163907325599745,test,True,neutral
11372,568163524314144768,train,False,negative
11373,568163426343784448,test,True,positive
11374,568162673981943808,train,False,negative
11375,568162091175182336,test,False,negative
11376,568162061278011392,train,False,negative
11377,568161997935607808,train,False,negative
11378,568161284249796608,train,False,positive
11379,568160713170149376,train,True,positive
11380,568159483786084352,test,True,negative
11381,568158427664527360,train,False,negative
11382,568157856576475136,train,False,positive
11383,568156002941415425,train,True,negative
11384,568155954484797442,train,True,positive
11385,568155779225788416,train,True,neutral
11386,568154816414789632,test,False,negative
11387,568153752533733376,train,False,negative
11388,568153430776287233,train,True,negative
11389,568152863962238976,train,False,positive
11390,568151138421207040,test,True,negative
11391,568150866890522628,train,True,negative
11392,568150818572144640,train,True,negative
11393,568148808993013761,train,False,negative
11394,568144060248170496,train,True,negative
11395,568143054856712192,train,False,negative
11396,568142922031501312,train,True,negative
11397,568141720556322816,train,True,negative
11398,568141479132200960,test,True,negative
11399,568140468854198272,train,False,negative
11400,568140221994250240,train,False,negative
11401,568139693574848513,train,False,negative
11402,568139479237525505,train,False,negative
11403,568139253194067968,train,True,negative
11404,568139144515313664,train,False,negative
11405,568138996112445440,train,False,negative
11406,568138663864852481,train,True,negative
11407,568138172133183488,train,False,negative
11408,568137336095170560,train,True,negative
11409,568136286109888512,train,False,negative
11410,568135839814807552,test,True,negative
11411,568135421445545984,train,True,negative
11412,568135319876468736,train,False,negative
11413,568134930137550848,train,False,negative
11414,568134534857764864,train,False,negative
11415,568134273628155904,train,False,negative
11416,568134058242400256,train,False,positive
11417,568133754142793728,train,False,negative
11418,568132101729443841,test,True,negative
11419,568129940371214336,train,False,negative
11420,568128904260685824,train,False,negative
11421,568128753223794688,train,False,negative
11422,568128665801900032,train,True,negative
11423,568128399035772928,train,True,negative
11424,568127477555441664,train,False,negative
11425,568126621611372545,train,True,negative
11426,568124226135130112,train,True,positive
11427,568123193577177089,train,False,negative
11428,568123010638483456,train,False,negative
11429,568121535233458176,train,True,positive
11430,568119831519739904,train,True,negative
11431,568118361701265408,train,True,negative
11432,568117268254568448,train,True,neutral
11433,568116895305617409,train,False,negative
11434,568116768868159488,train,False,negative
11435,568116602186502144,train,True,negative
11436,568116534855503872,train,False,positive
11437,568115611814858752,train,False,negative
11438,568114056034324480,train,False,negative
11439,568113981866446848,train,True,negative
11440,568113601480757248,train,False,negative
11441,568112409841238016,train,False,negative
11442,568112232208293889,train,False,negative
11443,568112076549451776,train,False,negative
11444,568111402084401152,train,True,negative
11445,568111178708336640,train,False,negative
11446,568111010856480768,train,True,negative
11447,568110197966643201,train,True,negative
11448,568108522313015296,train,False,negative
11449,568107310117212161,train,True,negative
11450,568106916897034241,train,True,negative
11451,568106783241211904,train,False,negative
11452,568106054283882496,train,True,negative
11453,568105570215055360,train,False,negative
11454,568105051622756352,train,False,negative
11455,568104985935753216,train,True,negative
11456,568104744025268224,train,True,negative
11457,568104590387884032,train,True,negative
11458,568103967185444866,train,True,positive
11459,568102228587884545,train,True,negative
11460,568100935769006080,train,False,negative
11461,568100712309256192,train,False,positive
11462,568100371794665472,train,False,negative
11463,568095863731433473,train,True,positive
11464,568094172508336128,test,False,positive
11465,568089253424594944,test,False,neutral
11466,568088650430468096,test,False,negative
11467,568088090620919808,test,False,negative
11468,568087789004300288,test,False,negative
11469,568087284483928064,train,True,negative
11470,568084495078785024,train,False,negative
11471,568084209656573952,test,True,neutral
11472,568083251866152960,train,False,negative
11473,568083224146149376,train,False,negative
11474,568081558625759233,train,True,negative
11475,568081401053974528,test,False,negative
11476,568080349286301697,train,True,negative
11477,568080078875324416,train,False,negative
11478,568079676612087808,train,False,negative
11479,568079633998086144,train,False,negative
11480,568079446592385025,train,True,negative
11481,568079024943194112,test,False,negative
11482,568078627687890946,test,False,negative
11483,568077746481586176,train,True,neutral
11484,568077686507229184,test,True,neutral
11485,568077470085341184,test,True,negative
11486,568077090656002048,train,False,negative
11487,568076483664568320,train,True,negative
11488,568075934609346560,test,True,negative
11489,568075902493593600,train,True,negative
11490,568074163270905856,train,True,positive
11491,568073860911927296,train,True,negative
11492,568073698877554689,train,True,negative
11493,568073191068794880,train,False,negative
11494,568072770103308288,train,False,positive
11495,568070522908442625,train,False,negative
11496,568070439945306112,train,False,neutral
11497,568070386627305472,train,True,negative
11498,568069549591035904,train,False,positive
11499,568069363280035840,train,True,negative
11500,568066292114001921,train,True,negative
11501,568064972086906880,train,True,negative
11502,568064947214782464,train,True,negative
11503,568064178478571520,train,False,negative
11504,568064027437301760,train,True,negative
11505,568063386321158145,train,False,positive
11506,568063225859739648,train,False,neutral
11507,568063182230724608,train,False,neutral
11508,568063122755485696,train,False,negative
11509,568062007108190210,train,True,neutral
11510,568061470933540864,train,False,negative
11511,568061283200839681,train,True,negative
11512,568061166871846912,train,True,negative
11513,568059390135304193,train,False,positive
11514,568058820376854528,train,True,negative
11515,568057241435303936,train,True,negative
11516,568057232392380416,test,False,negative
11517,568055678201438208,train,False,negative
11518,568055631065653250,train,False,negative
11519,568055537952284672,train,False,negative
11520,568053919575875584,test,False,neutral
11521,568053728944791552,train,False,negative
11522,568053507179163648,train,True,neutral
11523,568053414682361856,test,True,negative
11524,568053242426470401,train,True,negative
11525,568050773910622209,train,False,negative
11526,568046797475553280,train,False,negative
11527,568045111189372928,train,True,negative
11528,568044626654806016,train,True,negative
11529,568040818059190273,train,False,neutral
11530,568039715699609600,test,False,neutral
11531,568039648964026368,test,False,neutral
11532,568039498015223808,test,False,negative
11533,568037876761546753,train,False,positive
11534,568036804542275584,train,True,neutral
11535,568035844088590336,train,True,negative
11536,568034808598810625,test,False,negative
11537,568034537411895296,test,False,negative
11538,568033591973847040,train,True,negative
11539,568032561462689793,train,True,neutral
11540,568032524749942784,train,True,negative
11541,568031706944540672,train,False,negative
11542,568030511530172416,test,True,negative
11543,568029718173356033,train,True,negative
11544,568029682626650112,train,True,positive
11545,568029222574407680,train,False,positive
11546,568027698452426752,train,False,positive
11547,568026425535516674,train,True,negative
11548,568024213753364480,train,True,negative
11549,568022599843893248,train,False,negative
11550,568022411783888896,train,False,negative
11551,568018287302447104,test,True,positive
11552,568016802191683586,train,True,negative
11553,568015003883859969,train,False,positive
11554,568013199599120384,train,True,negative
11555,568010412798509056,test,False,negative
11556,568008391773196288,test,True,negative
11557,568006455317667840,train,False,negative
11558,568006084360863745,train,True,negative
11559,568004984937287680,test,False,negative
11560,568004004183203840,test,True,negative
11561,568003851145461760,train,True,positive
11562,568002085888897025,test,True,negative
11563,567997512310767616,test,True,neutral
11564,567988647263252480,train,False,negative
11565,567979842882428928,train,False,negative
11566,567970771718578176,train,True,negative
11567,567969619849265153,test,True,negative
11568,567929116969684993,train,True,negative
11569,567928302725263360,test,True,negative
11570,567926839630557184,train,True,negative
11571,567925957090238464,test,True,negative
11572,567923361256460288,train,False,negative
11573,567923103080275968,train,True,negative
11574,567921295473512448,train,False,negative
11575,567919849088770048,train,False,negative
11576,567919531068391425,train,False,neutral
11577,567918161540046848,test,False,negative
11578,567916726668644352,train,False,negative
11579,567915852260978688,train,False,negative
11580,567910107163541504,test,False,negative
11581,567909745211879424,test,True,negative
11582,567909106553483264,train,False,negative
11583,567908831545544706,train,True,negative
11584,567908764650774529,train,False,negative
11585,567908702088376320,train,True,neutral
11586,567908391256875008,train,True,negative
11587,567908046619439104,train,True,negative
11588,567906248852533248,train,True,negative
11589,567905855653421056,test,False,negative
11590,567905194563997696,train,True,negative
11591,567905184040382464,train,False,negative
11592,567904569679880192,test,False,negative
11593,567904438834167809,train,True,negative
11594,567903480993558528,train,False,negative
11595,567898269961101313,train,False,positive
11596,567897883875217408,train,True,negative
11597,567897643873148928,test,True,negative
11598,567897182545686528,train,True,positive
11599,567896872892899330,train,True,negative
11600,567896040982069249,train,False,negative
11601,567894427244589056,train,True,positive
11602,567893710949588993,train,True,negative
11603,567892300551991296,train,False,positive
11604,567889710129029121,train,False,positive
11605,567889613714522113,train,False,positive
11606,567887623953457152,train,True,negative
11607,567885719894642688,train,True,negative
11608,567885057085566977,train,False,neutral
11609,567881731967229953,train,False,negative
11610,567881730490646528,train,True,positive
11611,567881096647569408,train,True,positive
11612,567880416201293824,train,True,negative
11613,567878696356433920,train,True,negative
11614,567875699056467968,train,False,negative
11615,567875552377450497,train,True,negative
11616,567874275388043264,train,False,positive
11617,567874261085454338,train,True,negative
11618,567872406628356096,train,True,negative
11619,567871168214106113,train,True,negative
11620,567867498126770176,train,True,positive
11621,567867090729861120,train,True,neutral
11622,567866540424560640,train,True,negative
11623,567866162865971201,train,False,negative
11624,567865703765798912,test,False,negative
11625,567865044580638720,train,True,negative
11626,567864523585118208,train,True,negative
11627,567864395264573441,train,True,negative
11628,567862814578061312,train,True,positive
11629,567861901603901440,train,True,negative
11630,567860775752208385,test,False,negative
11631,567860351569649664,test,False,negative
11632,567860313883693056,train,False,negative
11633,567860175740092416,train,True,negative
11634,567860107960324096,test,False,negative
11635,567859888480772096,test,False,negative
11636,567859714169708544,test,False,negative
11637,567859601900740609,test,True,negative
11638,567859008230563840,train,True,negative
11639,567858957546561536,train,True,negative
11640,567857402340450305,test,True,negative
11641,567857221159297024,train,False,negative
11642,567856486950576128,train,True,negative
11643,567855788699607040,train,False,neutral
11644,567854566122864640,train,False,positive
11645,567851387641597952,train,True,negative
11646,567851275599110144,train,True,negative
11647,567850746319753217,train,True,neutral
11648,567850465406394368,train,True,negative
11649,567849500536152064,train,False,negative
11650,567849102731526144,train,True,negative
11651,567848843372601346,train,True,neutral
11652,567848107456749569,train,False,neutral
11653,567847966989508608,train,True,negative
11654,567847737061941249,test,False,negative
11655,567847344307347456,train,False,negative
11656,567847120990048256,train,True,negative
11657,567846359631564800,train,True,negative
11658,567843415716732928,train,False,negative
11659,567842647739654144,test,False,negative
11660,567842466851905536,test,False,negative
11661,567842439911858176,test,False,negative
11662,567842370533867520,train,False,negative
11663,567842366473834498,train,False,positive
11664,567841818357964800,train,True,positive
11665,567840815331991552,train,True,negative
11666,567840122454052864,train,True,positive
11667,567840103122509825,train,True,negative
11668,567834881939546113,test,False,neutral
11669,567834021293596672,train,False,positive
11670,567832862130577408,test,False,negative
11671,567832821013848064,train,True,negative
11672,567832250110337024,test,False,negative
11673,567832153670705152,test,False,positive
11674,567831160978677760,train,True,negative
11675,567830991491997696,train,True,negative
11676,567829906861793280,train,False,positive
11677,567823045215313920,train,False,negative
11678,567822717665198080,test,False,negative
11679,567822117237170178,train,True,negative
11680,567822098950791168,train,True,negative
11681,567821288820203520,train,True,negative
11682,567820647465803776,test,False,negative
11683,567820135265759232,train,True,negative
11684,567819711950635009,train,False,negative
11685,567819606904295424,train,True,positive
11686,567818961716387840,train,False,negative
11687,567818690096541696,train,True,negative
11688,567818509650124800,train,False,negative
11689,567816651900583936,train,True,negative
11690,567813042576199680,train,False,negative
11691,567812687893262336,train,False,positive
11692,567812370690605056,test,True,neutral
11693,567812369902133248,train,True,negative
11694,567811918711504896,train,False,neutral
11695,567811573265260544,train,False,negative
11696,567810259675537408,test,True,positive
11697,567809403668430849,train,True,negative
11698,567808893464899584,train,True,negative
11699,567808843373105152,test,True,negative
11700,567808567580041216,test,False,negative
11701,567807786748284928,train,True,negative
11702,567805465854488579,train,False,positive
11703,567805039583199235,test,False,negative
11704,567804923782627330,test,False,negative
11705,567804700951855104,train,True,positive
11706,567803627714138112,train,False,positive
11707,567803477762797570,train,True,negative
11708,567803306928775168,test,False,negative
11709,567803049130094592,train,False,negative
11710,567802808876158976,train,False,negative
11711,567802781877407744,train,False,positive
11712,567802602738708480,train,True,negative
11713,567802570912305152,test,False,negative
11714,567802378041450496,train,False,positive
11715,567802255215460353,test,True,negative
11716,567802008292564992,train,True,negative
11717,567801274293563393,test,False,negative
11718,567800771774001153,train,True,neutral
11719,567800315093979138,test,False,negative
11720,567800210064420864,train,True,positive
11721,567799968279560194,train,True,negative
11722,567799412538494976,train,False,negative
11723,567797906977083392,train,False,negative
11724,567796792847499265,test,False,negative
11725,567794202730577920,test,False,negative
11726,567793186698190848,train,True,negative
11727,567793072060276736,train,True,positive
11728,567791865823789056,train,True,negative
11729,567791526370365440,test,True,negative
11730,567791019086065664,train,True,negative
11731,567790793197629440,test,True,negative
11732,567790572833103872,train,True,negative
11733,567790175813681153,train,True,negative
11734,567789902633664512,train,False,negative
11735,567788578026311680,test,True,positive
11736,567788199175786496,train,True,positive
11737,567787449053872128,test,True,negative
11738,567786807224705027,train,True,negative
11739,567786151370629121,train,False,positive
11740,567784773780013057,train,False,positive
11741,567783713833234432,train,True,negative
11742,567782686077747200,train,True,negative
11743,567782645975625729,train,False,negative
11744,567781757274292224,test,False,negative
11745,567781582791278592,test,True,negative
11746,567781477761314816,test,True,negative
11747,567781227537915906,test,False,negative
11748,567781176375803905,train,False,negative
11749,567780624531222528,train,False,positive
11750,567779193342423040,train,False,negative
11751,567778512548167680,train,True,positive
11752,567778498723737600,train,True,negative
11753,567778236026077185,train,False,negative
11754,567777743665946624,train,False,negative
11755,567777625344593920,train,True,negative
11756,567777187265515521,train,True,neutral
11757,567777150145949697,train,True,negative
11758,567777100112101376,train,True,positive
11759,567776714303238144,train,True,negative
11760,567776364351074304,test,False,neutral
11761,567776258621464577,train,True,negative
11762,567776148864913408,train,True,negative
11763,567775776582672384,train,True,negative
11764,567774229249421312,train,True,negative
11765,567771635139502080,test,False,negative
11766,567771225104338944,train,True,negative
11767,567769337256484864,test,False,negative
11768,567768830265401344,train,False,negative
11769,567768552644423680,train,False,negative
11770,567768450471587840,test,False,negative
11771,567768417038761987,train,True,neutral
11772,567768224607911936,train,True,negative
11773,567767738886545408,train,True,negative
11774,567766633637502976,train,False,negative
11775,567765893355417601,train,False,neutral
11776,567764858817773570,test,True,neutral
11777,567763837055954944,train,False,positive
11778,567763697230438400,train,True,negative
11779,567763065706250240,train,True,negative
11780,567762685200228352,train,True,neutral
11781,567762670045364225,train,True,negative
11782,567761568889581569,test,True,negative
11783,567761193138671616,test,True,negative
11784,567761144190746625,train,False,positive
11785,567760870630244352,test,True,negative
11786,567760474553348096,test,True,positive
11787,567759874403344384,train,False,negative
11788,567759456503881729,train,True,negative
11789,567759344360783872,train,True,negative
11790,567759268724887552,train,False,neutral
11791,567757897841385473,train,False,positive
11792,567757851104641024,train,False,negative
11793,567757203093090305,train,True,negative
11794,567756326718431232,train,False,negative
11795,567755891714174976,train,True,positive
11796,567755542362591233,train,False,negative
11797,567754593434873857,train,False,neutral
11798,567754392682901504,train,True,negative
11799,567754056924672000,train,False,positive
11800,567753872967528448,train,True,negative
11801,567753815634370560,train,False,negative
11802,567753071833665536,train,False,negative
11803,567752558207586304,train,True,neutral
11804,567751134476259328,test,True,negative
11805,567751025890709504,train,True,positive
11806,567748987512705027,train,True,negative
11807,567747769176432640,train,True,negative
11808,567747420650754048,train,False,negative
11809,567745702231830529,train,False,negative
11810,567745507834220546,train,True,neutral
11811,567744963870752768,train,True,negative
11812,567743200614289408,test,False,negative
11813,567742912579272704,train,False,negative
11814,567741884140093440,train,False,negative
11815,567739813114417152,train,True,neutral
11816,567739625465077761,test,True,neutral
11817,567738680945958913,train,True,negative
11818,567737598115082241,train,True,positive
11819,567736516420853760,train,True,negative
11820,567736505477918722,train,True,neutral
11821,567735943424397312,train,False,negative
11822,567735337246806016,train,False,negative
11823,567735186881003520,train,False,neutral
11824,567734830800961537,train,False,negative
11825,567734790108225536,train,False,negative
11826,567734584000135168,train,True,negative
11827,567734506434854912,train,False,negative
11828,567734499669454848,train,True,negative
11829,567734357839056896,train,True,negative
11830,567733682879086592,train,False,negative
11831,567733511281721344,train,True,negative
11832,567732946241470464,train,True,negative
11833,567732372997963777,train,False,neutral
11834,567732351774781440,train,True,negative
11835,567732265888006145,train,True,negative
11836,567731585035014144,test,True,negative
11837,567730833998757890,train,False,negative
11838,567730390291714048,train,False,negative
11839,567730323988172800,train,True,positive
11840,567729749087498240,train,False,negative
11841,567729700110602240,train,False,negative
11842,567729658276237312,train,True,negative
11843,567729414822449152,train,False,negative
11844,567729325810917377,train,False,negative
11845,567729241312489472,train,True,positive
11846,567729135733465088,train,True,negative
11847,567728890206904320,train,True,negative
11848,567728860629057537,train,False,negative
11849,567728533771132928,train,False,negative
11850,567728481623359488,train,False,negative
11851,567728386014183424,train,False,negative
11852,567728285174743041,train,False,negative
11853,567728057700876288,train,False,negative
11854,567728017196457987,train,False,neutral
11855,567727581873848320,train,True,negative
11856,567727479633477632,test,True,positive
11857,567727159096385536,train,False,positive
11858,567726594698264576,train,False,negative
11859,567726186038837248,train,True,negative
11860,567726138223771649,train,True,negative
11861,567725588937728000,train,True,negative
11862,567725387904720896,train,True,positive
11863,567725304958160896,train,True,negative
11864,567725170367148034,train,True,negative
11865,567725125194493953,train,False,negative
11866,567724943375626240,train,True,neutral
11867,567724133434535936,train,True,negative
11868,567722301471199232,train,False,negative
11869,567721945954009088,train,True,negative
11870,567721806040031232,train,True,negative
11871,567719005713334276,train,True,negative
11872,567718099794006016,train,True,negative
11873,567712600772050945,train,True,negative
11874,567710245053407232,train,True,negative
11875,567698031081160704,train,True,negative
11876,567679487383699456,train,True,negative
11877,567670985403285504,train,True,negative
11878,567643252753694721,train,True,neutral
11879,570308309682675712,train,False,negative
11880,570308064185880577,train,False,neutral
11881,570307949614256128,train,False,negative
11882,570307948171423745,train,True,negative
11883,570307434113310720,train,True,negative
11884,570307390752608257,train,False,negative
11885,570307369328095232,train,False,negative
11886,570307312675651585,quarantined,False,positive
11887,570306867878072320,train,False,negative
11888,570306715599695874,train,True,negative
11889,570306662575300611,train,True,neutral
11890,570306529947193344,train,True,negative
11891,570306423818723328,train,False,neutral
11892,570306260010176512,train,False,negative
11893,570306250442985473,train,True,negative
11894,570305365159632899,test,False,neutral
11895,570305264613765122,train,False,positive
11896,570305234838429696,test,False,negative
11897,570305063052283904,test,True,negative
11898,570305051819941889,train,True,neutral
11899,570304633048047616,train,True,neutral
11900,570304544128815104,train,True,negative
11901,570303889754488832,train,True,negative
11902,570303383782989824,train,True,neutral
11903,570302358242115584,train,False,positive
11904,570302060035497984,test,False,negative
11905,570301929580048385,train,True,neutral
11906,570301488192458752,train,True,negative
11907,570301395141836801,train,True,negative
11908,570300915418320897,train,True,negative
11909,570300355843661824,quarantined,False,positive
11910,570300262302289920,quarantined,False,neutral
11911,570300177367633921,train,True,neutral
11912,570299824760860672,train,True,positive
11913,570299252141903873,train,False,positive
11914,570298770136674304,test,True,negative
11915,570298744723415040,train,False,positive
11916,570298679250305024,train,True,neutral
11917,570298644475346945,test,True,negative
11918,570298371140939776,train,False,negative
11919,570298285350629376,quarantined,False,positive
11920,570298117544906754,train,False,negative
11921,570297548726005761,train,False,negative
11922,570297479029252097,train,True,negative
11923,570297414848000000,test,True,neutral
11924,570297070998974464,train,False,positive
11925,570296996445204480,train,False,negative
11926,570296986827694080,train,True,negative
11927,570296616688750592,quarantined,False,negative
11928,570296572375900160,train,False,positive
11929,570295981985681409,train,True,negative
11930,570295901555699712,test,False,positive
11931,570295745921880064,train,False,positive
11932,570295576446808065,train,True,negative
11933,570295174385016832,train,True,negative
11934,570293494444634114,train,True,neutral
11935,570292715444965377,train,True,negative
11936,570292403309035520,train,False,neutral
11937,570291431195205633,test,False,negative
11938,570291157340704769,train,False,positive
11939,570290552169734144,quarantined,False,positive
11940,570290337169739776,train,False,negative
11941,570290334158225408,train,False,positive
11942,570290220589027328,test,True,negative
11943,570290034009636865,train,False,neutral
11944,570289085354541058,test,True,negative
11945,570288809532891137,train,False,negative
11946,570288282413633536,train,False,negative
11947,570288167242375168,train,True,negative
11948,570287747643998208,train,False,negative
11949,570287638084763648,train,False,negative
11950,570287271234174976,train,False,neutral
11951,570286841737318400,train,False,negative
11952,570284862122233856,test,False,positive
11953,570284660510433280,train,True,neutral
11954,570284482588246016,quarantined,False,neutral
11955,570284308210032640,train,False,negative
11956,570284054605639683,train,False,negative
11957,570283851018317824,train,False,negative
11958,570283544125288448,train,False,negative
11959,570283309093113856,train,False,neutral
11960,570283254743506944,train,False,negative
11961,570282555057909760,quarantined,False,positive
11962,570282469791911936,quarantined,False,neutral
11963,570281958556610560,test,True,negative
11964,570281854139572225,test,False,negative
11965,570281731510571009,train,True,negative
11966,570281470507352064,train,True,negative
11967,570281010606120960,train,False,negative
11968,570280755252895745,train,True,negative
11969,570280641771790336,quarantined,False,neutral
11970,570280637946421249,test,True,negative
11971,570280378193330180,train,True,negative
11972,570280225625362432,train,True,negative
11973,570279653337927680,train,False,positive
11974,570279368766959616,test,False,neutral
11975,570279220502511617,train,False,negative
11976,570279118438182913,train,False,positive
11977,570279036582109184,train,False,positive
11978,570278869133107201,train,True,negative
11979,570278803399798784,train,True,negative
11980,570278644918194176,test,True,negative
11981,570276434763128833,train,False,negative
11982,570276414567493633,train,False,negative
11983,570276245960835073,train,False,negative
11984,570276196405125120,train,False,negative
11985,570275970046775297,train,True,negative
11986,570275944012783616,train,False,negative
11987,570275726483542016,quarantined,False,neutral
11988,570275632518733825,train,False,neutral
11989,570275536406253568,train,False,neutral
11990,570275450200711168,train,True,neutral
11991,570275384714862592,train,True,neutral
11992,570275314036649984,quarantined,False,positive
11993,570275248052039680,train,False,negative
11994,570275010759102466,train,True,negative
11995,570274148364242947,quarantined,False,neutral
11996,570273819287531520,train,True,positive
11997,570273710210469888,train,True,positive
11998,570272880556011520,train,True,positive
11999,570272235639828480,train,True,negative
12000,570272172679282688,train,True,negative
12001,570272018840428544,test,True,neutral
12002,570271904508092416,train,False,positive
12003,570271896887017472,quarantined,False,positive
12004,570271574462369793,quarantined,False,neutral
12005,570271479616573440,train,True,positive
12006,570271383005085696,train,False,negative
12007,570270777121103872,train,True,negative
12008,570270776370311168,train,True,negative
12009,570270651996463104,train,True,neutral
12010,570270444646850561,train,True,negative
12011,570270435478122497,quarantined,False,neutral
12012,570270039737274369,train,True,positive
12013,570269774594224128,train,False,negative
12014,570269633778855936,train,True,negative
12015,570269280748441601,train,True,negative
12016,570268875872473088,quarantined,False,positive
12017,570268646544510976,train,False,negative
12018,570268420140244992,train,False,negative
12019,570268326250745856,quarantined,False,neutral
12020,570267902726803456,train,False,negative
12021,570267608773054464,train,True,negative
12022,570267592478191617,train,True,neutral
12023,570267562623152128,train,False,negative
12024,570264948548313088,train,True,positive
12025,570139793608175616,train,True,negative
12026,569944281512685570,train,False,negative
12027,569842758967386112,train,False,negative
12028,569699455919726593,train,False,negative
12029,569680231012773888,train,True,negative
12030,569622568459636736,test,False,negative
12031,569621879633391616,train,True,negative
12032,569601363799359488,train,True,negative
12033,569600137296633856,train,True,positive
12034,569047438880841728,train,True,negative
12035,568824537338417154,train,True,negative
12036,568551906634797056,test,True,positive
12037,568265091226800130,test,True,negative
12038,570294451261874177,train,True,negative
12039,568757671819661314,train,True,negative
12040,570308309682675712,train,False,negative
12041,570308064185880577,train,False,neutral
12042,570307949614256128,train,False,negative
12043,570307948171423745,train,False,negative
12044,570307434113310720,train,False,negative
12045,570307390752608257,train,False,negative
12046,570307369328095232,train,False,negative
12047,570307312675651585,quarantined,False,negative
12048,570306867878072320,train,False,negative
12049,570306715599695874,train,False,negative
12050,570306662575300611,train,False,neutral
12051,570306529947193344,train,False,negative
12052,570306423818723328,train,False,neutral
12053,570306260010176512,train,False,negative
12054,570306250442985473,train,False,negative
12055,570305365159632899,test,False,neutral
12056,570305264613765122,train,False,positive
12057,570305234838429696,test,False,negative
12058,570305063052283904,test,False,negative
12059,570305051819941889,train,False,neutral
12060,570304633048047616,train,False,neutral
12061,570304544128815104,train,False,negative
12062,570303889754488832,train,False,negative
12063,570303383782989824,train,False,neutral
12064,570302358242115584,train,False,positive
12065,570302060035497984,test,False,negative
12066,570301929580048385,train,False,neutral
12067,570301488192458752,train,False,negative
12068,570301395141836801,train,False,negative
12069,570300915418320897,train,False,negative
12070,570300355843661824,quarantined,False,neutral
12071,570300262302289920,quarantined,False,positive
12072,570300177367633921,train,False,neutral
12073,570299824760860672,train,False,positive
12074,570299252141903873,train,False,positive
12075,570298770136674304,test,False,negative
12076,570298744723415040,train,False,positive
12077,570298679250305024,train,False,neutral
12078,570298644475346945,test,False,negative
12079,570298371140939776,train,False,negative
12080,570298285350629376,quarantined,False,neutral
12081,570298117544906754,train,False,negative
12082,570297548726005761,train,False,negative
12083,570297479029252097,train,False,negative
12084,570297414848000000,test,False,neutral
12085,570297070998974464,train,False,positive
12086,570296996445204480,train,False,negative
12087,570296986827694080,train,False,negative
12088,570296616688750592,quarantined,False,neutral
12089,570296572375900160,train,False,positive
12090,570295981985681409,train,False,negative
12091,570295901555699712,test,False,positive
12092,570295745921880064,train,False,positive
12093,570295576446808065,train,False,negative
12094,570295174385016832,train,False,negative
12095,570293494444634114,train,False,neutral
12096,570292715444965377,train,False,negative
12097,570292403309035520,train,False,neutral
12098,570291431195205633,test,False,negative
12099,570291157340704769,train,False,positive
12100,570290552169734144,quarantined,False,neutral
12101,570290337169739776,train,False,negative
12102,570290334158225408,train,False,positive
12103,570290220589027328,test,False,negative
12104,570290034009636865,train,False,neutral
12105,570289085354541058,test,False,negative
12106,570288809532891137,train,False,negative
12107,570288282413633536,train,False,negative
12108,570288167242375168,train,False,negative
12109,570287747643998208,train,False,negative
12110,570287638084763648,train,False,negative
12111,570287271234174976,train,False,neutral
12112,570286841737318400,train,False,negative
12113,570284862122233856,test,False,positive
12114,570284660510433280,train,False,neutral
12115,570284482588246016,quarantined,False,negative
12116,570284308210032640,train,False,negative
12117,570284054605639683,train,False,negative
12118,570283851018317824,train,False,negative
12119,570283544125288448,train,False,negative
12120,570283309093113856,train,False,neutral
12121,570283254743506944,train,False,negative
12122,570282555057909760,quarantined,False,negative
12123,570282469791911936,quarantined,False,positive
12124,570281958556610560,test,False,negative
12125,570281854139572225,test,False,negative
12126,570281731510571009,train,False,negative
12127,570281470507352064,train,False,negative
12128,570281010606120960,train,False,negative
12129,570280755252895745,train,False,negative
12130,570280641771790336,quarantined,False,positive
12131,570280637946421249,test,False,negative
12132,570280378193330180,train,False,negative
12133,570280225625362432,train,False,negative
12134,570279653337927680,train,False,positive
12135,570279368766959616,test,False,neutral
12136,570279220502511617,train,False,negative
12137,570279118438182913,train,False,positive
12138,570279036582109184,train,False,positive
12139,570278869133107201,train,False,negative
12140,570278803399798784,train,False,negative
12141,570278644918194176,test,False,negative
12142,570276434763128833,train,False,negative
12143,570276414567493633,train,False,negative
12144,570276245960835073,train,False,negative
12145,570276196405125120,train,False,negative
12146,570275970046775297,train,False,negative
12147,570275944012783616,train,False,negative
12148,570275726483542016,quarantined,False,negative
12149,570275632518733825,train,False,neutral
12150,570275536406253568,train,False,neutral
12151,570275450200711168,train,False,neutral
12152,570275384714862592,train,False,neutral
12153,570275314036649984,quarantined,False,negative
12154,570275248052039680,train,False,negative
12155,570275010759102466,train,False,negative
12156,570274148364242947,quarantined,False,positive
12157,570273819287531520,train,False,positive
12158,570273710210469888,train,False,positive
12159,570272880556011520,train,False,positive
12160,570272235639828480,train,False,negative
12161,570272172679282688,train,False,negative
12162,570272018840428544,test,False,neutral
12163,570271904508092416,train,False,positive
12164,570271896887017472,quarantined,False,neutral
12165,570271574462369793,quarantined,False,positive
12166,570271479616573440,train,False,positive
12167,570271383005085696,train,False,negative
12168,570270777121103872,train,False,negative
12169,570270776370311168,train,False,negative
12170,570270651996463104,train,False,neutral
12171,570270444646850561,train,False,negative
12172,570270435478122497,quarantined,False,positive
12173,570270039737274369,train,False,positive
12174,570269774594224128,train,False,negative
12175,570269633778855936,train,False,negative
12176,570269280748441601,train,False,negative
12177,570268875872473088,quarantined,False,negative
12178,570268646544510976,train,False,negative
12179,570268420140244992,train,False,negative
12180,570268326250745856,quarantined,False,negative
12181,570267902726803456,train,False,negative
12182,570267608773054464,train,False,negative
12183,570267592478191617,train,False,neutral
12184,570267562623152128,train,False,negative
12185,570267287883616256,test,False,negative
12186,570267241046020096,train,True,positive
12187,570267066919313408,train,False,negative
12188,570267037911670784,test,False,negative
12189,570266460003508225,train,False,negative
12190,570266233003741184,test,True,neutral
12191,570265919676485632,train,False,positive
12192,570265876911403009,train,False,positive
12193,570265689589592064,test,True,negative
12194,570265626146512896,train,False,negative
12195,570265300685488129,train,False,negative
12196,570264948548313088,train,False,positive
12197,570264740817010689,test,True,positive
12198,570264682541522944,train,True,negative
12199,570264550458695680,train,False,positive
12200,570264179216510976,train,False,neutral
12201,570264159687806976,train,False,negative
12202,570264011574415360,train,True,positive
12203,570263889696305152,train,True,neutral
12204,570263871526559745,train,True,negative
12205,570263827033432064,test,False,neutral
12206,570263732099649537,train,False,neutral
12207,570263448828780547,train,False,positive
12208,570263313306615810,train,True,neutral
12209,570263008762601475,train,True,neutral
12210,570262528539779073,test,False,neutral
12211,570262112477401088,train,True,negative
12212,570262096094498816,train,False,negative
12213,570261511781941251,train,False,neutral
12214,570261418387353601,train,False,negative
12215,570261359377698817,test,False,neutral
12216,570261328511643648,test,False,negative
12217,570261193685749760,train,False,negative
12218,570260735294607360,train,True,negative
12219,570259700937134080,train,True,neutral
12220,570259540697948162,train,False,positive
12221,570259502685151232,train,False,positive
12222,570259380999860224,train,True,neutral
12223,570258656383639553,train,True,neutral
12224,570258597180940288,train,True,neutral
12225,570258457804189696,train,True,negative
12226,570258226819637248,train,False,neutral
12227,570258141599928321,train,True,neutral
12228,570258040609337344,test,True,neutral
12229,570257935911096320,train,True,neutral
12230,570257660123193345,train,True,negative
12231,570257429486706688,train,True,negative
12232,570257336465387521,train,True,negative
12233,570257258275164160,train,False,negative
12234,570256852166029312,train,True,neutral
12235,570256038206824448,train,True,positive
12236,570255853296746496,train,True,neutral
12237,570255773651099648,train,False,positive
12238,570255201069899776,test,True,negative
12239,570254721140850689,train,True,negative
12240,570254579578720256,test,True,neutral
12241,570254375081414656,train,True,neutral
12242,570254322694557696,train,False,negative
12243,570253932880007168,train,True,negative
12244,570253919697244160,train,False,negative
12245,570253859412529152,test,False,positive
12246,570252885809868801,train,True,negative
12247,570252614320783361,train,False,negative
12248,570252431113760768,train,True,negative
12249,570251814970515456,train,False,negative
12250,570251560871002112,train,True,negative
12251,570251394965479424,train,False,negative
12252,570250940290342914,train,True,negative
12253,570250617379168256,train,False,negative
12254,570250566573674496,train,False,neutral
12255,570250470289068032,train,False,negative
12256,570250371110539264,train,False,negative
12257,570250236402094080,train,False,negative
12258,570249520736374785,train,True,negative
12259,570249440176570368,train,False,positive
12260,570249435029970945,train,True,neutral
12261,570249159179145216,train,True,neutral
12262,570248991704788992,train,True,negative
12263,570248695670841344,train,False,negative
12264,570248162067107840,train,False,negative
12265,570248011621609472,train,False,negative
12266,570247871716405248,test,True,neutral
12267,570247850858147840,train,False,negative
12268,570247748286435328,train,False,negative
12269,570247474465677312,test,True,negative
12270,570247180734353408,test,False,neutral
12271,570246895530078208,test,False,neutral
12272,570246839225745408,test,False,negative
12273,570246800247902208,train,False,negative
12274,570246108699627521,train,False,positive
12275,570245433466884096,train,False,neutral
12276,570245402982785024,train,False,negative
12277,570245367607857153,test,False,positive
12278,570244934634090496,train,False,negative
12279,570244910563110912,train,False,negative
12280,570244720229797889,train,True,negative
12281,570244388175130625,train,False,negative
12282,570244158591406080,train,False,neutral
12283,570243095482261504,train,True,neutral
12284,570242829294960640,train,False,negative
12285,570242420643917824,train,False,negative
12286,570242205463359488,train,False,positive
12287,570241664272371712,train,True,negative
12288,570241221303468032,test,False,positive
12289,570241070577139713,train,False,negative
12290,570241050079420417,train,True,neutral
12291,570240896387710976,train,True,neutral
12292,570240784357830659,train,False,negative
12293,570240764812378112,train,False,positive
12294,570240647678050304,test,False,neutral
12295,570240625536323585,train,False,negative
12296,570240524592017408,train,False,negative
12297,570240452588380161,train,False,negative
12298,570240336519258112,test,False,neutral
12299,570240246719381504,train,True,negative
12300,570240207682998272,train,True,negative
12301,570239952975482881,train,False,negative
12302,570239688755302401,train,False,negative
12303,570239463089000449,train,False,positive
12304,570239376283676672,train,False,negative
12305,570238822157570048,test,True,negative
12306,570238782202470402,test,False,positive
12307,570238126611963905,train,True,negative
12308,570238052943208450,train,False,negative
12309,570237966355968001,train,False,neutral
12310,570237399932018688,train,False,negative
12311,570237269753376768,train,False,neutral
12312,570237238631669763,test,False,neutral
12313,570236690637459456,train,True,positive
12314,570236587386122240,test,False,negative
12315,570235413224427520,test,True,positive
12316,570235209783717889,test,False,negative
12317,570234946700357632,train,True,neutral
12318,570234676494757888,train,False,negative
12319,570234625848696833,test,True,neutral
12320,570234327071629312,train,False,neutral
12321,570233809129467905,train,True,negative
12322,570232494034964481,train,True,negative
12323,570232487454113792,train,True,neutral
12324,570232122826493953,train,True,negative
12325,570231192102019072,train,True,negative
12326,570230559693078528,train,False,negative
12327,570229557740969984,train,False,positive
12328,570229222662410240,test,False,negative
12329,570228063625207808,train,False,neutral
12330,570227917877354497,train,True,positive
12331,570227911803998208,train,False,negative
12332,570226757380530176,test,False,negative
12333,570226695724244992,test,False,negative
12334,570226471941251072,train,False,neutral
12335,570226414525542400,test,False,negative
12336,570226080457449472,test,True,negative
12337,570225101104226304,test,False,positive
12338,570225098189348864,train,False,neutral
12339,570224968417603584,train,False,neutral
12340,570224942681206786,train,False,negative
12341,570224927602839552,train,False,negative
12342,570224421194964992,test,True,positive
12343,570224417445261313,train,False,negative
12344,570224015656284160,test,True,negative
12345,570223806322581504,train,False,negative
12346,570223582380494848,test,True,positive
12347,570223576038686720,train,False,neutral
12348,570222998919225344,train,True,negative
12349,570222495145406465,train,False,negative
12350,570222445971382273,train,True,neutral
12351,570222414400860160,train,False,positive
12352,570222239603273729,test,False,negative
12353,570221955976187904,train,False,neutral
12354,570221471844278273,test,False,negative
12355,570220301465681921,train,False,positive
12356,570220267462529024,train,True,negative
12357,570220208037584896,train,False,positive
12358,570220154363232256,train,False,negative
12359,570220053142097920,train,False,neutral
12360,570219969717219328,train,False,positive
12361,570219877006503936,train,False,neutral
12362,570219815941615616,train,False,neutral
12363,570219379696148480,test,True,negative
12364,570218829546024960,train,True,neutral
12365,570218794414673921,train,False,negative
12366,570218532060835840,train,True,negative
12367,570218269111664640,train,False,neutral
12368,570217971815211008,train,False,positive
12369,570216960321044481,train,True,neutral
12370,570216815105847296,train,True,neutral
12371,570216606057541632,train,True,negative
12372,570216406119157761,train,False,positive
12373,570215492838920193,train,False,negative
12374,570215343530102784,train,True,neutral
12375,570215106426114048,train,False,negative
12376,570214789487693824,train,True,negative
12377,570214732067700736,train,False,negative
12378,570213186139525120,test,True,negative
12379,570212842206580736,train,True,negative
12380,570212118059995136,train,False,positive
12381,570212050548461568,train,False,negative
12382,570210392539934721,train,False,negative
12383,570209266264449026,train,False,negative
12384,570208992439312384,train,False,negative
12385,570208909522182146,train,True,negative
12386,570206562855329793,train,False,positive
12387,570205917024628736,train,False,positive
12388,570205132094349312,train,True,positive
12389,570204972589002752,train,False,neutral
12390,570204930520190978,train,True,neutral
12391,570204435663581184,train,True,positive
12392,570203943671865345,train,False,negative
12393,570202978650603520,train,False,neutral
12394,570202730293100544,test,False,negative
12395,570202621123780608,train,True,neutral
12396,570202204281425920,train,False,neutral
12397,570202173172281344,test,True,negative
12398,570202160564203520,train,True,negative
12399,570202097041305600,train,False,negative
12400,570201740496257024,train,True,negative
12401,570201347414462464,train,False,neutral
12402,570201233220198400,train,True,positive
12403,570201172985974784,train,False,negative
12404,570199974719455232,train,False,negative
12405,570199267668676609,test,True,negative
12406,570198744907567106,train,False,positive
12407,570198522911436800,train,False,negative
12408,570197804091621376,train,True,neutral
12409,570197779290697728,train,False,neutral
12410,570197193254170624,test,False,negative
12411,570196895383080960,train,True,negative
12412,570196007243395073,test,False,negative
12413,570195799256072193,train,False,negative
12414,570195668850995200,train,False,negative
12415,570195492006707200,test,True,negative
12416,570195444300718080,train,False,neutral
12417,570195089869447168,test,False,neutral
12418,570194709261488129,test,True,neutral
12419,570194141612789760,train,False,neutral
12420,570193870769811456,train,False,negative
12421,570193599977148416,train,True,negative
12422,570193307139239936,train,False,negative
12423,570192886689628160,test,False,positive
12424,570192751830171648,train,False,neutral
12425,570192546367975424,train,True,negative
12426,570192183766196224,train,False,negative
12427,570191874151092225,train,False,neutral
12428,570191763731841024,test,True,positive
12429,570191664628699136,train,False,negative
12430,570191286667513856,train,True,negative
12431,570189934096719873,train,True,neutral
12432,570189507447775234,train,True,negative
12433,570188794730848256,train,False,neutral
12434,570188405541175297,train,False,negative
12435,570188115077259266,train,False,negative
12436,570188097305976832,test,False,negative
12437,570187686213918721,train,False,negative
12438,570187239864414208,train,False,negative
12439,570187100710002689,train,False,negative
12440,570186666276577280,train,False,negative
12441,570186533258416133,test,False,negative
12442,570186514178519041,train,False,neutral
12443,570185364746461184,train,True,negative
12444,570184535507210241,train,False,positive
12445,570184234498805761,train,False,negative
12446,570184083692658688,test,False,negative
12447,570183052401508352,test,False,neutral
12448,570182972554371072,train,False,negative
12449,570182283665088512,test,False,neutral
12450,570182054987505664,train,False,negative
12451,570181700036087809,train,False,negative
12452,570181406787301378,train,True,negative
12453,570181077861474304,test,False,neutral
12454,570180703746461696,train,False,negative
12455,570180010125864960,train,False,neutral
12456,570179813845147648,train,False,negative
12457,570179562174328832,train,False,negative
12458,570179455911481344,train,False,negative
12459,570179344833708033,test,True,negative
12460,570179236633432065,train,False,negative
12461,570178966725767168,train,False,negative
12462,570178443167571968,train,False,neutral
12463,570177752973885440,train,False,neutral
12464,570177745759678466,train,False,neutral
12465,570177697814425600,train,False,negative
12466,570177331358076929,train,False,negative
12467,570177012360462336,train,False,negative
12468,570176385534300160,train,False,negative
12469,570176104541122561,test,True,negative
12470,570175988648316929,train,False,neutral
12471,570175858469515264,train,False,negative
12472,570175764643094528,train,True,negative
12473,570175461298475008,train,False,negative
12474,570175182012174336,train,False,negative
12475,570174964856266752,train,False,negative
12476,570174794425098241,train,False,neutral
12477,570174284284497920,train,False,negative
12478,570173690475728896,train,True,negative
12479,570172549910409217,train,False,negative
12480,570172301163008000,train,False,neutral
12481,570171986648965120,train,True,negative
12482,570169851156701185,train,True,negative
12483,570167726972538880,train,False,positive
12484,570166071640133632,train,False,neutral
12485,570164654061838336,train,True,negative
12486,570163418637996032,train,False,neutral
12487,570162212616212480,train,True,negative
12488,570160153493774337,train,True,negative
12489,570159133795741696,train,True,neutral
12490,570158980611350528,test,True,negative
12491,570156001485312000,test,True,neutral
12492,570153610870456321,train,False,negative
12493,570153000079126528,train,False,negative
12494,570152557475028992,train,True,negative
12495,570150741022617600,train,True,negative
12496,570146467542933505,train,False,negative
12497,570146395593666560,train,False,negative
12498,570146348613406720,train,False,negative
12499,570146091141722112,train,False,negative
12500,570145544078815232,train,True,negative
12501,570145106415771648,train,True,positive
12502,570143200935063552,train,False,negative
12503,570142665246965760,train,True,positive
12504,570142278729076736,train,False,negative
12505,570141242769559552,train,False,negative
12506,570139793608175616,train,False,negative
12507,570139364178530304,train,False,negative
12508,570138307767578625,train,False,negative
12509,570137359787827201,train,False,negative
12510,570137063716216832,train,False,negative
12511,570136706877272064,train,False,negative
12512,570136130126897152,train,False,negative
12513,570135402306080768,train,False,negative
12514,570135205123530752,train,True,negative
12515,570134947828080640,train,True,negative
12516,570133621870174209,train,False,negative
12517,570132715577552896,train,False,negative
12518,570132410588917760,train,False,neutral
12519,570130792443039744,test,False,neutral
12520,570130746356211713,train,True,negative
12521,570129843594997760,train,False,negative
12522,570128847439417344,test,False,neutral
12523,570128633957736448,train,True,negative
12524,570128126480674816,train,False,negative
12525,570127035890184192,train,False,negative
12526,570126389279662080,train,False,negative
12527,570124993176203265,train,False,neutral
12528,570123872168574976,train,False,negative
12529,570123495180410881,train,False,negative
12530,570123386925539329,train,False,negative
12531,570123304498917377,train,False,negative
12532,570123207824568320,train,False,negative
12533,570123136542224384,train,False,neutral
12534,570122982863060992,train,False,negative
12535,570122962726039552,train,False,negative
12536,570122868039634944,train,False,negative
12537,570122183072092160,train,False,negative
12538,570121689503301632,train,True,negative
12539,570121673099190272,train,True,negative
12540,570121276016234496,train,False,negative
12541,570119444451745792,test,True,negative
12542,570118668551458816,train,False,neutral
12543,570116595193810945,train,False,neutral
12544,570116487278501888,train,False,negative
12545,570116329694310400,train,False,negative
12546,570115988714164225,train,False,positive
12547,570115532906569729,train,False,positive
12548,570115339515592704,test,False,negative
12549,570115286289899520,train,False,negative
12550,570114451120074752,train,True,negative
12551,570112074249928704,train,True,negative
12552,570110706588262400,train,False,negative
12553,570109867031191552,train,False,negative
12554,570108519237558272,train,False,positive
12555,570106218825564161,train,False,negative
12556,570106114202861568,train,True,negative
12557,570105753471746048,train,False,negative
12558,570105616515145728,train,False,negative
12559,570103908607135744,train,True,negative
12560,570103559318081536,train,False,negative
12561,570102866754592768,train,True,negative
12562,570102669299351553,train,False,negative
12563,570102251563274242,test,False,neutral
12564,570101910402940928,train,False,negative
12565,570101803708080128,train,True,positive
12566,570101777934086146,test,False,positive
12567,570101666571288576,train,False,neutral
12568,570101550787350528,train,False,positive
12569,570101395698941954,train,True,negative
12570,570101371409559552,test,True,negative
12571,570101194678517761,train,False,negative
12572,570101027439046656,train,False,positive
12573,570100947923419136,train,True,negative
12574,570100829396406272,train,False,positive
12575,570100824703143936,train,False,negative
12576,570100233398571008,train,True,negative
12577,570100035167379456,train,True,negative
12578,570099970742886400,train,True,negative
12579,570099716379316224,train,False,negative
12580,570099562548834304,train,False,positive
12581,570099506135437312,train,True,negative
12582,570098489943666688,train,False,negative
12583,570097604182351872,test,False,negative
12584,570097527841693697,test,False,positive
12585,570097483432337408,test,False,negative
12586,570097456786104320,train,False,neutral
12587,570097279870361600,train,True,negative
12588,570097189617143808,test,False,negative
12589,570096856685871106,train,False,negative
12590,570095696491241472,train,False,neutral
12591,570095443364831232,train,False,neutral
12592,570095131967295489,test,True,positive
12593,570095043169529857,test,True,positive
12594,570094749933289473,train,True,negative
12595,570094120993054720,test,True,positive
12596,570093652120178689,train,False,negative
12597,570093520909832192,train,False,negative
12598,570093462738984961,train,False,neutral
12599,570092677196181507,train,False,negative
12600,570092530236149761,train,False,negative
12601,570092218058346496,test,False,negative
12602,570092210466611200,train,True,negative
12603,570092184948645889,train,False,positive
12604,570090452809949184,test,False,neutral
12605,570090252544708608,train,False,neutral
12606,570090251122663425,train,True,neutral
12607,570088600949411840,train,False,negative
12608,570088470171013120,train,True,negative
12609,570088310334484480,train,False,negative
12610,570088135851266048,train,True,neutral
12611,570087950156898305,train,True,negative
12612,570087510941962241,train,True,negative
12613,570087305320357888,train,True,negative
12614,570087222663229440,train,False,negative
12615,570087022292905985,test,True,positive
12616,570086891342733312,test,False,negative
12617,570086501222096896,train,True,negative
12618,570086488324485121,train,True,negative
12619,570086434410930176,train,False,neutral
12620,570086014980648960,train,True,negative
12621,570085896319401984,train,False,positive
12622,570085859132878848,train,False,negative
12623,570085625061384192,train,True,negative
12624,570085165378068480,train,False,negative
12625,570085025896665088,test,True,positive
12626,570084690608201728,train,True,negative
12627,570083543553945600,train,False,positive
12628,570082819025838080,train,True,neutral
12629,570082289939406848,test,True,neutral
12630,570081797427621888,train,False,negative
12631,570081695342309377,train,False,negative
12632,570081679844319232,train,True,positive
12633,570081513087369216,test,True,negative
12634,570081165459259392,test,False,neutral
12635,570080703171448832,train,False,neutral
12636,570080608996556800,test,True,positive
12637,570080545461407745,train,True,negative
12638,570080397628825600,test,False,negative
12639,570079755560595456,test,True,negative
12640,570079290953486338,train,False,negative
12641,570079030029848579,train,False,negative
12642,570078673090408448,train,True,negative
12643,570078556711026688,train,True,positive
12644,570078022201532419,train,False,negative
12645,570077997648064512,train,True,negative
12646,570077431484121088,train,False,neutral
12647,570077011324096514,train,True,positive
12648,570075821127249920,train,True,negative
12649,570075716861206528,train,True,neutral
12650,570075101326024704,train,False,negative
12651,570074976428158976,train,True,negative
12652,570074886606958592,train,True,positive
12653,570074601801318400,train,False,neutral
12654,570073396152676352,train,True,negative
12655,570072578540347393,train,False,neutral
12656,570072153607049218,train,True,neutral
12657,570072031502340096,train,True,negative
12658,570071877089148928,train,True,neutral
12659,570070485653786624,train,False,negative
12660,570070483338731520,train,False,negative
12661,570070364723814402,train,False,negative
12662,570070044547403777,train,False,negative
12663,570069642976239616,train,False,neutral
12664,570069345818161152,train,True,neutral
12665,570069262586540032,train,True,negative
12666,570069217879461889,train,False,neutral
12667,570068649295241216,train,True,neutral
12668,570068466717237249,train,True,negative
12669,570068449646346240,train,False,neutral
12670,570068397544710144,train,False,negative
12671,570068393736302594,train,True,positive
12672,570067446712791040,train,False,negative
12673,570066231757180928,train,False,negative
12674,570066226233417728,train,False,negative
12675,570065545392861184,test,False,negative
12676,570065322369101824,test,False,negative
12677,570064927550889984,test,False,negative
12678,570064554232688640,test,False,negative
12679,570064443159089153,train,False,negative
12680,570064285860171776,test,False,negative
12681,570064025918115840,test,False,negative
12682,570063648468688899,train,False,negative
12683,570063451143462913,train,False,positive
12684,570063192581390336,train,True,neutral
12685,570063107701272576,train,False,negative
12686,570062369096908801,train,True,negative
12687,570061921145065473,train,True,negative
12688,570060846241611777,train,False,positive
12689,570060776301424641,train,True,negative
12690,570060726523584512,train,False,negative
12691,570060687164067840,train,False,negative
12692,570060649780400128,train,False,negative
12693,570059874480091136,train,True,negative
12694,570058070224728064,train,False,negative
12695,570057993770831872,train,True,negative
12696,570057871058079745,train,False,negative
12697,570057855358935043,test,False,negative
12698,570057809037008896,train,True,negative
12699,570057784114302977,train,True,negative
12700,570057416718491649,train,True,negative
12701,570056907634798593,train,False,negative
12702,570056289419526145,train,True,negative
12703,570056002692710400,train,True,positive
12704,570054549915873280,train,True,positive
12705,570053952856854528,train,False,negative
12706,570053168349851648,train,False,negative
12707,570052723409874947,train,False,negative
12708,570052545298759680,train,True,negative
12709,570051874537271296,train,True,neutral
12710,570051834188075008,train,True,positive
12711,570050754158800896,train,True,negative
12712,570050635703300096,train,False,neutral
12713,570050603927392257,train,False,negative
12714,570049704618299392,test,False,negative
12715,570048310876119040,train,True,negative
12716,570047946932101120,train,False,negative
12717,570047669370036224,test,False,negative
12718,570046633418891264,train,False,negative
12719,570046387825410048,train,False,neutral
12720,570045914347237376,test,False,negative
12721,570045645714620417,train,False,negative
12722,570045585149063168,train,False,negative
12723,570045461077352448,train,False,neutral
12724,570044700951838720,train,True,positive
12725,570044497330987008,train,True,negative
12726,570044332843134976,train,False,positive
12727,570044138302808064,train,False,neutral
12728,570043591927537664,test,False,negative
12729,570043390773084160,train,False,negative
12730,570043199596531712,train,False,negative
12731,570042981794729985,test,True,negative
12732,570042963021205504,train,True,negative
12733,570042828983820288,test,True,neutral
12734,570042700835082240,train,True,negative
12735,570042296357539840,train,False,positive
12736,570042155634450433,train,False,negative
12737,570042096242917377,test,True,negative
12738,570041376005443585,train,False,negative
12739,570041195113492480,test,False,negative
12740,570041144488230912,train,False,negative
12741,570040903735373825,train,True,neutral
12742,570040802845421568,train,False,negative
12743,570040750412406784,train,True,positive
12744,570040411206631424,train,False,positive
12745,570039635541274625,train,True,negative
12746,570038882294607873,train,True,negative
12747,570038580967383042,train,False,negative
12748,570038564110467074,train,True,negative
12749,570038498566283264,train,False,neutral
12750,570037969819545600,train,False,negative
12751,570037613899481088,train,False,negative
12752,570036538488139776,test,True,positive
12753,570036463729020928,train,False,neutral
12754,570036327825195008,train,True,negative
12755,570036187815149570,train,False,negative
12756,570035338925592577,test,False,negative
12757,570034368086827008,train,True,negative
12758,570034112863608832,train,False,negative
12759,570034025148108800,train,False,negative
12760,570033764044304385,train,False,positive
12761,570033624306708481,train,True,positive
12762,570033439857979392,train,False,negative
12763,570033429816999936,test,True,negative
12764,570033259842801664,train,True,negative
12765,570033099939184641,train,True,positive
12766,570033000777457664,train,False,neutral
12767,570032636657311744,train,True,neutral
12768,570032541933051904,train,False,negative
12769,570032010145607680,train,False,neutral
12770,570031758546063361,train,False,negative
12771,570031615130394624,train,False,positive
12772,570031138913329152,train,False,negative
12773,570030165788459010,train,True,negative
12774,570029599930880000,train,True,neutral
12775,570029442514333698,train,False,negative
12776,570028289399525376,train,True,negative
12777,570028125024706561,train,False,negative
12778,570028083606122497,train,False,positive
12779,570027031326535680,train,True,negative
12780,570026470741032961,train,False,negative
12781,570025681062633472,test,False,neutral
12782,570025428095770624,test,True,neutral
12783,570024324666564610,train,True,negative
12784,570022265343123456,train,False,positive
12785,570021871577477120,train,False,negative
12786,570021795123699712,train,False,negative
12787,570021682569555968,train,False,negative
12788,570021599392329728,train,False,negative
12789,570021329065394176,train,False,negative
12790,570021225323298816,train,False,negative
12791,570021054015541248,train,False,negative
12792,570020117284724737,train,True,positive
12793,570019099268358144,test,False,negative
12794,570018532727103489,train,True,negative
12795,570018285544206337,train,True,negative
12796,570017905879986176,train,True,negative
12797,570017867342725121,train,True,negative
12798,570017634495787009,train,False,negative
12799,570017101097934849,train,True,negative
12800,570016890996666368,train,True,positive
12801,570016770708283392,train,True,negative
12802,570016517829623808,train,False,neutral
12803,570015876902232064,train,False,negative
12804,570015527961272321,train,True,negative
12805,570015432750399488,train,False,positive
12806,570015279654293505,train,True,negative
12807,570014637397295104,test,False,negative
12808,570014602903339008,test,True,positive
12809,570014299625787392,train,False,negative
12810,570013289188630529,train,False,negative
12811,570013116857237505,train,False,neutral
12812,570011304221667328,train,True,negative
12813,570011216313131008,train,False,negative
12814,570010327036735488,train,False,negative
12815,570009856851222529,train,True,negative
12816,570009228867293185,train,False,negative
12817,570009017625526273,train,False,negative
12818,570009008817500160,train,True,negative
12819,570008958691364864,train,False,negative
12820,570008661885526016,train,True,negative
12821,570008179280646146,train,False,negative
12822,570007852724699136,train,True,negative
12823,570007830083854338,train,True,negative
12824,570007324380631040,train,False,neutral
12825,570006834674835456,train,True,positive
12826,570006830405046272,test,False,negative
12827,570006768681492481,train,True,negative
12828,570006737190854656,train,False,negative
12829,570006707935571969,train,True,negative
12830,570006301968867328,train,False,negative
12831,570006028864999424,test,True,negative
12832,570004771496714241,train,False,negative
12833,570004519679074304,train,True,positive
12834,570003289326157824,train,False,negative
12835,570003144366792704,train,False,negative
12836,570003097554006016,train,False,negative
12837,570002971678756865,train,False,negative
12838,570002805295095808,train,True,negative
12839,570002679142854656,train,False,negative
12840,570002432375148544,train,False,negative
12841,570002269577441280,train,False,negative
12842,570002236065116160,train,False,negative
12843,570002186991763457,train,True,negative
12844,570002083832733696,train,False,negative
12845,570002051108769792,train,True,negative
12846,570001483472756736,train,True,neutral
12847,570001418825949185,train,False,negative
12848,570001282603229186,train,False,negative
12849,570001183600812033,test,True,neutral
12850,570001092206923776,train,True,negative
12851,570000805626949633,train,False,negative
12852,570000777768345600,train,True,negative
12853,570000126636216320,train,True,negative
12854,570000101654925312,train,False,neutral
12855,569999640516370432,test,False,negative
12856,569999632920674304,train,False,negative
12857,569999295631527937,train,False,negative
12858,569999091028983808,test,False,negative
12859,569999076143423488,train,True,neutral
12860,569998992475627521,train,False,negative
12861,569998668775862272,test,False,negative
12862,569998120999759872,train,True,positive
12863,569997655713173504,train,True,negative
12864,569997258772455424,train,False,negative
12865,569997215453855744,train,True,neutral
12866,569997196298293249,train,True,neutral
12867,569996776436068354,train,False,neutral
12868,569996647100346368,test,False,negative
12869,569996479416438784,train,True,negative
12870,569995513623408641,test,True,negative
12871,569995335893848064,train,False,neutral
12872,569995212296200192,test,True,negative
12873,569994134997610496,train,True,positive
12874,569994090147909632,test,False,positive
12875,569993908324663296,train,True,neutral
12876,569993494715977728,train,True,negative
12877,569993218730934273,train,False,negative
12878,569993098023063552,train,False,negative
12879,569992886256832512,train,False,negative
12880,569992815624781824,train,False,neutral
12881,569992712117747712,train,False,negative
12882,569992708447711232,train,False,negative
12883,569992602025644034,train,False,negative
12884,569992310563450880,train,True,negative
12885,569991566087073792,train,True,negative
12886,569990481452539904,train,False,neutral
12887,569990229576196098,train,False,negative
12888,569989697449140224,train,False,negative
12889,569989598388084736,train,False,negative
12890,569989551051177984,train,False,negative
12891,569989330057342977,train,False,neutral
12892,569989252613689344,train,False,negative
12893,569988849608364032,train,True,neutral
12894,569988479540695040,test,True,negative
12895,569988207489777664,train,False,neutral
12896,569988016074149889,test,False,negative
12897,569987992858836992,train,False,negative
12898,569986978684362753,train,True,negative
12899,569986326168268800,train,True,neutral
12900,569986246648442881,train,True,negative
12901,569986129820196864,train,False,negative
12902,569985685723209730,train,False,negative
12903,569984380061351936,test,True,negative
12904,569984339800416256,train,False,negative
12905,569983967467868161,train,True,negative
12906,569983854464921601,train,False,negative
12907,569983373378252800,train,True,negative
12908,569983093341347842,train,True,negative
12909,569983030108024833,train,False,negative
12910,569982323598368768,train,False,negative
12911,569981968655519744,train,False,neutral
12912,569981947612676096,test,True,positive
12913,569981899332059136,train,False,negative
12914,569981722470834176,train,True,negative
12915,569981614543007747,test,False,neutral
12916,569981473060560896,train,False,negative
12917,569980963926765568,test,True,neutral
12918,569980695184957441,train,False,negative
12919,569980631548973057,test,False,negative
12920,569980365386809344,test,True,negative
12921,569980358206361601,train,True,negative
12922,569979612865925120,train,False,positive
12923,569978804690669569,train,True,negative
12924,569978315072610304,test,False,neutral
12925,569978312157589504,train,False,negative
12926,569978298765344769,train,True,negative
12927,569978119530029056,train,False,neutral
12928,569977887136342016,train,False,negative
12929,569977806320476160,train,False,negative
12930,569977585003827200,train,True,negative
12931,569977521690669056,train,True,negative
12932,569977357055864832,train,True,negative
12933,569976751205584896,train,True,neutral
12934,569976628220182529,train,True,negative
12935,569976293573447682,train,True,neutral
12936,569976030708047872,train,True,positive
12937,569975778953142272,train,False,negative
12938,569975659730051072,train,False,negative
12939,569975650691330048,train,True,negative
12940,569975294158901248,train,False,negative
12941,569975287364001792,test,False,negative
12942,569975175321653248,train,True,negative
12943,569975126659342336,train,True,negative
12944,569975113694760960,train,False,positive
12945,569975063094501376,test,False,negative
12946,569974766393823233,train,False,negative
12947,569974705811107840,test,False,neutral
12948,569974668406296577,test,True,negative
12949,569974641214644224,test,True,neutral
12950,569974508435562496,train,False,negative
12951,569974423903715328,train,False,negative
12952,569974318463119361,test,True,positive
12953,569974287286845441,train,False,negative
12954,569974234908389376,test,False,positive
12955,569973945270546432,train,True,negative
12956,569973504390639616,train,False,negative
12957,569973352837853184,train,True,neutral
12958,569973337050341376,test,True,negative
12959,569973278699352064,train,True,negative
12960,569973105075990528,train,False,positive
12961,569973034880098304,train,False,negative
12962,569972985521532929,train,True,negative
12963,569972935227674624,train,False,negative
12964,569972777593262080,test,False,negative
12965,569972721901277184,train,True,negative
12966,569972513721229312,train,False,negative
12967,569972422130032640,train,True,negative
12968,569972047931002880,train,False,neutral
12969,569971998572589057,train,False,negative
12970,569971756498329600,train,False,positive
12971,569971722155208706,train,False,negative
12972,569971637296082945,train,False,negative
12973,569971216934526976,train,False,negative
12974,569970829322260481,train,True,negative
12975,569970775517741056,train,True,neutral
12976,569970318305046528,train,True,negative
12977,569970235392073729,train,True,negative
12978,569969599711571968,train,False,negative
12979,569969456190869504,train,False,negative
12980,569969455171813376,train,True,negative
12981,569969374875881472,train,False,negative
12982,569969267589947394,train,True,negative
12983,569968904409214976,train,False,negative
12984,569968010431066112,train,True,negative
12985,569967909155446785,train,False,positive
12986,569967897600139264,train,True,negative
12987,569967441591144450,test,True,negative
12988,569967045544005632,train,False,negative
12989,569966826639110147,train,True,negative
12990,569966496698343424,train,True,negative
12991,569966076047437824,train,False,neutral
12992,569966060926947329,test,False,neutral
12993,569965873752104960,test,False,negative
12994,569965247093731328,train,False,negative
12995,569964670531973120,test,False,positive
12996,569964493066919936,test,False,positive
12997,569964335038124033,test,False,negative
12998,569964162979221504,train,True,negative
12999,569963767066271744,train,True,negative
13000,569963701794516992,train,False,negative
13001,569962943980285952,train,False,negative
13002,569962905493315585,train,True,negative
13003,569962901601005569,train,False,neutral
13004,569962686219288576,test,True,positive
13005,569962494283919360,train,False,negative
13006,569962134328778752,train,False,negative
13007,569961680530247681,test,False,neutral
13008,569961398890991617,train,True,negative
13009,569961398551379968,train,False,negative
13010,569961302338072576,train,False,positive
13011,569961111086362625,test,False,negative
13012,569960667140235264,train,True,neutral
13013,569960665827258368,train,False,positive
13014,569960303514923009,train,False,negative
13015,569959876706885632,train,True,negative
13016,569959631256051712,train,False,negative
13017,569959601011068928,train,False,negative
13018,569959182729785344,train,False,negative
13019,569958916668305408,train,False,negative
13020,569958642411122688,train,False,negative
13021,569958485913243648,train,True,negative
13022,569958295919730688,train,False,neutral
13023,569958232162222082,train,True,neutral
13024,569958224968982528,train,False,negative
13025,569957958634770432,train,False,negative
13026,569957703813976065,train,True,negative
13027,569957675548721152,train,False,negative
13028,569957170369814528,train,False,negative
13029,569957163138883584,train,False,positive
13030,569957000752140290,train,False,negative
13031,569956742122983424,train,False,negative
13032,569956658199134208,train,True,neutral
13033,569956285828853761,train,False,positive
13034,569955742276407297,train,True,neutral
13035,569955122819817472,train,True,negative
13036,569954275016765440,train,True,negative
13037,569954220184604672,train,False,negative
13038,569954199821275136,train,False,negative
13039,569953628687101954,test,True,positive
13040,569953475640995840,test,False,negative
13041,569953006847954944,train,False,negative
13042,569952984257294336,test,True,positive
13043,569952945028108288,train,False,negative
13044,569952929756672001,test,False,neutral
13045,569952639116447745,train,True,negative
13046,569952247641198593,train,True,negative
13047,569951896808464384,train,True,positive
13048,569951566784045058,test,True,negative
13049,569951438329085952,test,False,negative
13050,569951363670642689,train,False,positive
13051,569951353205870592,train,False,neutral
13052,569951222515539968,train,True,neutral
13053,569951016033980416,train,False,positive
13054,569950980638412800,train,True,negative
13055,569950766485540864,test,True,negative
13056,569950724983025665,train,False,positive
13057,569950555344228352,train,True,negative
13058,569950510981083136,test,False,negative
13059,569949946146742272,test,True,positive
13060,569949655905263616,train,True,neutral
13061,569949415458213888,train,True,neutral
13062,569949017674809344,train,True,negative
13063,569948991569264640,test,True,positive
13064,569948758118526976,train,False,neutral
13065,569948646717812736,train,True,positive
13066,569948645853786113,test,False,negative
13067,569948507018129408,test,False,negative
13068,569948411966976000,train,False,neutral
13069,569948398545039360,test,True,negative
13070,569948314948530177,train,True,neutral
13071,569948241116016641,test,True,negative
13072,569947414263701505,train,True,negative
13073,569947324316721152,train,False,negative
13074,569946742277451776,train,False,negative
13075,569946475163033600,train,False,positive
13076,569946012988669954,train,True,negative
13077,569945910546989057,train,True,negative
13078,569945018527428608,train,False,negative
13079,569944807830736896,train,False,negative
13080,569944699877724160,train,False,negative
13081,569944355261304833,test,False,negative
13082,569944281512685570,train,False,negative
13083,569943700010172416,train,True,negative
13084,569943022474956802,test,False,negative
13085,569942287318458369,train,True,positive
13086,569942226224050176,train,True,negative
13087,569942200735424512,train,False,negative
13088,569942094766325762,train,True,negative
13089,569942084393824256,train,False,negative
13090,569942011916259330,train,True,negative
13091,569941858132070400,train,False,negative
13092,569941647884029952,train,False,positive
13093,569941389208719360,train,True,negative
13094,569940980809342976,test,False,negative
13095,569940935875948544,train,True,positive
13096,569940889902034944,train,False,neutral
13097,569940832691752960,train,False,neutral
13098,569940740454936576,train,False,positive
13099,569940685757014016,train,False,negative
13100,569940582572945409,test,False,negative
13101,569940199842525184,train,True,negative
13102,569940147615113216,test,True,negative
13103,569940075120873472,train,False,negative
13104,569939736782962688,train,False,negative
13105,569939391277350912,train,True,positive
13106,569939156740149249,train,False,negative
13107,569938864028012544,train,False,positive
13108,569938844746956800,train,True,positive
13109,569938485844422656,train,False,positive
13110,569938319024332801,train,False,negative
13111,569937998806011905,test,False,negative
13112,569937987619803136,test,True,negative
13113,569937801942310913,train,True,negative
13114,569937673206534144,test,True,positive
13115,569937638674829313,train,True,negative
13116,569937108095205376,train,True,negative
13117,569936893166489600,train,False,negative
13118,569936251551232000,test,True,positive
13119,569935980129447936,train,True,negative
13120,569935692161134592,test,False,neutral
13121,569935135895883776,train,False,negative
13122,569934460617039872,train,True,neutral
13123,569934458364813313,test,True,neutral
13124,569934457215410176,test,False,neutral
13125,569934371488202752,train,True,positive
13126,569934354241212417,train,True,negative
13127,569934205611872256,train,True,neutral
13128,569934170819948544,train,True,negative
13129,569934076641030146,train,False,negative
13130,569933901944066048,train,False,negative
13131,569933724743274496,train,False,negative
13132,569933646385188864,train,True,neutral
13133,569933565321990144,train,False,negative
13134,569933008217755648,train,False,positive
13135,569932833709527041,train,False,negative
13136,569932363641298944,train,True,negative
13137,569932216966516736,train,False,negative
13138,569931787398303744,train,False,positive
13139,569931677868273664,test,False,negative
13140,569931363505315840,train,True,negative
13141,569931327253966849,train,False,negative
13142,569930805688053761,train,False,negative
13143,569930733512491008,train,False,negative
13144,569930613962072064,train,False,negative
13145,569930406591664128,train,False,neutral
13146,569929944291127296,train,True,positive
13147,569929677214609408,train,True,negative
13148,569929141962698752,train,True,negative
13149,569928501966450689,test,False,neutral
13150,569927843666366464,train,True,negative
13151,569927644575182849,train,False,positive
13152,569927442657386496,train,False,negative
13153,569927042931814400,train,True,negative
13154,569926859699437568,test,False,negative
13155,569926212400709632,train,False,negative
13156,569925990283145216,train,False,neutral
13157,569925940224139264,train,True,neutral
13158,569925680168726529,train,True,positive
13159,569925362471211008,train,True,negative
13160,569925308368883713,train,False,negative
13161,569925291331735552,train,False,negative
13162,569925171294953473,test,False,positive
13163,569924772349538304,train,True,neutral
13164,569924309902356480,train,True,negative
13165,569923730614460416,train,True,negative
13166,569923360982900737,train,True,negative
13167,569923221341908992,test,True,negative
13168,569922451913777152,train,False,neutral
13169,569922437195829248,train,False,neutral
13170,569922305423495168,train,True,negative
13171,569921142971969537,train,False,negative
13172,569921082708389888,train,False,negative
13173,569921001301024770,train,False,negative
13174,569920778306584576,train,True,negative
13175,569920773105840128,train,False,negative
13176,569920723038416897,train,False,negative
13177,569920618843521024,train,True,negative
13178,569919996568215552,train,False,positive
13179,569919970446053377,train,False,negative
13180,569919793572261888,train,False,negative
13181,569919787888988160,train,True,negative
13182,569919703054991361,train,True,negative
13183,569919625640615936,train,False,negative
13184,569919414948237312,train,True,positive
13185,569919092540510208,train,False,positive
13186,569918774788419584,test,True,negative
13187,569918189909487617,train,False,negative
13188,569917869296758784,test,True,negative
13189,569917824078090242,train,False,negative
13190,569917791228157952,train,False,negative
13191,569917442455175168,test,True,neutral
13192,569917319381712896,train,False,negative
13193,569917183385432064,test,False,negative
13194,569917117576949760,test,True,negative
13195,569916664130637825,train,True,negative
13196,569916606064828416,train,False,negative
13197,569916590814203904,train,False,negative
13198,569916323725217793,test,True,negative
13199,569916061891633153,train,False,positive
13200,569915992777687041,test,True,negative
13201,569915972758446080,test,True,neutral
13202,569915269767757824,train,True,negative
13203,569915248620150786,train,True,neutral
13204,569915039114661888,train,False,negative
13205,569914894868328448,train,False,neutral
13206,569914848991010816,test,False,negative
13207,569914808339836928,train,False,negative
13208,569914641414905856,train,False,negative
13209,569914552382418944,train,True,neutral
13210,569914488541069312,train,False,positive
13211,569914468404035584,test,False,negative
13212,569914141814726657,test,False,negative
13213,569913899648098304,train,True,neutral
13214,569913796875161600,train,True,neutral
13215,569913274218622977,test,True,negative
13216,569913149505163264,train,False,negative
13217,569912888866906112,test,True,neutral
13218,569912835871879168,train,True,negative
13219,569912753479147521,train,True,negative
13220,569912608901373952,train,False,negative
13221,569912213068066816,train,False,negative
13222,569911783596560384,train,True,negative
13223,569911608278974465,train,False,negative
13224,569911528368926720,train,False,negative
13225,569911501626028032,test,False,neutral
13226,569911344658386944,train,False,negative
13227,569911255399596032,train,False,negative
13228,569911005557338113,train,False,positive
13229,569910943720669184,train,False,negative
13230,569910789651496960,train,False,negative
13231,569910774556004352,train,True,negative
13232,569910765173362688,train,False,positive
13233,569910528279228416,test,False,negative
13234,569910395667935232,train,False,negative
13235,569910053249142785,train,False,negative
13236,569909945514233857,train,True,negative
13237,569909908738580481,train,True,negative
13238,569909711962640384,test,False,neutral
13239,569908990118723584,test,True,negative
13240,569908918421299200,train,True,negative
13241,569908722778157056,train,True,negative
13242,569908067762094080,train,False,negative
13243,569907965223763970,test,True,negative
13244,569907544124219392,test,False,positive
13245,569907019081228288,train,False,negative
13246,569906807696551936,train,True,positive
13247,569906662061944834,train,False,neutral
13248,569906532277731328,train,False,negative
13249,569906446881697793,test,False,negative
13250,569906183487643648,train,False,negative
13251,569906117100351493,train,True,negative
13252,569906035269324800,train,False,negative
13253,569905765420441600,train,False,negative
13254,569905298481274880,train,False,negative
13255,569905122047758336,train,False,negative
13256,569905052447592448,train,False,negative
13257,569903268312125440,train,True,negative
13258,569903197835407361,train,True,negative
13259,569903191279710208,train,False,negative
13260,569903088632352769,train,True,negative
13261,569903058299199488,train,False,negative
13262,569903056403505152,train,True,negative
13263,569902322718871552,test,True,negative
13264,569901979151024129,train,True,negative
13265,569901314026692611,train,True,negative
13266,569900867324932096,train,True,negative
13267,569900784965554176,train,True,negative
13268,569900705852608513,train,True,negative
13269,569899836063019008,train,True,neutral
13270,569899646509666304,test,True,negative
13271,569899522152726529,train,True,neutral
13272,569898893262983169,train,True,neutral
13273,569898392647811072,train,True,neutral
13274,569897809731854337,train,True,negative
13275,569897748859744257,train,False,negative
13276,569897733466628097,train,True,negative
13277,569897060717105152,test,False,negative
13278,569897005297709057,train,True,negative
13279,569896666465087488,train,False,negative
13280,569896560936374272,train,False,positive
13281,569896010010353664,train,True,negative
13282,569895932394917888,train,True,negative
13283,569895927273517056,train,False,negative
13284,569895817403768833,train,False,negative
13285,569895723208040448,train,False,negative
13286,569895618866315264,train,False,negative
13287,569895538046296064,train,False,negative
13288,569895516139421696,train,False,negative
13289,569895498527727617,train,False,negative
13290,569895385851760640,train,False,negative
13291,569895266670612480,train,False,negative
13292,569895210777501696,train,True,negative
13293,569895176631554049,train,False,negative
13294,569895082402295810,train,False,negative
13295,569894969332400128,test,True,neutral
13296,569894963665707010,train,False,negative
13297,569894690566369280,test,True,negative
13298,569894356393570304,train,True,negative
13299,569893723091238912,train,False,negative
13300,569893716711747584,train,False,neutral
13301,569893516609847297,train,False,negative
13302,569893140066213888,train,False,negative
13303,569893064342437888,train,False,negative
13304,569892686624198657,train,False,negative
13305,569892670367256576,test,False,positive
13306,569892434592669696,train,False,neutral
13307,569892361691463682,train,False,negative
13308,569892297329913856,train,False,positive
13309,569892024708689920,train,True,neutral
13310,569891937924358145,test,False,negative
13311,569891790343569408,train,False,negative
13312,569891568074797056,train,False,negative
13313,569891440135794688,train,False,positive
13314,569891369390632961,train,False,negative
13315,569891023335387136,train,True,negative
13316,569890859526823936,train,False,negative
13317,569890836361580544,train,False,negative
13318,569890741666717697,train,True,positive
13319,569890715867750400,train,True,negative
13320,569890695902662657,test,False,negative
13321,569890651107491840,train,False,neutral
13322,569890258181070848,train,True,neutral
13323,569890213570457600,train,True,positive
13324,569890192338735104,train,False,negative
13325,569890109803220993,train,False,negative
13326,569889964445470721,train,False,negative
13327,569889833297915904,train,False,negative
13328,569889440753172481,test,False,negative
13329,569889391633518592,test,True,negative
13330,569888954863890433,train,True,neutral
13331,569888397205962753,train,True,neutral
13332,569887996071297024,train,True,negative
13333,569887773953527808,train,False,negative
13334,569887742479486976,train,True,negative
13335,569887584861749250,train,False,negative
13336,569886683501473793,test,False,negative
13337,569886612538023936,test,False,negative
13338,569886516505407488,train,True,negative
13339,569885774386044930,train,False,neutral
13340,569885742526124032,train,False,negative
13341,569885605401915392,train,True,neutral
13342,569885201293307905,train,True,positive
13343,569885018358575104,train,False,negative
13344,569884943217762304,train,False,negative
13345,569884756684476416,test,False,negative
13346,569884754281046016,train,True,negative
13347,569884644893532161,train,False,negative
13348,569884462051418112,test,False,negative
13349,569884438504427520,train,True,negative
13350,569884285659848704,test,True,negative
13351,569884033775063040,train,True,neutral
13352,569883848470859776,train,False,neutral
13353,569883743223050241,train,False,negative
13354,569883543536574464,test,False,negative
13355,569883153231257601,train,False,negative
13356,569883077289181184,train,False,negative
13357,569882830328569856,train,True,negative
13358,569882542855352320,train,False,neutral
13359,569881888892055552,test,True,negative
13360,569881701247291393,test,False,negative
13361,569881463233097728,train,True,negative
13362,569881453842042880,test,False,negative
13363,569881379825164288,test,True,negative
13364,569881270987186176,test,False,negative
13365,569881004262989824,train,True,negative
13366,569880599764140033,train,False,neutral
13367,569880508181696513,test,False,negative
13368,569880482109739009,train,False,negative
13369,569880374651650048,train,False,neutral
13370,569880251767123968,train,True,positive
13371,569880215079428096,train,False,neutral
13372,569880012230242304,train,True,negative
13373,569880005729067008,train,True,negative
13374,569879696093126656,train,False,negative
13375,569879600907440129,train,True,neutral
13376,569879234572718080,train,False,negative
13377,569878990841901056,train,True,negative
13378,569878631322755072,train,False,negative
13379,569878584967344128,train,False,negative
13380,569878537999503360,train,True,negative
13381,569877540698894336,train,True,negative
13382,569877301959065600,train,True,negative
13383,569877197093097472,train,True,negative
13384,569876837087580161,test,False,positive
13385,569876741092552704,train,True,neutral
13386,569876553196285952,test,True,negative
13387,569876152036290560,test,False,positive
13388,569876015834484736,test,True,positive
13389,569875419412828161,train,False,neutral
13390,569875024045314048,test,True,negative
13391,569874933549027328,train,False,negative
13392,569874879794831360,train,True,positive
13393,569874679973818369,train,False,negative
13394,569874098035142656,train,False,negative
13395,569873993311916032,train,False,negative
13396,569873418075672576,test,True,negative
13397,569872921700667392,train,False,neutral
13398,569872756302422017,train,True,neutral
13399,569872455377879040,train,False,neutral
13400,569872132269682688,train,False,negative
13401,569871979739635712,train,True,negative
13402,569871411843461121,train,False,negative
13403,569871364603031553,train,True,negative
13404,569871068833435648,train,False,negative
13405,569870837815205888,test,False,negative
13406,569870252508635136,train,True,negative
13407,569870130169163776,train,False,negative
13408,569870075316064256,train,False,neutral
13409,569869892960133120,train,False,negative
13410,569869884164714498,train,False,negative
13411,569869514944466945,test,False,negative
13412,569869506560069633,test,True,positive
13413,569869374103793664,train,False,negative
13414,569868638968254467,train,False,negative
13415,569868478435487744,train,True,neutral
13416,569868201720287232,train,False,negative
13417,569868115481395201,test,True,negative
13418,569867943888056320,train,False,negative
13419,569867786572341252,train,True,negative
13420,569867607341436928,train,False,negative
13421,569867582070591488,train,False,neutral
13422,569867363580903424,test,True,positive
13423,569867211852156928,train,False,negative
13424,569867192445083648,train,False,negative
13425,569866669243265024,train,False,positive
13426,569866310793826304,train,False,negative
13427,569866272218836992,train,True,neutral
13428,569866168527405056,train,True,negative
13429,569866091998126080,train,True,negative
13430,569865357625851905,test,False,negative
13431,569865061855932416,train,True,negative
13432,569865022031015937,train,False,negative
13433,569864892695490560,train,False,negative
13434,569864878007001088,test,False,positive
13435,569864863171764224,train,False,negative
13436,569864791323320320,train,True,negative
13437,569864778702671874,test,True,negative
13438,569864689452077058,train,False,negative
13439,569864610016321536,train,True,negative
13440,569863871030292481,test,True,neutral
13441,569863705841831936,train,False,negative
13442,569863349737021440,train,False,positive
13443,569863229356310528,test,False,negative
13444,569863194929471488,train,False,negative
13445,569862869241765888,train,True,negative
13446,569862827227402241,train,True,positive
13447,569862449559527426,train,True,negative
13448,569861417689419776,test,False,neutral
13449,569860677650636801,train,True,negative
13450,569860221755117568,train,False,negative
13451,569860103341518849,train,False,negative
13452,569860082965426176,train,False,negative
13453,569859218058162176,train,False,negative
13454,569859036360908801,train,True,negative
13455,569858655086120961,train,False,negative
13456,569858330421694465,test,True,negative
13457,569858278370516992,train,False,negative
13458,569858012967542786,train,False,negative
13459,569857805483675648,train,True,negative
13460,569857475098202113,test,True,negative
13461,569857446371438592,train,False,negative
13462,569857415027564545,train,False,neutral
13463,569857209745584129,train,True,positive
13464,569857157778132993,train,True,negative
13465,569857128988602368,test,False,negative
13466,569856784086777856,test,False,negative
13467,569855866255462401,train,False,neutral
13468,569855814716039168,train,True,negative
13469,569855409567207424,train,True,negative
13470,569855205187190784,train,True,negative
13471,569854995958509568,train,True,negative
13472,569854535608311809,train,True,positive
13473,569854492126146560,train,False,negative
13474,569854151531859968,test,False,negative
13475,569853969469734912,train,False,negative
13476,569853568200503296,train,True,negative
13477,569853327359516672,train,False,negative
13478,569852965315584000,train,False,negative
13479,569852657327738880,test,True,negative
13480,569852250488573952,train,False,negative
13481,569852112605089792,train,False,negative
13482,569852084536750080,train,False,negative
13483,569851972645466112,train,True,negative
13484,569851952282112000,test,False,negative
13485,569851855917830145,train,True,negative
13486,569851241922207746,train,True,negative
13487,569850912451072000,train,False,negative
13488,569850808029859840,train,True,positive
13489,569850597169598464,train,False,negative
13490,569850259507154944,train,True,negative
13491,569850239789568000,train,True,negative
13492,569850083140882432,test,False,negative
13493,569849818694037504,train,True,negative
13494,569849550032101377,test,True,positive
13495,569848857498161154,train,False,positive
13496,569847788986462209,train,False,negative
13497,569847671822946304,train,False,negative
13498,569847331064934401,train,True,neutral
13499,569847223829307392,test,True,neutral
13500,569846990076387328,train,False,negative
13501,569846963350454272,train,False,negative
13502,569846882291159040,train,False,positive
13503,569846545715228673,train,False,neutral
13504,569846356409339906,train,False,positive
13505,569846302663688192,train,False,negative
13506,569846045892608001,train,True,negative
13507,569846023553720321,train,True,negative
13508,569845438494457856,train,False,negative
13509,569845041440677888,train,True,negative
13510,569844812783996928,train,False,negative
13511,569844379176853504,train,False,negative
13512,569844262461972480,train,False,negative
13513,569844251426729984,train,True,negative
13514,569844044693577728,train,True,neutral
13515,569844028365275136,train,False,negative
13516,569843745157451776,train,True,negative
13517,569843488969371649,train,False,negative
13518,569843485911560192,train,True,negative
13519,569843359029850112,train,False,negative
13520,569843331930263552,train,True,negative
13521,569842929860263936,train,True,negative
13522,569842758967386112,train,False,negative
13523,569842295387791361,test,True,negative
13524,569842067544805376,test,False,neutral
13525,569841575737499648,train,True,positive
13526,569841476240166912,test,True,negative
13527,569841254655270912,train,False,negative
13528,569841119783202817,train,True,negative
13529,569840848764059648,train,True,negative
13530,569839807787958273,train,True,negative
13531,569839377104285696,train,True,negative
13532,569839216512917504,train,False,negative
13533,569839118093398016,train,False,neutral
13534,569838878049345536,train,False,neutral
13535,569838834810093568,train,False,negative
13536,569838589879685120,train,True,negative
13537,569838466697175040,train,False,negative
13538,569838141273559040,train,False,negative
13539,569837686367744000,train,False,negative
13540,569837685428359168,train,False,negative
13541,569837650984751104,train,True,negative
13542,569837381261533185,train,False,negative
13543,569837191540551680,train,True,negative
13544,569837152332333056,train,False,negative
13545,569836467876470784,train,True,negative
13546,569836433931808768,train,True,negative
13547,569835918955143168,train,True,negative
13548,569835766416867328,train,False,negative
13549,569835751275433984,train,True,negative
13550,569835641514692608,test,True,negative
13551,569835167944019968,train,False,negative
13552,569834060043780096,train,False,positive
13553,569832860795985920,train,False,positive
13554,569832733226110976,test,True,negative
13555,569832383991525377,train,False,negative
13556,569832363527708674,train,True,positive
13557,569832053241450496,test,True,negative
13558,569831634817708032,train,False,negative
13559,569831418412429312,train,False,negative
13560,569831393682976768,train,True,neutral
13561,569830532516868097,test,False,negative
13562,569830322357084160,train,True,negative
13563,569830069746712576,train,False,negative
13564,569829960178905089,test,True,negative
13565,569829233423360000,train,True,neutral
13566,569828817960869888,train,True,neutral
13567,569828681297870848,train,True,negative
13568,569827699243544576,train,True,negative
13569,569827608193585152,test,True,negative
13570,569827602589835265,train,False,negative
13571,569826633152110592,train,True,negative
13572,569826452633313280,train,False,positive
13573,569825634295230466,train,False,negative
13574,569823770308939776,train,True,negative
13575,569823600837947392,test,True,neutral
13576,569822277145133056,train,True,positive
13577,569822102062309376,train,True,negative
13578,569821659097477120,train,False,negative
13579,569821519116955650,train,True,neutral
13580,569821309137514496,train,True,neutral
13581,569821145697890304,train,False,negative
13582,569820671234060288,test,False,negative
13583,569820619682009088,train,True,neutral
13584,569818697113702400,test,True,negative
13585,569818507891871744,test,True,negative
13586,569818121302896640,test,True,negative
13587,569817817522044928,train,True,negative
13588,569817471940587520,train,True,negative
13589,569817130801221632,train,True,negative
13590,569816739699150849,train,False,negative
13591,569815545077501952,train,False,negative
13592,569815422675124225,train,True,negative
13593,569814855349346304,train,False,positive
13594,569811470797676544,train,True,negative
13595,569811246096064512,test,True,negative
13596,569811225770479616,test,False,negative
13597,569810928449003521,train,False,negative
13598,569806083981758464,train,True,positive
13599,569806030584057856,train,True,positive
13600,569805521638662144,train,True,negative
13601,569805235255783424,train,False,negative
13602,569804589437812736,train,False,negative
13603,569804373859020801,train,False,negative
13604,569803373530128384,train,False,negative
13605,569803188901031936,train,False,negative
13606,569802396328534016,train,False,negative
13607,569802164060557312,train,False,negative
13608,569801797851697152,train,True,negative
13609,569801344988680192,train,False,negative
13610,569801089022734336,test,False,neutral
13611,569800909942886400,train,True,negative
13612,569799734774272002,train,True,negative
13613,569799402119770113,train,False,neutral
13614,569799325175275520,train,True,negative
13615,569799181394538496,train,False,neutral
13616,569799053690556418,train,False,neutral
13617,569798946740166656,train,True,negative
13618,569797440100036608,test,True,neutral
13619,569796511409704960,train,False,negative
13620,569795397448634368,train,False,negative
13621,569795284764532736,train,False,negative
13622,569794658479394817,train,False,negative
13623,569794574966591489,train,False,negative
13624,569793460414189568,train,True,negative
13625,569792794711220224,test,False,neutral
13626,569790444797865984,train,True,neutral
13627,569790297875599361,test,False,negative
13628,569789996707803136,train,True,negative
13629,569789622491820032,train,False,negative
13630,569788202174713856,train,False,negative
13631,569788087481409537,train,False,negative
13632,569787573725491200,test,False,negative
13633,569787479324299265,test,False,negative
13634,569787232292245504,train,False,negative
13635,569786809028255744,train,True,negative
13636,569786720562110464,test,False,negative
13637,569786457998680064,test,False,negative
13638,569786215693742080,test,True,negative
13639,569784699117137920,train,True,negative
13640,569784114309693440,train,False,positive
13641,569782460000514048,train,True,negative
13642,569782378270314498,train,True,negative
13643,569780060523261952,train,True,negative
13644,569779719798951936,train,True,negative
13645,569775795452792833,train,True,neutral
13646,569774692371820544,train,False,neutral
13647,569774273851568128,test,True,negative
13648,569772113378217984,train,False,negative
13649,569771576528220161,test,False,negative
13650,569770867841839104,train,False,negative
13651,569770321563279360,train,False,negative
13652,569769747019128832,train,False,negative
13653,569769643864408064,train,True,negative
13654,569769633995104256,train,False,negative
13655,569769606761439232,train,False,negative
13656,569769525744250880,train,False,negative
13657,569769214388473857,train,True,negative
13658,569768294648905728,train,False,negative
13659,569766964895166465,train,True,neutral
13660,569766662024630272,train,True,negative
13661,569766247715319808,test,True,negative
13662,569766140332937216,train,True,negative
13663,569764857991467008,train,False,negative
13664,569764275700375552,test,True,negative
13665,569763959240200193,train,True,neutral
13666,569762940816990208,train,False,negative
13667,569761641211895808,train,True,negative
13668,569760118591467520,train,True,negative
13669,569759892803756032,train,False,negative
13670,569758473535164416,train,True,negative
13671,569758106395254784,train,True,neutral
13672,569757774395023360,train,True,negative
13673,569757272760397824,train,True,positive
13674,569757115822157826,train,False,negative
13675,569755053159874561,train,True,negative
13676,569754550187352064,train,True,negative
13677,569754108321607680,train,True,negative
13678,569753971406999552,train,False,negative
13679,569753555181006848,train,False,negative
13680,569753036014247936,train,True,negative
13681,569752206343348224,test,True,negative
13682,569750857215922176,train,False,neutral
13683,569749507623120897,train,False,negative
13684,569748937545883648,train,False,negative
13685,569747411779735552,train,True,negative
13686,569747280552538112,test,False,negative
13687,569747170741465088,train,True,negative
13688,569746542275354625,train,True,negative
13689,569746288499138560,train,False,negative
13690,569745948437569536,train,False,negative
13691,569745801121009664,train,True,negative
13692,569745686784315392,train,False,negative
13693,569745528382038016,test,True,negative
13694,569745375713558528,test,False,negative
13695,569745303794024448,train,True,negative
13696,569744516715913216,test,True,negative
13697,569743129928028160,train,True,negative
13698,569742995102117888,train,False,negative
13699,569742876793372672,train,False,negative
13700,569742312059899904,train,True,negative
13701,569742305499828224,test,False,negative
13702,569741854565998593,train,True,negative
13703,569741783896367104,train,False,neutral
13704,569740962760499200,train,False,negative
13705,569740739912949760,train,True,negative
13706,569740409787658240,train,False,negative
13707,569740392372895745,train,False,negative
13708,569740152966238208,train,False,negative
13709,569739695459995648,train,False,negative
13710,569739515243462656,test,False,neutral
13711,569739154600300544,train,False,negative
13712,569739141635817472,train,True,negative
13713,569738877969129472,train,False,negative
13714,569738779931623425,test,True,negative
13715,569738487269756928,train,True,negative
13716,569737682466656258,train,True,negative
13717,569737397350461440,train,False,negative
13718,569737333827887105,train,True,positive
13719,569737258191839232,test,False,neutral
13720,569736870927556608,train,True,negative
13721,569736283326586880,test,True,neutral
13722,569735461033213952,train,False,negative
13723,569734641193586688,train,False,negative
13724,569734526521511936,train,True,neutral
13725,569733719256272896,train,False,negative
13726,569733572606763008,train,False,positive
13727,569733547843457025,train,False,negative
13728,569733539899568128,train,False,positive
13729,569733015896592385,train,False,negative
13730,569732616376725504,test,True,positive
13731,569732365968404480,train,True,negative
13732,569732355067244545,train,True,negative
13733,569731189214351360,test,True,positive
13734,569730861593010176,train,False,negative
13735,569730801480245248,test,False,negative
13736,569730747675897856,train,False,positive
13737,569730304111325184,train,False,negative
13738,569730123210948608,train,True,neutral
13739,569729821397291008,train,True,negative
13740,569729657248985089,train,True,negative
13741,569729569428627456,test,True,positive
13742,569728466469453825,train,False,negative
13743,569728440758181889,test,True,negative
13744,569728283568418816,train,True,neutral
13745,569727743450984448,train,True,negative
13746,569727727881682944,train,True,negative
13747,569727628766281728,train,True,negative
13748,569727598130962432,train,True,negative
13749,569727488131092481,train,True,negative
13750,569727383797829632,train,False,positive
13751,569727223990775808,train,False,negative
13752,569727135717281792,test,True,negative
13753,569724918016839681,train,True,negative
13754,569724545738760192,train,False,negative
13755,569724254473850880,test,False,positive
13756,569723864252424193,train,True,negative
13757,569723205142880256,train,False,positive
13758,569721721944735744,test,False,negative
13759,569721575492194304,test,False,negative
13760,569721419849797632,train,True,negative
13761,569721410542645248,train,True,neutral
13762,569721379823554562,train,False,negative
13763,569721039158173697,train,True,negative
13764,569720969947848704,test,True,negative
13765,569720605383241728,train,False,negative
13766,569720491830878208,train,False,positive
13767,569720452987252736,train,True,neutral
13768,569720366198759424,train,False,negative
13769,569720325165830144,train,False,neutral
13770,569720168160428032,train,True,neutral
13771,569720084484083712,train,False,positive
13772,569720008630149120,train,False,negative
13773,569719978993152000,train,False,negative
13774,569719693780496384,train,False,negative
13775,569719540520628224,train,False,negative
13776,569719449458094080,train,True,negative
13777,569718904131420161,train,False,negative
13778,569718802029666305,train,False,negative
13779,569718651709820930,train,False,neutral
13780,569718484151750656,train,True,negative
13781,569718465034096640,test,True,negative
13782,569718461217308673,train,False,negative
13783,569718410944188417,train,True,negative
13784,569718285060706304,train,False,negative
13785,569718162595426304,test,True,positive
13786,569717866611630081,train,False,positive
13787,569717739113320448,train,False,negative
13788,569717632993263616,test,True,negative
13789,569717605277130752,train,True,negative
13790,569717037464838144,train,False,positive
13791,569716576850731008,train,True,neutral
13792,569716270184173568,train,False,negative
13793,569715908664430593,train,True,neutral
13794,569715860241129472,train,False,negative
13795,569715802703859712,train,False,negative
13796,569715539821654017,train,True,negative
13797,569715419851796482,train,False,neutral
13798,569715341259104256,train,True,neutral
13799,569715074505420802,train,True,negative
13800,569715065202577408,train,False,positive
13801,569715059385114624,train,True,neutral
13802,569714918951391232,train,False,neutral
13803,569714842405249024,test,True,positive
13804,569714755109294080,train,False,neutral
13805,569714439517138944,train,False,positive
13806,569714383971966976,train,False,negative
13807,569714230842302464,train,False,negative
13808,569714003653431296,train,True,neutral
13809,569713890138963968,train,False,negative
13810,569713719124602880,test,True,negative
13811,569713615047168000,train,True,negative
13812,569713244320837633,train,True,negative
13813,569712291857485824,train,False,negative
13814,569711923148689408,train,True,negative
13815,569711436781322241,train,True,neutral
13816,569711253490409473,test,False,negative
13817,569710876682366977,train,True,negative
13818,569710446112067584,train,False,negative
13819,569710119216422912,train,True,negative
13820,569709973963468801,train,True,negative
13821,569709793000210432,train,True,negative
13822,569709666625675264,train,False,neutral
13823,569709552721141764,train,False,negative
13824,569708886518849536,train,True,negative
13825,569708573762023424,train,False,neutral
13826,569708269943418880,train,True,negative
13827,569707409985445889,train,False,positive
13828,569706873525391360,train,True,negative
13829,569706809126055936,train,True,negative
13830,569706793531629570,train,True,negative
13831,569706754025660417,train,False,negative
13832,569706627667853312,train,False,neutral
13833,569705524138090496,train,False,neutral
13834,569705276481282048,test,True,negative
13835,569704597922557952,test,True,negative
13836,569704388106719232,train,True,negative
13837,569704220472913920,train,True,neutral
13838,569704219315318784,train,False,negative
13839,569704164743376896,train,False,negative
13840,569703866997952512,train,True,negative
13841,569703802783145984,train,True,negative
13842,569703641096933377,train,False,negative
13843,569703616426045441,train,True,negative
13844,569703417628770304,train,False,negative
13845,569703263467126784,train,True,negative
13846,569702549491752960,train,True,negative
13847,569701848476745728,train,False,neutral
13848,569701794567163905,test,False,negative
13849,569701646445326336,train,False,neutral
13850,569701550039429121,train,False,negative
13851,569701210120450049,train,False,negative
13852,569701189199089664,train,True,negative
13853,569701122899775488,train,True,negative
13854,569700953164615681,train,False,negative
13855,569700922248581121,train,True,positive
13856,569700785824669696,train,True,positive
13857,569700696624246785,train,True,positive
13858,569700635152494592,train,False,negative
13859,569700397884928000,train,False,negative
13860,569700252321755137,train,True,negative
13861,569700244050440192,train,False,negative
13862,569700071484338177,test,True,negative
13863,569699607707398146,train,True,negative
13864,569699455919726593,train,False,negative
13865,569699437901000706,test,False,negative
13866,569699154965827584,train,False,negative
13867,569699091367665664,test,True,negative
13868,569698963428925440,test,True,negative
13869,569698856037789696,train,False,negative
13870,569698811708370944,train,True,negative
13871,569698519742861312,train,False,negative
13872,569698461911683073,train,False,neutral
13873,569698217614544897,train,True,negative
13874,569698145703043072,test,False,negative
13875,569697809017864193,test,True,negative
13876,569697735177170945,train,True,negative
13877,569697701098602497,train,True,negative
13878,569697188508348416,test,False,neutral
13879,569696864091697152,train,True,negative
13880,569696824061235200,train,False,positive
13881,569696793652371456,train,True,negative
13882,569696449111461888,test,True,positive
13883,569696080121569280,train,True,negative
13884,569696039914971136,train,True,positive
13885,569695998894673920,train,False,negative
13886,569695794598531072,train,True,negative
13887,569695357858238464,train,False,negative
13888,569695286907551745,train,True,negative
13889,569695048889028608,train,False,negative
13890,569694591290646529,test,True,neutral
13891,569694483769659392,test,True,negative
13892,569693838329180160,train,False,negative
13893,569693808914522113,train,False,negative
13894,569693767831146497,train,True,negative
13895,569693713087082497,train,False,negative
13896,569693664433156096,test,True,negative
13897,569693592597323776,train,False,negative
13898,569693551589756928,train,True,negative
13899,569693300120113152,train,False,negative
13900,569692982955237377,train,True,negative
13901,569692788968845312,train,True,negative
13902,569692664720797696,test,True,negative
13903,569692610543005697,train,False,negative
13904,569692299539517441,train,False,negative
13905,569692168165527552,train,False,negative
13906,569692064511692801,train,True,negative
13907,569692012456181760,train,False,negative
13908,569691858365915136,train,False,negative
13909,569691772000931840,train,True,negative
13910,569691680661762049,test,False,negative
13911,569691648579338240,train,False,negative
13912,569691609404706817,train,False,negative
13913,569691574625415168,train,False,negative
13914,569691533101780992,train,False,negative
13915,569691521454223361,train,False,negative
13916,569691389958553600,train,False,negative
13917,569691155606183937,test,False,negative
13918,569691100090273792,train,False,negative
13919,569691079471050752,train,True,negative
13920,569691049116839936,train,False,negative
13921,569690711026573312,train,False,negative
13922,569690693888663552,train,False,negative
13923,569690664029462529,train,False,negative
13924,569690603547697152,test,False,negative
13925,569690433996984320,train,False,negative
13926,569690347183480832,train,True,negative
13927,569690272830922752,train,False,negative
13928,569690252450799616,train,True,neutral
13929,569690131235340288,train,False,negative
13930,569689983969202180,train,False,negative
13931,569689826221363201,train,True,negative
13932,569689784517402625,train,False,negative
13933,569689370988408832,train,False,negative
13934,569689239136423936,test,False,negative
13935,569689221658775553,test,True,positive
13936,569688901922615296,test,True,negative
13937,569688822486847488,train,True,negative
13938,569688822180503552,train,True,negative
13939,569688698301784064,train,True,negative
13940,569688669100994561,test,False,negative
13941,569688392553799680,test,True,negative
13942,569688317412970496,test,False,positive
13943,569688245019111425,train,False,negative
13944,569688233002401792,train,True,neutral
13945,569688201222160385,test,True,negative
13946,569688050386620416,train,False,neutral
13947,569687606901940226,train,True,negative
13948,569687399426617344,test,False,negative
13949,569687343403106304,train,False,negative
13950,569687291007881216,train,True,negative
13951,569687163136315392,train,False,neutral
13952,569687056542244864,train,True,negative
13953,569686478046887937,train,False,negative
13954,569686415665025024,test,False,negative
13955,569686401735745536,train,True,negative
13956,569686397789057024,train,True,neutral
13957,569686372124102656,train,True,neutral
13958,569686237478572032,train,True,negative
13959,569686145275072512,train,True,negative
13960,569685890349404160,train,True,negative
13961,569685644449964032,train,True,negative
13962,569685261518376960,train,True,positive
13963,569685165565308928,train,False,positive
13964,569684864141824000,train,True,negative
13965,569684820604817408,train,False,positive
13966,569684565838553088,test,False,negative
13967,569684433218875392,test,False,negative
13968,569684298107740160,test,True,neutral
13969,569683974748033026,train,True,negative
13970,569683921908195328,test,False,neutral
13971,569683872046194688,train,False,neutral
13972,569683866908286976,test,True,negative
13973,569683804857745409,train,True,positive
13974,569683456990580736,train,False,negative
13975,569683397657767937,test,False,neutral
13976,569683183161233408,train,True,negative
13977,569683041578192896,train,False,positive
13978,569682961345470465,train,True,neutral
13979,569682818306953216,train,False,negative
13980,569682667362344960,train,True,negative
13981,569682097125896192,train,False,neutral
13982,569682062787149824,train,False,neutral
13983,569682010270101504,train,True,negative
13984,569681863939371008,train,False,negative
13985,569681786860654592,test,True,negative
13986,569681774307123200,train,False,negative
13987,569681251734409216,train,False,negative
13988,569680920162258945,train,True,neutral
13989,569680835894497280,test,False,negative
13990,569680818228084736,train,True,negative
13991,569680659288969218,train,False,negative
13992,569680508088688641,test,False,negative
13993,569680398185312256,train,True,positive
13994,569680242194980864,train,False,negative
13995,569680231012773888,train,False,negative
13996,569679759250038784,train,True,negative
13997,569679296572170240,train,True,neutral
13998,569679274535362561,test,False,negative
13999,569679254495100928,train,False,negative
14000,569679210454724609,train,True,positive
14001,569678905344270336,train,True,positive
14002,569678749056294913,train,False,negative
14003,569678620878376960,train,True,negative
14004,569678544869199872,train,False,negative
14005,569678456478404608,train,True,negative
14006,569678397158268929,train,False,negative
14007,569678349846450177,train,True,neutral
14008,569678154152828928,train,True,negative
14009,569678153783877634,train,False,negative
14010,569678065422311424,train,False,neutral
14011,569677848983801856,train,False,neutral
14012,569677660890116096,test,True,negative
14013,569677591055106048,train,False,negative
14014,569677563334942720,test,False,negative
14015,569677513539981313,train,True,negative
14016,569677478077136897,train,False,negative
14017,569677287551049729,train,False,neutral
14018,569676866824642561,test,False,negative
14019,569676702030262272,test,True,negative
14020,569676640692752385,train,False,neutral
14021,569676450552537088,train,False,neutral
14022,569676336635236352,train,False,positive
14023,569676333766328320,train,False,negative
14024,569676317144133632,train,False,negative
14025,569676304154554368,train,True,positive
14026,569676250312249344,train,False,negative
14027,569676227981791232,train,False,negative
14028,569676217432977408,train,False,negative
14029,569675979284721665,train,False,negative
14030,569675799122591746,train,False,negative
14031,569675774627848192,train,True,negative
14032,569675637365071872,train,False,neutral
14033,569675608969465856,train,False,negative
14034,569675530792013824,train,False,negative
14035,569675527662874624,test,True,neutral
14036,569675481857064960,train,False,negative
14037,569675178227081216,train,True,negative
14038,569674883099205632,test,False,negative
14039,569674812781694976,train,False,negative
14040,569674725623926784,train,True,negative
14041,569674597479677952,train,False,negative
14042,569674565074481152,test,False,negative
14043,569674298924900352,train,False,negative
14044,569674294411669504,train,False,negative
14045,569674237079744512,train,True,negative
14046,569674205920411648,train,True,negative
14047,569673981164277760,train,False,neutral
14048,569673900805783552,train,True,negative
14049,569673773567381505,train,False,negative
14050,569673764562010112,train,True,negative
14051,569673758501412865,train,True,negative
14052,569673709520158720,train,False,neutral
14053,569673582609088512,train,False,negative
14054,569673434721951744,train,True,negative
14055,569673346864037888,train,False,negative
14056,569673275183386625,train,True,negative
14057,569673044802854912,test,False,negative
14058,569672974657146880,train,True,negative
14059,569672930851844096,train,True,negative
14060,569672905270800385,train,True,negative
14061,569672807715463168,train,True,negative
14062,569672361890295808,train,True,positive
14063,569672329321701376,train,True,negative
14064,569672292919173120,test,False,negative
14065,569672021078114304,train,True,negative
14066,569672003403313154,train,False,neutral
14067,569671659394699265,train,True,negative
14068,569671368788172800,train,False,negative
14069,569671290111393792,train,True,negative
14070,569671087820111872,train,True,positive
14071,569671053594591232,train,False,negative
14072,569670802867556352,train,False,negative
14073,569670634718023680,train,False,positive
14074,569670589646032896,test,False,negative
14075,569670559300239360,train,False,neutral
14076,569670523765960704,train,True,positive
14077,569670354030989313,train,False,negative
14078,569670286418841603,train,False,positive
14079,569670155132907520,train,False,neutral
14080,569670147893383168,train,True,negative
14081,569669795559432192,test,False,negative
14082,569669669948424192,train,False,neutral
14083,569669603443519490,train,True,negative
14084,569669381128654848,test,False,negative
14085,569669174731153408,train,False,neutral
14086,569669062206332929,test,False,negative
14087,569668652045369344,train,False,positive
14088,569668644529147904,test,True,negative
14089,569668637369491458,train,False,neutral
14090,569668455202484224,train,True,negative
14091,569668448718073856,train,True,neutral
14092,569667918557900800,train,True,negative
14093,569667782910058496,train,False,neutral
14094,569667675603009537,train,True,negative
14095,569667517146222592,train,True,neutral
14096,569667378457391106,train,False,negative
14097,569666885035409408,test,False,negative
14098,569666866932813824,train,False,neutral
14099,569666814017294339,test,True,neutral
14100,569666689589231616,test,False,negative
14101,569666687253008384,test,False,negative
14102,569666244317618177,train,True,negative
14103,569666226974294016,test,False,negative
14104,569666202634743808,train,False,positive
14105,569666042672369665,train,False,negative
14106,569665983113080832,test,False,negative
14107,569665738165891073,train,True,negative
14108,569665707870285824,train,True,negative
14109,569665295381614594,train,True,negative
14110,569665260375793664,train,False,negative
14111,569665225940709376,train,True,positive
14112,569665193266909184,test,False,negative
14113,569664965658972160,train,False,neutral
14114,569664878434254848,test,False,negative
14115,569664828911919104,train,True,negative
14116,569664787946164224,test,True,negative
14117,569664668010225664,test,True,negative
14118,569664514142183424,test,False,negative
14119,569664330163200000,train,False,negative
14120,569664265218600960,train,False,negative
14121,569664261678600192,train,True,neutral
14122,569664191574859777,train,False,negative
14123,569664087740715008,train,True,negative
14124,569664077049384961,train,False,negative
14125,569664007864492032,train,True,negative
14126,569663928701038592,train,True,negative
14127,569663851928485888,test,False,neutral
14128,569663735217971200,test,False,negative
14129,569663701017624576,train,False,negative
14130,569663687948181504,train,True,negative
14131,569663577226915840,test,False,negative
14132,569663351124422656,test,True,negative
14133,569663325383979008,train,True,positive
14134,569662896344592385,train,False,positive
14135,569662471213948928,test,True,negative
14136,569662418898579456,test,False,negative
14137,569662221099384832,train,False,negative
14138,569662145886957568,train,True,negative
14139,569662113989439488,train,False,negative
14140,569661937203572738,train,False,negative
14141,569661901468270592,train,False,negative
14142,569661852235509762,train,False,negative
14143,569661761449791488,train,True,negative
14144,569661662648610816,train,True,negative
14145,569661649138941952,train,True,negative
14146,569661596898709504,train,True,negative
14147,569661509988708352,test,False,negative
14148,569661464509861888,train,False,negative
14149,569661321744134144,train,False,negative
14150,569661233923629056,train,False,negative
14151,569660666014859264,train,True,negative
14152,569660648738697216,train,False,negative
14153,569660558112239616,train,True,negative
14154,569660501526859776,train,True,negative
14155,569660442408321024,train,False,negative
14156,569660363794468864,test,False,negative
14157,569660166959865856,train,True,negative
14158,569660164149800960,test,False,negative
14159,569660029093203968,train,False,negative
14160,569659956384788480,train,False,negative
14161,569659668412407808,test,False,negative
14162,569659620517662721,train,True,negative
14163,569659617699074048,test,False,negative
14164,569659599709704192,train,True,positive
14165,569659556869120000,test,False,negative
14166,569659515706028033,train,True,negative
14167,569659367001186304,train,False,neutral
14168,569659364530728961,train,False,negative
14169,569659317458243584,test,True,negative
14170,569659230929555456,train,False,negative
14171,569659173044129792,test,False,negative
14172,569659162281377794,train,False,negative
14173,569658953828732928,train,True,negative
14174,569658878939410432,train,False,neutral
14175,569658725016809472,train,True,negative
14176,569658686999818241,test,False,negative
14177,569658340147646464,test,True,neutral
14178,569658322413965312,test,True,negative
14179,569658243871608832,train,True,negative
14180,569658153115250689,test,True,negative
14181,569658152741957634,train,True,neutral
14182,569657850856919041,train,False,negative
14183,569657763069952001,train,True,neutral
14184,569657618576355328,train,False,negative
14185,569657523944366080,train,False,negative
14186,569657504273027073,train,True,negative
14187,569657264262533120,train,True,negative
14188,569657112109965312,train,True,negative
14189,569656873315487746,train,False,negative
14190,569656858400694272,train,True,neutral
14191,569656756764217345,train,True,negative
14192,569656727995600896,train,False,negative
14193,569656281885077505,test,True,neutral
14194,569656230769262592,train,True,positive
14195,569655861297049600,train,True,negative
14196,569655392931876864,train,True,neutral
14197,569655339135725568,train,True,neutral
14198,569655141890170880,train,False,positive
14199,569655113477988352,train,True,neutral
14200,569655012915322880,train,True,negative
14201,569654988877668354,train,True,negative
14202,569654735592140800,train,False,negative
14203,569654562031685632,train,True,negative
14204,569654393898864640,train,False,negative
14205,569654332246904832,train,False,negative
14206,569654204375175169,train,False,negative
14207,569654198901608448,train,True,negative
14208,569654178789724160,train,False,negative
14209,569654047151562752,train,False,negative
14210,569653752279531521,test,True,negative
14211,569653423836045312,train,True,negative
14212,569652564544761856,train,True,negative
14213,569652510950100992,train,True,negative
14214,569652478020489216,train,False,negative
14215,569652313813430273,train,True,negative
14216,569651818453708800,train,False,negative
14217,569651816197169153,train,True,negative
14218,569651579307069440,train,True,negative
14219,569651504753332225,train,True,negative
14220,569651366018166784,train,False,negative
14221,569651357491326976,train,True,negative
14222,569651320736522240,test,False,negative
14223,569651226280751105,train,False,negative
14224,569651129136459776,train,False,negative
14225,569651021175267332,train,True,negative
14226,569650859371405312,train,True,negative
14227,569650813070483457,train,False,negative
14228,569650542995116033,test,True,negative
14229,569650276380110848,train,True,negative
14230,569650273091584000,train,True,neutral
14231,569650182331084801,train,False,negative
14232,569649747213987841,train,False,negative
14233,569649712996823041,train,True,negative
14234,569649508113625089,test,False,negative
14235,569649222963871744,train,False,negative
14236,569649152696516608,train,True,positive
14237,569648849494675456,train,True,neutral
14238,569648713980715010,train,True,negative
14239,569648102669471744,test,False,negative
14240,569647825299963904,train,True,neutral
14241,569647618932002816,test,True,positive
14242,569647146712113152,test,True,negative
14243,569646934031343619,train,False,negative
14244,569646854402486272,train,False,negative
14245,569646827567501312,train,False,positive
14246,569646613183885312,test,True,negative
14247,569646601398067200,test,True,negative
14248,569646347705561088,train,True,negative
14249,569646280214847488,train,True,negative
14250,569646230264885249,train,True,neutral
14251,569646144805953536,train,False,negative
14252,569645815268044801,train,True,negative
14253,569645783974195202,train,True,negative
14254,569645502729457666,train,True,neutral
14255,569645350379757568,train,True,negative
14256,569645294708609025,train,False,negative
14257,569645082414080000,test,False,negative
14258,569644902637813761,train,True,negative
14259,569644759024852992,train,False,neutral
14260,569644716343455744,train,False,negative
14261,569644637343711232,train,True,positive
14262,569644495517589504,test,False,negative
14263,569644335014092800,train,True,negative
14264,569644332573007873,test,False,negative
14265,569644168584105984,test,False,negative
14266,569644070470963201,test,True,negative
14267,569644041857421312,train,False,negative
14268,569643921543958530,train,False,neutral
14269,569643614113918976,train,True,negative
14270,569643388611330048,test,True,negative
14271,569643354557796353,train,False,negative
14272,569643344462262274,train,True,negative
14273,569643301332258817,train,True,negative
14274,569643210785497088,train,False,negative
14275,569643184067727361,test,False,neutral
14276,569642989515112448,train,False,negative
14277,569642766407483392,train,True,neutral
14278,569642757767081984,test,False,positive
14279,569642742852268032,train,False,negative
14280,569642306640306176,test,True,neutral
14281,569642267385798657,train,False,positive
14282,569642200595898368,train,True,negative
14283,569642145977479169,train,False,negative
14284,569641915114659840,train,False,negative
14285,569641880276893697,train,True,positive
14286,569641841454239744,train,True,negative
14287,569641810571763712,train,True,negative
14288,569641785347059712,train,True,negative
14289,569641693726842880,train,True,neutral
14290,569641676244791296,train,False,negative
14291,569641587766009856,train,False,negative
14292,569641551116177409,train,False,positive
14293,569641343439360000,train,True,negative
14294,569641336652967937,train,True,neutral
14295,569641259826061312,train,False,negative
14296,569641247075213312,train,True,negative
14297,569640847119163394,train,False,positive
14298,569640139288412160,train,True,negative
14299,569640038302134273,train,True,negative
14300,569639972615135232,train,False,negative
14301,569639923080404994,train,True,negative
14302,569639607639285761,train,True,negative
14303,569639529805688832,train,True,negative
14304,569638919131627522,test,True,negative
14305,569638585571221504,train,True,negative
14306,569638503199285248,train,True,negative
14307,569638470538301442,train,False,negative
14308,569638441803075585,train,False,neutral
14309,569638240233390081,train,True,negative
14310,569637593278779392,train,True,negative
14311,569636885863251969,train,False,negative
14312,569636551321194497,train,False,positive
14313,569636447956930561,train,True,negative
14314,569636064035348480,test,True,negative
14315,569636003473793024,test,True,negative
14316,569635939422593024,train,False,negative
14317,569635382834421761,train,False,negative
14318,569635291490693120,train,True,positive
14319,569634918973751297,train,True,negative
14320,569634828641034240,train,False,negative
14321,569634454924357632,train,False,negative
14322,569634077571051521,train,True,positive
14323,569633689665216512,test,True,negative
14324,569633482915209216,train,True,negative
14325,569633282855301120,train,True,positive
14326,569633221748637696,test,False,negative
14327,569632660831625216,train,False,negative
14328,569632618460753921,train,False,negative
14329,569632584424153088,train,False,negative
14330,569632024434057216,train,False,negative
14331,569631973859139584,train,True,negative
14332,569631860885577729,train,False,negative
14333,569631847547867136,test,False,negative
14334,569631824101683200,test,False,negative
14335,569631775766368256,train,True,negative
14336,569631742631354369,train,False,positive
14337,569631648674766848,test,False,negative
14338,569631575819710464,train,False,negative
14339,569631567032627200,train,True,negative
14340,569631404306210816,train,True,negative
14341,569631377865515008,train,True,negative
14342,569631375487139841,train,False,negative
14343,569631293429821440,train,True,negative
14344,569631041603788800,train,False,negative
14345,569630885450002432,train,True,negative
14346,569630715698151424,test,True,negative
14347,569630593924911104,train,True,negative
14348,569630266664325120,train,False,neutral
14349,569630229636853761,train,False,negative
14350,569630106940895233,train,False,negative
14351,569629822789365761,train,False,negative
14352,569629305023569922,train,True,negative
14353,569629215869382656,train,True,negative
14354,569629100114989056,train,True,negative
14355,569628494214225922,train,True,negative
14356,569628431236911104,train,False,negative
14357,569628323443318785,test,False,negative
14358,569627839374467072,train,True,negative
14359,569627784626229248,train,True,negative
14360,569627770613063680,test,True,positive
14361,569627744021184513,train,False,negative
14362,569627485240844288,train,True,negative
14363,569627200133197824,train,False,positive
14364,569627123150778368,train,True,negative
14365,569626951733932032,train,False,negative
14366,569626796385116160,train,False,negative
14367,569626787875053568,train,True,negative
14368,569626703959494656,train,True,negative
14369,569626673034850304,train,True,negative
14370,569626388610859008,train,True,negative
14371,569626174617485313,train,True,negative
14372,569625607476158465,train,True,negative
14373,569625456816709633,train,False,negative
14374,569625356942098432,train,False,positive
14375,569625210070175744,train,False,negative
14376,569624948190261249,train,True,negative
14377,569624865558245376,train,True,negative
14378,569624713414250496,train,True,negative
14379,569624299788750848,train,True,neutral
14380,569623961224351744,train,True,neutral
14381,569623852403306496,train,True,negative
14382,569623849752358912,test,False,positive
14383,569623364337168384,train,True,positive
14384,569623164143185920,train,False,negative
14385,569622656770646016,train,True,negative
14386,569622568459636736,test,False,negative
14387,569622366768078848,train,False,negative
14388,569622243526909952,train,False,negative
14389,569622208588468224,test,False,negative
14390,569621976131772416,train,True,negative
14391,569621883282280448,train,True,positive
14392,569621879633391616,train,False,negative
14393,569621852718411776,train,True,negative
14394,569621808963395585,train,False,negative
14395,569621583737835520,train,False,negative
14396,569621527911485440,train,True,negative
14397,569621367806664705,test,True,negative
14398,569621332863754240,train,False,negative
14399,569621228048089088,train,False,negative
14400,569621173811736576,train,True,negative
14401,569620850820956160,test,True,negative
14402,569620782566875136,train,False,negative
14403,569620643810926592,train,True,neutral
14404,569620597543739392,test,False,negative
14405,569620512139145216,train,False,negative
14406,569620494724366336,train,False,negative
14407,569620452043317249,test,False,negative
14408,569620440613826561,train,True,negative
14409,569620433869217792,train,True,negative
14410,569620202045841408,train,False,negative
14411,569620169971998721,train,True,negative
14412,569620123096494080,train,True,negative
14413,569620017840398337,train,True,negative
14414,569619752399667200,train,True,neutral
14415,569619330012463104,train,True,positive
14416,569619246520479745,test,True,negative
14417,569618972535959552,test,True,negative
14418,569618884577218560,train,True,negative
14419,569618659917893632,train,False,negative
14420,569618371148443649,train,True,negative
14421,569618327078887424,train,True,negative
14422,569618210699513856,train,True,negative
14423,569618056605016064,test,False,positive
14424,569617894666997761,train,False,negative
14425,569617887637348352,train,False,negative
14426,569617808885096448,train,False,negative
14427,569617807916322817,train,True,negative
14428,569617089155211265,test,True,neutral
14429,569616934225846273,train,False,negative
14430,569616839761743872,train,True,positive
14431,569616699604934656,train,False,negative
14432,569616586178301952,test,False,negative
14433,569616573905936384,train,True,negative
14434,569616554922418177,train,True,negative
14435,569616362223628289,test,True,negative
14436,569616335488966656,train,True,negative
14437,569616283706077184,train,True,negative
14438,569616208804380672,test,False,neutral
14439,569616120866476032,train,False,neutral
14440,569616019708182529,train,True,negative
14441,569615983205347329,train,True,neutral
14442,569615855505387520,train,True,negative
14443,569615540089700353,train,True,neutral
14444,569615514928074752,train,True,negative
14445,569615444300185600,train,True,negative
14446,569615410720432128,train,True,negative
14447,569615290956259328,test,True,negative
14448,569615100006440960,train,True,negative
14449,569615004489494528,test,True,neutral
14450,569614917826965504,train,True,negative
14451,569614088390578176,train,True,negative
14452,569614085807067136,train,False,negative
14453,569613661045690368,test,True,negative
14454,569613611510960128,train,False,neutral
14455,569613601918492672,test,True,neutral
14456,569613537158373376,test,False,negative
14457,569613523648532480,train,True,negative
14458,569613473845542912,train,True,negative
14459,569613265631780865,train,True,negative
14460,569612947833671680,test,True,negative
14461,569612307363266560,test,True,negative
14462,569612280989495296,train,True,negative
14463,569612035585155073,train,False,negative
14464,569612028492570624,train,False,neutral
14465,569611735696580611,train,True,negative
14466,569611721054162945,test,False,negative
14467,569611581920808960,train,True,negative
14468,569611482234687488,train,True,positive
14469,569611259357863936,train,True,neutral
14470,569611217301450752,train,True,negative
14471,569611065820110848,test,False,negative
14472,569610871934205954,test,True,negative
14473,569610485101768704,train,False,negative
14474,569609970007674881,test,True,negative
14475,569609887388270592,train,True,negative
14476,569609699152273409,train,False,negative
14477,569609590171676675,test,False,negative
14478,569609396461936640,train,True,positive
14479,569609326253502465,train,True,negative
14480,569609163824713729,train,True,neutral
14481,569608733321498627,train,True,positive
14482,569608570066436096,train,False,negative
14483,569608446586200064,train,False,negative
14484,569608307184242688,train,False,negative
14485,569608282442047488,train,True,negative
14486,569608265623064576,train,False,negative
14487,569608257607737344,test,False,negative
14488,569608190410809344,train,True,negative
14489,569607918569410560,train,False,negative
14490,569607706358779904,train,True,positive
14491,569607661655715841,train,True,negative
14492,569607509167595520,train,True,negative
14493,569607321908862977,train,False,negative
14494,569607124772196352,train,False,negative
14495,569606926234824704,train,True,negative
14496,569606513859305473,test,True,negative
14497,569606467646578688,train,False,negative
14498,569606374591746050,train,False,negative
14499,569606248095576064,train,False,negative
14500,569606226880929792,test,False,negative
14501,569606135960858624,test,False,neutral
14502,569606093393010688,test,True,neutral
14503,569605935280336896,test,False,negative
14504,569605930146353152,train,False,negative
14505,569605928636407808,train,True,neutral
14506,569605877512024064,train,True,negative
14507,569605699308818432,train,True,negative
14508,569605602961281024,train,False,negative
14509,569605452230754305,test,False,negative
14510,569605359406485504,train,True,negative
14511,569605022197153792,train,True,positive
14512,569604994825105408,train,True,negative
14513,569604909571678208,test,False,negative
14514,569604904689340416,train,True,negative
14515,569604777962643457,train,True,negative
14516,569604674715693057,train,False,negative
14517,569604659712811009,train,True,negative
14518,569604466757865472,train,False,negative
14519,569604453462110208,train,False,negative
14520,569604425238454273,train,True,negative
14521,569604400479649792,test,True,neutral
14522,569604354703020032,train,False,negative
14523,569604330229092352,train,True,negative
14524,569604328153083904,train,True,negative
14525,569604243226652672,train,False,negative
14526,569604176960827392,train,True,negative
14527,569604173236477952,test,False,negative
14528,569604083507556353,train,True,negative
14529,569603991551782913,train,True,positive
14530,569603962233622528,train,True,positive
14531,569603590349848576,test,False,negative
14532,569603156927246336,test,True,negative
14533,569603127223066624,train,True,negative
14534,569602798867881985,test,True,negative
14535,569602682505138176,test,True,negative
14536,569602563261276160,test,False,negative
14537,569602295224246272,train,True,negative
14538,569602069335838720,test,False,negative
14539,569602057285574656,train,True,negative
14540,569601934853873664,train,True,negative
14541,569601869598867456,train,True,positive
14542,569601519663906819,train,True,negative
14543,569601363799359488,train,False,negative
14544,569601354118905859,train,True,negative
14545,569601337882755073,train,True,neutral
14546,569601332040089600,train,True,neutral
14547,569601094239825920,train,False,positive
14548,569600985007558656,train,True,positive
14549,569600927394631680,test,False,negative
14550,569600780048560128,train,True,negative
14551,569600694388445184,test,False,negative
14552,569600599588630529,train,True,neutral
14553,569600462661554177,test,False,negative
14554,569600295833116672,test,False,negative
14555,569600291290656768,train,True,negative
14556,569600137296633856,train,False,positive
14557,569599978722746368,test,False,negative
14558,569599379893575680,test,False,negative
14559,569599312671301633,train,True,negative
14560,569599269189107712,train,True,negative
14561,569599116403036160,train,True,negative
14562,569598991463268352,test,False,negative
14563,569598942821744640,train,True,negative
14564,569598671420919808,train,True,negative
14565,569598544379817984,train,True,neutral
14566,569598406181695488,train,False,negative
14567,569598314825555968,test,True,negative
14568,569598155999674368,train,False,negative
14569,569597962659110913,test,True,neutral
14570,569597885446270976,train,False,negative
14571,569597742693154816,train,True,negative
14572,569597666025345024,train,True,negative
14573,569597220871282690,train,False,negative
14574,569597072350978048,train,True,negative
14575,569596793941401601,test,True,negative
14576,569596652622721024,train,False,negative
14577,569596515510956032,train,True,negative
14578,569596502558920707,train,True,negative
14579,569596420761604096,train,True,negative
14580,569596325076955137,train,True,negative
14581,569596156927303681,train,True,negative
14582,569595899204255745,train,True,negative
14583,569595791355981825,train,False,negative
14584,569595643087486976,train,True,neutral
14585,569595595754639360,test,True,negative
14586,569595399557685248,test,True,negative
14587,569595333899997185,train,True,negative
14588,569595309279440896,test,True,neutral
14589,569594855556452352,train,True,negative
14590,569594712337854464,train,True,positive
14591,569594402114392064,train,True,negative
14592,569594123222585344,train,False,negative
14593,569594026732740609,train,True,negative
14594,569593810390425600,train,True,negative
14595,569593694963310593,test,False,negative
14596,569593346223579137,train,True,negative
14597,569593278636675072,test,False,negative
14598,569593050235736064,test,False,neutral
14599,569593045777321985,test,True,negative
14600,569592981742878721,train,True,neutral
14601,569592830307508224,train,False,negative
14602,569592778872606720,test,False,neutral
14603,569592674400907264,train,True,negative
14604,569592590632247297,test,True,negative
14605,569592447455465472,test,True,negative
14606,569592402085847041,test,True,negative
14607,569592270866878464,test,False,neutral
14608,569592177312923650,test,True,negative
14609,569592148338876416,train,False,negative
14610,569591765793165312,train,True,negative
14611,569591730506371072,test,True,neutral
14612,569591700416393216,test,True,negative
14613,569591653121597440,train,True,negative
14614,569591540944756737,train,True,negative
14615,569591533617307648,train,True,negative
14616,569591393540288512,train,True,negative
14617,569591285150908416,train,True,positive
14618,569591136534319105,train,True,negative
14619,569590988395708416,train,True,positive
14620,569590965880532993,train,True,negative
14621,569590892085915649,train,True,negative
14622,569590191758962688,test,True,negative
14623,569590013278756865,train,True,positive
14624,569589959088173056,train,True,negative
14625,569589643487928321,train,True,positive
14626,569589460226183168,train,True,negative
14627,569588816438169600,train,True,negative
14628,569588651925098496,test,True,positive
14629,569588591602458624,test,True,negative
14630,569588473050611712,test,True,positive
14631,569588464896876545,train,True,negative
14632,569587813856841728,train,True,neutral
14633,569587705937600512,test,True,negative
14634,569587691626622976,test,True,negative
14635,569587686496825344,test,True,positive
14636,569587371693355008,train,True,negative
14637,569587242672398336,train,True,neutral
14638,569587188687634433,train,True,negative
14639,569587140490866689,train,True,neutral
