source_row,tweet_id,true_sentiment,text_clean,pred_sentiment,prob_negative,prob_neutral,prob_positive,is_correct
6,570300616901320704,positive,"usertoken yes, nearly every time i fly vx this “ear worm” won’t go away :)",negative,0.5158670023543336,0.2993901122122475,0.18474288543341907,False
13,570287408438120448,positive,usertoken usertoken i am flying your fabulous seductive skies again! u take all the stress away from travel urltoken,neutral,0.27721962976025216,0.5107562146780354,0.2120241555617124,False
19,570267956648792064,positive,usertoken you know what would be amazingly awesome? bos-fll please!!!!!!! i want to fly with only you.,positive,0.14705760851722705,0.2752210258711808,0.5777213656115922,True
24,570256553502068736,negative,usertoken you guys messed up my seating.. i reserved seating with my friends and you guys gave my seat away ... 😡 i want free internet,negative,0.6130444751660271,0.08419449875790222,0.30276102607607064,True
38,570038941497192448,neutral,usertoken when can i book my flight to hawaii??,neutral,0.30467308171795865,0.6223274049664319,0.07299951331560942,True
41,570025482344898560,negative,"usertoken hey, first time flyer next week - excited! but i am having a hard time getting my flights added to my elevate account. help?",negative,0.6548918048945331,0.18502320076402903,0.1600849943414379,True
43,570015408788414464,neutral,usertoken i have an unused ticket but moved to a new city where you don not fly. how can i fly with you before it expires? travelhelp,negative,0.7588363671566513,0.1940855736699492,0.047078059173399474,False
49,570009713447825408,neutral,usertoken usertoken usertoken all were entertaining,positive,0.07062561711805575,0.412690484867102,0.5166838980148423,False
73,569946362126602240,negative,usertoken your airline is awesome but your lax loft needs to step up its game. $40 for dirty tables and floors? urltoken,negative,0.7029325315141406,0.03498713399449149,0.2620803344913679,True
76,569940834994401280,neutral,"usertoken or watch some of the best student films in the country at 35,000 feet! cmfat35000feet urltoken",positive,0.07267616167911939,0.42575101039021446,0.5015728279306662,False
85,569926998824394752,negative,usertoken i’m having trouble adding this flight my wife booked to my elevate account. help? urltoken,negative,0.6960557554917669,0.17429857670048707,0.12964566780774617,True
86,569923394990419968,neutral,usertoken cannot bring up my reservation online using flight booking problems code,negative,0.9309198326899496,0.049053615232746976,0.020026552077303333,False
119,569770363623575552,positive,"usertoken love the team running gate e9 at las tonight. waited for a delayed flight, and they kept things entertaining",positive,0.22769328441704953,0.016455467641434268,0.7558512479415161,True
126,569666477265018881,negative,usertoken i need to change my flight thats scheduled in 9 hours and 120 min wait time on phone. im calling intern. help!!,negative,0.9362426432321688,0.05104678526583122,0.012710571502000008,True
127,569652497947734017,positive,usertoken completely awesome experience last month bos-las nonstop. thanks for such an awesome flight and depart time. vabeatsjblue,positive,0.04707833220098205,0.021512087694495752,0.9314095801045221,True
129,569643262459269120,neutral,usertoken is flight 882 cancelled flightled and what do i do if it is?,neutral,0.4553812220232085,0.5334351452355446,0.011183632741246823,True
132,569633630978310145,neutral,usertoken has flight number 276 from sfo to cabo san lucas arrived yet?,neutral,0.3546848280714072,0.37249159586132125,0.27282357606727164,True
146,569608328998887424,negative,usertoken question: is it not possible to book a seat for an infant under 2? it is not giving me the option but we want a seat for him.,negative,0.7275082575535768,0.2596533639224953,0.012838378523927888,True
148,569596445680115712,positive,usertoken flight home to dc sunset globe in' backtowinter back to work! refreshed urltoken,negative,0.3669059907386226,0.3560438763027183,0.27705013295865905,False
161,569564610837086209,negative,"usertoken our flight into lga was cancelled flighted. we are stuck in dallas. i called to reschedule, told i could get a flight for today...(1/2)",negative,0.9779531038949711,0.013882049392093814,0.008164846712934952,True
165,569494748341407744,negative,usertoken i am disappointed that the agent at the designated silver status check in line usertoken closed to assist all pasengers,negative,0.8067646290585296,0.15480986260728397,0.03842550833418644,True
168,569461469042966528,negative,usertoken at logan airport and waiting to checkin for my 9am flight. checkin desk not open !!!!! why?!,negative,0.9359948016644184,0.044006327790225896,0.019998870545355592,True
171,569447071910105089,neutral,usertoken lister to my show my on monday 1230 130,negative,0.5069569943617459,0.3996998614395594,0.0933431441986948,False
172,569429411646156800,neutral,usertoken to begin dallas-austin flights in april - 88.9 ketr urltoken,neutral,0.04493904169859113,0.8024031348249727,0.15265782347643622,True
180,569323106210152448,neutral,usertoken can you please have flights in sjc ? i have no choice but to fly southwest to vegas 😩😭,neutral,0.42504797604016076,0.5050522025830896,0.0698998213767498,True
184,569316358845911040,positive,usertoken only way to fly! elevate gold,negative,0.4154843481156849,0.18800329461961265,0.39651235726470235,False
189,569304436612444160,positive,usertoken you will match my americanairlines status? cool!,negative,0.5667843653999561,0.2829005391295954,0.15031509547044847,False
199,569262527281913857,positive,usertoken i love your guy is song! we are dancing to it for our high school dance revue,positive,0.11503239811378935,0.24572512570221494,0.6392424761839957,True
200,569262225900359680,negative,usertoken your website is down and i am trying to check in!,negative,0.9283188676382206,0.06312044272347568,0.008560689638303882,True
202,569261128532041728,neutral,usertoken nervous about my flight from dc to lax getting cancelled flightled tomorrow! just sent you a dm to help me!,negative,0.7119416562288233,0.2764817389484552,0.011576604822721626,False
214,569237252154372097,negative,usertoken can’t access your website from safari on iphone 6. seems to work on mac and ipad. need iphone to add passbook.,neutral,0.39242730772034157,0.5255038363878527,0.0820688558918058,False
242,569192778468626432,negative,"usertoken the css on your site is a 404 right now, please fix. site unusable.",negative,0.9286607267125249,0.039168888995561556,0.03217038429191369,True
247,569165709516759042,positive,usertoken thanks guys! sweet route over the rockies airplanemodewason,positive,0.04511741690299013,0.0148970636286299,0.9399855194683799,True
259,568945958970531840,negative,usertoken requested window seat and confirmed window but got stuck in middle seat. not a good way to treat silver member😒,negative,0.8708024150022341,0.07769976765917566,0.05149781733859022,True
260,568945265899483136,neutral,usertoken grand budapest hotel oscarscountdown,negative,0.6163062575211099,0.31702777984381536,0.06666596263507475,False
264,568929979981033472,positive,usertoken thanks for gate checking my baggage on your full flight dfw-lax 883 and giving me early boarding too sweet,negative,0.7766699730414448,0.027477661786589284,0.19585236517196603,False
266,568928741298012160,negative,usertoken boo for a not refunding a seat upgrade fee i did not want to buy in the first place!,negative,0.6572117605724429,0.28216476843987626,0.060623470987680894,True
269,568923762764095488,positive,usertoken i see what you did there ;),neutral,0.379339000547449,0.49377255410107806,0.12688844535147295,False
282,568868127364096000,negative,usertoken is there anything going on with the website? i have been getting a lot of errors past 30 minutes.,negative,0.9371915076302292,0.052077583115154306,0.010730909254616342,True
304,568812046747201537,negative,"usertoken lost my luggage 4 days ago on flight vx 112 from lax to iad &amp; i am calling every day, no response.please give me back my stuff",negative,0.9603383057914556,0.029580662690792105,0.010081031517752265,True
305,568811384437411840,negative,usertoken the flight booking problems section of your website seems to be broken on chrome. might wanna look into that.,negative,0.9782335981333721,0.009193585694070448,0.012572816172557517,True
308,568802396907835393,positive,usertoken happy to spend the day together. let is do this!,positive,0.1311114234734239,0.24766568646853698,0.6212228900580392,True
319,568689188377403392,neutral,usertoken may start service to hawaii from sanfrancisco this year urltoken biztravel,neutral,0.06695248311107492,0.5791655746481527,0.3538819422407726,True
321,568662343170674688,negative,usertoken wtf is happening in pdx late flight march such that one way from sfo is ~$550?,negative,0.6877000369471151,0.24987023031755654,0.062429732735328314,True
329,568608718994026496,negative,"usertoken my luggage is gone. i have filed my paperwork, promised a call/email. still no resolution or response from central luggage.",negative,0.9941760706445576,0.004343877580253056,0.0014800517751893908,True
341,568553610981740544,positive,"usertoken i adore you, and am so looking forward to my flight to austin in two weeks.",positive,0.23513550500382252,0.12592219067057636,0.6389423043256012,True
351,568517565548339200,negative,usertoken wjere is our luggage so slow at lax,negative,0.8260333840530243,0.0900493336115092,0.0839172823354664,True
355,568496820604821505,negative,"usertoken what happened to direct flights from sfo-fll? looking in may, only see connecting help dontdothistome",neutral,0.09244305828385832,0.7764709229231349,0.13108601879300683,False
364,568476562376531969,neutral,usertoken digging the swanky pink mood lighting during the flight from nyc to sfo. just needs a cabaret singer. think about it!,negative,0.628912648244295,0.27039734320828857,0.10069000854741644,False
370,568458513636134913,negative,usertoken your avis rental continue button doesn not work on your website to book car. tried 4 times on phone. this sucks!,negative,0.9869387436150397,0.00746038842211195,0.005600867962848288,True
374,568452186977361921,positive,“usertoken: usertoken of course. have fun celebrating!” thanks! happy chinese new year!,positive,0.008986093838422688,0.018051171649413847,0.9729627345121635,True
379,568434482270707712,positive,usertoken just bought tix for atx - dallas route - thanks for adding that! love yr airline &amp; yr website is best transactional site ever,positive,0.12918786503134083,0.023989935196133332,0.8468221997725258,True
384,568406048777900032,positive,usertoken had me at their safety video . . . urltoken loved my first cross country flight. livewelltraveled sytycd,positive,0.24131990390166908,0.3200678998041719,0.43861219629415915,True
385,568392783922372608,positive,usertoken that doesn not look to fat to me! it looks yummy!,negative,0.8227317049903544,0.1250483180930892,0.0522199769165564,False
390,568307768551026688,neutral,usertoken atlantic ploughs a lone furrow in the middleeast urltoken usertoken,neutral,0.055881077959794814,0.6315307912201908,0.31258813082001435,True
391,568303606710956032,positive,usertoken omg omg😍😍 nonstop dallas to austin on virgin✨😱✈️,positive,0.0828528319417984,0.37120253324292957,0.5459446348152721,True
396,568240364315783168,negative,usertoken can i get some help with a support ticket? it is been 15 days.... incident: 150202-000419 thank you!,neutral,0.1558902629794607,0.7146514793610792,0.12945825765946015,False
401,568204964742496256,positive,"usertoken thanks for that. been needing a way to make those austin trips from dca, and now you have come through!",positive,0.32608550243651535,0.11895021690744183,0.5549642806560428,True
411,568148652352544769,negative,usertoken all crap channels which is why i pay to watch uk tv,negative,0.6736553257878801,0.16439121227122436,0.1619534619408955,True
424,568104519633993728,neutral,usertoken adds austin-dallas love field route. urltoken urltoken,neutral,0.026823046076107325,0.6414351529614098,0.33174180096248274,True
433,568083179023650818,negative,usertoken kinda sucked my earphone jack didn not work on my flight. they may want to look into that for future passengers,negative,0.7798871734853332,0.05807955329743833,0.16203327321722846,True
441,568054702635483136,neutral,usertoken can we make every vx plane with nerdbird? why should austin be the only one getting nerd love?,negative,0.5965228174862394,0.1724669627244648,0.2310102197892958,False
443,568050777744379904,positive,usertoken congrats vx on the new route! ✈️🎉,positive,0.25035504931480945,0.14157405952247745,0.6080708911627131,True
449,567971610801664000,negative,usertoken thanks for making my flight from lax to jfk a nightmare by forcing me to check my carry on bag at the gate. (1),negative,0.6686084762105245,0.1664450097186787,0.1649465140707969,True
454,567873698679623680,positive,usertoken i am sure a lot of your 747 and 777 jfk-lhr flights go a lot faster than 513mph with a strong tailwind.,negative,0.6553222544461929,0.30599594529480906,0.0386818002589981,False
459,567846970141716481,positive,usertoken usertoken would have been a rough trip but luckily we were on a virginamerica flight. weather,negative,0.5717543629750587,0.33138621583697464,0.09685942118796675,False
478,567796863467839488,neutral,usertoken how come abc is the only one of the network channels you don not have?,negative,0.8032764349382179,0.12273681536451087,0.0739867496972712,False
497,567742937325260801,neutral,usertoken are there any sign up bonuses to enroll in elevate?,neutral,0.4444923249927557,0.44701812553069337,0.108489549476551,True
514,570301670892146688,neutral,usertoken flying gla-mco in a few weeks. how long do we have to be at airport for before departure for both international and domestic? ta,neutral,0.4005574555749143,0.45227780727470523,0.1471647371503804,True
542,570286924277030912,negative,"usertoken yes please! i am newly married and trying to update my last name on a preexisting international flight! it seems so easy, but...",negative,0.44144728251219295,0.41989134821729435,0.13866136927051265,True
550,570284934771974144,negative,"usertoken iah to charlotte. baggage claim rep latrice h. customerservice non existent, ignored customer then inappropriately touched customer",negative,0.8993590307393122,0.05179595114685207,0.048845018113835674,True
559,570278024303775745,negative,"usertoken no, i need you guys to not over book planes. it is not a concern, i will just travel with someone else moving forward.",negative,0.9174823571301418,0.06846830074112499,0.014049342128733244,True
569,570272997052805120,negative,usertoken no. denver said they don not handle baggage that made it to colo. springs. they gave me an 800 number to call. no help there either.,negative,0.9609896432808558,0.024278989378247594,0.014731367340896672,True
588,570264556443824128,negative,usertoken another fail for the united ticket agents in okc. less than helpful and could care less about our problems. american here we come.,negative,0.8824366939701471,0.051854853837870654,0.0657084521919821,True
604,570257377460514816,negative,usertoken what is the point of asking for details about a servicedog when you book if your flight crew doesn not read them? (continued),negative,0.9367243674880203,0.055599031923894635,0.007676600588084972,True
621,570246963901427713,negative,usertoken ok it is now been 7 months waiting to hear from airline. i gave them quite a bit more than the 30 days requested! terrible service,negative,0.8549734389466104,0.02626480149820302,0.1187617595551866,True
640,570234650448125952,negative,".usertoken it will be because i am moving to usertoken because of usertoken talk, no service",negative,0.8876437908442406,0.1004190937422961,0.011937115413463305,True
641,570232726206312448,neutral,usertoken please be good to me this weekend!,positive,0.18273631207001154,0.37723219843589084,0.44003148949409765,False
647,570229936285331457,neutral,usertoken yall should probably work on that.,negative,0.44602661675732963,0.13144950313045456,0.42252388011221576,False
668,570210145239592960,negative,usertoken 1k and had problem getting out of fll to iah sent dm to you about making my connection please let me know,negative,0.8724187452721608,0.06720249585815675,0.060378758869682525,True
708,570160394494480384,negative,usertoken thanks for remembering to load my bag onto my connecting flight. oh wait you forgot. iceland should be fun with no clothes....,negative,0.7905357446195211,0.009162804484283468,0.20030145089619544,True
713,570151672070205440,negative,"usertoken has not responded to my various requests for contact numbers, does anyone know the uk customer service number for unitedairlines",negative,0.6974438250630799,0.20691964924787704,0.09563652568904314,True
729,570115452568891392,negative,"usertoken it is still a valid flight. just seems strange to delay for late flight inbound crew, 7 hours from now, when the plane is already here.",negative,0.9881807289025228,0.0051394989615337295,0.006679772135943437,True
756,570096582546165760,negative,usertoken airlines is the absolute worst. they have no idea what they are doing. neveragain unitedairlines,negative,0.9259109528019497,0.05251064533735513,0.021578401860695363,True
768,570088980278059008,neutral,usertoken what time does check in open for flight no ua80 from manchester to newark today ?,neutral,0.22400718230044897,0.7564362349460017,0.01955658275354932,True
772,570086475989061632,negative,"usertoken if it is any consolation, your staff was stellar. just not the hour+ delays i encountered with every one of my 4 flights.",negative,0.9319781041676223,0.03482642907692902,0.03319546675544888,True
778,570083898031513600,negative,usertoken i am constantly having challenges with upgrades &amp; charges. in order to prevent dvt i have to pay an addtl $180 urltoken,neutral,0.4252165971742374,0.5493870335054005,0.025396369320362114,False
779,570083397873373184,negative,"usertoken in ord, waited 20 min after crew members left before gate items came. flight attendant sarcastically said good luck and walked away.",negative,0.7680545362667882,0.05144053910810433,0.1805049246251075,True
787,570081411715059712,neutral,usertoken our vacation is going to be ruined w/ 3 days of rain. : ( the change fee for 2 of us is nearly cost of original flight. can you help?,negative,0.6164157440786566,0.3720820370137204,0.011502218907622942,False
797,570078894008594432,negative,usertoken it is highly unprofessional for you to overbook a flight by 12 seats &amp;feel that i should rearrange my schedule for your mismanagement,negative,0.8746914272217967,0.07170279851487747,0.053605774263325884,True
803,570074833993670657,negative,"usertoken better train your support staff with appropriate decorum, consider revisiting your terrible ""provide a death certificate' policy",negative,0.8953612021883504,0.04562334267982193,0.059015455131827786,True
806,570073757508726784,positive,usertoken you guys continue to impress me in houston. urltoken,negative,0.5893628002923631,0.15676218862235916,0.25387501108527777,False
821,570065109420101633,negative,"usertoken yes in lusaka, zambia. my guess is the bags never made the plane at iad.",negative,0.7873982926437285,0.08892637873654698,0.12367532861972448,True
822,570065037231927296,neutral,usertoken where is my flight voucher?,negative,0.466191782943505,0.4509061678766638,0.08290204917983106,False
826,570063450174464000,negative,usertoken ua938 ord-lhr. bags are being loaded 30min late flight. frigid air into cabin! plane feels like falling apart! upgrade long haul fleet!,negative,0.9039967107769123,0.029315735707300446,0.06668755351578722,True
841,570055700790931456,negative,usertoken computers are down but you stopped giving updates and took my flight info off the app. that is just ridiculous keep people updated!,negative,0.9780386214858479,0.0062185293485467145,0.01574284916560537,True
842,570055285500469248,negative,"usertoken soooo, it is been 15 days and you have offered no response. so i assume poor treatment by gate agents is the norm now?",negative,0.9869225889026275,0.007145298628632441,0.0059321124687400795,True
861,570049295040307200,negative,"usertoken ua 746. pacific rim and date night cut out. not constantly or randomly, but one spot, repeatably.",negative,0.8691408955533578,0.09075980334182979,0.040099301104812336,True
863,570048726380765184,negative,usertoken i send an email about my bad experience and you send back a generic response. yet another reason why i will never fly with you again.,negative,0.9886590610279078,0.004695538112215193,0.006645400859877139,True
880,570039279050579968,neutral,usertoken like continental is chicken feat fairs,negative,0.43896803496347214,0.14444994892797958,0.4165820161085483,False
896,570030715900792832,neutral,usertoken greetings. ua club member here. any idea if i can use the air canada lounge at yvr. flying ua tomorrow.,neutral,0.1632170081929677,0.7925666372418576,0.04421635456517469,True
900,570023321904943105,negative,usertoken usertoken we just want to go home tonight - why did you cancelled flight the last leg of our reserv. w/out our permission??! ph6rps,negative,0.8506990009077181,0.08839238523271326,0.06090861385956869,True
918,570014689322643456,negative,usertoken agent in las letting 20 customers know they cannot help them rebook delayed flight to den unfriendlyskies urltoken,negative,0.9200882073605663,0.029858001779775323,0.05005379085965838,True
919,570014406320517120,negative,usertoken empathizes w/ my disappointment that 1stclass flight w/nonworking entertainmnt is worth $50. unfriendlyskies urltoken,negative,0.5556158641372392,0.28391215485427085,0.16047198100849003,True
928,570007003659149312,neutral,usertoken i would love if someone could get me back to austin tonight and i do not wish to wait til tomorrow morning.,neutral,0.3227650720184052,0.5469068137058187,0.13032811427577617,True
931,570004470370676737,neutral,usertoken i have a 0530 flight out of dfw on tuesday. how far in advance will you give notice if cancelled flightled?,neutral,0.39302885668726284,0.5865288506174612,0.020442292695275883,True
939,570000287080951808,negative,usertoken exhausted &amp; frustrated! link to a fb post abt my travel issue urltoken,neutral,0.35466647262018813,0.5949874198914261,0.05034610748838583,False
945,569996897009717248,negative,usertoken has the worst customer svcs! this kevin rep at call center must be investigated. my baggage is lost and there is no help but argument!,negative,0.9947318976580344,0.0020606554523327,0.003207446889632888,True
950,569993782311198720,positive,usertoken my favorite way to travel! thank you! urltoken,positive,0.004448406463130771,0.15820148582853247,0.8373501077083367,True
962,569988762085806081,negative,usertoken i did... no response back,negative,0.8573790710965357,0.06536231627957,0.07725861262389443,True
982,569976426163777536,negative,usertoken you are easily the worst company i have ever experienced. you have lost someone is personal possessions &amp; you couldn not care less!....,negative,0.9929748840561834,0.00297486038209894,0.0040502555617176975,True
990,569972073201688576,negative,usertoken has been such a disappointment today. simply put. rather unpleased with things currently. flight delayed; cant wait to just get home,negative,0.6631438421946602,0.08607615981797943,0.2507799979873604,True
1026,569960440438099969,negative,usertoken have been waiting 2 days for my military bags from an airport 3 hours away from me. horrible.,negative,0.9782940129482964,0.015113632003695168,0.006592355048008373,True
1042,569955386914181121,negative,usertoken flight attendant doesn’t understand not understanding english doesn’t mean they are deaf. stop yelling english slowly to them.,negative,0.9119767947820576,0.04555509468643951,0.042468110531502894,True
1070,569936861398994945,negative,"usertoken done. want me to send a screen shot of the second call, which is now at over 45 minutes?",negative,0.6799297386921997,0.28327785654126925,0.036792404766531124,True
1073,569936565138403328,negative,"usertoken, this is the line in denver to rebook due to weather issues. do better. urltoken",negative,0.7972272909914006,0.09083995810379365,0.11193275090480595,True
1084,569933879299186688,negative,usertoken would be helpful if you could refresh boarding time info on boarding passes for delayed flights,negative,0.7150941548725102,0.27343247052582526,0.011473374601664463,True
1087,569931716049154051,positive,usertoken counter agents at rdu deserve a medal. thankyou,negative,0.6998865618207579,0.15440286261092337,0.14571057556831876,False
1136,569916555154169856,negative,"usertoken awesome flight crew on ua1589, re the plane, the jurassic period called and they want their dinosaur/plane back!",positive,0.22392092189948282,0.020963795634532063,0.755115282465985,False
1141,569915610890547200,negative,"usertoken, last week shanghai to sfo 858 delay 5hrs bc of engine. today sfo-sea delay to ""sick pilot"". no compensation. they do. not. care.",negative,0.9843995966177106,0.007425924637163801,0.008174478745125583,True
1148,569914377442340865,negative,"usertoken sorry for the delayed response. it was ua 381 chicago to san fran. held up for almost an hour on the tarmac. also, lost my bags",negative,0.9553439053893231,0.021737850524062026,0.022918244086614855,True
1158,569910996824780801,neutral,"usertoken after speaking to a united customer service rep the night before a flight, confirming that everything is ok with your reservation..",negative,0.836955265436124,0.034676156634388944,0.12836857792948708,False
1161,569909742447009792,negative,"usertoken gate agent at ewr "" if you are disabled or in a wheel chair, it is time to board, please step"". step up??? lol",negative,0.7587386108540703,0.19620995823850598,0.04505143090742359,True
1169,569907564156035072,negative,usertoken arrived in yyz to take our flight to taiwan. reservation missing our ticket numbers. slow agent sukhdeep caused us to miss our flt.,negative,0.9272717502603554,0.03575815349138494,0.03697009624825964,True
1177,569904824793362433,positive,usertoken just confirmed a seat! crisis averted! beers will not be missed now,negative,0.9196569114410441,0.0730611315427052,0.007281957016250728,False
1179,569904406285516800,negative,usertoken looks like today will be my 6th consecutive delayed flight from you...do i win a prize??? usertoken air why don not you fly to sba? 😭,negative,0.8901537690218517,0.08770960115548669,0.022136629822661624,True
1185,569902219602100225,neutral,usertoken follow back and i will give you the details.,neutral,0.1913195964751019,0.5255226696107298,0.28315773391416826,True
1191,569901072443166720,positive,usertoken traveling with usertoken who is injured. gate agent in chicago was awesome helping her. ty roadwarrior,positive,0.06346375640951085,0.13104622770979998,0.8054900158806891,True
1193,569900131488632832,negative,usertoken why isn not the flight status updated to delayed ua1532 no board,negative,0.9947732533808143,0.004591999461197113,0.0006347471579884267,True
1199,569895406869483520,negative,"usertoken jh, thanks so much for reaching out. i was able to get assistance after waiting for 70 minutes.",positive,0.3476381024303653,0.04825741166636783,0.6041044859032668,False
1223,569878139003740163,negative,usertoken 's new flierfriendly is garbage. just had to cry to get attendant to find a place for my medical supplies with limited overhead,negative,0.6633061215227894,0.21771867482006543,0.11897520365714524,True
1229,569875456415170560,neutral,usertoken hi! what is the phone number for reservations in venezuela? thanks,neutral,0.0930671028640896,0.8784719251455968,0.028460971990313652,True
1244,569868764495400960,negative,usertoken at this point i made it home on my own.,negative,0.6397304371742263,0.14276585773611614,0.2175037050896576,True
1261,569863714704220160,negative,usertoken flight 433 lets go you look like clowns no one is giving up 1st class for $500,negative,0.8621357750013388,0.05782128224604308,0.08004294275261825,True
1282,569853714149867521,negative,"usertoken cancelled flightled my direct flight newark-brussels last night, now 7 hours behind schedule. in eu compensation would be a given, but in us?",negative,0.9546254445964046,0.03740250319023004,0.007972052213365234,True
1318,569834960107868160,negative,"usertoken stopped flying usertoken 1 yr ago bc of aggressive policy on carryon usertoken listening to pssngrs forced to chkusertoken,notcomingback",negative,0.6017082207081794,0.209521919510674,0.18876985978114644,True
1324,569827329024913408,negative,usertoken an over booked flight to start with and a red eye from lax to bos with no reclining seat.... lastflightwithyouever,negative,0.8186813111166785,0.16143350554415203,0.019885183339169506,True
1326,569826411206316032,negative,usertoken an efficient layout at kiosks/bag drop lines would help as there is no definition to space. additional friendly and helpful staff,negative,0.7689601841978077,0.18339069736576932,0.047649118436423,True
1331,569817289874411520,negative,"usertoken changed my last name for my mileageplus acct on the site in an hour. usertoken had me on hold for 20mins, then 5 days &amp; no change yet",negative,0.9419381258055382,0.04914070293184449,0.00892117126261744,True
1343,569808684252942336,positive,usertoken i am impressed with your super-fast reply to usertoken,positive,0.31343074298353535,0.18564912617815482,0.5009201308383099,True
1369,569756967935148032,negative,"usertoken missed ua1568 connection due 2 mechanical failure ua1543 (""uplink prob""). i will lose ~$400 in clients mon. how can you compensate?",negative,0.7566355877111631,0.23228189271275387,0.011082519576083015,True
1373,569753041420865536,neutral,usertoken in ethiopia adopting a child. need flight home from add to grr late flight 2/27 or very early 2/28. (need to change existing reservation),neutral,0.33971085690124014,0.6235958239927837,0.036693319105976153,True
1389,569747668232065024,negative,usertoken checked me in through security under the wrong name and given the wrong boarding pass. airlinesecurity,neutral,0.4351278669776625,0.4707428904247272,0.09412924259761023,False
1398,569741366642618368,neutral,"usertoken ua flight 1247. sfo to lax took my carry on at gate. i am group 2, overhead bins are empty",neutral,0.45843411220756025,0.476436511383565,0.06512937640887463,True
1412,569730182371635200,negative,"usertoken bags left behind because plane overweight, be great if knew as soon as we landed, instead letting us wait 45 minutes with no info.",negative,0.802815641033704,0.1460589109328672,0.051125448033428854,True
1416,569725805066002432,negative,usertoken will lose my bag but will not give me free pretzels frauds,negative,0.9132968976835583,0.06859968596427699,0.01810341635216465,True
1418,569724705063596032,negative,usertoken does asap mean two hours worth of delay and a return to the terminal to count the luggage a third time? gottogetbetter,negative,0.9515252069193242,0.03249344136548699,0.015981351715188944,True
1422,569724245963444224,negative,usertoken customer service is the worst. hanging up on customers intentionally after one hour on hold.,negative,0.9969235687315802,0.0013462782879621932,0.0017301529804575311,True
1424,569724119748636672,negative,"usertoken love how you don not give a shit about people who tried to be loyal, but you screw them every way till sunday. glad i have stayed away",negative,0.5519544611333039,0.06194616660078466,0.38609937226591134,True
1428,569723932355358720,negative,"usertoken clicked ""upgrade now"" and it didn not upgrade. what gives? urltoken",negative,0.7134115029475242,0.24867384083081656,0.037914656221659224,True
1458,569710389757419520,negative,usertoken - going on 3 days (tomorrow) and i still haven not received my bag from my flight to toronto. would love to see some seriousness here.,negative,0.8721813321185635,0.08937360536683096,0.038445062514605555,True
1462,569710019333107714,negative,usertoken you really screwed up dealing mechanical failure from maui to san francisco. poor communication bad help in getting connections,negative,0.841824434450146,0.043116222429019656,0.11505934312083438,True
1472,569706336268611584,negative,"usertoken-rebooked to oma - 180 miles from my destination. spotty customer service. i get staff stressors but come on, this is your business.",negative,0.9038865436416745,0.06680255605077576,0.029310900307549542,True
1486,569701377779183616,positive,usertoken i was sincerely thanking the pilot of flight 4461 of braving the snow and getting me home amongst many other cancelled flightlations.,negative,0.7023718456591584,0.08644356282540941,0.21118459151543206,False
1507,569693689766907904,neutral,usertoken what are the chances of my flight to ewr from pit being cancelled flighted tomorrow?,negative,0.8302009897977615,0.14502932596130721,0.024769684240931247,False
1511,569690742169292802,negative,usertoken not sure why the people in row 7 that paid for a premium seat cannot use their overhead space... urltoken,negative,0.9302428413178712,0.0523195189398242,0.017437639742304598,True
1525,569681831039074306,negative,"usertoken instead of sending inaccurate emails about delay every 5 min, just say we will get you there when we get you there.",negative,0.790063892398739,0.13621102566691,0.07372508193435108,True
1529,569681060553826304,negative,usertoken lol too little too late flight,negative,0.5433517283660818,0.29628360889572486,0.1603646627381933,True
1552,569666686086819840,negative,usertoken: thanks for the miserable trip gnv&lt;&lt;&lt;fsd on 2.19-2.21.,positive,0.06190141611525797,0.0721428975390404,0.8659556863457015,False
1560,569665258605842434,negative,"usertoken i understand the intention, but it pales in comparison to a day of lost wages for both my wife and i because of the delay.",negative,0.984756342844469,0.005121288238948065,0.010122368916583128,True
1596,569650320613052416,negative,usertoken what a long day of delays. please get us to dallas tonight!!!! fingers crossed!!! winterstorm2015 whichisworsedenordfw.,negative,0.7508053008529871,0.11157069012636076,0.137624009020652,True
1607,569646538814824449,negative,"usertoken sitting on the runway in newark, they will not let the plane to a gate. my connection boards in 1 minute. usertoken hates us all.",negative,0.9228700536826344,0.022902234613328316,0.05422771170403739,True
1611,569645582387556352,negative,usertoken never had a flight delayed an hour due to an unbalanced load. and more delays at usertoken. great job idiots.,negative,0.9644567686438905,0.003442859849339027,0.032100371506770496,True
1625,569641607584206850,negative,".usertoken i think not. i am not flying you again, if i can help it.",negative,0.8819434124554443,0.10943880363815518,0.008617783906400443,True
1634,569639854277066752,positive,usertoken you have a guy named otis at ord that knows what customerservice is. he was able to get my bag to me. i upgraded just to be sure,negative,0.8648171310142018,0.041851428628504966,0.09333144035729327,False
1643,569637373853745152,negative,usertoken. once again your lack of customer centricity us astounding,negative,0.8744326384488104,0.0794516250970629,0.04611573645412673,True
1645,569636929165242368,negative,"usertoken would be nice if usertoken partner tickets that don not provide full pqm credit are more obvious before purchase. lost 1,200 miles",negative,0.8648824083366767,0.11424238987121886,0.020875201792104392,True
1648,569635707746160642,positive,usertoken look at this beauty 😉 dc-10 united airlines 😉 hope you like this beauty 😉 urltoken,negative,0.562732008439242,0.314436581807351,0.12283140975340709,False
1675,569628591475924994,negative,usertoken worst flying experience ever and they tried to blame it on atc?! i watched them load bags for 30min after boarding 45min late flight,negative,0.9838244524779145,0.004000502182526061,0.012175045339559409,True
1679,569627005852917762,negative,"usertoken your b737-800w literally the smallest seats i have ever have, my dad got stuck in the tiny bathroom ad well disspointed premier1k",negative,0.7885921652895229,0.07434652278623838,0.13706131192423868,True
1684,569626297116176384,negative,usertoken still sucks. i don not understand why you have two cust service agents for a long line at houston international b gate unitedsucks,negative,0.9697308015548765,0.016611762544893282,0.01365743590023026,True
1692,569623171210436608,negative,usertoken the first time i flew united was horrible thought i would give you a second chance. there will not be a third! disgruntled,negative,0.6699346849575741,0.29806644014827455,0.03199887489415148,True
1715,569618317440208896,negative,usertoken is the stingiest airline. nobody should model after them. ptfo cheap bastards stingy,neutral,0.304932311268298,0.36179779503801396,0.333269893693688,False
1717,569617494908002304,positive,usertoken i should be fine. they automatically changed my connecting flight for me so i wouldn not miss it. a+ work.,negative,0.8220263774967422,0.12177626169407738,0.05619736080918045,False
1722,569616836884619264,negative,"usertoken heard about the voucher/miles credit for cancelled flighting my international flight yesterday, but i didn not get an email.",negative,0.8938101629874446,0.08966685124789384,0.016522985764661574,True
1738,569609680961572866,negative,"usertoken delayed 7 hrs flight 5721 pit/iad, finally board the plane, sit half hour &amp; crew is at their hrs limit &amp; we deplane. unacceptable.",negative,0.9777086775013849,0.008353064515402837,0.013938257983212155,True
1747,569605942318231553,negative,usertoken 50 minute wait times to help with a cancelled flightled flight?? help a guy out?,negative,0.8910741012373142,0.06931206151993749,0.03961383724274817,True
1753,569603236711305216,negative,usertoken thank you for letting me down.my luggage is still in denver but i am in phl. neveragain flyingwithus disappointed lostacustomer,negative,0.6939968446641313,0.046294781447326856,0.25970837388854184,True
1771,569592022635585536,negative,usertoken thanks for ruined my vacation for having poorly maintained aircrafts that can’t fly safely out of stt. ua1481 cancelled flightledflight,positive,0.40042640507554494,0.13840868812509607,0.46116490679935906,False
1787,569586179185754113,negative,"usertoken waiting half an hour for my checked bag at ewr (&amp; that was priority); disappointing, usually you guys are good.",negative,0.7771251551205943,0.06605227964116994,0.15682256523823565,True
1791,569583943772610560,negative,usertoken the emails/calls over the past months about flight changes were helpful wish you would have sent them on the cancelled flightlation yesterday,negative,0.6115482760320982,0.11186065830859053,0.27659106565931124,True
1798,569580197709783040,negative,"usertoken a baby shit its pants half way through my flight and it smelled like shit, what are you going to do about this?",negative,0.7931633870028278,0.16953952146228468,0.03729709153488755,True
1801,569579575291875328,negative,usertoken is by far the worst airline ever 😡😡,negative,0.93670328223162,0.029447934744276545,0.03384878302410349,True
1803,569578942543372288,negative,usertoken i am appalled at your lack of communication during our awful journey on 2/21 ewr to bos. 4 hr delays need to be explained better.,negative,0.9727845781573332,0.02181065189917848,0.005404769943488281,True
1809,569576395778748416,negative,only 14 biz days (18 calendar) to respond to my inquiry usertoken ? i hope your standards are universally adopted :-/ badcustomerservice,negative,0.7655289015183736,0.11475990669876601,0.11971119178286034,True
1814,569571643044929536,negative,"usertoken i am not sure how you can help. your flight experience is terrible, planes are dirty and staff is rude. start over perhaps?",negative,0.9891012262029891,0.006656343670121171,0.0042424301268897775,True
1818,569570444027822081,negative,usertoken i bought a ticket yesterday and received a confirmation. tried to check in and they said i hadn not paid for it. so i called was on,negative,0.9001416674431068,0.0809244516185168,0.01893388093837642,True
1830,569565822571679745,neutral,usertoken tried that. cannot figure out where to go to get it.,negative,0.876034115578838,0.109916721822018,0.014049162599143824,False
1837,569562147279253504,negative,usertoken adding reservation to ios app doesn not show up on desktop site when logged in. and miles cannot be redeemed for upgrades thru your app,negative,0.9760978900641946,0.009987821241733039,0.013914288694072418,True
1842,569559734199721984,negative,usertoken hi there bag id is ua6016053916 can you update me and explain why is occurred when i arrived 4 hours before flight!,negative,0.5579275743350113,0.4357407007383841,0.006331724926604567,True
1854,569554815539290112,negative,usertoken this 2 hr delay is a vacation buzzkill,negative,0.8971087086647277,0.026835625714806577,0.07605566562046574,True
1858,569550779520032770,neutral,usertoken is a snowboard boot bag included in the standard checked baggage next to the snowboard bag?,negative,0.577420778906794,0.2599405400316812,0.16263868106152488,False
1865,569544873809989632,positive,usertoken finally got through and they were very helpful. appreciate it!,positive,0.08878521501902918,0.019587356376329804,0.8916274286046411,True
1871,569544120827379712,negative,usertoken not my luggage,negative,0.9821559165732043,0.010741172198178663,0.007102911228617007,True
1880,569538703732772864,negative,usertoken oh i did. was still lost. your tracking system stinks as does the delivery system.,negative,0.8786405723455716,0.061038862302239275,0.06032056535218905,True
1901,569528348126216193,negative,usertoken any chance you could help rebook?? my flight cancelled flightled,negative,0.7393045377993365,0.2548212783598633,0.005874183840800057,True
1904,569526800767983616,negative,usertoken you really need a better system for handling cancelled flightled flights urltoken,negative,0.9457716046392701,0.04212317890982325,0.012105216450906531,True
1966,569502869243736065,negative,usertoken your airline has been telling me that my luggage is one hour away from my destination for 5 days!,negative,0.988158762735844,0.0036472600391681672,0.008193977224987787,True
1974,569497995445559298,negative,usertoken is your check-in system down? i am having trouble checking in for a flight that departs in less than 24 hrs.,negative,0.8749195190937593,0.11262514168860582,0.012455339217634797,True
1975,569497092655345664,negative,"usertoken, fuck you and your closed premier access lines at ord. probably gonna miss my flight...start treating your customers better.",negative,0.9733758523297973,0.0114224959229478,0.015201651747254942,True
1976,569497031322030081,negative,usertoken good luck with the no-enertainment-on-6-hour-flights strategy. innovation at work. hello usertoken urltoken,negative,0.5461596018026299,0.3591571963584342,0.09468320183893582,True
1978,569496919036305408,negative,usertoken you would think you would clean your ramps. our jet is stuck in the snow in newark. this would never happen with usertoken,negative,0.7291479825994363,0.14147286327209654,0.12937915412846723,True
1979,569496828376322048,negative,"usertoken i would understand if weather was the issue, but bc of airline maintenance i had to sleep on an airport floor and lose an entire day",negative,0.9433347907243056,0.037420341903115925,0.019244867372578463,True
1981,569493640990625793,negative,usertoken flight 403 is delayed 40 min bc a missing screw and were in danger of missing flight 6491,negative,0.9899686165772025,0.004707160710398533,0.005324222712398953,True
1987,569491079952642051,negative,usertoken i would like to know what is the easiest way to get a refund.,neutral,0.10556949910523274,0.8679987541911789,0.026431746703588298,False
1988,569490499377061888,negative,"usertoken help me, united! i paid for economy plus on a flight that was changed bc of delay. will i be automatically refunded?",negative,0.8977720906459649,0.08976158765347285,0.012466321700562234,True
1990,569489032100614144,neutral,usertoken i just sent to you.,neutral,0.27047043954926425,0.5117128250970774,0.21781673535365836,True
2001,569481213016023040,negative,usertoken flight 1 no luck on standby,negative,0.6705346068738796,0.28208538713796577,0.04738000598815451,True
2002,569480693782339584,neutral,"usertoken do you have plans for an ipad app? the iphone app is great, but on the ipad you have to flip the ipad. is there a beta? tks.",neutral,0.3165772014825435,0.5434642261082522,0.13995857240920434,True
2015,569474700386045955,positive,usertoken my bag reference id number is ind43728m. thanks for looking at it.,negative,0.47024013425739986,0.2996820387066363,0.23007782703596374,False
2017,569473998519578624,negative,usertoken flighted delayed for hours. 10pm arrival to vegas is now 4am. did you seriously lose my luggage???,negative,0.9901727050812068,0.006658433871266204,0.0031688610475270936,True
2031,569457148129779714,negative,usertoken where is my bag?? i am in mexico about to go build a house &amp; my suitcase never got on my flight from cle w me. i need it. san68059m,negative,0.7334268246733069,0.25821330252838287,0.008359872798310283,True
2033,569454641320062976,negative,usertoken you told me you changed my flight and im in the ottawa airport and ac cant find my reservation! whats wrong with you,negative,0.8911286001910599,0.04803007078365218,0.06084132902528795,True
2061,569415076400242688,negative,usertoken i bought a ticket with a price that was published by mistake and now i got an email that indicates united cancelled flightled my ticket! why?,negative,0.9824738598686388,0.01548237908533868,0.0020437610460226764,True
2072,569387614265954304,negative,usertoken flight cancelled flightled to denver service agent offered me a non jet salt lake to denver or red eye out of atlanta then hung up on me.,negative,0.9231151031106344,0.05213467886638136,0.02475021802298422,True
2087,569376145000390656,negative,usertoken we have tried to change our flight three times on the phone and got disconnected each time.,negative,0.8266824508061612,0.06861679337738871,0.10470075581645,True
2088,569374127187820545,negative,"usertoken poor showing today, no assistance to passengers who mis connected due to maintenance and waiting for baggage",negative,0.9749888301762079,0.018795852132987362,0.00621531769080465,True
2116,569363188120207360,negative,usertoken it would be great to get a callback from the agent that disconnected me trying to put me on hold after waiting to connectfor 60+min,negative,0.9500572293154558,0.02487908221575807,0.0250636884687861,True
2131,569346431833673732,neutral,usertoken i see you coming to get me and usertoken in hawaii! 12thman urltoken,neutral,0.23739106795977202,0.5160372038815166,0.2465717281587114,True
2136,569343186046332928,negative,usertoken can you increase the legroom? : how airlines compare urltoken via usertoken,neutral,0.20665754733657676,0.7527802208201863,0.040562231843236915,False
2137,569342888615620609,negative,"usertoken on a 4 seg flt yvr to zurich, why would you credit all miles and but only 2 segs on full fare?",negative,0.7217698830961844,0.2135473009204838,0.06468281598333177,True
2175,569329378061979648,negative,usertoken possibly the worst airlinegave them three chances second time in 2 weeks a flight has been delayed and or cancelled flightled due to mechanics,negative,0.9922861872513189,0.003644107939936146,0.004069704808745022,True
2202,569318432648273920,negative,usertoken trying to get a customer service agent. just landed in sfo. cannot fly with 3 layovers with 3 kids!!,negative,0.7379950263384929,0.09675931517230116,0.165245658489206,True
2205,569316547673526272,positive,usertoken thanks for the upgrade- please try to get my company to approve more business class travel.,negative,0.548751574799398,0.08818741176539595,0.3630610134352061,False
2208,569316018230677504,negative,usertoken hoping there is a spare a/c for 1171 tomorrow! have a ship to board! the sched aircraft is delayed from previous flts.,negative,0.7461390963527836,0.2414584851487367,0.012402418498479692,True
2224,569308168364425216,neutral,usertoken please update what is going to happen to passengers now that flt ua14 has been cancelled flightled,negative,0.9635917887708088,0.03380369989160272,0.002604511337588358,False
2229,569306302964506624,neutral,usertoken could really use your help getting our bags at iad. we are headed to yow but now going to yxu,negative,0.9121114074459292,0.05253073448535422,0.03535785806871649,False
2234,569302599591022592,neutral,"usertoken do u serve peanuts/nuts on yr flights yr policies r confusing contradictory advice pls help anaphylaxis,will u ask those 2 refrain?",neutral,0.31424188445191303,0.6309409478718391,0.054817167676247974,True
2247,569298251418959872,negative,usertoken having to pay for a hotel room in cleveland because of last minute cancelled flightled connecting flight. booked through united..unimpressed!,negative,0.9465029828037724,0.04064612141397356,0.01285089578225406,True
2255,569294326259253248,negative,reply to usertoken - doesn not do any good to check outlets preflight when moved to different equipment after boarding due to malfunction.,negative,0.806584163367172,0.177341794505081,0.016074042127747074,True
2262,569289573395800064,negative,usertoken your costumer service today in the providence airport was sucked. recommend your airline learn to check the weather and be honest,negative,0.8063125517303127,0.035732798446016706,0.15795464982367055,True
2263,569287656607100929,negative,usertoken fire yr rep who refused to put me on a flight that i had a boarding pass and seat on. full explanation and her name in complaint.,negative,0.7339004261369424,0.12023273226043885,0.14586684160261884,True
2264,569287433008754688,positive,usertoken that is great! pls let me know when u start!,positive,0.1461298174063522,0.16556242484953704,0.6883077577441108,True
2278,569279586921353216,negative,usertoken charging $6500 for biz flight to uk = somewhat egregious. charging $3 on top for a sam adams draft at the united club is usurious.,negative,0.4432435447230386,0.37810875882389156,0.17864769645306972,True
2280,569278347441799169,negative,usertoken your social listening capabilities are awful if this is the reply for the context in which you were mentioned usertoken,negative,0.7591958183198939,0.12596509056773444,0.11483909111237166,True
2286,569275566077165568,neutral,"usertoken hey, i missed my outbound flight - can i still use my return ticket?",negative,0.5471190858608559,0.42786217938995214,0.025018734749192025,False
2292,569274618428526592,neutral,usertoken the opal dragon book the dragon (ali) has woven his murdering ways from the philippines to australia urltoken,negative,0.6591926916503029,0.16052481863087142,0.18028248971882577,False
2293,569274001173979137,negative,usertoken a friend traveled via ua1470 today and never got their luggage. what recourse does the person have? buy clothes and get reimbursed?,negative,0.9115236477040448,0.05153100066817379,0.03694535162778151,True
2307,569264736455536641,negative,usertoken u cancelled flighted my flight from iad to jax. was supposed to use plane from bna but u used that plane for another destination instead. 1/2,negative,0.9600733194387352,0.03407296974907001,0.005853710812194799,True
2315,569261063406882816,negative,usertoken u guys did it again changed ages and double booked seats so i had to i have even though i have platinum and the other person none,negative,0.8750961839871396,0.029154496507709345,0.09574931950515107,True
2345,569251080598478848,positive,so appreciated! usertoken,positive,0.12772250992174006,0.2976720585080021,0.5746054315702578,True
2349,569249783216537601,negative,usertoken my husband is supposed to fly rdu to iad then iad to fra leaving in 2 hours. you cancelled flighted his flight and there is a 1hr wait on phone,negative,0.9011294805463715,0.07870109020354556,0.02016942925008298,True
2350,569249769421295616,negative,usertoken is probably the least satisfactory airline i have ever been on. never fails to disappoint.,negative,0.8366185371541223,0.04224516211420301,0.12113630073167463,True
2354,569248898071580672,negative,usertoken i fly usertoken normally. this doesn not happen to me with them. i will let your flyers provide their own feedback. thank you.,negative,0.793989947451811,0.034828246768641984,0.17118180577954709,True
2356,569248000456970240,negative,usertoken how about plowing the snow at a gate before the plane arrives so we don not sit for 45 minutes after an 8 hr flight.... fail,negative,0.9236440192020194,0.06844565684376111,0.007910323954219405,True
2369,569242387878428672,negative,usertoken flight was cancelled flightled due to mechanical issues but when i ask for cab fare they say it was weather and cannot help me,negative,0.9880789805411642,0.00892314443058858,0.0029978750282474475,True
2386,569233531483918337,negative,usertoken appreciate getting put on hold for 20min and then getting hung up on because i was requesting help for big group. i will try delta,negative,0.9100596795574033,0.07103484082486922,0.01890547961772743,True
2388,569233335915925505,negative,usertoken thank you for your reply. my frustration is that spending a upgrade just puts you on a wait list.,positive,0.2836848020842781,0.05320117417531099,0.663114023740411,False
2401,569227372223811584,positive,.usertoken thanks. hopefully this is easily resolved.,positive,0.0449549540928927,0.1756249970337095,0.7794200488733978,True
2405,569225585181880320,negative,usertoken my flight from mco has been delayed &amp; scheduled to arrive after my connection departs. what options do i have?,negative,0.8336271323760203,0.12166591904906499,0.04470694857491488,True
2428,569213197485514752,negative,"usertoken your new mileage policy is awful. before, i might have paid slightly more for united because of miles. now there is no difference.",negative,0.9635870867462923,0.031191836213803437,0.005221077039904191,True
2433,569209958627016706,negative,usertoken hello united. you should take care of your call center in mexico city office. terrible attitude from the lady who was helping me.,negative,0.7890537462864315,0.13684169612471575,0.07410455758885273,True
2446,569202656486432768,negative,"usertoken great decision making skills flight ops iah bag makes a 10 minute connection and i don not, flight pushed early. disappointed!!!!",negative,0.8804084276126889,0.010217062311632127,0.1093745100756791,True
2457,569193887706812416,neutral,usertoken yes. luckily i was there.,neutral,0.10392442305592686,0.8101153895038666,0.0859601874402064,True
2459,569192549170032640,negative,usertoken what is the hold up with flight 6475 from slc to den??,negative,0.8468735349134459,0.10925866611411934,0.04386779897243492,True
2460,569191838579429377,negative,usertoken den-phx flight tomorrow cancelled flighted. asked for overnight 2nite in lax/sna. told not without paying. that is wrong,negative,0.9711411236455009,0.022023647384763013,0.006835228969736008,True
2464,569188938012880896,negative,usertoken why do i still not have my bags? they arrived usertoken &amp;website says they are still at the airport..2 1/2 hours late flightr???!! nothappy,negative,0.9967460174365763,0.002817336054904956,0.0004366465085187256,True
2471,569184999900995585,negative,usertoken once again your lack of customer service astounds me! you are the worst airline in the history of airlines! train your staff!,negative,0.9725149437001918,0.003189340615505371,0.024295715684302877,True
2481,569177080014901248,neutral,usertoken i got it now. wouldn not let me log on with my email. thx. here is hoping for dtw-ase without issue today,negative,0.6417661849463167,0.2673961074553886,0.09083770759829479,False
2489,569169897906941952,negative,"usertoken really needs to start upgrading their planes. no tvs &amp; then the ""inflight wifi"" is currently unavailable unitedairlines",negative,0.8174442957711505,0.13723802411769914,0.04531768011115024,True
2491,569168955786600448,negative,usertoken outsourcing ticket and gate agents at mia. ill advised. you did it in roc and service went downhill. keep employees and fliers first,negative,0.9141951188593739,0.02054090971132952,0.06526397142929655,True
2505,569156387789361153,negative,usertoken just had the worst customer service experience ever on united airlines,negative,0.9345827373856067,0.021023309567178565,0.04439395304721465,True
2507,569154879484235776,negative,"usertoken diverged to burlington, vermont. this sucks.",negative,0.8490422661852549,0.10903718613681462,0.041920547677930506,True
2512,569149666027294720,neutral,usertoken hi have a question re future flight booking problems. dub-jac 29/9 jac-lax 8/10 lax-dub 13/10. i am *g. what is checked bag allowance for jac-lax?,neutral,0.22089415780813848,0.7607139823697362,0.018391859822125392,True
2516,569144072843063296,negative,usertoken i am afraid not... i fly or service every week and i am just unhappy..spend too much money to be unhappy,negative,0.76116837510127,0.12090766171636622,0.11792396318236387,True
2518,569143454434926592,negative,"usertoken if you are going to cancelled flight flights today, do everyone a favor and get on it now. don not stall the inevitable.",negative,0.8603924654477679,0.128368076812299,0.011239457739933036,True
2520,569140808227672064,negative,usertoken flight ua1665 got delayed 2 hours due to a mechanical issue...could use a free drink or 3 to make up for this inconvenience,negative,0.9517977175139075,0.035876138117450496,0.01232614436864214,True
2522,569139586124910593,negative,usertoken 15.99 for wireless? was 6.99 epic fail . greedy piggy you are the worst!,negative,0.9619040317460964,0.0269130875240689,0.011182880729834636,True
2526,569130479690981376,negative,"usertoken web app will not let me upgrade seats, call center wait time is 20 minutes plus, just want to get more legroom but it is a pita",negative,0.9879965465391224,0.005937666446877198,0.00606578701400048,True
2535,569119503516246016,negative,usertoken i booked lh via ua. however at gate they rebooked me to a late flightr lh flight. now that flight didnt earn pqd for me. how do i get it,negative,0.7087245020410101,0.2758066208890517,0.015468877069938073,True
2538,569116399039344640,negative,"usertoken it isnt simple issue, generally how you set up check in/baggage policies at logan and general unhelpfulness of employees in early am",negative,0.8172613383135988,0.09862406443394825,0.0841145972524528,True
2540,569114239996076032,negative,usertoken i already follow you. one of you 800-number agents rebooked me. went from a 777 to an a320. ugh.,negative,0.8660199659692766,0.06747397972722095,0.06650605430350255,True
2541,569106746486222849,positive,usertoken good job at cle .. tpa on schedule ... 4 to 5 inches of snow ! urltoken,neutral,0.06634916915050383,0.70300451055545,0.23064632029404622,False
2547,569096764835414016,neutral,“usertoken: usertoken we hope you don not miss your connection. for help with re-flight booking problems please follow us &amp; dm your confirmation. ^cp”done thx,negative,0.6979351417965416,0.1673823050668507,0.1346825531366077,False
2565,569059097632337920,positive,usertoken yes to more food! add some gluten free options while you are at it,negative,0.6052389116456565,0.24790727278318728,0.1468538155711563,False
2566,569058014650433536,negative,usertoken no. u guys suck. i will never fly with u again. and ur supervisors suck too.,negative,0.9826995953146899,0.006257024134709423,0.011043380550600572,True
2579,569026124484706304,negative,usertoken flight 1136 from chicago to houston over 2 hours and no pretzels or peanuts?! seriously about passed out.,negative,0.9461953517077313,0.04530877300689467,0.00849587528537394,True
2588,569017218316369921,neutral,.usertoken i took a screenshot and emailed it to myself. let is dm and figure this out.,negative,0.6703133326427346,0.17770485406737738,0.15198181328988797,False
2589,569015669347319808,negative,usertoken she 👏 will not 👏 be 👏 at 👏 my 👏 wedding 👏. this is an irreplaceable milestone. there is no reflight booking problems. how can we be repaid for this?,negative,0.6747140309162771,0.3100300720402266,0.01525589704349636,True
2601,569007629868998656,negative,"usertoken very exasperating i am having a difficult time with flight booking problems as the error message says you are undergoing maintenance. really, now?",negative,0.9410582680193021,0.023386219384102132,0.03555551259659573,True
2622,568987648691449857,positive,usertoken no thanks. took care of it when i called,negative,0.5443373126866116,0.31470039748058415,0.14096228983280445,False
2642,568973797262372866,negative,usertoken where are our luggages? with a group and over 20 luggages are lost,negative,0.8712812483777531,0.08785866449584939,0.04086008712639749,True
2649,568970614238617600,negative,usertoken i was on hold for over 20 minutes and was talking to one of your employees. i asked him for name or id # and he hung up in my face!,negative,0.9395935539797474,0.02307189110177028,0.03733455491848241,True
2655,568967598794149889,neutral,usertoken what time should i arrive at the airport for my 6:15 am domestic flight out of san diego?,neutral,0.25458609697345264,0.7179302591800236,0.027483643846523798,True
2664,568964974611193858,negative,"usertoken first you lost all my bags, now you cancelled flight my flight home. 30 min wait to talk to somebody poorservice notgoodenough",negative,0.9817279086578431,0.004284913850437049,0.013987177491719842,True
2666,568964028669800448,positive,usertoken looking forward to flying with you guys as well !!,positive,0.03746225053226966,0.07277949154257968,0.8897582579251507,True
2676,568960570486976513,negative,usertoken - we are sitting in ua1088 getting delayed because the operations cannot find captain. ridiculous united,negative,0.9765318188027757,0.0105106106084071,0.012957570588817134,True
2679,568958227888500736,negative,usertoken stuck in houston because you cannot seem to get a plane to the destination on time in perfect flying conditions.,negative,0.8766582176694815,0.03529182715306917,0.08804995517744937,True
2681,568957558444175360,negative,usertoken how much longer united?? been on the phone for over an hour to straighten out a star alliance upgrade!!! urltoken,negative,0.9153095460726006,0.053945784132105525,0.030744669795293885,True
2683,568957001658724353,neutral,i left my dildo on the plane is there any way for me to get it back? usertoken,neutral,0.06578207897865156,0.9059146365527257,0.028303284468622705,True
2689,568954266628575232,negative,usertoken you guys suck!,negative,0.8696131177421536,0.05214411877966287,0.07824276347818357,True
2693,568952850908213248,negative,"usertoken again horrible service, again attitude when asked for information, again you make me not want to fly united ever. platinummember",negative,0.9637931491235859,0.020202900381950602,0.01600395049446341,True
2702,568950548411461632,negative,"usertoken if someone misses his connecting flight because of the airline, and it was the last flight of the day, how will you fix it?",negative,0.807257108754681,0.11966646137491793,0.07307642987040103,True
2714,568944096687075329,negative,usertoken made me remove 1 pound from my checked bag otherwise they would charge me $200. loyal flier for 10 years - time for change.,negative,0.6899258348065249,0.2161590207964349,0.09391514439704016,True
2716,568941851228528642,positive,usertoken you suck. usertoken you are the best.,positive,0.4055883573518046,0.046089782782550374,0.548321859865645,True
2723,568932735181578240,negative,"usertoken, if you mean beyond opaque ""maintenance issues"", yes, that would be basic in customer service which your ewr staff cannot manage.",negative,0.8888052595294621,0.04822197823252818,0.06297276223800981,True
2747,568921968818270208,negative,usertoken your agents forced me to check a carry on bag. when i received my bag i found your crew had stolen from me. u lost my business!,negative,0.9643432693740858,0.020842012400827416,0.014814718225086912,True
2750,568921163901984768,negative,usertoken why haven not you released a travel advisory for iad for tomorrow????!!!!!!!!,neutral,0.4613218298372784,0.5245574353893456,0.014120734773375984,False
2753,568919230671794176,neutral,usertoken i just had an interview how long does it take before you hear back,negative,0.4886018930483947,0.2614582470193938,0.2499398599322116,False
2759,568917611565592577,negative,usertoken don not ask me to be patient without offering something in return.,negative,0.6891170441603555,0.2527043418753086,0.058178613964336094,True
2791,568898792755470336,negative,"usertoken as for volunteers to give up seats, people did! now we sit for 25 minutes on plane waiting 4 them to add more people! letsgo",negative,0.9442495105637913,0.033700431922512965,0.022050057513695768,True
2796,568895842293309440,negative,usertoken you are making me miss big snow in montana. not cool.,negative,0.8675076738266412,0.03579801486249823,0.09669431131086062,True
2809,568887455044259842,negative,usertoken you need to get it together 3 of 4 flights cancelled flightled stranded with no car and my baggage is lost! you never get it right.,negative,0.9926486261659946,0.004823549953847477,0.002527823880157883,True
2810,568887240685785089,neutral,"usertoken blood services, make your appt. today! 18009174929 urltoken",neutral,0.26839174179701736,0.4776573719191986,0.253950886283784,True
2812,568885581297651713,neutral,"usertoken not waiving change fees with the snow storm coming tomorrow? iad is under winter storm warning tomorrow already, what is up?",neutral,0.31849755305390237,0.6582718062247477,0.023230640721349966,True
2814,568885498464374785,negative,"usertoken i am fully aware, it is just that your rules are harsh toward the client. especially since you are going to resell my seat for more $.",negative,0.9380846667833966,0.03566303792120611,0.026252295295397316,True
2823,568883108377808896,neutral,"usertoken if i had a ticket refunded which i purchased, for my brother to fly...could i then used the refunded credit for me to fly? respond",neutral,0.2445039963324543,0.7278917122391368,0.027604291428408916,True
2827,568882079091400705,negative,"usertoken thank u for the 1hr delay then boarding us onto a plane that reeks of vomit, flight attendant indicated it wasn not cleaned properly.",negative,0.9135568307139323,0.006782212327854262,0.07966095695821344,True
2829,568881593395208192,neutral,usertoken need to add service dog to my itinerary for tomorrow,neutral,0.3368517576310042,0.634964859223822,0.02818338314517377,True
2832,568880036234682370,negative,usertoken i cannot even look at you right now. i will call you when i am not so mad.,negative,0.9390297026778524,0.026211980037128883,0.03475831728501866,True
2840,568873730182504448,positive,usertoken thank you.. appreciate the response,positive,0.002416882732653201,0.00158304240846372,0.996000074858883,True
2854,568862914154770432,negative,usertoken mia-ewr 384 😄😄😄 excellent crew. ewr-iad 3589 😡😡😡 no crew to load bags - waiting w/ door open freezing. 20 mins past departure.,negative,0.8155207897151328,0.05059367596062401,0.13388553432424308,True
2863,568858361011154944,negative,usertoken refreshes my browser right before checkout.error load message. ticket price increased $358 in a matter of sec. dounotwantmybusiness?,negative,0.7473020450021174,0.20224746183324116,0.05045049316464145,True
2868,568855465842466817,neutral,usertoken ua6357 needs de-icing! stat! we have waited our turn...,negative,0.6895735706050303,0.12842567214404316,0.1820007572509265,False
2870,568855071322198016,negative,"usertoken usertoken fair enough united. everybody is doing the best they can. although that ""slight delay"" is turning into a cancelled flightlation.",negative,0.6345872041529667,0.15369248852717896,0.21172030731985436,True
2872,568854214136479744,negative,usertoken worst flight experience i have ever had. will never ever fly your airline again.,negative,0.988213577392045,0.002406755477605882,0.009379667130349123,True
2886,568847735530643457,neutral,usertoken are the current on board food menus available anywhere online?,negative,0.590330729351044,0.32802848359301395,0.08164078705594195,False
2932,568826499597524992,negative,usertoken flight 1219. my frustration boiled over after dealing with attendant. her attitude was ridiculous.,negative,0.8284467982506115,0.024793924824517668,0.14675927692487076,True
2933,568826225621405696,negative,usertoken nice to know that 3 hours of my time is worth $7.99. free directtv for everyone! ever hear of preventative maintenance?,negative,0.7355191876693453,0.1202288712199819,0.14425194111067266,True
2945,568819406207356928,negative,"usertoken will flight 5559 to yyc be providing free food when we are allowed back on board after the ""broken lightbulb""",negative,0.4893154873339084,0.4039552641650939,0.10672924850099766,True
2949,568818346042339328,neutral,usertoken 129 thousand fans of usertoken are asking you to give her your utmost effort to get her a safe flight with her baggage soon!,negative,0.5669412744405756,0.1226688930033304,0.3103898325560939,False
2959,568815354388078593,negative,"usertoken made to check in my carry on from flight 1449 pbi to newark. plane luggage stow not full. u r costing me time, money &amp; aggravation!",negative,0.828300983724865,0.13472561469962543,0.036973401575509546,True
2968,568812829324775428,negative,usertoken flt 3444 delayed because of maintenance - that is fixed but cannot board because flight crew didn not stay in boarding area fail,negative,0.9896663644243056,0.001940977241742985,0.00839265833395149,True
2995,568804026789138433,positive,usertoken good fly!! united businessfirst,positive,0.06858413613906258,0.29440686535091704,0.6370089985100204,True
3010,568801277984944128,negative,usertoken no wifi on flight ua688. sf to ord. really? wow,negative,0.7861317788412692,0.1537048888714255,0.06016333228730534,True
3012,568800974632050688,negative,usertoken is the worst urltoken,negative,0.7526084334787209,0.23331447547397083,0.014077091047308367,True
3020,568795791445209088,positive,usertoken enjoyed heathrow lounge so much i almost missed my usertoken flight!,negative,0.7232661025169463,0.11962521631560835,0.15710868116744522,False
3031,568787202341081088,negative,usertoken or you will cancelled flight my flight like you just did,negative,0.9050740986648811,0.05718167091544197,0.037744230419676894,True
3042,568780030538420225,negative,usertoken item (not mine) mysteriously ended up in my checked bag after a ewr to yow flight. missing a black box? urltoken,negative,0.4502930323640123,0.2516797581582202,0.2980272094777675,True
3049,568771089372979200,negative,usertoken i really have a hard time believing that 4 planes in this terminal are all delayed for mechanical issues. whatgives dullessucks,negative,0.9258924237951299,0.03282255016392344,0.041285026040946714,True
3060,568757933502148608,negative,usertoken disappointed to learn you are now charging $200 to use 20k miles for upgrades on ps jfk flights. will be looking at alternatives.,negative,0.7078734383820238,0.2627772889471721,0.02934927267080407,True
3064,568755688442191872,negative,usertoken flight 6212...massive fail! they delaying to transport a crew member causing many to miss connections! unreal!,negative,0.8845742439928893,0.03809305880916048,0.07733269719795022,True
3072,568735994838589441,negative,usertoken flightdelay on an early craft arrival because pilot is stuck in traffic fail nocustomerservice nocompensation,negative,0.9680237179392773,0.02270447635638134,0.009271805704341267,True
3075,568731155303956480,positive,"usertoken flt 912. capt herman is amazing! came out before flight to play ""ask the captain anything."" wonderful ambassador to the airline!!",positive,0.06370731370647965,0.06575544563575664,0.8705372406577637,True
3078,568723674934722560,negative,usertoken usually your lounge staff are fantastic! except today in mco where almost denied entry to lounge even though traveling united-first,positive,0.4652848555790214,0.059839666182037995,0.47487547823894066,False
3093,568694278890901504,neutral,usertoken hi i left my asus tablet on flight to heathrow from newark on 16th feb and wondered how long it takes for someone to check if found?,neutral,0.030277813701975218,0.9658859768364522,0.0038362094615726036,True
3107,568671211430891520,neutral,usertoken any chance you are allowing reflight booking problems yet for travel out of denver this weekend due to impending storm?,neutral,0.36079637015114213,0.5815379426605027,0.057665687188355054,True
3111,568667108252319744,negative,"usertoken all good, didn not die or anything. as they say ""you get what you pay for""!",negative,0.732382675740466,0.13613799342511218,0.13147933083442184,True
3114,568662525530628096,negative,"usertoken your staff at laguardia and lagos, nigeria were unprofessional, uncaring and not helpful. ou",negative,0.8250575252601196,0.029076445634271676,0.1458660291056088,True
3136,568648390738706432,negative,usertoken i think i left my phone on my flight. help!,neutral,0.3497873226443585,0.5734579634333117,0.07675471392232973,False
3137,568647206695120896,positive,usertoken great customer service again. thanks!,positive,0.0314341474110102,0.0022709360117095286,0.9662949165772803,True
3141,568644260129419264,negative,"usertoken here is my case id 8473573. requested on 2/5, now it is 2/19... 7-10 days i will get a response, bs!",negative,0.8459593328594563,0.09240381870336496,0.06163684843717862,True
3153,568630453521022976,negative,usertoken understanding the situation we waited and it was opened until 10:30pm,negative,0.8641368160348515,0.08055882898699215,0.05530435497815639,True
3154,568629979719675904,positive,“usertoken: usertoken we hope to see you on board soon and thanks for the tweet. ^ey” 👏👏,positive,0.05498675474755289,0.15253659219222773,0.7924766530602193,True
3159,568625749214642176,negative,"usertoken she was at the service desk at gate 21, and helped us find a flight to get us to our dest. on time when our flight got cancelled flightled",negative,0.8490574814970537,0.06852248054495194,0.08242003795799425,True
3161,568625014037045248,negative,usertoken it wasn not a delay so much as a straight cancelled flightlation. weather wasn not an issue either.,negative,0.894800686789336,0.0732129703074564,0.03198634290320766,True
3198,568602007583354880,positive,usertoken just got my lost kindle in the mail! thanks again.,negative,0.4745067963385131,0.07255057640162697,0.4529426272598599,False
3205,568597062104813568,negative,usertoken ord gate c25 and flt 619- remember when customers were valuable? is it so hard to be nice to someone lugging a guitar &amp; carryons ?,negative,0.8563484993299577,0.07186092064914036,0.07179058002090197,True
3206,568596833439760384,negative,usertoken worst service ever. denied access to our flight and then moved flight 6 times. how hard is it to schedule a gate? usertoken next time.,negative,0.8776187257666856,0.058067392234391585,0.06431388199892266,True
3224,568584434376577024,negative,"usertoken doumented via link. however, now that it has been over four months with no response, what do you suggest? or shall i not expect one?",negative,0.9796501116951192,0.017344491602506472,0.0030053967023742686,True
3248,568572753403650049,negative,usertoken lost my wallet on flight 1007 yesterday from houston to bogota. filled out your online form. no response yet.,negative,0.9860288680302328,0.006576193483688317,0.00739493848607873,True
3259,568564957740175360,negative,"usertoken how is this considered ""on time"" if it is arriving at destination half hour late flightr than scheduled? urltoken",negative,0.6098678166266566,0.36215605254649613,0.027976130826847377,True
3271,568562512284659713,negative,"usertoken ouch, delays due to mechanical issues again qro will have to wait! yall seem to be falling apart alwaysdelayed unitedfail",negative,0.9760292593157157,0.017175325791718394,0.00679541489256594,True
3277,568558728263254017,negative,"usertoken your survey is too long. i fly a lot of segments and i will fill it out after every trip, but not if it takes more than a minute.",negative,0.9069251998807137,0.049840702585042015,0.04323409753424405,True
3279,568558135637463040,positive,"usertoken fair enough. i don not usually rant, but it is good to know someone is listening. :)",neutral,0.26313954254904076,0.5981542081818746,0.13870624926908462,False
3285,568555022209847296,neutral,usertoken happens every time in and out of newark.,negative,0.43234642647910715,0.2199517005297204,0.3477018729911724,False
3289,568552711840358401,positive,usertoken we were able to get on the moon flight! just got to our hotel in puerto rico! thank you!,positive,0.10047573212314079,0.09305896432297614,0.8064653035538831,True
3312,568535502996905984,neutral,usertoken i am on 1528 and my connecting flight is 909,negative,0.4752595895829427,0.28418268827160564,0.24055772214545168,False
3317,568532825281937408,positive,usertoken has the best pilots ever thank you guys for the great trip thatisall,positive,0.0011827995533476108,0.0015054028722973776,0.9973117975743551,True
3322,568527393754738688,neutral,usertoken usertoken can i go golfunited,neutral,0.01034419504269967,0.9867862153419548,0.0028695896153454552,True
3323,568527304348942336,neutral,usertoken i got an email from cust. care for an issue i had offering me a voucher. how do i claim that? i emailed back but got no reply. dm me,negative,0.9007282182172431,0.08020474797096325,0.01906703381179365,False
3340,568513007849840640,positive,usertoken pleasantly surprised with quality of service and flight.flew lga-cle-den. friendly crew. love the concept of byod worksnicely,negative,0.5246708821367745,0.0828550790751257,0.3924740387880997,False
3343,568509763048357888,negative,usertoken 1k use to be special. 80 people in group one. why not board global and 1k together? urltoken,negative,0.7413269124680018,0.226739695100546,0.031933392431452205,True
3348,568506797805318144,positive,usertoken thank you. i will address it with them,positive,0.15741300511917725,0.0906642795890471,0.7519227152917758,True
3352,568503322828783617,neutral,usertoken please reroute oregon women is tennis to santa barbara. there is supposedly another connection from la.,neutral,0.25463390578648337,0.69958477902364,0.0457813151898765,True
3368,568492898553102337,negative,usertoken how do you log out of wifi in flight? don not see any option and made typo when logging in. help!!,negative,0.8326045489521255,0.15125899796946007,0.016136453078414444,True
3402,568465710629826560,positive,usertoken you are welcome.,positive,0.2995733915299717,0.23206083416327794,0.4683657743067505,True
3408,568462177415372801,positive,usertoken yes ! :d (y) from usertoken on instagram :),neutral,0.10566978912819554,0.8380278477121463,0.05630236315965803,False
3413,568458999798108160,negative,usertoken i must stop my relationship with you. you have become greedy and heartless and our long term relationship is over,negative,0.8987565929507096,0.01997092632749154,0.08127248072179885,True
3428,568450237028798464,neutral,usertoken yes when i landed.,neutral,0.1801797046926343,0.7377295665696394,0.08209072873772623,True
3430,568449164951953408,positive,usertoken so far so good. just stepped down in denver. next stop portland!,positive,0.057764742717503204,0.040618810295067795,0.9016164469874289,True
3433,568444042851323904,negative,usertoken over charged me one way for baggage.find out others leaving pittsburgh with same equipment weren not charged just hung up on me!!,negative,0.9234963261621789,0.06803783007751246,0.008465843760308565,True
3434,568443923485437952,positive,usertoken orthodoc on-call to in-flight! glad to have been of service!,negative,0.6358925122974569,0.05604420219190404,0.308063285510639,False
3437,568438982301917184,negative,"usertoken really hoping to get some help here. on my 5th attempt to get a resolution, and lost count of transfers. help please! mileageplus",negative,0.7297882953520625,0.20032454529608035,0.06988715935185708,True
3447,568433759919452160,positive,usertoken keep the flights cheap and early/on time and you are good. flew usertoken and cancelled flightled my flight 4 times last month. united&gt;,negative,0.9170851666184195,0.03205931696503661,0.050855516416543955,False
3466,568418165853540352,negative,"usertoken reflight booking problems would not have made me reach on time for my meeting. also didn not wanna take a chance, booked myself on usertoken instead",negative,0.7203185972674354,0.18689969126173753,0.092781711470827,True
3470,568414872578465792,negative,usertoken i am calling to check on a future flight and your first agent hung up and now you sent me to the pet travel line!! this is hell!!,negative,0.9079198799004972,0.06681083536091939,0.025269284738583538,True
3480,568401790250700800,negative,usertoken the flight turned around for mechanical reasons on 1/30/15. never to fly united again as they don not check their planes properly.,negative,0.967122096326043,0.01713949568452261,0.01573840798943431,True
3481,568399913358221312,negative,usertoken is it customary to upgrade a flight attendant in uniform vs passengers? one is in 1b on flt 1020 now to iah,negative,0.7161229219601594,0.19648646219485352,0.08739061584498721,True
3495,568375354982842368,negative,usertoken we booked at the same time and he called was told confirmed we were linked. even after he had to make changes to his rez.,negative,0.8630549838741354,0.042723900595160354,0.09422111553070428,True
3511,568352803892150273,positive,usertoken thank you! my second flight i already got bumped up to 1st! love it!,positive,0.03760257593848178,0.03476800293734208,0.9276294211241761,True
3522,568309328127655936,neutral,usertoken usertoken usertoken n26902 dreamliner leaves london heathrow. usertoken urltoken,neutral,0.06449405114951023,0.8345008693496655,0.10100507950082441,True
3536,568282692845842432,negative,"usertoken very disappointed by the service starting from gate operator at bos , who was rude in stopping a carry-on bag...",negative,0.8742011689251188,0.07889788727008949,0.046900943804791755,True
3564,568265475114663936,negative,usertoken my flying united is over...sorry. the captain still had 20 minutes of pre-flight preparations to make while we sat with no air!,negative,0.9516683268332946,0.033099958509895396,0.01523171465681002,True
3581,568254094739148800,negative,"usertoken lost my parents luggage to cancun, said it would be delivered to hotel by 7pm, it is now almost 11pm",negative,0.938062021455972,0.05044296816031977,0.011495010383708287,True
3589,568250000028925952,negative,"usertoken 2 hour flight from fll to ewr, 1242, now waiting 1 hour plus for bags, no sign yet. what gives????",negative,0.9749198558118372,0.016084902910301575,0.008995241277861221,True
3603,568238725626355712,negative,usertoken this is not what captain said! your 820pm flight to san francisco is delayed due to weather. ua1416 now departs ....failagain,negative,0.9369146295936446,0.030575885026581668,0.03250948537977372,True
3618,568231529823891456,positive,"usertoken no worries - after everyone boarded, the cushions were brought in. took a while, but they made it here.",positive,0.38883280669687176,0.045820860583642424,0.5653463327194858,True
3620,568230620595417088,neutral,usertoken hey! think someone could meet me with my book when i arrive at usertoken at 10:30? it is yes please amypoehler. oscar took it.,negative,0.8457610535377491,0.12845056671072444,0.0257883797515265,False
3628,568225650760413184,neutral,usertoken we invite to fallow usertoken learn about our activities.prevention programs of health by condom-rito family.we r 501(c)(3)thanks,positive,0.22941512920653404,0.272935686656685,0.4976491841367809,False
3633,568218887973703680,negative,usertoken can you get a gate for ua4727? turrible.,neutral,0.3914557592707749,0.5717321329113838,0.0368121078178413,False
3635,568217304259010560,neutral,usertoken flight 280,negative,0.6044990019308132,0.2988642888794124,0.09663670918977443,False
3646,568210483959836672,neutral,usertoken ^jt is the ord to phl flight at 9:15 pm (cdt) delayed? dm i am kinda hoping not to be stranded at ord either.,negative,0.6776603559224984,0.3062314000339223,0.01610824404357913,False
3658,568203839242764288,positive,"usertoken i will admit, you have been rather good to me over the years. you have still got me hooked. (for now!) peace.",negative,0.7063179610693615,0.11055578093572524,0.1831262579949131,False
3661,568202174917976064,negative,usertoken just dropped bags at newark. your desk guy was the rudest customer facing person i have met. even my two children were shocked!,negative,0.5981196695170686,0.1278836801008122,0.27399665038211923,True
3664,568199122903293952,positive,usertoken thank you for getting our daughter home when usertoken cancelled flightled all their flights to nashville,positive,0.33312180563124,0.06123227053304795,0.6056459238357121,True
3683,568188203397574656,positive,"usertoken honestly, i stopped trying to report things via website. now i just laugh. flights work. miles accrue. i am sure it is just cosmetic.",negative,0.7165837035087815,0.23929723751390808,0.0441190589773104,False
3714,568176078595985408,negative,"usertoken sent dm last week, re: suit regarding your error. no response was given. please answer dm or tell me who to send suit to....",negative,0.8664412568321815,0.11823497413939751,0.015323769028420826,True
3727,568166099184783360,negative,"usertoken yes, supposed to be here by 6pm. i have a board meeting tomorrow. fingers crossed.",negative,0.5530486563049959,0.3870414487423721,0.05990989495263193,True
3728,568166054624669696,negative,usertoken thanks for not letting me switch flights bc i had a checked bag then cancelled flighting my flight forcing me to take another 3 hrs late flightr!,negative,0.9323297746933794,0.030655947421655647,0.03701427788496498,True
3730,568165907975053312,positive,"usertoken just did, thanks for checking! :)",positive,0.047982244071708195,0.20276987519648493,0.7492478807318069,True
3741,568158670489387008,positive,usertoken can i just go ahead and live in your premium cabins? i am in heaven now en route to lhr,neutral,0.21122509407453738,0.6411054826875938,0.14766942323786877,False
3760,568147319155073024,negative,"usertoken, thanks, but i didn not want to see 'we have started your flight search over' or 'the fare &amp; rules for this itinerary has changed' again",negative,0.8884925982843633,0.055342538110746506,0.0561648636048902,True
3783,568129652625158147,negative,usertoken why is my flight from mke to ord getting delayed? our gate attendant is not communicating!,negative,0.9894996222247866,0.0062216532140058674,0.004278724561207626,True
3794,568118452965085184,positive,usertoken i am blown away by stellar custserv !! thank you &lt;3 urltoken,positive,0.0074650547793719685,0.2731918581788778,0.7193430870417502,True
3804,568110568097374208,neutral,usertoken please help! left my ipad air 2 on my flight from nyc to paris yesterday and can’t get in touch with anyone locally. what to do?,neutral,0.14374076346937825,0.8366940058354543,0.01956523069516756,True
3822,568099620456423424,negative,"usertoken and usertoken. not to pile on, but it is time to update your in flight tv package. urltoken",negative,0.6433736909144897,0.33537159290243057,0.02125471618307968,True
3828,568094839063089153,negative,"usertoken its ridic you cant transfer credit, you have my $400 &amp; youre taking $200 of it for cancelled flightling. atleast let me keep the credit damn",negative,0.9441047015405722,0.029406535984873423,0.02648876247455434,True
3856,568077199162658816,neutral,usertoken can you send a personal plane to get us out of school? it is icing and we don not want to get stuck here usertoken usertoken,negative,0.6868791252227585,0.2425737373214113,0.07054713745583033,False
3860,568071159285022720,neutral,"usertoken how come it is cheaper to fly to bkk than nrt even though to get to bkk you take an extra flight, from nrt!",negative,0.8532706005437088,0.10333882675365791,0.04339057270263321,False
3862,568068509613178880,negative,"usertoken thanks for reaching out. the seat was hard, not enough cushion. ok for short flight. btw, ua6465 flight and crew were great!",positive,0.1261782805479052,0.007825934436298301,0.8659957850157964,False
3865,568067938843893761,negative,".usertoken: just landed. a day late flight with almost no sleep, but here. i feel sorry for the woman i consoled who is mother died during the night.",negative,0.8840099199784374,0.04242633055559207,0.0735637494659705,True
3881,568056439291256832,neutral,usertoken did not get names...dallas flight and chicago,negative,0.7281645770272653,0.16565932943706596,0.10617609353566876,False
3884,568052677881565185,negative,usertoken i need to speak with a supervisor or someone who is willing to help me use a credit i have asap. letsworktogether,neutral,0.44174460787087433,0.5473196805251858,0.010935711603939954,False
3893,568042973688139777,negative,usertoken any chance you can troubleshoot check ins at usertoken ? we are at 20 minutes per person.,neutral,0.33128068089773266,0.6474209941929363,0.02129832490933104,False
3895,568037880859222016,positive,usertoken sorry to hear outsourcing plan. boise is best staff/cust service in the country. boise,positive,0.2444647294416179,0.16795283265654704,0.5875824379018351,True
3896,568037433503145984,negative,usertoken -lga-ord ua 711. did not get agent name. argument over baggage policy.,negative,0.8683140664755604,0.10334358754490428,0.028342345979535284,True
3899,568035703768154112,neutral,"usertoken is pri boarding for ""active military"" or only ""in uniform?"" 90% cannot travel in uniform for opsec reason, even on official travel",negative,0.5402875763503474,0.33971579118738493,0.11999663246226773,False
3916,567984939221852160,negative,usertoken it has now been 16 days since i applied for my compensation? y have i had no correspondence,negative,0.8686064502476509,0.11073766084822166,0.020655888904127357,True
3943,567931026686767104,negative,usertoken next flight? don not think i will be spending anymore money with you guys ever. it was that bad.,negative,0.8020948462055429,0.06766998402805159,0.13023516976640545,True
3945,567927725815496704,negative,usertoken why couldn not you have changed the tire of my delayed ua1127 flight when it arrived instead of waiting until boarding?,negative,0.9822174432013021,0.01609353196069594,0.0016890248380019492,True
3951,567922347669262336,negative,usertoken flight 512 had sime of the rudest flight attendants. i was run over by the drink card and had a flashlight dropped on me. noapology,negative,0.8290528054148658,0.05751888623554702,0.11342830834958709,True
3962,567912190788771840,neutral,usertoken so if this game was the one reason i payed for usertoken is there something we could work out here? urltoken,neutral,0.17023486627753304,0.6845544571316666,0.14521067659080028,True
3967,567901267063803904,neutral,usertoken hello. just wondering how long it might take for turkish airlines flights to show up in my united miles. thanks.,neutral,0.21236156931139452,0.49957574425690926,0.2880626864316962,True
3972,567897640035160064,negative,usertoken my son is a passenger on flight 3710 from chicago to toronto. the plane came within feet of colliding another plane and is stopped.,negative,0.8216616723026358,0.1444670351500482,0.0338712925473162,True
3983,567892395867656193,negative,usertoken holiday of a lifetime to new york ruined because you lost my luggage and have failed to find it since sunday! wontflyagainwithyou,negative,0.9902106448301264,0.006416605401088206,0.003372749768785326,True
3985,567891481555382272,negative,usertoken when will you offer real food in american clubs like the amazing food you offer in heathrow?,negative,0.3881715267751677,0.3813472159870706,0.23048125723776167,True
3986,567890765134852096,negative,usertoken once again my bag is lost when i travel united!!!! please do something,negative,0.9381494098770886,0.05410601641735012,0.007744573705561181,True
3989,567886909516685312,negative,usertoken - flight 1114. unfortunately this isn not an isolate flightd incident. i haven not waited less than 20min in years,negative,0.8978147753737417,0.08937028942120132,0.012814935205057104,True
3995,567885401714589696,negative,"usertoken i am a frequent user. congrats u only lost my bags once in 20 years. problem, it was today and your staff were rude!😢 still no bag!",negative,0.9499940241782299,0.007971642530697359,0.04203433329107282,True
3997,567884646270267392,negative,"usertoken yes, though they have not located the bag yet. it was a lovely flight outside of that.",negative,0.7524036229411327,0.15189759338979067,0.09569878366907651,True
3998,567883674462588929,positive,usertoken got me home amid snow &amp; cancelled flightlations; delivered bag w/o hassle; plus no wait on phone &amp; an upgrade. thank you!,negative,0.6425036457992787,0.10552780409704333,0.251968550103678,False
4042,567853668608925696,negative,usertoken you already have vomit so you are halfway there,negative,0.7558282791384917,0.10006507847509755,0.14410664238641058,True
4043,567853644420423680,negative,usertoken is amazing how hard is to talk with customer service! !!,negative,0.5606811601858117,0.045124548619022445,0.39419429119516586,True
4050,567850537716092928,positive,usertoken - i think she was having a rough moment w/ a bad passenger from an earlier flight. things got considerably better. thanks!,positive,0.26903520258068964,0.17542973094133565,0.5555350664779748,True
4051,567850015600685056,negative,usertoken - thanks for the rude customer service and 3 hour delay. it really helped me timing wise for my afternoon meetings. hello usertoken !,negative,0.8220946117736835,0.00690003655350183,0.17100535167281464,True
4056,567848201505476608,negative,usertoken usertoken unbelievable hypocrisy!!,neutral,0.19189786411895837,0.4325469121728088,0.37555522370823285,False
4061,567845165781532672,negative,"usertoken thanks for a terrible experience at ewr. customers should be treated as a priority, not as an inconvenience tryagain",negative,0.9221398533919035,0.01600483490237405,0.06185531170572238,True
4077,567833666925121536,negative,usertoken can i get some help changing a ticket. 40 minutes on hold and counting....,negative,0.7683908188201084,0.21790067126016535,0.013708509919726355,True
4081,567830916950822912,negative,usertoken $7 for wifi just so i can tell my family i am gonna be late flight cause i had to sit in a grounded plane for the past two hours...,negative,0.9347180872523214,0.05055079831701,0.014731114430668484,True
4083,567829543723102208,negative,"usertoken so, not only were you late flight, you broke my luggage handle. you paying for a new one? urltoken",negative,0.9689293165248491,0.006767285787429633,0.024303397687721284,True
4090,567827039790571520,neutral,usertoken does forelock guarantee the fare only or fare &amp; seats?,negative,0.7593245658726895,0.20772637962359822,0.03294905450371214,False
4094,567824276414558208,negative,usertoken eventually. you should approach bags like usertoken they get it.,negative,0.8606727461979938,0.0692249992151891,0.07010225458681713,True
4098,567823510245236739,negative,usertoken we showed up to our flight several hours early. tried to call &amp; was on hold 15 min b/f call disconnected.,negative,0.9885444832164516,0.006233836274124493,0.005221680509423904,True
4100,567822848878968832,negative,"usertoken wanted to, but you cancelled flightled my tickets.... they were too special i guess even for united.",negative,0.8681392685214201,0.07927780825369933,0.05258292322488052,True
4101,567822779501846528,negative,usertoken i am 0/3 for flight booking problems without major problems. 0% isn not bad!👎👎,negative,0.9790703359288137,0.013942036535532316,0.006987627535653916,True
4105,567822377473728513,negative,"usertoken how can you not know, after two hours of us sitting on the plane with no bags off loaded, the planes weight?!",negative,0.980569758156552,0.01641535037915045,0.0030148914642975254,True
4119,567814633047728128,negative,"usertoken thanks for that advice, so helpful. cannot believe you guys actually charge people to ""fly"" united",positive,0.13683114162003815,0.01726958642709963,0.8458992719528622,False
4161,567800930683609088,negative,usertoken thanks for your attention. i would actually like to make a specific complaint about customer service at dca. what is my best option?,positive,0.3053711468322505,0.07695493472304511,0.6176739184447044,False
4172,567794720425144321,negative,"usertoken your customer service for mileage plus customers is a disgrace. i just spent 45 min on the phone to reset a pin number, with no luck",negative,0.9920546282238774,0.0029592379145757853,0.004986133861546916,True
4187,567789974717747200,negative,usertoken you would learn if you listen to your customers...you do want you want...usertoken asks their customer what they want,negative,0.9262075299909382,0.05074819468594651,0.023044275323115055,True
4198,567782895306412032,positive,usertoken sure did! only waited about 15min. yay!,negative,0.669645488149411,0.17219671822403662,0.15815779362655225,False
4201,567781357355794432,negative,usertoken probably wouldn not be doing it had someone returned my call or email. case number 8273993,negative,0.7177069105816004,0.27425106715695696,0.008042022261442565,True
4218,567768156111126528,negative,usertoken who can tell me where they are?,neutral,0.3664954221056351,0.5653647921186141,0.06813978577575074,False
4225,567767199700758530,negative,usertoken its 2015 and no power outlets at the seats on a 6 hour flight to california? seriously? this is why airlines are failing!! pathetic!,negative,0.951423786897462,0.02311503934151632,0.025461173761021492,True
4242,567758882484793344,negative,usertoken u lost my bag and would not refund my bag fee? does that make sense to you? and yes i already called cust svc. they said no.,negative,0.991622819255728,0.005716984217049295,0.002660196527222582,True
4243,567758478371196928,negative,usertoken yall tried it with this little bitty plane flying out of boston!! i hate little planes!!!,negative,0.5285531472074522,0.19686273805281623,0.27458411473973154,True
4247,567754136255725568,negative,usertoken the refund request functionality on urltoken is broken.i get a time out error.,negative,0.9007750579237896,0.06361882387774236,0.03560611819846792,True
4250,567750428595871745,neutral,"usertoken just played the most bizarre ""safety"" video i have ever seen... urltoken",positive,0.3038842210967769,0.104358327901562,0.5917574510016611,False
4256,567747041976410112,negative,usertoken when is my plane coming? been delayed for almost 7 hours. no plane.,negative,0.9669973280630433,0.02482591969439036,0.008176752242566268,True
4260,567745233900044289,negative,usertoken is late flight again. everyone braved the weather and 40 passengers are waiting for a flight crew. really!,negative,0.9518656199431749,0.009908456393764534,0.0382259236630608,True
4276,567736717352763394,negative,"usertoken dropped off a luggage at iad over 2 months ago for repair from damages haven not heard anything about it since, when do i get it back?",negative,0.6845905269854655,0.28193607307044777,0.033473399944086754,True
4281,567734795849834497,negative,usertoken step 1: cancelled flight flight. step 2: don not notify customer. step 3: charge them for food while they try to survive their wait. brilliant.,negative,0.9663293239990801,0.01820546834189336,0.01546520765902643,True
4294,567730472076464129,negative,usertoken gold star for united- change my flight- miss all connections- but cannot accommodate me until a much late flightr arrival time-not happy!,negative,0.9409239230637768,0.007121116362696256,0.05195496057352696,True
4305,567724091809878016,negative,usertoken thrilled to have my carry-on checked against my will by two nasty gate agents only to see an entire empty bin when i boarded last...,negative,0.8181191510797934,0.13712576418536565,0.044755084734841,True
4307,567716403117957120,negative,"usertoken - ridiculous to fly outdated 757s anywhere much less btwn iah and sfo. no power ports, no wifi, no personal entertainment. torture",negative,0.9601641204887309,0.028528363477329878,0.011307516033939312,True
4309,567713896627470336,negative,"usertoken broken entertainment system on my 8 hour nyc flight, terrible cabin crew service and online complaint form will not work hopeless",negative,0.9912216280060281,0.004356496046165455,0.004421875947806596,True
4311,567703258425081857,negative,.usertoken call my work and tell them it is your fault i am late flight,negative,0.9239132148721715,0.04131111178080552,0.03477567334702292,True
4316,567634106058821632,neutral,usertoken even though technically after i land i will be silver?,neutral,0.29410910931570894,0.4710302251451832,0.23486066553910784,True
4318,567627253991735296,negative,usertoken please see a flight attendant for what? why isn not there enough room for over head bags? i carry on to save time!!!,negative,0.7102571123489981,0.2664352900826786,0.02330759756832334,True
4319,567623209026334720,negative,"wanted to get my bag benefit, but instead get $25 pricing on all three tickets. when adding a card, mp visa is only option. usertoken",negative,0.905303976063786,0.05302326164649929,0.04167276228971484,True
4320,567617486703853568,negative,usertoken i tried 2 dm it would not go thru... not sure why,negative,0.7456218262258565,0.24131134008750887,0.013066833686634647,True
4322,567595670463205376,negative,usertoken i like delays less than you because i am the one on the plane. connect me with a voucher,negative,0.9302383104476226,0.01741204380272326,0.05234964574965414,True
4325,567591480085463040,negative,usertoken yes. we waited in line for almost an hour to do so. some passengers just left not wanting to wait past 1am.,negative,0.9379365608824923,0.0495233315491446,0.01254010756836296,True
4327,570309145276125185,negative,usertoken although i am not happy you cancelled flighted my flight home tomorrow (phx to atl then dca) i am happy on how easy it was to rebook,negative,0.8984313225007763,0.028633118074796488,0.07293555942442732,True
4329,570306086475075585,neutral,"usertoken i am teaching new travelers how to research, budget &amp; save for a trip today! urltoken",neutral,0.3404877801967743,0.6076851899714035,0.05182702983182213,True
4334,570303797605617665,negative,usertoken my flight was delayed 4 hrs. i am 5 months pregnant &amp; supposed to be caring for my mom whose in surgery now. very upset.,negative,0.8745720557042055,0.08754877788800483,0.037879166407789634,True
4343,570298362907508738,neutral,usertoken i have been on hold for over 28 minutes please help urltoken,negative,0.966887304619869,0.026641332950906916,0.006471362429224005,False
4351,570293142257311744,neutral,.usertoken she needs a wheelchair at the gate for sure. what options does she have?,negative,0.7140486076086986,0.19431725149401657,0.0916341408972848,False
4365,570286359983886336,negative,"usertoken appreciate y'all getting the gate issue figured grr. plenty open gates, yet we sit and wait on tarmac",negative,0.7349056555972246,0.054238962912544826,0.21085538149023056,True
4372,570283824040382464,positive,usertoken round-trip tickets just arrived for our auction at the post-masters invitational! thanks southwest! urltoken,neutral,0.024976728258381174,0.695176272209199,0.2798469995324199,False
4421,570264292169162752,neutral,usertoken barzegar charges tourists 700 euros [!] a night for their stay in the tent village he runs. urltoken,negative,0.4961415054908913,0.20180434069478087,0.3020541538143278,False
4424,570261981569159169,neutral,usertoken live in atlanta but cant enroll in your atlanta companion promotion. error every time. can you help? also sent email. thanks!,neutral,0.3137443784004175,0.44150405609289184,0.24475156550669058,True
4436,570257317859610624,negative,usertoken flight 1614 fll to atl. my wife traveling with infant. line to check baggage 200 people long due to your computer system crash,negative,0.9449700354470042,0.030781584959238998,0.024248379593756867,True
4438,570256052966395906,negative,"usertoken hey, friends. when i phone the a-list number your ivr hangs up on me. multiple times. not sure how to proceed?",negative,0.9734280646513997,0.021285571416744486,0.005286363931855858,True
4441,570253196213383168,negative,usertoken insane traffic in la. trying to call you all to re schedule flight but been on phone for 20 minutes and nothing.,negative,0.9792410855557504,0.009127030121501078,0.011631884322748632,True
4446,570250780252504064,negative,usertoken nor usertoken fly to toronto?!?!? you are killing me smalls.......,negative,0.6598268805667589,0.17895513171261243,0.16121798772062876,True
4449,570249864841285632,positive,usertoken customer centricity is knowing people anamarketers,negative,0.7715535344999025,0.07658506297132635,0.1518614025287712,False
4458,570244762785210368,negative,"usertoken why, when i booked via phone after calling the a list preferred #, didn not my kta get added to the ticket??? must i use web?",negative,0.9465473122006351,0.044272222889966364,0.009180464909398557,True
4463,570236169310437376,neutral,usertoken usertoken will flight 2155 that arrives at e11 be a penguin plane?,negative,0.7469687314145547,0.19189930896506038,0.06113195962038496,False
4478,570217425100148738,positive,"usertoken bumped me to preboard on both flights (because i am fat?) whatever the reason, thanks!",negative,0.5981435653350566,0.2046006371086255,0.1972557975563179,False
4485,570211592559685632,neutral,^cb how do you know? usertoken,neutral,0.16212091970486495,0.8061142317887586,0.03176484850637638,True
4488,570210411926016001,neutral,usertoken the flight isn not that empty.... is this rude or not? urltoken,negative,0.9887430587906314,0.009434835049946138,0.0018221061594224058,False
4491,570207643874123777,negative,usertoken i luv y'all but please stop overheating your planes. second flight in a row that feels like a sauna.,positive,0.40881026573813795,0.0613290581584965,0.5298606761033655,False
4515,570087941277495296,negative,usertoken wifi stays connected about the lifetime of a higgs boson,negative,0.6347051798410605,0.1740825634812514,0.1912122566776881,True
4518,570076113453518848,negative,usertoken making me miss thebachelor right now wah,negative,0.8217551413084142,0.08566204266490915,0.09258281602667662,True
4519,570076090917650432,neutral,usertoken please lower my plane flight by like $100 bucks!! thanks~ floridavacation,negative,0.46130215087229093,0.19239503946614753,0.34630280966156163,False
4522,570070659130220544,positive,usertoken 👏👏👏 on that late flightst ad. makes me happy to be flying you in a few days. bethonors,positive,0.27492632070056994,0.07575790936747424,0.6493157699319558,True
4524,570066487056027650,neutral,usertoken should offer cdn border towns incentive to fly since exchange rates are hurt. customerappreciation gaincustomers keepem2,negative,0.7165055718098916,0.22819088852024516,0.05530353966986334,False
4528,570062210640322560,negative,usertoken your welcome. it was the thoughts of nearly the entire plane.,negative,0.7188972549764988,0.053436049022013085,0.22766669600148814,True
4530,570061334898872321,positive,"usertoken in flight wifi + usertoken wifi calling makes for the best combination. who doesn not love texting 40,000 feet in the air :d",positive,0.17232601323241584,0.02355560222074163,0.8041183845468426,True
4534,570056874583654402,negative,"usertoken disappointed in the 'service' i have received. checked in online, checked my my flight status online, checked in at the airport",negative,0.8563277440014148,0.0996072716367138,0.04406498436187143,True
4541,570050402294636544,negative,"usertoken very disappointed in your customer service right now. definitely not feeling the luv. what is worse, 2nd time this winter.",negative,0.9209904549518892,0.01823449706803244,0.060775047980078184,True
4558,570024300905783296,positive,usertoken your flight attendants are really funny!! the sass is giving me life!!! 😂,negative,0.7024061296537197,0.06890421428360248,0.2286896560626778,False
4571,570009252426883072,neutral,usertoken i have a few questions about flying with my maltese puppy. can you dm me?,neutral,0.11617867236303628,0.8413182553293468,0.04250307230761695,True
4581,569998043761803264,negative,"usertoken can tweet through the weekend/ bad weather, but closes down customer relations center to process refunds for cancelled flighted flights.",negative,0.932869909100584,0.05333699205078261,0.013793098848633447,True
4603,569986783024431105,negative,usertoken thinks that a $100 voucher makes up for spending 4 hrs on a plane and landing at the same airport we took off from. really?,negative,0.9627035508954719,0.011132344205692408,0.02616410489883582,True
4606,569983511609757696,neutral,usertoken no fare giving out clues. in route now.,negative,0.7548355469320154,0.19746565710411973,0.04769879596386486,False
4612,569980137346707456,neutral,usertoken why do you have to be 18 😭,negative,0.869551479761847,0.12174196214152516,0.008706558096627815,False
4613,569978876861902848,negative,"usertoken ruined my sunday. 3+ hours of delays out of dia, now my bags are at the wrong airport. $35 to deliver them? insult to injury.",negative,0.9416159666761579,0.04175574827538699,0.01662828504845516,True
4624,569976030603059200,positive,usertoken love southwest. you guys have been good to me! urltoken,positive,0.031199407554428387,0.020818767909500817,0.9479818245360709,True
4629,569975026239164416,positive,usertoken your crew on 3138 is doing a great job of keeping everyone informed during the delays givethemraises,positive,0.056455422431876866,0.009395298527846393,0.9341492790402768,True
4632,569974656653877248,neutral,usertoken: grrrrrr i need a flight there first! maybe for my bday next month...,neutral,0.11119999713050265,0.8532588180114563,0.035541184858041,True
4640,569969877286461440,positive,usertoken netneutrality nice to see you prioritize internet traffic to your own streaming service over other web sites!,negative,0.6372693907272765,0.028266086176562163,0.3344645230961613,False
4642,569968411561701378,neutral,usertoken northern california coast urltoken,neutral,0.2498664365506499,0.42912857118516134,0.3210049922641886,True
4646,569963097055604736,negative,usertoken feeling very frustrated that i bought wifi onboard and cannot load an email.,negative,0.9511778747315425,0.026433592744285982,0.022388532524171608,True
4657,569956528507236352,negative,"usertoken usertoken serious potential for a wanna get away commercial out of this debacle. but for real, you should fire usertoken",negative,0.5217902338957506,0.36193469686001517,0.1162750692442342,True
4658,569954583209881600,negative,"usertoken i appreciate the response, but the constant changing of the flight time is frustrating to say the least. toughtomakeplans",negative,0.7016420121455238,0.012471374297189284,0.285886613557287,True
4664,569952282277773312,negative,"usertoken weren not too ""sincere"" when you cancelled flighted my flight and made me drive 17 hours to get home..",negative,0.9937790944390053,0.00270655039500452,0.003514355165990076,True
4666,569951253666656257,positive,usertoken your terry is our hero. got my husband back thru security to retrieve his cellphone in austin. terry (85832) you rock!,positive,0.4464244611590541,0.10046491881409392,0.4531106200268519,True
4671,569946219826548736,neutral,usertoken could you please tell me if there is a way to add a rr# to a flight that already took place?,neutral,0.18595119333983118,0.764506055578985,0.04954275108118393,True
4674,569944061848760320,neutral,usertoken my ticket was booked 1/27 to cun. does the arrival time reflect that cun is now on est time?,negative,0.7985329859075769,0.14746514791176574,0.05400186618065734,False
4677,569942616617447424,negative,usertoken this is not a fair set up. i payed for a full seat. i should get access to a full seat. urltoken,negative,0.8445479160229151,0.11016606452562921,0.045286019451455724,True
4678,569942482668167168,negative,"usertoken sorry to bother you, but i have been on hold for more than 2 hours and 30 minutes. should i continue holding? or call back?",negative,0.9937492931797464,0.0026932925334257024,0.0035574142868278207,True
4680,569941247546286080,negative,usertoken your checkin is lame for business. really last seat? i have broad shoulders haha,negative,0.9426117869160345,0.015081944351657543,0.042306268732307896,True
4704,569918484726964224,negative,"usertoken my bags are on the way to chicago, without me! help! i was confirmed for 2 flights and told there isn not room and i am screwed.",negative,0.9367050616887497,0.04559604315554366,0.01769889515570666,True
4706,569914957552353280,negative,usertoken just landed in phl. row 9 window cover on n366sw could use some luv. urltoken,neutral,0.12169044453380726,0.5617487996293583,0.3165607558368344,False
4707,569912094272782337,positive,usertoken thanks for adding passbook ability! hopefully we can do group passbook tickets in the future somehow.,neutral,0.024977220612717572,0.5160531887072776,0.45896959068000487,False
4708,569911555967442944,negative,usertoken yep. 99.99999999% certain it was on that flight.,neutral,0.3551022276068422,0.493991658301673,0.15090611409148483,False
4712,569906668743426048,negative,"usertoken res chg online/app no work, still on hold, faster for hubby to drive to airport to make change @ counter fail",negative,0.980520781797536,0.012855465700446633,0.00662375250201736,True
4719,569901998780198912,negative,usertoken i would still have my companion pass if your ridiculous airline hadn not stopped partnering with hilton hotels - genius!!!,negative,0.7022724343492358,0.24909555589711765,0.04863200975364659,True
4724,569899502355681280,negative,usertoken i hope this isn not a real life scene out of the movie 'flight' .....,negative,0.593573672319823,0.2651715092836919,0.14125481839648502,True
4730,569893988846546945,neutral,usertoken : hello..are flights taking off from usertoken airport this noon. am supposed to travel on flight 376 to san antonio,negative,0.5539010535775624,0.3673283235891606,0.078770622833277,False
4744,569883152493240320,negative,usertoken what is up with the wait times on your customer service line? tried 2x on fri. and now i have been on for over 15 min.,negative,0.9933413165277497,0.003635773752785469,0.0030229097194647715,True
4747,569880788612866048,negative,usertoken flight 1028 no delayed 1.5 hours. another week another delayed flight,negative,0.9971135356442493,0.00174451305354078,0.0011419513022100508,True
4755,569872444590129152,negative,usertoken pleaseeee resume direct flights from fll to phl. i don not want to fly with anyone else 😩😫😢,negative,0.388522928035635,0.26857496921879975,0.3429021027455652,True
4757,569869220680470529,neutral,usertoken are there discounts every tuesday cause im leaving fron birmingham airport to san fran next week in march sometime,neutral,0.10223269866737104,0.7664441562583841,0.13132314507424478,True
4767,569855773951561728,neutral,usertoken pls help baby hannah get the life saving surgeries she requires.she needs your help.pls donate/rt urltoken,negative,0.7563999888191045,0.13550445605441422,0.10809555512648124,False
4778,569817937131016192,neutral,"usertoken got an email confirmation of wifi purchase on a recent flight. trouble is, i have never flown with you. ever. concerned scam?",negative,0.8484144062407589,0.09278622433484592,0.05879936942439528,False
4793,569731970562961408,negative,usertoken you completely let me down tonight. your gate agents' ambivalence is just too much. how sad for you (&amp; me.),negative,0.9286312556018423,0.013457219206312689,0.05791152519184513,True
4818,569700277244141568,positive,usertoken thanks for helping my mom after usertoken wouldn not let her get on her plane in orlando! you are the best! customerservice,positive,0.06514792307265696,0.04043535521306493,0.8944167217142781,True
4833,569689297084919808,negative,"usertoken i understand. but it is consistent, and been consistent for years. it is known around the country.",negative,0.7523039899466565,0.19895990525778504,0.0487361047955585,True
4858,569678562136956928,neutral,usertoken retiring with my hubby and it is our 25th wedding anniversary this year! companion pass please!!,neutral,0.22345753608190447,0.4663498617413626,0.3101926021767329,True
4859,569676404893163520,positive,"usertoken beautiful view flying into san jose, ca this evening urltoken",neutral,0.06705364752233045,0.5468723527828977,0.38607399969477174,False
4867,569672501753724928,positive,usertoken have had a companion pass for a few years and my wife and i use it all the time. thanks southwest for making travel easy!,positive,0.13050878172994151,0.18344815764985015,0.6860430606202084,True
4872,569671596744380416,positive,usertoken constantly providing wonderful views and service! southwestluv urltoken,positive,0.11113344087844695,0.20160078155582048,0.6872657775657326,True
4876,569670904852172800,positive,usertoken. 50th anniversary on april 10th. still. sweethearts. companions. lifetime. sons. families. love.,neutral,0.07516614873845048,0.506981682681923,0.4178521685796266,False
4884,569668853849919488,positive,usertoken yes please!,neutral,0.12552631071026749,0.591890046743483,0.28258364254624946,False
4885,569668792265019392,positive,usertoken i miss mine terribly. a +1 for my 30th anniversary would be amazing. it would mean luv is in the air. dontmakemebeg,neutral,0.12951741462370378,0.4974689429331177,0.3730136424431786,False
4888,569668198389436416,neutral,usertoken i would love a great deal from bwi to las memorial day weekend aka my bday weekend 😬,positive,0.036503284451048626,0.1405547072391508,0.8229420083098006,False
4897,569667313609404416,negative,usertoken how about auto check in for cp holders? come on.,neutral,0.3258372090688753,0.6579707110781199,0.01619207985300469,False
4904,569666708278878208,neutral,usertoken urltoken subscribe please urltoken,neutral,0.012500384058990162,0.9592857563506791,0.028213859590330816,True
4909,569660864653099009,negative,usertoken sitting in newark because flight 4179 was cancelled flightled for no apparent reason. all i was told was sorry after 2.5 hrs waiting,negative,0.9894471260848554,0.006315378359800972,0.004237495555343503,True
4916,569650294746820609,negative,usertoken i gave you one more try. figured you could get a 1 hr flight right. nope. delayed an hr. seems to be every time.,negative,0.9723748121678065,0.015409978538202416,0.012215209293991105,True
4930,569639587842281473,negative,usertoken two delayed flights in a row. neither one of them explained,negative,0.8466461645935801,0.08099708611300585,0.07235674929341408,True
4937,569628970267705344,negative,usertoken your wifi is angering me with its slowness,negative,0.8469992431119883,0.057708923623863144,0.0952918332641485,True
4972,569589955837628416,neutral,usertoken i heard a rumor flight 898 was cancelled flightled. is this true?,negative,0.9107297880386213,0.07944462003754733,0.009825591923831485,False
4982,569585343084650496,positive,"usertoken stewardess really funny! now i could get the gent next to me to use some headphones, this would be the perfect flight!",negative,0.6638713287288031,0.10019218312168816,0.23593648814950882,False
4987,569576038289711104,positive,usertoken think you have great people working for you.,positive,0.3860081229874651,0.08461378751035595,0.529378089502179,True
5003,569554826616381440,negative,usertoken what is happened to your customer service? 2 cancelled flightled flights in 2 days &amp; an uninformed and unapologetic staff. nolove cali,negative,0.987460996312489,0.007687305430776239,0.004851698256734863,True
5004,569554065606074368,neutral,"usertoken check the head of the plane, there has been dynamite placed onto it",negative,0.5016637057886629,0.38812723787709774,0.1102090563342393,False
5010,569548841361412096,neutral,usertoken arkansas gov. plans to sign governor sb-202 that legalizes discrimination of lgbt.can you lend your voice to a state boycott?,negative,0.8577188944377073,0.10128761337761585,0.04099349218467684,False
5016,569538524321419265,positive,usertoken last week i flew from dal to lax. you got us in almost an hour early. thank you.,positive,0.31398662809711375,0.24892342648087687,0.4370899454220094,True
5031,569514047554453504,positive,usertoken usertoken y'all are better then usertoken,negative,0.41937425311332344,0.2139900440156264,0.3666357028710501,False
5034,569508595181731841,neutral,usertoken what is the best credit card to use/open to get miles with y'all?,neutral,0.20727195552806868,0.606119921354274,0.1866081231176575,True
5046,569495653526724608,neutral,usertoken ceo using vegas band to help ‘connect’ to people. urltoken aviation business marketing consumermarketing,neutral,0.18944319020783376,0.772438443383606,0.03811836640856034,True
5047,569495331399995392,neutral,usertoken i forgot to put my tsa pre number in before i checked in. it is now in my profile but will it be on my boarding pass in the am,neutral,0.3306820323717394,0.5977115765640613,0.07160639106419942,True
5060,569482497496473600,negative,usertoken i am running out of money to keep paying for hotel rooms &amp; food in nyc. you don not help people with $ spent,negative,0.8876742741820928,0.08606307780973035,0.02626264800817676,True
5066,569384007550394369,negative,"usertoken i use to luv swa but after an hour and counting on hold, for a flight they cancelled flighted on me? noluv",negative,0.9959640842238201,0.0023204292409986153,0.001715486535181274,True
5070,569373258010660864,negative,usertoken want to explain why i was on hold for 2+ hrs tonight trying to reach customer service only to learn they are only there mon-fr?,negative,0.9901165672959027,0.005148940550671976,0.0047344921534254346,True
5077,569362928710914049,neutral,usertoken better travel photos: my kindle e-book easy tips guide urltoken urltoken urltoken,neutral,0.1075417438361726,0.648841469820322,0.2436167863435054,True
5087,569357127040540673,negative,usertoken i was on hold for over 2 hours and my call got disconnected. thanks a lot.,negative,0.9669358108361914,0.011039573204973856,0.022024615958834894,True
5088,569356085359996929,negative,usertoken everything ok? this is my 3rd call for the day and this time i have been on hold for 1.5 hrs. i will hang up and try again.,negative,0.9907818716946736,0.002719763321741373,0.006498364983585003,True
5094,569348678911021056,negative,"usertoken - wow! 100 minutes on hold, so far. now phone is dying...",negative,0.9357059096365606,0.011085960786159884,0.05320812957727957,True
5106,569342608813793280,negative,usertoken been on hold over an hr to rebook a cancelled flighted flight. do you have anyone working???,negative,0.9954727426192888,0.0026724649290842555,0.001854792451626964,True
5113,569336246474022912,neutral,usertoken i am ready for mayweatherpacquiao in vegas may 2nd! urltoken,neutral,0.10258990676708353,0.7217786834397135,0.1756314097932029,True
5118,569333553705693184,negative,usertoken i sure hope you are able to get my bag to memphis for tomorrow.would be nice to have some clean clothes for work.,negative,0.6701085424297687,0.21862601654142372,0.11126544102880749,True
5137,569313760864632832,neutral,usertoken how do i retroactively add previous flights/miles/points to current rapid rewards balance?,neutral,0.10351681897779347,0.8838545971436533,0.012628583878553088,True
5142,569311644934807552,negative,usertoken how many trees have to die before you stop trying to sell us a credit card? optout urltoken,neutral,0.2250822267196389,0.7638544543457921,0.011063318934568894,False
5149,569306524155310080,positive,"usertoken usertoken flying with you in april, first time on southwest. cannot wait!!! flew american airlines last time. was meh.",negative,0.3728473918371302,0.2994518088378384,0.3277007993250313,False
5150,569305311007399936,negative,usertoken baggage claim has already changed 2x...most recent had 3 bags come out and then stop...claim team has no idea what is going on,negative,0.9821807730036153,0.009545643705535014,0.00827358329084963,True
5153,569302780013355008,negative,usertoken usertoken had to fly usertoken mco-&gt;cmh for $400 b/c we cldnt reach swa to reroute swa 3104 cancelled flightlation. voucher wld help.,negative,0.7420756478438573,0.1345288187030688,0.12339553345307387,True
5172,569282410170314753,negative,usertoken how you gonna cancelled flight my flight but run flights at the exact same time? cmon fam,negative,0.9201683201778531,0.05505482024960468,0.024776859572542293,True
5191,569266206596734976,positive,usertoken replacing usertoken with beer! bravo!👏👏 cheers! 🍻🍻 usertoken usertoken usertoken,neutral,0.08134546431088263,0.7761689546494532,0.14248558103966402,False
5196,569262088008417280,negative,usertoken flight 2646. four hours in the plane on the ground at bwi.,negative,0.7900943275178237,0.08105171114328724,0.12885396133888904,True
5199,569261053927919616,negative,usertoken worst customer service ever. you cancelled flightled my connecting flight to ny hours ago &amp; didn not tell me. now i am stuck in tampa.,negative,0.9962719235973811,0.0012547985612056734,0.0024732778414131777,True
5240,569238014418944000,negative,usertoken 3252 manchester-bwi being delayed for one idiot who isn not on the plane?! we have waited 2 hours for our window and may miss it,negative,0.9846066403438662,0.007925349340205797,0.007468010315927868,True
5251,569232738655412225,negative,usertoken is there any estimate on when the holding for you online will end? i am at an hour and forty minutes now. i need to rebook!!!,negative,0.8615693921687981,0.13376914950472382,0.004661458326477956,True
5263,569226128168062976,negative,usertoken fl 4158 cancelled flightled from dallas to austin. no one answering 800#. need help.,negative,0.8608226455345095,0.132345176221318,0.006832178244172494,True
5271,569223781593403392,neutral,usertoken have five people shown up yet,negative,0.4889966889035787,0.41021135815899207,0.10079195293742917,False
5274,569221828025167872,negative,usertoken placed on hold for total of two hours today after flight was cancelled flightled. online option not available. what to do?,negative,0.9993575047810387,0.00043662949156527406,0.00020586572739603667,True
5281,569218789834821632,negative,usertoken @ lax is almost a mess. for some reason the express bag drop is slower than the full service line. urltoken,negative,0.9295319121687952,0.03666414056826947,0.03380394726293529,True
5285,569215124562554880,negative,"usertoken been on hold over 90 minutes. you can fly, but not answer the phone?",negative,0.9947380755895804,0.0030402141905186923,0.002221710219900705,True
5292,569210406222344192,neutral,usertoken flying back to denver tomorrow. should i rebook?,neutral,0.3628508540532692,0.4520346022820677,0.18511454366466304,True
5319,569202179476754432,negative,usertoken is really gonna hear my mouth about this bag situation.,negative,0.8581106490564538,0.06735696904918434,0.07453238189436184,True
5322,569197910895812608,neutral,usertoken any official word whether flight 3403 from bwi to manchester is cancelled flightled? i have got an 8hr drive in snow if it is 😢,neutral,0.417796618595928,0.565663574427925,0.01653980697614697,True
5325,569194554290774016,positive,usertoken is the best. case and point. urltoken usertoken happybirthday,neutral,0.1081515799059204,0.4798807697243431,0.4119676503697363,False
5342,569179843247517698,negative,usertoken lost kay chapman designs art-luggage for important show. will not help locate it. terrible customer service.,negative,0.9920775809801142,0.00474979392223173,0.00317262509765416,True
5343,569179631409958912,negative,usertoken been on hold for over an hour to speak to a customer service rep. what the heck?? southwest customerservice,negative,0.9969679534437084,0.001057002706506752,0.0019750438497849005,True
5344,569176969872605184,negative,"usertoken are any flights leaving dc today? flight was cancelled flightled, been on hold for over an hour.",negative,0.9974535560297981,0.002279161206466063,0.00026728276373582993,True
5355,569170372018499584,negative,usertoken had to pay a $25 fare difference on a change but cannot seem to find the receipt for it. how can i get a copy for reimbursement,negative,0.737201071940208,0.2540243818072487,0.008774546252543296,True
5359,569168102212001793,neutral,usertoken usertoken let us know if we can help,neutral,0.19168179147349815,0.759887096796844,0.048431111729657805,True
5360,569168016136495104,neutral,usertoken would love tix for velour show-entered every contest and still haven not won :(,negative,0.597027819289452,0.2838063281094179,0.11916585260113002,False
5365,569165227847102465,negative,usertoken - hi janet in customer service. i am calling you back and have been sitting in que for 40 mins! plz pick it up!!! frustrated,negative,0.9215557345043669,0.04730697917728528,0.03113728631834793,True
5380,569155784988164098,positive,usertoken had a great trip this past week to vegas for work; and had this pic over the southwest on southwest! urltoken,positive,0.25202964965056074,0.2586010788735831,0.4893692714758563,True
5391,569151206028931072,negative,usertoken so u cancelled flight our flight to phx bc of sdf weather but flights 2 the ne from sdf are still going on?! wtf? urltoken,negative,0.9589521191303487,0.02940150618933915,0.011646374680312115,True
5401,569143944266833920,negative,"usertoken cancelled flightling flights due to winter weather is totally understandable, but it would sure be nice if you would answer your phones.",negative,0.9294828642427637,0.06147462230865455,0.009042513448581759,True
5420,569108013547687936,positive,usertoken loving the boarding to go to chicago keepitmovin',neutral,0.45574759366786255,0.5100719223419965,0.03418048399014096,False
5427,569085417045143552,negative,usertoken there is nothing i love more than being on hold for over an hour urltoken,negative,0.9783058051291459,0.014151055782472412,0.007543139088381776,True
5429,569078309033803776,negative,"usertoken app error - says click here, cannot click not hyperlinked urltoken",negative,0.9677541792675624,0.02272931391470029,0.009516506817737226,True
5431,569075205106229248,negative,usertoken anyone answering phone this morning at 800iflyswa? on hold 51 minutes and counting...,negative,0.9686245820357228,0.015785926054346946,0.015589491909930281,True
5433,569069311962132480,negative,usertoken were you handing out tickets while i was sleep ?,negative,0.40318636231646254,0.25038238670994567,0.34643125097359184,True
5439,569020255441264640,neutral,usertoken do you have childrens rates for flights?,neutral,0.06794869377246791,0.9214410438746866,0.010610262352845458,True
5450,568998681715695618,negative,"usertoken landed an hour late flight from ind to den, and 40+ min late flightr, our bags are not here. not cool.",negative,0.974929068774823,0.009838454048117186,0.015232477177059838,True
5452,568992290833899520,negative,usertoken horrible experience ever with airline..have to reconsider any future flights. customer service ... urltoken,negative,0.787590157869979,0.07190368837774948,0.14050615375227155,True
5463,568973617687625728,positive,usertoken usertoken great news.,positive,0.030828852601273774,0.056467016106411846,0.9127041312923144,True
5468,568969143581413376,positive,usertoken well plane arrived pretty much on time and it is 68 degrees on the ground in texas. not much to complain about.,negative,0.6267623577363207,0.061969864433931404,0.31126777782974785,False
5506,568940981321637889,positive,usertoken you are lucky to have people like annamarie and norris at bwi. i hope they get recognized for excellent cust. service,positive,0.4545344398361957,0.05916988629169903,0.4862956738721053,True
5507,568938023439765504,neutral,usertoken so the upcoming rr changes/deval is trying to tell me not to fly southwest anymore because i am loyal so far. i get it.,negative,0.8537859336798058,0.10850708439028262,0.037706981929911544,False
5509,568934745909829633,negative,usertoken usertoken kid just wants fucking money scumbag,negative,0.523380598131194,0.3351983510166402,0.14142105085216583,True
5513,568929754151145472,positive,usertoken usertoken feels like a good day to fly!! thanks for the ontime departure to sna!!:) bestinclass 30000ft takemehome,positive,0.01949623566258501,0.019009430076060235,0.9614943342613548,True
5521,568926656615690240,positive,usertoken thank you. see u next wednesday in fll. save me some peanuts,positive,0.009901468360450203,0.08465072140184664,0.9054478102377032,True
5536,568913412505251840,negative,usertoken urltoken doesn not work on my flight. just fyi.,negative,0.7226027078959222,0.1832625238107424,0.09413476829333536,True
5571,568888806805512192,positive,usertoken rules.,neutral,0.29518146409450535,0.562085763421302,0.14273277248419272,False
5596,568878340200906752,negative,usertoken it is pretty stupid and i probably will not fly it again. plus hearing nightmare stories of overbooked flights.,negative,0.7312843884053636,0.23087854374933037,0.037837067845306,True
5602,568874435907682304,neutral,usertoken im not tho 😭😭💔💔💔💔💔💔💔,negative,0.7780675550026946,0.1275784097169552,0.09435403528035026,False
5614,568859651980156928,negative,includes usertoken “usertoken: inclement weather may impact scheduled service in. reflight booking problems options available: urltoken,neutral,0.3125247573746313,0.3927230056529044,0.2947522369724644,False
5619,568856846523502594,negative,"usertoken 4 hour delay in atl due to ""air traffic control""....love missing an entire day of my vacation unhappycustomer mytimeismoney",negative,0.9505883097536423,0.015251762123845937,0.03415992812251172,True
5620,568856823048089600,neutral,usertoken i have a question re: your atl companion pass offer. i know i need 3 revenue flight roundtrips. what is a revenue flight? thnx,neutral,0.07985941111970474,0.8990951407562392,0.02104544812405616,True
5621,568855390462603264,negative,"usertoken4569 cancelled flightled, had to get refund. cancelled flightlations happen. but the 25+ min phone wait &amp; painful music unacceptable. come on...",negative,0.9884545529612749,0.008430296502150419,0.003115150536574539,True
5624,568853498726449152,neutral,"usertoken hello i was talking with usertoken but it says you moved here, they sent me a voucher but does not work can u help?",negative,0.9216447592991894,0.05838186721015473,0.019973373490655748,False
5641,568842944024875008,neutral,"usertoken so that is what happens when your power level goes over 9,000... feet in the air.",negative,0.5218941346246275,0.25764492121263843,0.2204609441627341,False
5652,568833608460283904,negative,usertoken flying now from jax to den and i paid $8 for wifi that barely is functional. couldn not do work if i wanted to. never again.,negative,0.9494165326630157,0.02428284497465185,0.026300622362332427,True
5657,568829852721106944,negative,usertoken very frustrated. bought early bird at 6:30am on day tickets were released and got mid-b ticket. spend $50 for nothing,negative,0.7501846654431283,0.11553935990450188,0.13427597465236982,True
5658,568829686257623040,neutral,usertoken is that usertoken,neutral,0.23051573258857405,0.6374046988652552,0.1320795685461707,True
5662,568828959879790592,negative,"usertoken y airline i fly with, but haven not seen anything like this yet!",negative,0.6814151051589538,0.04745212714369906,0.2711327676973471,True
5664,568828335922356224,positive,usertoken that guy was the flight attendant on my last flight... he was hilarious! ☺,negative,0.5790305418100995,0.07124082316948234,0.34972863502041823,False
5665,568828267660054528,positive,usertoken thanks for the info and the quick response!,positive,0.0798571626109412,0.008393954694021686,0.9117488826950372,True
5667,568826365878730753,negative,usertoken cancelled flighting flights 45 minutes before takeoff &amp; sitting for 45 min on the runway of the rescheduled flight badservice,negative,0.950061764849563,0.038949946867544126,0.01098828828289309,True
5681,568811734040862720,negative,usertoken what does relay concerns really mean &amp; how/why do u keep letting people on flights with bags larger than u state are allowabl?,negative,0.8557392871425936,0.12490883922397583,0.019351873633430567,True
5696,568800998929661953,positive,usertoken hi! just wanted to see if you have any new routes planned this year for newark. love flying you guys and hope to do so more!,neutral,0.06752951351662637,0.6792787916902766,0.253191694793097,False
5703,568794864533385216,positive,"usertoken love, love, love this. southwest rocks!! always!! urltoken",positive,0.003864633319452195,0.006558357634897084,0.9895770090456508,True
5719,568781422804262912,neutral,"usertoken yes, thank you. just sent dm.",positive,0.03949256055741771,0.3955913000664196,0.5649161393761627,False
5725,568777943104802817,negative,usertoken it is too damn cold to be sitting on this runway with no heat!!!!!,negative,0.9409422148739913,0.04363052089485797,0.015427264231150786,True
5733,568772334632349696,negative,"usertoken you call this customer service?? sitting in the tarmack for 1hr, lost bag, and you give me a $100. voucher???",negative,0.9775540384368653,0.007726038262402872,0.014719923300731937,True
5743,568761996973379584,negative,"usertoken you do a great job of achieving that at most cities, just not at bwi.",negative,0.5204271509444448,0.06752285228196354,0.41204999677359155,True
5748,568753398100692992,neutral,"usertoken hi! winter wx advisory issued for stl. snow &amp; ice &amp; cold, oh my! will you issue a travel advisory for that?",neutral,0.06124034869726625,0.9155416921923166,0.02321795911041715,True
5753,568673970251116544,negative,usertoken unable to book travel right now on the website or through the app. help!,negative,0.8384060341571395,0.1014834180645189,0.060110547778341634,True
5761,568637034761302017,negative,usertoken last 5 flights have all consistently ran behind schedule what is up with that ??,negative,0.8417461284465275,0.12136611987073431,0.03688775168273811,True
5774,568614676612964352,positive,usertoken hi! i ❤️ your company and fly all the time. i was wondering if you could please share this link &amp; read! urltoken,neutral,0.14633248972954707,0.8278484944808208,0.025819015789632214,False
5779,568611700674584576,negative,"usertoken we should be landing at ric right now, but haven not even left atl. should have picked delta maybe?",negative,0.7261951678298786,0.15526942839009972,0.11853540378002164,True
5780,568611482780508161,negative,usertoken i love ya but your bringin me down. an hour late flight leaving and now we have been sitting in the runway for 20 min 😥 fail,negative,0.9864961007333914,0.003047789455633046,0.010456109810975422,True
5789,568604231026003968,negative,usertoken link doesn not work,negative,0.9211615627309295,0.055997132240789435,0.02284130502828127,True
5794,568590782640164865,negative,usertoken paid for in flight wifi from austin to san diego - wasn not useable. :/ possible to get a refund? conf 8x7xvm,negative,0.5035468561520391,0.42761882340332796,0.06883432044463288,True
5804,568585356586586113,positive,usertoken jason (108639) at gate 3 in san made my afternoon!!! southwestairlines stellarservice thanks!,positive,0.15936842558990533,0.2079301284269916,0.6327014459831031,True
5808,568582374549807104,negative,usertoken why cannot you help me after you made mistake and dropped my early bird check in on your end? where is the luv?,negative,0.757184427830626,0.17050571942908088,0.07230985274029313,True
5820,568573057184473089,positive,usertoken making miracles again! the customer service department gave me by far one of the friendliest phone calls ever. wheelsup,negative,0.8998331078052249,0.008211022151126913,0.09195587004364832,False
5837,568562631616942080,positive,usertoken the crew of 4649 has been great to us today. traveling from ft. lauderdale to louisville with 2 kids 7 and under. thanks!✈️✈️,positive,0.07742831648973485,0.11926078213845177,0.8033109013718134,True
5846,568552809555103744,neutral,usertoken to the rescue. sundown in chicago. next stop san antonio! urltoken,neutral,0.1096335423985969,0.4901576507106571,0.40020880689074606,True
5851,568548629973209089,negative,"usertoken my flt was delayed, scheduled to miss my connection, can i get some help? 8hh4p2",negative,0.6386336794502968,0.318223635268418,0.0431426852812851,True
5852,568546953262436352,positive,"usertoken thank you, will do",positive,0.04416324244629755,0.3938372515056895,0.561999506048013,True
5853,568546414604750848,negative,"usertoken i didn not say anything about patience, i said this is probably the last time i fly southwest. i suggest others do the same.",negative,0.922121647414872,0.05107161904521025,0.026806733539917763,True
5863,568538790244909056,positive,usertoken you are the easiest airline to deal with.. i loveeee you so much,positive,0.45576003973194146,0.027970620164223754,0.5162693401038347,True
5864,568538599903244290,negative,usertoken my 11am was canned. i empathize. but i think your team has lost the right to be capitalized. it is a lowercase team day.,negative,0.8548867351188855,0.009454831673172688,0.13565843320794196,True
5883,568519360953716736,neutral,usertoken pres/ceo gary kelly at therofo addressing 2000 of his bwi based employees. usertoken urltoken,neutral,0.09555645823057891,0.7299646536690361,0.17447888810038503,True
5885,568518406959312897,neutral,usertoken when can i start flight booking problems for next years super bowl time? 😩help,neutral,0.2998739817173311,0.6276169616470778,0.07250905663559118,True
5888,568513072819646464,negative,"usertoken experiencing the worst customer service ever currently. waited for cs rep, then put ""on hold"" but actually was hung up on.",negative,0.9786809544717171,0.013703886709553269,0.007615158818729691,True
5891,568510632930050048,positive,usertoken i just received your birthday card. it was amazing and made me smile with joy. nice videos. thanks.,positive,0.020900188190544077,0.024267304123028164,0.9548325076864277,True
5892,568510570799869952,positive,thanks usertoken ! heartlanta,positive,0.00010699270098378428,0.013377393864662888,0.9865156134343532,True
5897,568502289402630144,positive,usertoken my boyfriend and i have loved usertoken since 2009 &amp; it would be so awesome to go to vegas event. any way you can help?,neutral,0.3488605477154276,0.5768905337630771,0.07424891852149526,False
5898,568502021390786561,negative,usertoken reviewing your oversize policy. hardcase golfbags are free if under weight. how do we add guitars and instruments to the list?,neutral,0.2439316598918168,0.6876264028349436,0.06844193727323962,False
5899,568498076962451456,negative,"usertoken usertoken you could have just said ""we don not know""",negative,0.6096141748222215,0.2652965389690031,0.12508928620877546,True
5905,568495231877967872,negative,"usertoken pwm direct to orlando on saturdays, why is this only happening in march? i thought it was going to be a permanent thing. :(",negative,0.5082071113496622,0.4227232358865961,0.06906965276374168,True
5908,568494596973600769,neutral,usertoken wow! some things are better forgotten!,positive,0.35833185887594693,0.02495245482801013,0.6167156862960429,False
5919,568486399663575040,neutral,usertoken for my travel i see bz class and get away are sld out. anytime is available . how do i know how many anytime are available?,negative,0.49016478378949835,0.4298326345868508,0.08000258162365088,False
5927,568481017876623360,negative,"usertoken your a-list program is a complete joke! your company does not value loyal customers.time to look for another ""go-to"" airliner",negative,0.9670217886701117,0.02735441871795215,0.005623792611936145,True
5928,568480653819453440,negative,"usertoken what is with the pricing cache?! about to book a flight, refreshed the page, &amp; the price jumped from $73 to $159. ridiculous. 😑",negative,0.8734122299348344,0.11808600240443343,0.00850176766073224,True
5930,568478881063276545,negative,usertoken a-list pref credit card holder called exclusive # and hung up after on hold for 14 min. what gives???,negative,0.9545500998792654,0.039778206958114,0.005671693162620572,True
5938,568470266793340929,negative,usertoken 3 flights yesterday; no treats but nuts and pretzels. also no origami in the magazine. new policies? oldpolicieswaybetter,negative,0.9104357850292043,0.05674736174715297,0.03281685322364285,True
5955,568462314388656128,negative,usertoken why doesn not mean tsa precheck show up on my mobile boarding pass? my ktn is linked to my account.,negative,0.5974059434608718,0.37802514183512176,0.024568914704006323,True
5958,568458879220076545,positive,"usertoken is really stepping up their ""service""🐩 urltoken",negative,0.703139466433318,0.0895380229505585,0.2073225106161233,False
5987,568444321113862145,positive,usertoken usertoken well deserved!,positive,0.059180526972999005,0.2772874841059868,0.6635319889210142,True
5995,568440514506301440,neutral,"usertoken has 22 employees on social care team, 4 staff the listening ctr. at any time-rest of spots filled by other areas. ragandisney",negative,0.4432896580839383,0.12664057431980888,0.4300697675962528,False
5998,568439748047581184,negative,usertoken . i don not like the new schedule. no more nonstops from phl to fll or pbi? we are not free to move between those cities. sad.,negative,0.7304463245567863,0.20621546290825948,0.06333821253495414,True
6006,568437777647460352,neutral,usertoken usertoken congratulations!,neutral,0.06106521407906138,0.8527451379632993,0.08618964795763924,True
6015,568435434964938752,neutral,usertoken mac computer left on bwi to la flight on 14th. reward for recovery; info important to owner.help passengers honesty,negative,0.564807451961777,0.3383161224197398,0.09687642561848321,False
6018,568434014672916480,negative,usertoken is there an email address i can send some thoughts to? this experience was really not good &amp; i have some feedback.,negative,0.5387624265425405,0.43126820880894123,0.02996936464851835,True
6021,568432638823772160,negative,usertoken great. my flight is delayed three hours. now my friend has to wait for me at the airport for hours on her birthday. 😒👎,negative,0.9312045823827032,0.01365292971269998,0.055142487904596894,True
6022,568432390957355008,positive,usertoken guess where ashley is. she is doing a great job presenting. ragandisney urltoken,positive,0.03103174388599391,0.06219590851783635,0.9067723475961699,True
6024,568431720707579904,neutral,usertoken adds new direct flights from columbus to oakland &amp; boston starting august 2015 cmh oak bos,neutral,0.08096857859508501,0.8414753545651282,0.07755606683978682,True
6032,568427566916345856,neutral,usertoken please bring back rdu to fll direct route! i noticed it is missing starting in late flight august! the flights are always packed!,negative,0.4935920437786588,0.2603718982979447,0.2460360579233965,False
6043,568421124201017345,neutral,usertoken do you know where my plane is coming from? i am on sw flight 4464 from rsw to mke,neutral,0.328001590180483,0.629974142081365,0.04202426773815196,True
6044,568418629236219904,negative,"usertoken well, it was fun while it lasted. not happy about the change to redeeming reward points. will not be loyal anymore.",negative,0.783348236379241,0.07392461244664078,0.1427271511741182,True
6049,568413365254488064,neutral,"usertoken schedule is open through the end of october, got columbus day wknd in new england for ~50k points for 4! check your calendar!",negative,0.658307415281089,0.20576705964845315,0.1359255250704578,False
6050,568413356492599296,positive,usertoken the new logo is going to look amazing on the airplanes,positive,0.40472764524172955,0.06931700743741373,0.5259553473208567,True
6056,568391392528969730,positive,usertoken i love you guys! had to take a few other airlines this week...makes me love and appreciate y'all so much more! onlywaytofly,positive,0.012457889227980601,0.002372618885709177,0.9851694918863102,True
6062,568385277514919937,negative,usertoken stuck on 4251 with the heat blasting to try and thaw the water lines.... kinda disappointed for my first flight as a rr member,negative,0.8755761614840796,0.11125595356642735,0.013167884949493119,True
6067,568361830160175104,positive,usertoken thank you for having flights going out of nashville! you guys rock! disneyprincesshalfmarathon girlsweekend bffs,positive,0.049715644553859635,0.08873094212127061,0.8615534133248697,True
6068,568326927695491072,negative,"usertoken flt 463 san jose, ca -&gt; denver, co. delayed 2 hrs but easily best flight + touchdown in all my years flying. keep it up!",positive,0.41370694139342246,0.08890676665288173,0.49738629195369577,False
6077,568284092707401728,neutral,usertoken usertoken about time! mobileboarding is a must!,negative,0.5038085300589364,0.3217811977201506,0.1744102722209129,False
6079,568276647885086720,neutral,"usertoken usertoken. it takes 13.5 hours to fly from chicago to beijing on united, and 12 to fly from vegas to omaha on sw...",neutral,0.4374946745089795,0.4849091138775055,0.07759621161351496,True
6086,568267732556255232,neutral,usertoken any chance i can get tix for usertoken usertoken? i have been tweeting since january 26 about it destinationdragons,neutral,0.04202852427022755,0.9467880316640207,0.01118344406575175,True
6087,568266994069295105,neutral,usertoken only 1 guest needs to change a flight on a reservation of 2. how can i do it? i need this to happen. say it can...please help!,negative,0.5377268582898875,0.45288932598586223,0.009383815724250143,False
6088,568262925833515008,neutral,usertoken inflight entertainment. tonight a willie nelson impersonator sang for the passengers peanutsandtoons urltoken,neutral,0.3417217067374158,0.3855418686096317,0.2727364246529524,True
6096,568238379847921665,positive,usertoken - great flight from phoenix to dallas tonight!great service and on time! makes usertoken very happy! urltoken,positive,0.03742163297830097,0.010386193458050152,0.9521921735636489,True
6099,568233937761230848,negative,usertoken i fly swa a lot - always purchase eb and never past a30... rethinking the swa process. very misleading.,negative,0.747301461204825,0.02741018690624129,0.22528835188893379,True
6100,568232493779824640,positive,usertoken amazing view on the approach to lax tonight. urltoken,positive,0.03895375354478464,0.17666600618164227,0.7843802402735731,True
6103,568227390566109184,neutral,usertoken do new flights come out at midnight?,neutral,0.33680248495884446,0.6149608687019994,0.048236646339156225,True
6106,568222976744824832,neutral,usertoken do you have all winners for usertoken destinationdragons,neutral,0.04688711415012578,0.9117657303417023,0.041347155508171876,True
6119,568211739059326976,positive,usertoken thanks so much for making my night 😀 cannot wait for my trip next week! urltoken,positive,0.0669878854809809,0.023172328945984737,0.9098397855730344,True
6132,568193347216474112,negative,usertoken doesn not even have gluten free peanuts. whyyy me??,negative,0.882116665839029,0.07601514188411072,0.041868192276860186,True
6134,568192010789777408,positive,usertoken just had a great flight 4223 with damion! he was the best damionflight4223,positive,0.026473024166038316,0.02338539841759155,0.9501415774163702,True
6146,568181877560852481,neutral,usertoken just dmed you guys!!! 😁😁😁😁,negative,0.4648838452635639,0.19066660888407239,0.3444495458523637,False
6151,568180264914051072,positive,"usertoken usertoken usertoken well timed tweet, just boarded and will be listening on my way home!",positive,0.11725171757450328,0.3117178973451698,0.5710303850803269,True
6168,568168034394873857,negative,usertoken was wondering is there a reason why customer service is so busy? been on hold past few days for many hours no answer help plz,negative,0.995797640343638,0.0023975109859933415,0.0018048486703684723,True
6181,568151905165316097,negative,usertoken tsa pre isn not showing up on my boarding passes and i have followed all of the steps. please help.,negative,0.5712719809302983,0.36253725851003793,0.0661907605596637,True
6207,568130367900798976,neutral,usertoken app updated with passbook support urltoken via usertoken,neutral,0.1769464781839421,0.6576587324964612,0.16539478931959672,True
6210,568126682336534529,neutral,usertoken any possible chance of swa bringing back service between lga-bwi? it would make it much easier to connect to the west coast.,neutral,0.07016881649763816,0.8261767940081782,0.10365438949418358,True
6213,568124227641065472,neutral,usertoken when does the new schedule open that takes us past 10/31?,negative,0.471201678967064,0.47102601422667273,0.05777230680626329,False
6222,568111779705958400,negative,"usertoken, a complete horror show. flights bumped three times today, before noon, not how to run an airline. cantblametheweather.",negative,0.8762252026414011,0.05969465639054622,0.06408014096805262,True
6241,568103735827804160,neutral,usertoken give me tickets to the atlanta show and i will roadtrip from canada!! deal? 😆,neutral,0.08853433048812283,0.7089772142769682,0.20248845523490894,True
6251,568094581041934336,negative,usertoken tried to enter that rapid rewards contest link on facebook but all my browsers kept popping up security warnings 4 it.,negative,0.4879447991649922,0.39708489623183885,0.11497030460316887,True
6252,568094319766147072,negative,usertoken just oh-ing a text message i received from an entitled jackass of a friend.,neutral,0.2976285044399011,0.5877797739115175,0.1145917216485814,False
6256,568092537786748928,neutral,usertoken all flights lead to vegas baby!,neutral,0.21274483755381393,0.4805120291918791,0.30674313325430685,True
6269,568086073814827008,negative,usertoken it would be nice if i could talk to an agent rather than get caught up w/ a promotion &amp; then be hung up on,negative,0.8592074347864941,0.10963844517118983,0.031154120042316023,True
6276,568085366441246720,positive,usertoken usertoken lauren omg best airline ever,positive,0.010783791383687666,0.01662291711281583,0.9725932915034966,True
6281,568084748020649984,neutral,usertoken my birthday is february 24th which is the date of the imagine dragons in flight concert btw,positive,0.30997160217712816,0.2657776739748906,0.42425072384798124,False
6283,568082817562898432,positive,usertoken thank you thank you thank you,positive,0.0006203699038177678,0.006154348900962862,0.9932252811952194,True
6291,568079239343439872,neutral,usertoken when does pv get approved? i am ready to go!!,neutral,0.08675769646488002,0.8748209169456516,0.038421386589468434,True
6300,568074028990259200,neutral,usertoken when are you opening the flights beyond august 7th???,neutral,0.14029389379954474,0.6978289520500973,0.16187715415035792,True
6305,568069437506641920,negative,usertoken i want to file a formal complaint against a disgruntled employee @ laguardia who ruined mltple people is travel plans yesterday,negative,0.4530943656372434,0.43699354590169714,0.10991208846105943,True
6323,568055766130827264,negative,usertoken please let those with nothing in overhead bins to exit first. fly a lot and only bring purse. tired of running for connection,negative,0.8145957766402617,0.1579288875092053,0.02747533585053284,True
6328,568054955967418368,neutral,"usertoken took delivery of n8661a, a new boeing 737-8h4 yesterday. urltoken dfw dal airlines",neutral,0.34128957282539996,0.4520284771570856,0.2066819500175145,True
6331,568054666216509441,negative,usertoken 2 bags fly free! so what is with all the carry-on is? packingayak usertoken,negative,0.46959965380090224,0.2857935540026387,0.244606792196459,True
6335,568052354525696000,negative,usertoken when will you be accepting reservations past august 7?,neutral,0.1994467179680949,0.7726567571971203,0.027896524834784817,False
6339,568050804101410816,positive,usertoken usertoken hey at least you guys are honest with your customers unlike usertoken,negative,0.9130713629910214,0.04402226384839369,0.04290637316058487,False
6343,568047468384002048,positive,"usertoken oh no worries nl, no disappointments here. better to have no lounges than like delta who has them but does disappoint!",negative,0.6958605878246307,0.020782993091569186,0.2833564190838001,False
6346,568042046608580608,neutral,usertoken ceo discusses possibilities of nhl vegas arena naming rights urltoken usertoken sportsbiz,neutral,0.05754614326079513,0.8702630439834109,0.07219081275579407,True
6347,568041723642961920,positive,usertoken thanks for getting me back to nashville. big thanks to the pilots on the 6:15 out of baltimore. flying in snow landing on ice.,positive,0.005752577816180915,0.01733411183603785,0.9769133103477813,True
6353,568027403462651905,positive,usertoken thank you for finally making your boarding passes work with passbook,positive,0.08816889081053254,0.021261641924148963,0.8905694672653185,True
6366,567933117610074113,negative,usertoken 75 minutes and still waiting for skis to be unloaded. you should be ashamed. it is 1:30 in the morning.,negative,0.9685420227772673,0.019725986684377497,0.011731990538355158,True
6383,567897629364850689,positive,usertoken flight 4146 phi to den was staffed by a great crew. freecomedyshow newlifetimecustomer,positive,0.052997776780222154,0.019090119907494794,0.9279121033122831,True
6387,567892874756501504,positive,usertoken has the best customer service!,positive,0.05883582879786158,0.013816935890992784,0.9273472353111457,True
6390,567887646162161664,negative,usertoken i left my ipad on my flight 1831 from erw to den. i opened claim 442998. it has so many memories on it. plz help get it back.,neutral,0.17392084554087894,0.5600454141222256,0.2660337403368954,False
6397,567883722948763648,negative,usertoken finally got through after 3 hours and all set. thanks.,positive,0.1547457443505828,0.06652381071118865,0.7787304449382286,False
6403,567879304593408001,negative,usertoken cannot believe how many paying customers you left high and dry with no reason for flight cancelled flightlations monday out of bdl! wow.,negative,0.9362154569669907,0.041463710491810336,0.022320832541198907,True
6406,567878205157281793,negative,".usertoken i appreciate that, and not to be rude, but it doesn not solve much. you should at least cover the cost of stolen goods.",negative,0.9682914185837073,0.021310941166446686,0.010397640249846088,True
6428,567864832235405313,negative,"usertoken thanks, but they told him he couldn’t a few hours ago, then my plane left after i tried to do it. stuck waiting for hours now",negative,0.9719626444067782,0.0082480433450895,0.019789312248132348,True
6435,567860982422306816,positive,"usertoken hi! i just saw a black history month commercial on tv &amp; im excited! in support of this month,will you all grant me 1 free trip",neutral,0.13845078594169224,0.5345442821378374,0.3270049319204704,False
6438,567859338615865344,negative,usertoken no. we were in a large group. majority of the 30+ bags were soaked.,negative,0.585557509496434,0.22730590884228422,0.1871365816612819,True
6439,567858373527470080,positive,usertoken black history commercial is really sweet. well done.,positive,0.11062416880671917,0.07847704278869494,0.8108987884045858,True
6453,567843309349036032,negative,usertoken needed my flight info so i can add my rapid rewards to my flight ... first time i have flown with sw - will not do it again mad,negative,0.7660767716123147,0.20951055119463555,0.024412677193049667,True
6457,567838174816395264,negative,usertoken not your finest moment in boston right now!,negative,0.5129004451263353,0.29271274796467256,0.19438680690899218,True
6461,567833231434723328,positive,usertoken thanks for taking care of me today! michele rocked the customer service! gate 25 hou,positive,0.14650748257384535,0.024067132220428562,0.8294253852057262,True
6470,567830414615662592,negative,usertoken has the worst customer service on earth. will never fly that airline again.,negative,0.9909479857193212,0.0009358201823156933,0.00811619409836306,True
6497,567815252881977344,negative,usertoken thanks for taking such good care of my luggage... urltoken,positive,0.10500220756415633,0.041707926374790955,0.8532898660610527,False
6506,567811776025468929,negative,usertoken done messed up now!!! i have planned a trip to costarica for pennies!!! vacatime ✈️💺,neutral,0.18624005422280354,0.6850048290917018,0.1287551166854946,False
6508,567811407309185024,neutral,usertoken on flight 771 tomorrow (wed 2/18) den-bna. will we be delayed or cancelled flightled?,negative,0.5432138155172852,0.43272342794750784,0.024062756535206935,False
6518,567804718886711296,neutral,"usertoken you guys must have been swamped, even took our corporate travel a long time to get in, but everything worked out in the end.",negative,0.6772299620533592,0.04025256942748023,0.28251746851916054,False
6525,567801645795643393,positive,usertoken amazing customer service as well. will definitely fly with you guys again if my instrument is involved. 10/10,positive,0.23281131916812067,0.03727083026433774,0.7299178505675415,True
6536,567793635892174848,negative,usertoken mco-&gt;dca flight almost full of people screwed by the msy-dca cancelled flightation. usertoken and usertoken didn not cancelled flight. swa=mistake.,negative,0.9289291706070871,0.047925355794908434,0.02314547359800453,True
6537,567793538134716417,neutral,"usertoken can i take my electric skateboard on a domestic flight? if so, do same policies listed on your site for regular boards apply?",neutral,0.2940770569974009,0.6914245049123955,0.014498438090203562,True
6550,567783187901915136,neutral,usertoken employees spreading a bit of mardigras cheer at 7:30 this morning in atlanta nftyconvention urltoken,positive,0.2633771920536272,0.3190144469546379,0.4176083609917349,False
6556,567780392179351553,negative,usertoken not yet! supposed to get it early evening tonight. don not want to have to go to the store and buy new necessities.,negative,0.8656343981766882,0.09864661452587589,0.035718987297436035,True
6583,567770347065384960,positive,"usertoken i got a flight at 11:55am on thursday but looking for something tomorrow, anything available?",neutral,0.1261729273604736,0.804857210576392,0.06896986206313425,False
6584,567769787317907456,neutral,"usertoken we desparately need yall to make a nonstop bna-&gt; tul! cmon it will be popular. 😄 (right, usertoken usertoken usertoken??)",neutral,0.07638638958833227,0.8261649784301998,0.09744863198146807,True
6585,567769620648828929,neutral,usertoken thank you for the response. how can i got about getting the points onto my rewards account?,positive,0.27716199028665456,0.18140229645964567,0.5414357132536998,False
6634,567750589040181248,negative,usertoken almost 2 hours on hold now. i just need to cancelled flight a flight and get a refund. other airlines are operating!,negative,0.9669649113443685,0.014151674185611843,0.018883414470019684,True
6637,567750328729485314,negative,usertoken usertoken i did eventually get through but that flight cancelled flightled. decided to drive but gave up holding to process refund,negative,0.963907452420991,0.025568941335346564,0.01052360624366242,True
6642,567748330734641152,neutral,usertoken i am following you now. i don not think i can dm until you follow me.,neutral,0.3336527016665857,0.6294240411319345,0.036923257201479806,True
6644,567748162178125825,negative,usertoken are you kidding me? i needed help yesterday. i am now landed and waiting for my connection. never will i fly southwest again!,negative,0.9682216557654498,0.01744801941219163,0.014330324822358477,True
6646,567747787807526912,negative,usertoken yeah bruh its bool y'all niggaz just need to hire some more workers or something cause next time imma be forced ta disrespect.,negative,0.5510231784942525,0.31869459149813634,0.13028223000761116,True
6658,567740403755909120,positive,usertoken finally! integration w/ passbook is a great valentine gift - better then chocolate flight. you do heart me.,positive,0.17424272186141412,0.03660711950625087,0.7891501586323351,True
6666,567738715657609216,negative,"usertoken can you follow me? flight cancelled flightled, cannot rebook online, been on hold for 2 hours. would love to dm flight info. thank you.",negative,0.905837472606699,0.06415520124073293,0.03000732615256797,True
6669,567738154128769028,negative,"usertoken why are flights still getting out of logan now? you couldn not manage to get one out at 6 am, when it wasn not snowing!",negative,0.9823644235510623,0.014248194136265869,0.003387382312671683,True
6681,567735667879575552,negative,usertoken usertoken flying to lga in the dead of winter? jvstatus ewr &amp; jfk is always the intelligent option.,neutral,0.394164598444307,0.40140149556181576,0.2044339059938772,False
6687,567734113088835585,neutral,usertoken damn weather messing up everything serenitynow,negative,0.4286924948737614,0.147396062907771,0.42391144221846755,False
6689,567733978363621376,negative,"usertoken disappointed with customer service right now, my flight was only one cancelled flightled at my airport &amp; now i am losing 2 days from trip",negative,0.9854614151868525,0.008613306740730272,0.005925278072417411,True
6690,567733656106459136,negative,"usertoken been on hold for over an hour.....not cool, you guys.",negative,0.9965942729042861,0.0007954420591294584,0.002610285036584567,True
6697,567730704055037953,negative,usertoken trying to get through by phone to confirm that funds from a cancelled flightled reservation can still be used in the future. can u help?,negative,0.8946029862466106,0.10181831060362988,0.003578703149759574,True
6711,567723534344933376,negative,usertoken discount for three delays?,negative,0.613622447321769,0.2466814838021554,0.1396960688760757,True
6713,567723096186945538,positive,usertoken + usertoken = outstanding customer service! thank you!,positive,0.009259934299076535,0.012027659242065454,0.9787124064588579,True
6715,567722844319404033,neutral,usertoken trying to get through to cust relations. is there another # to use?,negative,0.5662529293291406,0.41388931820543884,0.019857752465420552,False
6726,567719031634157568,negative,usertoken cannot update my flight online bc it is been cancelled flighted twice already. going on hour 2 on hold.,negative,0.9981466313582222,0.000862392563352881,0.000990976078424814,True
6728,567717985092395008,neutral,usertoken - kind of early but any idea when dates through the first week of sept will come available?,negative,0.5427188898740817,0.40331747174355087,0.0539636383823675,False
6729,567717415367090176,negative,usertoken the last 4 times i have arrived usertoken our gate has been blocked by a slow to depart plane leading to 30-60 min delays,negative,0.9696723311635114,0.009840709228833285,0.02048695960765528,True
6734,567704339448209409,negative,usertoken why have you guys jacked up the prices after you said prices were going to be lowered? smh,negative,0.9414629848616675,0.01818769546034617,0.04034931967798635,True
6737,567692251954827265,negative,usertoken allows other passengers 2 harass u after their gate agents mistakefurious they are doing nothing about it &amp; my 6yo was scared,negative,0.9663637332688108,0.010515441158617408,0.023120825572571772,True
6739,567688325276770306,neutral,"usertoken guys, we have got to do something about the inability to check in online for international flight that has... (1/2)",negative,0.6599052789091203,0.2425322125489674,0.0975625085419123,False
6742,567663504102940672,negative,usertoken we have been stuck in sju for several hours and no one is answering here. really tough to luv sw. no response is bad.,negative,0.9797567762413435,0.002064786509192406,0.018178437249464163,True
6766,570291817087930369,neutral,"usertoken hello good afternoon how are you, i need know how much flying for summer from june 13th.",neutral,0.10876154370913414,0.8173608111269589,0.07387764516390684,True
6768,570291473528320001,negative,"usertoken upset with the lack of communication we have received for our ""on time"" flight 1170 out of mco",negative,0.7142910976552668,0.1824131732854316,0.1032957290593016,True
6773,570287886135918593,neutral,"usertoken flying w/ infant for the 1st time, can i bring a canister of powder formula for a carry on and/or use my plastic formula divider?",neutral,0.09044298543677973,0.8838161471353977,0.025740867427822594,True
6779,570284840752427008,negative,"usertoken cannot book a flight because of outdated, forced opt-in ""verified by visa"" nonsense. help a girl out? i just want to get to usertoken",negative,0.939167865030331,0.03587215763467723,0.024959977334991695,True
6781,570280776849346561,negative,usertoken luggage fees? will not b flying jb again! at least aa gives platinum pass 2 bags! tired of overchging bg herded like cattle2slaughter,negative,0.9651373163010343,0.022736537670702373,0.012126146028263162,True
6786,570277811795001344,negative,usertoken your wifi is a lie and i hate you,negative,0.9739970062560506,0.010405465382423705,0.015597528361525746,True
6790,570273378403102720,neutral,usertoken flight 462 to boston delayed due to weather in tampa?,negative,0.9035779923115967,0.0573203408537274,0.03910166683467586,False
6794,570267215720800256,neutral,usertoken come on and provide service from destin- fort walton beach airport,negative,0.4702474290374743,0.3524359499330824,0.17731662102944337,False
6803,570246094157946880,neutral,"usertoken ""do what you love and you will never work a day in your life."" 😊",negative,0.8828372862302283,0.03313388988123746,0.08402882388853435,False
6808,570240052279648257,neutral,sigh... “usertoken: our fleet is on fleek. urltoken,neutral,0.07189960970623956,0.8434809037894178,0.08461948650434267,True
6813,570238126347714560,negative,usertoken thank you for credits. however; i submitted complaints about the property on vacation package. hope you listen!,positive,0.2194485452988633,0.08874726544356823,0.6918041892575684,False
6814,570237440616570880,neutral,“usertoken: our fleet is on fleek. urltoken :(,neutral,0.07189960970623956,0.8434809037894178,0.08461948650434267,True
6837,570211016308596736,neutral,usertoken hi friend! question for you when you have a moment.,neutral,0.05337718548093611,0.9231426449866917,0.02348016953237211,True
6846,570197146894520320,neutral,"usertoken hi there, any rough idea of when january 2016 flights will be made available?",neutral,0.079306529878712,0.9082506975036128,0.012442772617675398,True
6855,570173181727674368,negative,usertoken no seat assignment 5 mins before a flight...line 20 people deep. guess i am sitting with the baggage? usertoken,negative,0.9421845493411548,0.05188279633223492,0.005932654326610291,True
6891,570058262743101440,negative,usertoken i understand why ur doing it. but for someone who just traveled 2+ hours to get here early. relax b4 flight etc. adv notice maybe??,negative,0.912593830534472,0.056615345502234425,0.03079082396329343,True
6928,570011803389788160,neutral,"listen, im not gonna deny this but... rt usertoken: our fleet is on fleek. urltoken",negative,0.4789266649528741,0.44256987323895797,0.07850346180816795,False
6960,569987325347954688,neutral,usertoken lmfao.,neutral,0.07588582747083636,0.7707134709338976,0.15340070159526598,True
6962,569984773365612544,neutral,“usertoken: our fleet is on fleek. urltoken oh word!!!!??????,neutral,0.0875797489155741,0.8059394851466322,0.10648076593779382,True
6967,569983338880114688,positive,so relieved i am flying usertoken after listening to everyone at the neighboring gate bitch about spirit. my airline is better than yours.,negative,0.5834623355481505,0.02991339143682144,0.38662427301502805,False
6970,569978537953902592,positive,"usertoken we had 2 great flights into and out of the bahamas, even during the bad weather in the northeast, thanks for the great service!!!",positive,0.034148928848594544,0.006017319522363541,0.9598337516290419,True
6983,569966215621246976,negative,usertoken you really should be more proactive with passengers when you know the entertainment system isn not working. at least let me get a mag,negative,0.9541803628055138,0.03295974134604523,0.012859895848441008,True
6984,569965774498095105,neutral,usertoken hi i flew with your airline once in australia and saw zero kangaroos. had this been rectified,negative,0.7921744946958071,0.1517082424361145,0.056117262868078464,False
6992,569961785509478400,neutral,"lol, k. “usertoken: our fleet is on fleek. urltoken",neutral,0.055487824381592596,0.8406826598170726,0.1038295158013348,True
6995,569961170389618688,neutral,“usertoken: our fleet is on fleek. urltoken lol wut?,neutral,0.055487824381592596,0.8406826598170726,0.1038295158013348,True
6999,569960350876979200,neutral,usertoken indeed. it was not 😉.,negative,0.7397609367630595,0.19677633121136176,0.06346273202557876,False
7002,569959406927945728,neutral,usertoken need to get my 3-yr-old to nassau (from sea) to meet her great-granny she was named after - who just turned 103. flyingitforward,positive,0.3051250324893888,0.2327046001768184,0.4621703673337928,False
7008,569958588837285890,neutral,real rt usertoken: our fleet is on fleek. urltoken,neutral,0.11549282448233988,0.7742126584196226,0.11029451709803757,True
7017,569953847797530624,neutral,usertoken when can we start flight booking problems flights for november?,neutral,0.07956296303601283,0.8874447671817296,0.03299226978225764,True
7023,569952340612149250,neutral,😂😂 rt usertoken: our fleet is on fleek. urltoken,neutral,0.10599857231007129,0.8057228670383498,0.08827856065157885,True
7036,569948808320315392,neutral,who did this?!?!“usertoken: our fleet is on fleek. urltoken,neutral,0.07960267128432734,0.8333611933109318,0.08703613540474082,True
7039,569948353003446274,neutral,usertoken i hate the internet lol,negative,0.6996054851830612,0.14005612114764088,0.1603383936692978,False
7041,569948225278480384,negative,"c'mon, this is worse than jetbae. rt usertoken our fleet is on fleek. urltoken",neutral,0.4023540754543823,0.4942801573823518,0.1033657671632658,False
7044,569947823426441216,neutral,peak caucasity rt usertoken our fleet is on fleek. urltoken,neutral,0.10599857231007129,0.8057228670383498,0.08827856065157885,True
7045,569947699471974400,negative,i hate you all. rt usertoken: our fleet is on fleek. urltoken,negative,0.48726589076693777,0.3639099943981666,0.14882411483489566,True
7048,569947514633191424,negative,stop this “usertoken: our fleet is on fleek. urltoken,neutral,0.27259017456778933,0.6141289661548466,0.11328085927736409,False
7053,569947356428419073,neutral,.usertoken delete this tweet.,negative,0.5140646846712774,0.3941321344555992,0.0918031808731234,False
7054,569947332135018496,neutral,“usertoken: our fleet is on fleek. urltoken why.,neutral,0.16477146176013208,0.7643579822761875,0.07087055596368051,True
7063,569943785905332225,neutral,who okay would this?!?! rt usertoken our fleet is on fleek. urltoken,neutral,0.08415489133302095,0.8478382111040073,0.06800689756297165,True
7068,569941314713726976,neutral,😩😩😩 “usertoken: our fleet is on fleek. urltoken,neutral,0.07189960970623956,0.8434809037894178,0.08461948650434267,True
7074,569939932191559680,neutral,usertoken lol the fleet on fleek... i see yall ballin... new jets on deck..,positive,0.1545997424209675,0.4114759858707223,0.4339242717083101,False
7076,569939614175248384,negative,we didn not need this. rt usertoken: our fleet is on fleek. urltoken,neutral,0.1731184698937929,0.7800762898628578,0.04680524024334935,False
7096,569937862109450240,neutral,“usertoken: our fleet is on fleek. urltoken 😒,neutral,0.07189960970623956,0.8434809037894178,0.08461948650434267,True
7097,569937767775510530,neutral,“usertoken: our fleet is on fleek. urltoken really jet blue? lmao,positive,0.217849325834569,0.2600076235005899,0.5221430506648411,False
7100,569937408013176832,negative,“usertoken: our fleet is on fleek. urltoken this is what i hate,neutral,0.16559378620669535,0.7958088017659499,0.03859741202735466,False
7101,569937260994564098,neutral,usertoken looking to for low rates bos to vegas in late flight june for 3 kids and myself for a sporting event. any deals or breaks,neutral,0.06071176668322731,0.9188571137833456,0.020431119533427137,True
7103,569936900804505600,neutral,rt “usertoken: our fleet is on fleek. urltoken usertoken,neutral,0.09085612298541458,0.815607463353206,0.09353641366137935,True
7109,569935951868207104,neutral,😐 “usertoken: our fleet is on fleek. urltoken,neutral,0.07189960970623956,0.8434809037894178,0.08461948650434267,True
7110,569935918225711105,negative,no no no bad airline bad! *bops you with newspaper* “usertoken: usertoken we hope you are still our bae! usertoken usertoken”,negative,0.9241073953874377,0.025409464939398316,0.050483139673164014,True
7114,569934048346251264,neutral,“usertoken: our fleet is on fleek. urltoken lmao you know a white person said this,neutral,0.13938826650370925,0.7752472202266728,0.08536451326961793,True
7120,569929677571166208,negative,do less please usertoken,neutral,0.10812077099946497,0.8689247597676448,0.022954469232890243,False
7122,569929414491779072,negative,:( rt usertoken: our fleet is on fleek. urltoken,neutral,0.10599857231007129,0.8057228670383498,0.08827856065157885,False
7125,569928060587233280,neutral,“usertoken: our fleet is on fleek. urltoken ~huh?,neutral,0.1340834847813494,0.7884178147211788,0.07749870049747172,True
7131,569927299908444160,negative,.usertoken this is enough for me to stop flying jetblue.,negative,0.38735132610535195,0.23671924917865178,0.3759294247159963,True
7140,569926608997498881,neutral,“usertoken: our fleet is on fleek. urltoken lmfao!!!!!!!!!!,neutral,0.07189960970623956,0.8434809037894178,0.08461948650434267,True
7142,569926460036657152,negative,usertoken i just booked a flight with you guys. i am reconsidering that decision now after reading this tweet.,negative,0.4805664944164382,0.3595685600838457,0.15986494549971614,True
7153,569925082832728064,neutral,"bruh...real tweet from usertoken ""our fleet is on fleek. urltoken",neutral,0.09369208161678583,0.8479494451609544,0.05835847322225975,True
7164,569924092280774656,negative,haha! usertoken: our fleet is on fleek. urltoken,neutral,0.04578993864801425,0.7483031062449661,0.20590695510701973,False
7166,569923825179054081,positive,usertoken hopefully now my application for jetblue donut designer will finally go through the proper channels.,neutral,0.3181680887011894,0.4640067543832098,0.21782515691560067,False
7168,569923685848653824,positive,usertoken looking cool,positive,0.023313684731286945,0.3363391346838182,0.6403471805848948,True
7172,569921913667104768,negative,usertoken what else on this plane is duct-taped?? ohboy shouldigetoutandpush airplane flying... urltoken,negative,0.6572635717162587,0.18251846970031907,0.1602179585834222,True
7187,569905336380989440,negative,"usertoken all good, i just have 2 remind myself that if this was 1914 i might be on a horse &amp; buggy. so what is a little delay right.",negative,0.6797008853060692,0.12128385691778523,0.19901525777614568,True
7198,569892980712013824,positive,usertoken mark t. in austin was great handling my bag issue. thanks,positive,0.08952954836689116,0.022371709781098894,0.88809874185201,True
7201,569890099917246464,positive,"usertoken usertoken usertoken usertoken good one! and indeed, it is jetblue is finest day in history!",positive,0.13021938703044705,0.1493394818533707,0.7204411311161822,True
7212,569884951207813122,neutral,usertoken will you cancelled flight tonight is 7 pm out of dfw to bos? weather,negative,0.5802657237975235,0.3592886437260747,0.06044563247640182,False
7228,569865536873500672,negative,usertoken what is the deal with flt 460 today? departure keeps changing. when is it going why is it so late flight?,negative,0.8261686787335788,0.16120413944926518,0.012627181817156045,True
7240,569845862366633984,negative,"usertoken are you having any issues with online check-in? my colleague and i are getting ""webpage not available"" after submitting online form",negative,0.8879129058236642,0.08578611555649163,0.026300978619844154,True
7249,569763942144176128,negative,usertoken terrible landing on 915,negative,0.5348938599937642,0.3447439379238158,0.12036220208242003,True
7264,569716645150781440,negative,usertoken is a joke. missed my connecting flight by 5 minutes. last flight of the day and they don not hold it. 5 minutes.,negative,0.9522006069355186,0.024340265668721925,0.02345912739575948,True
7267,569708004075044864,negative,"usertoken very disappointed with the lack of compassion from your baggage services dept. i nearly had to beg get just for a ""courtesy report""",negative,0.9515381903922878,0.025432392995733487,0.023029416611978774,True
7290,569685767527596032,negative,usertoken can you take usertoken off your blacklist... trying to work :(,negative,0.6659172760828772,0.30223184437993855,0.03185087953718443,True
7301,569678931785228288,negative,usertoken if only the show was on the flight. no abc. oh well. i will live. nexttime andthewinneris...,neutral,0.2691325523968454,0.5491575485483786,0.18170989905477608,False
7305,569675848770408448,positive,usertoken love you guys😍😍😍 urltoken,positive,0.005596126395516867,0.011750841765591512,0.9826530318388917,True
7308,569674349734711296,negative,usertoken by far the worst airline in terms of service at jfk.,negative,0.9457679486939788,0.026238267745765157,0.02799378356025611,True
7321,569670844047192064,negative,".usertoken ooookay usertoken that is silly of you. guess we are ""watching"" the oscars purely on twitter reactions tonight. oscars",negative,0.5382057056590781,0.22465542438378006,0.2371388699571418,True
7323,569670228713578496,neutral,usertoken you are taking me to new orleans in two weeks so i will picture that while i shiver forevercold,negative,0.739775209351714,0.04037122398993148,0.21985356665835448,False
7335,569666011147821057,negative,usertoken well but for now the only thng we can do is wait for someone to explain us the situation with responsibility urltoken,negative,0.6220841388644394,0.2415031322790893,0.1364127288564714,True
7362,569645505950695424,negative,usertoken thanks for the update. 'preciate it. hope it gets here. been delayed 2 days getting back,positive,0.4764178138911736,0.042312599346636066,0.48126958676219045,False
7406,569623368711991296,negative,usertoken why are there so many delays to north east cities?,negative,0.840800927555381,0.10264927061258541,0.05654980183203353,True
7424,569618014141751298,negative,usertoken 5 hours delayed now in hour increments? really? &amp; as mosaic i still have to pay $25 to use lounge during this waste of a sunday?,negative,0.991193772046279,0.005853387103265819,0.00295284085045523,True
7447,569603002278944768,positive,usertoken love it as always!,positive,0.009422713261343708,0.009194993039512513,0.9813822936991439,True
7457,569588667225927680,negative,usertoken 118 to boston still sitting,negative,0.835497534901826,0.12876513901907827,0.03573732607909561,True
7482,569574221216661505,positive,usertoken thanks. i will use the extra time to do some more shopping! did somebody say duty free?,positive,0.2343181050252496,0.16201727459772203,0.6036646203770283,True
7496,569565393502793728,neutral,usertoken any way to get 2 ppl on standby list for flight 1970 fll to bos. trying to find way home.,neutral,0.19653054848951193,0.7719276400074554,0.03154181150303267,True
7505,569558286216929280,negative,"usertoken flight delayed at jfk 2 hours, then 3 hours, then 8.5 hours? now it is back to 5 hours with no explanation or apology?",negative,0.9963199909005185,0.0024508812648979415,0.0012291278345835724,True
7518,569548726265470976,neutral,usertoken customer of the year? urltoken,positive,0.137207570287921,0.2048733209742962,0.6579191087377828,False
7529,569542242983124992,positive,usertoken landing! as usual great flight wiyh a great crew. hello sunny west palm beach ! jetbluerocks,positive,0.022064003083700934,0.01902435271552961,0.9589116442007695,True
7548,569535236884664320,negative,usertoken how much longer to jfk open is i am a diabetic and i need sugar plane don not have nothing,negative,0.843485963477393,0.15059557477967528,0.005918461742931612,True
7554,569533394025099265,negative,usertoken just a very rude rep while trying to book family vacation using trvl credit. on phone w/ new rep now who is being very helpful,negative,0.8462171338111867,0.07371637872025717,0.08006648746855607,True
7559,569531924219191296,negative,"usertoken it is been 3 hours, why have you not sent the plane from the hangar for flight 1533 at jfk? this is absolutely ridiculous.",negative,0.9950692987777585,0.0023641072606725914,0.002566593961568675,True
7584,569525684864983041,negative,"usertoken when it is 30 mins past scheduled time w/ no departure in sight a flight no longer qualifies as ""on time"" updateyourwebsite 489",negative,0.919631552844634,0.07050301348357611,0.00986543367178983,True
7587,569525270907981825,negative,usertoken appreciate the heads up at 10:45 that my 11am flight was delayed bc the crew is stuck in boston communicationfail dobetterjetblue,negative,0.8972670669145973,0.012463872589391457,0.09026906049601102,True
7604,569512252639981568,negative,"usertoken is jfk still closed? tryna get out of ft lauderdale on flight 502, just want to get home to nyc!",neutral,0.44393007340182,0.45308167016663625,0.10298825643154388,False
7611,569508336594505728,negative,"usertoken all your online resources say we are on time, but clearly we are not. this is not very information age of you...",negative,0.9725730442663331,0.0044564044812111115,0.02297055125245604,True
7635,569487598709817344,neutral,usertoken we are on flight 751 and were returning to the gate can you provide any information?,negative,0.6125203294962909,0.2818571116407514,0.10562255886295775,False
7637,569484400594952192,negative,usertoken suck and their customer services are the worst whats the point of having a loyalty scheme that they don not honor badairline,negative,0.9861120107358241,0.009586266908605375,0.004301722355570634,True
7665,569378165610524672,neutral,usertoken i know you guys are super busy but is flight 1222 an a320 or e190?,neutral,0.3966989217147371,0.45690898359480103,0.14639209469046183,True
7666,569373511455776768,neutral,usertoken follow me pls?,neutral,0.17611345170801515,0.6147567096587654,0.20912983863321957,True
7667,569369662955261953,negative,usertoken shocked by misbehavior and cheap comments from jet airways staff to passenger at delhi airport friday boarding to dubai. disgusting,negative,0.8636863681739967,0.08502136231824996,0.05129226950775333,True
7670,569365818229829632,negative,usertoken i am curious to know how do you compensate for passengers missing engagements due to a two hour wait on the tar-mat to get to a gate,negative,0.9654694126228384,0.027804962003359922,0.006725625373801705,True
7678,569352134774415360,positive,usertoken is amazing. had a short delay. they gave me $150 credit! it was literally pretty much my fault i missed the flight.,negative,0.49665411379956187,0.0992959438446903,0.40404994235574776,False
7702,569339717990400000,negative,usertoken flight 790 you had us stuck on the plane for nearly 4 hrs. set to take off only for flight control to deny us. the worst service,negative,0.9887077074962954,0.005873450164528012,0.0054188423391764535,True
7716,569311730540683264,positive,usertoken thank you for taking care of me with a drink since my in-flight entertainment wasn not working goodcustomerservice,positive,0.4082932323730281,0.021256283361033728,0.5704504842659381,True
7721,569307978798645248,neutral,usertoken what are the chances of one of your flights leaving at 6am out of newark nj being cancelled flightled tomorrow?,negative,0.5792755329240196,0.3926687566678472,0.028055710408133195,False
7736,569296877902041088,positive,usertoken is the best! cannot wait to use my travel bank $ for a fun trip.,positive,0.06648677668259682,0.17701257427021877,0.7565006490471844,True
7752,569275378331717633,neutral,usertoken what is your current checked bag price policy? i fly this coming week and couldn not find anything definitive.,negative,0.6752893794659798,0.2958169021084362,0.028893718425583984,False
7756,569273795850178560,negative,usertoken we have been delayed and delayed here in palm beach... need to head to westchester. can you give me some info?,negative,0.6544560993132635,0.2828536205800814,0.06269028010665499,True
7771,569259756344487938,neutral,usertoken what good with the inflight wifi?,positive,0.2155928619224169,0.3055740161174827,0.47883312196010047,False
7778,569252657967341569,negative,"usertoken it is physically impossible to make it to the airport, and our flight is scheduled to leave in less than 3 hours.",negative,0.8069952735787184,0.13489020486412892,0.0581145215571528,True
7791,569242143748964353,positive,cool thx! only a couple more pgashow flights til i am mosaic...cannot wait. will be easier to change flights when weathers bad usertoken,negative,0.38776470549176256,0.31291364725895265,0.29932164724928473,False
7797,569238252676378627,neutral,usertoken bos to dca 1098 at 7:16 pm.,neutral,0.3533150987134391,0.5141392676078729,0.13254563367868805,True
7806,569235333050576898,negative,usertoken continuing you record of never having a flight leave on time. add up how much time with with my family you have cost me. jetblue,negative,0.5829588054124749,0.25931107452287044,0.15773012006465464,True
7814,569231102428250112,neutral,usertoken hello! can you tell me if you currently fly to hawaii? thanks!,neutral,0.06914414740443076,0.8845724501570187,0.046283402438550676,True
7817,569230515833856000,positive,usertoken thanks for update urltoken,positive,0.007897493559730441,0.04413948772773005,0.9479630187125394,True
7820,569229572123680769,positive,usertoken usertoken usertoken but of course! :-) bestdressed bluecarpet,negative,0.5340727635837778,0.28671598517074537,0.1792112512454769,False
7827,569224171303145473,positive,usertoken offered me a complimentary drink for switching seats. stewardess asked for my age &amp; i said 30. we giggled. goodgenes ilookyoung,negative,0.7678671120932439,0.1563152573358212,0.07581763057093503,False
7829,569222694778105857,positive,usertoken thank you! i am excited to fly with you for the first time.,positive,0.02298678727146842,0.025972921833338387,0.9510402908951933,True
7832,569219656482824192,negative,"usertoken love your airline...hate your website. just tried to book 2 tickets (1 w miles, 1 w/out). absolute joke. needs a lot of work!",negative,0.8461019266734137,0.024562734019783518,0.12933533930680277,True
7840,569195394065952768,negative,usertoken cancelled flighted 😢,negative,0.9512698865058059,0.033023110043368636,0.0157070034508256,True
7846,569190678758080512,negative,"usertoken i fly w/u as much as i can, however your kiosks were broken in syr and there was 1 woman working the ticket counter.. she had a",negative,0.8685666296169187,0.04860802640239332,0.0828253439806881,True
7855,569176746735632384,positive,"usertoken im in a session presented by one of your beloved travelers, usertoken,i see why you love him so much urltoken",negative,0.42506818206604435,0.15533421773620745,0.4195976001977481,False
7857,569174723877146625,negative,usertoken had me on hold foreverrrrrr,negative,0.885867577251169,0.07386552831542453,0.04026689443340652,True
7882,569114409613860864,neutral,usertoken are you going to be giving travel agent rates to those who hold an iata card ???,negative,0.7026348225652355,0.27068644061057257,0.02667873682419199,False
7885,569109515657826304,positive,"usertoken ah no the staff was perfect this morning at jfk, more sleep for me!! :)",positive,0.39700507638103455,0.13053320471917687,0.4724617188997885,True
7887,569102757875077121,positive,usertoken usertoken wow what an amazing video urltoken great world guys bluemanity corevalues passion aerojobmarket,positive,0.009896303513325154,0.01949868118075749,0.9706050153059173,True
7897,569066946433581056,negative,"usertoken it is not ideal, but it is okay. better late flight than never! :)",negative,0.9939036590500631,0.0023116986230716464,0.0037846423268652015,True
7900,569036471232892929,positive,"usertoken 162, smf to jfk!",negative,0.46067264953032444,0.3621058752776181,0.17722147519205753,False
7908,568995644276383744,negative,"usertoken flight 672 delayed from 9:30 to 11:47 now, still sitting on runway over 15 minutes so far. air travel at its best.",negative,0.9547725133483885,0.028789319729866186,0.016438166921745247,True
7963,568924781837455360,negative,usertoken any news on flight 122 pbi-boston delay? can we wait to arrive at airport based on reported 1 and 1/2 hour delay?,negative,0.6822216658671867,0.30114686806727303,0.016631466065540213,True
7988,568900016636452864,negative,usertoken ...second incident of lost baggage. i sent you a dm. thoughts?,negative,0.5723224504858971,0.3253246057989809,0.10235294371512195,True
7991,568897720410374145,negative,usertoken flight 691 from bos to tampa takeoff 40 min late flight,negative,0.9134826134583799,0.0505561694429686,0.0359612170986515,True
7994,568895587900207104,negative,usertoken did you discontinue nonstop service from sjc to bos? cannot find 471 or 472 anywhere,neutral,0.4125306914329851,0.5248298148523135,0.0626394937147014,False
7995,568894423507058688,negative,usertoken noooo!! why is our previously direct flight from fll&gt;sfo diverted to las? now arriving almost 2 hrs late flightr. 👎,negative,0.7244017514916351,0.20646280427634545,0.06913544423201953,True
7997,568894231651098624,neutral,usertoken do you know when the schedule for dec 2015 will be released?,neutral,0.055992116530133355,0.9216047565836872,0.022403126886179448,True
8007,568882606634369024,positive,usertoken - loving capt joe on our flight from bos to sfo 633. this should be fun!,negative,0.5769597162223302,0.19074918378313693,0.23229109999453282,False
8010,568877772828880896,positive,usertoken it was fabulous! very pleased.,positive,0.14691768951963324,0.16417060328783278,0.688911707192534,True
8037,568848952768000000,neutral,usertoken and usertoken team up offering in-flight access to journal content urltoken,neutral,0.19364703448438547,0.44651840163537737,0.3598345638802372,True
8048,568837619372593153,positive,usertoken currently dancing in the terminal. love stevie!,neutral,0.046802585655899676,0.5232915677925059,0.4299058465515944,False
8053,568834182694240256,positive,usertoken usertoken jetblue treated me right as a disabledtraveler thanks for a no hassle flight to usertoken,positive,0.3692500200520514,0.10165943867372203,0.5290905412742266,True
8061,568824366928039936,neutral,usertoken why don not you fly to nashville? :(,negative,0.7479699810301704,0.20136143350121077,0.050668585468618854,False
8065,568819697438871553,neutral,usertoken what is a good address to send feedback over email?,neutral,0.39495650677659655,0.5832412846371734,0.021802208586229957,True
8069,568815117120319488,neutral,usertoken is ceo battles to appease passengers and wall street - lake wylie pilot urltoken,neutral,0.1707338204498339,0.7378150855623296,0.09145109398783643,True
8080,568806899275018241,negative,usertoken we have been on the runway for over an hour. now the water pressure is low and taxiing back for maintenance. 1572,negative,0.9853558561931595,0.004740250138463547,0.009903893668377085,True
8091,568798862086836225,negative,usertoken when your flights delayed :)))&gt;&gt;&gt;,neutral,0.38911432417807457,0.5788957543349881,0.03198992148693742,False
8114,568778374451220480,negative,usertoken ccndjp/ i can send a screen shot of the systems error if an email address is provided,neutral,0.45957193372546573,0.5257975257316599,0.014630540542874387,False
8119,568768028831289344,negative,usertoken phone agents cannot see same flights i see online??? cannot change tickets even when i am paying. very frustrating jetblue,negative,0.8456183803955446,0.06612618923822965,0.08825543036622577,True
8142,568735475847950336,positive,usertoken pdx to jfk was suuuuper hot.,positive,0.19983922966137085,0.26493347650470717,0.535227293833922,True
8147,568706272788262912,neutral,"usertoken using a321 jfk-sea for summer 2015. it will be my first a321 flight ever! no mint to seattle, core config only.",neutral,0.3730260975430416,0.5220907051183243,0.10488319733863409,True
8169,568640650129731585,positive,usertoken ugh always know a way to my heart 😘🙌,positive,0.17730538966021497,0.24816338213470937,0.5745312282050756,True
8180,568632724078125056,negative,usertoken service for baggage at jfk is incomprehensible. no employee knows where our luggage is frm flight 424 lax to nyc its an hr wait now,negative,0.9481727219294535,0.032591228069537716,0.019236050001008802,True
8182,568631249989988354,negative,"usertoken yes of course, before i left the airport. i kept looking but claim is still open.",negative,0.5543427919117061,0.32272398547897296,0.12293322260932095,True
8210,568603024320434176,negative,usertoken the departure time keeps getting late flightr. i will be lucky if i am home by 3am,negative,0.7147853027905777,0.15160642377714986,0.1336082734322724,True
8216,568601554275721216,positive,usertoken usertoken 😃cool,positive,0.047793963907114795,0.2700619963417319,0.6821440397511533,True
8228,568587429830983680,negative,"usertoken took forever for catering to get to my flight, now are very delayed. so ticked off right now.",negative,0.930235168373352,0.017349023159918774,0.05241580846672931,True
8246,568560685568937985,neutral,usertoken do you do any discounts for volunteer firefighters?,neutral,0.040105395793619665,0.952920184113529,0.006974420092851232,True
8276,568539689176530944,positive,usertoken usertoken jetblue never disappoints !,positive,0.40016415479129525,0.11492435420582894,0.48491149100287584,True
8292,568526521910079488,negative,usertoken i can probably find some of them. are the ticket s on there?,neutral,0.10051599155344727,0.8623650001583911,0.037119008288161545,False
8339,568473361388572672,negative,usertoken i am sharing it to the public. i fly 20 times a year and sitting now on the tarmac in fll. your staff is the worst i ever met.,negative,0.8981026841230754,0.026597771185383257,0.07529954469154145,True
8353,568443892569235457,positive,usertoken great flight and crew! flight 51 from bos to mco,positive,0.06999961299542592,0.023493067192209092,0.906507319812365,True
8357,568442077400436736,neutral,"usertoken traveling w/ a rifle for a hunting trip, can a pistol be in the same large rifle case too? wasn not clear in freq asked questions",negative,0.571266994508099,0.39998287190271065,0.028750133589190374,False
8380,568433045805465600,negative,usertoken i am on flight and no booze being served 30 min in... what gives? lostrevenue angryandsober bachelorpartymishap,negative,0.9645977328816102,0.02465966508751949,0.01074260203087037,True
8393,568427853265571840,positive,"usertoken no, but we are on the flight leaving from boston to seattle right now. :) flight 597",negative,0.6950497164216332,0.25444277385953773,0.050507509718829245,False
8399,568424725929701376,positive,usertoken i was so excited when i saw that you fly there! ionlyflyblue,positive,0.34828752276377206,0.23888273120699002,0.41282974602923794,True
8404,568422658494185472,negative,usertoken the free wifi makes up for the television not working... it is staticy ithelpsabit,negative,0.6497676162816778,0.012069353785281003,0.33816302993304115,True
8406,568419991030087681,positive,usertoken ready to go to disneyworld! for the usertoken princesshalf urltoken,neutral,0.22424358518087162,0.5906069087675281,0.18514950605160038,False
8414,568401416982806528,neutral,usertoken i would go to dallas to see my grand baby that i miss so much. i feel like a piece of my heart is there.,neutral,0.4211851531682687,0.5193953121697976,0.059419534661933546,True
8417,568397325820956672,positive,"usertoken yes, with about 20 minutes to spare. fyi - your employees are amazing. keep up the good work!",positive,0.19122049153278672,0.042114863626748815,0.7666646448404645,True
8450,568244401308184576,neutral,usertoken can you tell me which days you fly direct buf - fll and fll - buf?,negative,0.6317454823384039,0.3024879505887104,0.06576656707288563,False
8455,568242480518434816,neutral,usertoken are you my friend?!,neutral,0.40253454601227406,0.4545990930336722,0.14286636095405392,True
8467,568231725970505728,positive,"usertoken the 13th annual martha is vineyard african american film festival august 10-15, 2015 our attendees deserve a great flight to mv??",positive,0.3624623258679461,0.12186276837763747,0.5156749057544164,True
8470,568220169803325440,negative,"usertoken 1472, fll to lga. this is getting old. 4th usertoken flight in 2.5 weeks, 4th significant delay.",negative,0.8705756659982414,0.06875018502313704,0.060674148978621494,True
8483,568213769098108928,positive,usertoken wow you guys answer people wow you care i love jet blue,positive,0.16543206776973482,0.007341118741281808,0.8272268134889834,True
8492,568208666035417088,neutral,usertoken i have many allergies and want to know if i can bring an 8oz. bottle of benadryl on the flight along with my 2 epipens?,neutral,0.15646469820877387,0.8281330368680188,0.015402264923207393,True
8500,568204705861652480,negative,usertoken waiting for flt 105 to chicago. why hasn not aircraft left buffalo yet?,negative,0.9304146238771215,0.04409582115482237,0.025489554968056202,True
8509,568201002731622400,negative,usertoken jetbluebos what is up with luggage for flt 790 dca-bos? pax waiting for 30 min for bags...no show. carousel 6 signs not updating.,negative,0.9957582245188006,0.002663443863238006,0.0015783316179614466,True
8520,568196117147463680,negative,usertoken while i appreciate that you actually responded i travel way too much for you to tell me coffee is not a basic option,negative,0.680918203749314,0.0372933562320481,0.281788440018638,True
8528,568189945308786688,neutral,usertoken hi! is it possible to upgrade to a mint seat on an already booked ticket? thanks!,neutral,0.03692328826391166,0.895825677414335,0.06725103432175318,True
8530,568188639412400128,neutral,usertoken my daughter is college game in denver. only one set of parents will be there 😢😢😢,neutral,0.25259729796516206,0.5480093728818325,0.19939332915300545,True
8538,568179392293281792,neutral,usertoken do you sell open tickets? i have a sick relative and may have to travel at a moments notice. sad but true.,neutral,0.25424721243670134,0.7213988702329269,0.024353917330371674,True
8550,568172923531481088,positive,usertoken i would go to las vegas. it is gorgeous and i go there every year and i fly with you guys vegas is gorgeous &amp; so much to do there.🌴,neutral,0.17248704995044406,0.578567285243762,0.248945664805794,False
8552,568172398161354752,neutral,"usertoken flyingitforward i would fly to port au prince, haiti to help with the on-going earthquake relief efforts. still lots to do there!",neutral,0.13677004614750424,0.832024845118314,0.031205108734181728,True
8577,568153823581216768,neutral,"usertoken yes, but it hurt my feelings to walk by mint. a fella can dream. happy4them",neutral,0.3688529486863853,0.5780241240542121,0.05312292725940268,True
8580,568152035767554048,neutral,"usertoken i would like to spread my grandpa is ashes in naples, italy he lived in the 50 is while serving his 30+ yrs in the usertoken flyitforward",negative,0.45043105624404894,0.30217865149320483,0.2473902922627462,False
8593,568134036239097856,neutral,usertoken thank you for opening the conversation. i hope you can make it right.,positive,0.16454530112060906,0.09960664796935914,0.7358480509100317,False
8636,568094548141977600,positive,usertoken its a wonderful thing!,positive,0.07903911193150595,0.09328968839651296,0.8276711996719811,True
8643,568090417641746432,positive,usertoken usertoken i know that bar :) wish i was there now!,neutral,0.04941293108887209,0.9027749658598394,0.0478121030512885,False
8650,568080730150076416,negative,usertoken 2nd time flying jetblue this year and my armrest tv controller doesn not work agian!!and that is the main reason i fly jetblue 😔😓😤,negative,0.7203945948512375,0.04010600624811786,0.23949939890064462,True
8652,568079126462128129,negative,usertoken usertoken the two of you should team up to serve cinnabons on the flights!!!! bonsinthesky,negative,0.8949087782845065,0.03387094495223184,0.0712202767632617,True
8664,568059376474439680,negative,usertoken my son left his ipad on flight 1401 from jfk to fll on monday. i called and left message and have no heard back. seat 25a.,negative,0.5203179500720967,0.40740319020515614,0.07227885972274722,True
8705,567919283419742210,neutral,"usertoken, flights 1970, 1366, and 1552 will fly over after 1 am on your way into usertoken - mind taking ocean approach so we can sleep?",negative,0.44791889013549174,0.42263643671958795,0.1294446731449202,False
8710,567916937679884288,negative,"usertoken disappointed that my flight back to boston from pr was cancelled flightled,rebooked 4 the next day,delayed that one too, and no compensation",negative,0.9973709354663528,0.000864825610806439,0.0017642389228406262,True
8737,567887437826908160,negative,"usertoken honestly i’m glad you didn’t cancelled flight the flight, just that i’ll be driving home at 3-4 am now. :/",negative,0.7594941692252472,0.10542172150814844,0.13508410926660447,True
8741,567879331810246656,negative,"usertoken flight delayed 3x(!) and still not taking off on time, &amp; greeting me at my seat (yes it is gum &amp; garbage): urltoken",negative,0.976019831600426,0.013173919334140728,0.010806249065433017,True
8763,567864793404555264,negative,"usertoken received horrible customer service at lax on 2/11. reservation cancelled flighted without notification, despite having confirmation number.",negative,0.9166615056093093,0.0412711765479035,0.04206731784278712,True
8813,567827091409092608,negative,usertoken insane the craziness i have seen with jet blue today at newark delayed 3 hours and now we are waiting for a pilot!! jetblue,negative,0.8935587052995256,0.006978470328019741,0.09946282437245477,True
8814,567826599270416385,neutral,usertoken hi! does my upcoming flight 2168 from west palm to hpn have fly-fi?,neutral,0.10482182280432524,0.8798903967369727,0.01528778045870206,True
8817,567821839784939520,positive,usertoken usertoken always happy to help!,positive,0.035623462649074386,0.09225971611628936,0.8721168212346363,True
8823,567816742300356608,negative,"usertoken flight 894, first officer not even at the airport wow!!!!!! unreal, staff waited until we all boarded to announce we are delayed.",negative,0.9802532342637762,0.007371312832973783,0.012375452903250168,True
8835,567808067237326848,negative,usertoken ive called you 3 x &amp; waited on hold 10 min each time to be disconnected each time. enraging! i need to speak to someone! help,negative,0.982042049801129,0.015279292236562504,0.002678657962308575,True
8839,567807375667912704,negative,usertoken any idea where the plane for flight 672 is coming from? i thought flight 305 from jfk but that wouldn not explain delay.,negative,0.7996543486112266,0.19447192344983172,0.005873727938941416,True
8842,567807014388154368,negative,"usertoken tried calling multiple times, i just wait and when it finally connects i get hung up on",negative,0.8939768063979927,0.05377020242499215,0.05225299117701518,True
8849,567801569157324800,neutral,usertoken does your home airport not count in the badge system? my tb account says 2 flights but i have taken 3 this year.,negative,0.8123885994579259,0.11184427907258614,0.07576712146948819,False
8853,567799518448848897,neutral,"aww, is it? usertoken i guess now i need to book a flight to somewhere warm asap! any suggestions?",negative,0.5626580411601152,0.39968931076418496,0.03765264807569985,False
8854,567798973008994304,positive,usertoken love traveling with jetblue. cant wait to go to paris oui oui!!! nyc was awesomeee!,positive,0.11020370368631678,0.41136330583062536,0.47843299048305776,True
8858,567795784876589057,neutral,usertoken are we good?,neutral,0.07944061044038919,0.659072108853005,0.26148728070660593,True
8875,567778921812389888,neutral,usertoken i would fly somewhere hotter then here. puerto rico here i come. lol,neutral,0.3978276869194803,0.4353936643838493,0.16677864869667056,True
8877,567777885277405184,neutral,usertoken i would go for 3rd time to jamaica to volunteer w/ at risk youth flyitforward dc stpatricksfoundation rotary,neutral,0.16196151629065172,0.8279422238149328,0.010096259894415524,True
8880,567775864679456768,neutral,"usertoken do they have to depart from washington, d.c.??",neutral,0.04375173113155375,0.9348925973883384,0.021355671480107908,True
8890,567770698111852544,negative,usertoken is there something going on with your alerts? flight is been delayed several times for my parents and i am not receiving any alerts.,negative,0.8751644344879154,0.10853318434795914,0.016302381164125464,True
8896,567768306799882241,neutral,usertoken 2:55 tomorrow from ric to bos. looking good or am i better rescheduling?,neutral,0.09854229067446467,0.8179362464064279,0.08352146291910743,True
8906,567758927111401474,positive,usertoken usertoken i like the inflight snacks! i am flying with you guys on 2/28! jvmchat,positive,0.1587545661535553,0.3724066788101427,0.46883875503630207,True
8909,567758065320361985,positive,"usertoken usertoken yes! great real-time example. thanks for being awesome, jetblue! jvmchat",positive,0.0036966933109989996,0.005480912403289007,0.990822394285712,True
8911,567758007912906752,positive,usertoken usertoken haha. you didn’t disappoint. well done. jvmchat,positive,0.03932017333308101,0.14321522552217653,0.8174646011447424,True
8912,567756085583302656,positive,usertoken was just at t5 a little over a month ago. usertoken you guys are great thanks for everything!,positive,0.07619242170598035,0.021508660844541276,0.9022989174494784,True
8938,567733251620356096,negative,usertoken got flight reschedule to flight form pit to fll and our flight had mechanical problems so we were delayed an hour missed my connect,negative,0.9456827449461104,0.01953697666088386,0.034780278393005806,True
8951,567726912186118144,neutral,usertoken cannot view seat selection/change seat for flight tomorrow. can you look into this?,negative,0.6020733021149165,0.3658726371434662,0.03205406074161738,False
8968,570309340952993796,neutral,usertoken is a dm possible if you aren not following me?,neutral,0.14311280507030585,0.8393259076712548,0.01756128725843929,True
8979,570304445336178688,negative,usertoken ok...i know doors close ~10 minutes before takeoff. stop telling me my flight will leave in 20 minutes when we haven not boarded.,negative,0.9284651531558815,0.039253561030710295,0.032281285813408014,True
8983,570303720308809728,negative,usertoken i have been on hold to change a date on a ticket for over 3 hours. can someone please assist me? unacceptable.,negative,0.9201623570987137,0.07401399262478277,0.005823650276503422,True
8984,570302717085790209,negative,usertoken thanks 4 making it impossibly expensive 2 change 2 a flight leaving less than 24 hrs earlier than my reservation 1lesscustomer,negative,0.6419566409651446,0.11386251588295557,0.2441808431518999,True
8985,570302023968694272,positive,usertoken well i did miss it. but gate agents had rebooked boarding pass waiting when i landed. time for lunch &amp; a beverage. easy cheesy,negative,0.7631410175499628,0.06397762101363573,0.17288136143640156,False
8986,570300325917270018,negative,usertoken i cant get anyone on the phone to help with award travel.purchased extra miles and 10 minutes late flightr the miles needed was raised.,negative,0.8476534772131776,0.09119809331667003,0.061148429470152414,True
8987,570298036938772483,negative,usertoken why haven not you issued a travel advisory for charlotte wednesday night and thursday? 4-6 inches of snow.,negative,0.7543539433435449,0.2209451525795197,0.024700904076935457,True
9012,570286925556424705,negative,usertoken there is an error w/ my preferred status &amp; i am not able to reach an agent via phone. travel friday. need resolved - contact info?,negative,0.7155445446657206,0.27082392199978156,0.013631533334497821,True
9030,570276878788861953,negative,usertoken need to talk to a person about my bag. waiting on hold for two hours. bag s!b delivered last night. online says not found.,negative,0.9986132234863444,0.0011359237803795954,0.0002508527332759658,True
9042,570272309434564608,negative,.usertoken i did but the more eyes i have looking for pandu the better chance i have of bringing him home.,negative,0.4135560423748501,0.31660706882871886,0.269836888796431,True
9056,570264306350227456,negative,usertoken ok thank you...i call from spain to us for seating assistance!,positive,0.09764174577160725,0.13003506286987324,0.7723231913585197,False
9058,570262676481421312,negative,usertoken 2day: no coffee &amp; 1 working toilet. then i read domestic airlines whining re: foreign competition. coincidence? no openskies,negative,0.7788164781672432,0.15230324330377915,0.06888027852897764,True
9066,570256300556165122,negative,usertoken still on hold...1 hr 27 mins....thank god for chairman status. status match usertoken?,negative,0.6015806940843957,0.29893340895199166,0.09948589696361262,True
9068,570253865066602497,negative,usertoken has the worst customer service. cannot even get through to a rep you gotta be kidding me,negative,0.9841143065246156,0.0034192882487672363,0.01246640522661719,True
9085,570237453229019137,negative,usertoken been on hold for 2 hours for something which i could have done in less than 1 minute if it was available.your site ux is awe full,negative,0.9875594665551543,0.008621460136416143,0.003819073308429623,True
9093,570230527032229889,negative,usertoken your policy needs a serious revision for babies. fortunately i have choices and choose usertoken from here on out.,negative,0.8533113966879726,0.11963749280131876,0.027051110510708617,True
9100,570223944260849664,negative,usertoken should give me free baggage for this mess,negative,0.5872221661094027,0.30645916305678284,0.10631867083381444,True
9101,570223851570909185,negative,"usertoken gate traffic dca, my flight arrived 20 early,connecting flight 2139 leaving in 23 minutes. several of us stuck. hold that plane.",negative,0.9043853815236342,0.0413185385706296,0.054296079905736094,True
9106,570219953741279232,neutral,usertoken how do i add my tsa pre number to an existing reservation?,neutral,0.30732492976143944,0.6803837690442561,0.012291301194304344,True
9112,570214488739225601,negative,usertoken can you dm please in regards to update on lost bag please.,neutral,0.35869593228326735,0.6314718196879697,0.009832248028762907,False
9113,570213946348560388,negative,usertoken need to retrain us 3837 lead flight attendant and gate agent at arrival mke 2/23. horrible attitudes toward helping customers.,negative,0.8641449871659473,0.05034769316256694,0.08550731967148555,True
9114,570213783085432832,negative,usertoken youre batting .1000. every flight ive taken is delayed. worst airline. ever.,negative,0.9585573757312595,0.008333877871379982,0.03310874639736046,True
9160,570097596913623040,negative,"usertoken thanks for nothing. bought two tix through you to disney and my friend cannot go and now i have to eat the 400, plus 600 for new 1",negative,0.8307494410178918,0.0318816392209029,0.1373689197612052,True
9177,570083458925490176,negative,usertoken screwed me up big. 1st flight 1hr late flight. made it to 2nd flight. csm daryl wouldn not let me on the plane because we were (1/4),negative,0.8179351033716938,0.0838017462546973,0.09826315037360886,True
9188,570078102551834624,negative,"usertoken yeah i know that but that doesn not get me my money back does it, everytime i fly with you something bad happens.",negative,0.9439773829779059,0.030648138452922098,0.025374478569171948,True
9196,570074077383102464,negative,usertoken please hold flight us 639 in phoenix! i am a weary traveler stuck on another flight because the tarmac is having issues!,negative,0.9387227106471265,0.044672699275841665,0.01660459007703169,True
9204,570069362310324224,negative,"usertoken us1799 clt-&gt;sfo in first no desert, no snack basket. incoming was on time ? what’s up?",negative,0.7827006935912378,0.16685693149843217,0.05044237491032998,True
9216,570058065480962048,neutral,"usertoken yes, with delta!",neutral,0.43978128929582505,0.4640453219213654,0.09617338878280955,True
9222,570054266267811840,positive,"usertoken no worries, your flight attendant took care of it.",negative,0.49779043656884936,0.1414343202262318,0.3607752432049188,False
9228,570048275367079937,negative,usertoken i have been on hold for over an hour only b/c my cc miles aren not showing up. what a mediocre combo of cc &amp; airline switchingboth,negative,0.9939438606643882,0.004026471623604333,0.002029667712007263,True
9235,570043607954137090,negative,usertoken on hold for going on 40 minutes after spending 10 hours delayed in denver cause of a broken plane. thanks guys.,negative,0.9893811279259681,0.0036654450201792765,0.0069534270538526306,True
9239,570038112166002688,negative,"usertoken 1,223.22 of unusable funds. will not book with you again. usairwaysfailscustomers",negative,0.9513396053784927,0.03893931619318016,0.009721078428327238,True
9306,569992234801737728,negative,usertoken why is it impossible to change / buy preferred seats via your app?,negative,0.9195365186654278,0.0731717801185403,0.007291701216031872,True
9366,569968886227050496,negative,usertoken i want to speak with someone immediately. i am shaking with rage. i offered to hate check my bag and derrick bussey treated me,negative,0.9540051718673891,0.04067218532975071,0.005322642802859966,True
9377,569963395652280320,positive,usertoken i made it! thanks for the help!,positive,0.05599940576423917,0.02366455686917983,0.920336037366581,True
9389,569959365236690945,negative,usertoken i need to speak with a customer service agent today between 5-8pm i had an unfortunate incident of discrimination today.,negative,0.9355978196564069,0.03761737335604449,0.026784806987548548,True
9398,569950785859145728,neutral,"usertoken it is 838. we boarded and we are waiting now to take off, hopefully.",negative,0.7486349710601778,0.15087622998814088,0.1004887989516813,False
9401,569949968750010370,negative,usertoken you guys lost my luggage,negative,0.9851596449936451,0.0035008880321629587,0.011339466974191931,True
9407,569947048574758912,negative,usertoken thanks but the bags are only 10% of what went wrong. 22 hours from dca to san when there were no weather issues is not acceptable,negative,0.9568123947596168,0.025939699434575476,0.017247905805807706,True
9434,569938945871626240,negative,usertoken hi. you lost my father is wheelchair. every time we call we just get voicemail. my dad needs it to go home. please dm me.,negative,0.7360443405792055,0.19915776698762278,0.06479789243317162,True
9439,569938119060955136,negative,usertoken seriously buy some wd40 for a319 operating flight 634 from geg to phoenix. every seat squeaks w every shift. still on ground!,negative,0.8585799422362184,0.09886816205286547,0.04255189571091615,True
9446,569935522497478656,negative,"usertoken flights &amp; ""customer relations"" are extremely disappointing. faced too many problems to type. apology=$25 towards a flight. a joke",negative,0.8230355117725804,0.0851478228258348,0.09181666540158484,True
9447,569934782643224576,negative,usertoken sitting here in phl with all of your rude customer service agents!,negative,0.9014452273496717,0.02250563755252724,0.07604913509780108,True
9449,569932287380467712,negative,usertoken now on hold with customer care. wonder if someone will pick up the phone before 5pm.,negative,0.9347155500216255,0.04673828029540844,0.018546169682966004,True
9473,569917765676601344,negative,usertoken who intentionally buys a flight with a 10 hour layover? and what kind of airline would charge $200 to fix it? wow... usairways,negative,0.9032783437493153,0.058008933107917895,0.03871272314276674,True
9508,569899203339657217,neutral,usertoken will you pick up your phone then?,negative,0.6276308495471331,0.3002352166733605,0.07213393377950637,False
9537,569886919833874432,negative,"usertoken customer service is dead. last wk, flts delayed/cancelled flighted. bags lost 4 days. last nt, flt delayed/cancelled flighted. no meal voucher?",negative,0.9984581860716504,0.0004748099313464662,0.0010670039970030907,True
9538,569886537128632320,negative,"usertoken flight us1562 from ric2dfw was cancelled flightled yesterday &amp; i was on hold w/ cust. service from 6-10pm est...4 hours, no answer...",negative,0.9941955784958603,0.004342605985416087,0.0014618155187236708,True
9551,569881123741937664,negative,usertoken your phone system is not working at all i have been bumped again so now i am at 3 times i need to get out of mco,negative,0.9940029554840933,0.0022585117411977914,0.0037385327747087973,True
9561,569874973021622272,positive,usertoken couldn not be more thankful to your orf and dca crews on the ground and in the air today for help with a sick kid and a lost bag!,negative,0.9685534151205826,0.008480736216639024,0.022965848662778454,False
9562,569874944282234880,negative,usertoken thx for delayed checkin on noon flt to mia then forcing me to take late flightr flts which were delayed. cincy to miami in 13 hrs! fast,negative,0.9260529531496262,0.026446282000557344,0.04750076484981644,True
9579,569867947130421249,neutral,usertoken 4473. she just called to say it is a runway clearing problem of all things.,negative,0.7342834165104531,0.033840463527016716,0.2318761199625302,False
9582,569866081164111873,neutral,usertoken will all flights out of dfw be cancelled flightled today?,neutral,0.38061540606294336,0.5658735264421673,0.0535110674948894,True
9597,569848398129565696,negative,"usertoken first, luggage got stuck in a different city, now i get them back today &amp; one of your employees stole a pair of gloves from me!",negative,0.9373133393538384,0.01851698638986888,0.04416967425629277,True
9626,569776946365620224,negative,usertoken flight 435 is delayed so will miss connecting flight 457 can you please help with alternate? thank you.,negative,0.5402065706021051,0.30715670070006124,0.15263672869783354,True
9630,569771270839013376,negative,usertoken what a mess caused by the computer systems. flight 719 in 3 hours late flight and now no gate for us. est 26 min wait.,negative,0.9941588951168171,0.002887063278252765,0.0029540416049301937,True
9638,569759558777892864,negative,usertoken finally got ahold of an agent after another hour. thanks for the follow up. recommend a call back feature.,negative,0.5227616877708436,0.04314518997686431,0.4340931222522921,True
9660,569747390758047745,negative,"usertoken has to be the most lazy, inconsiderate, and unprofessional airline that i have ever traveled.",negative,0.6141746897747308,0.061833561939760064,0.3239917482855091,True
9675,569725021951791104,negative,usertoken does anyone from your airline know how to do their job?,negative,0.8043697273556073,0.0901780860266369,0.1054521866177558,True
9681,569720701197750272,negative,usertoken you are the worst.,negative,0.9843884845560706,0.0067889232394251365,0.008822592204504173,True
9683,569719741906075648,negative,usertoken have been waiting in an airplane for a total of 3 hours to take off between 2 flights today...this usually doesn not happen...,negative,0.929013808764431,0.035239738518356295,0.03574645271721267,True
9716,569699616750489600,negative,usertoken you are really fudgin up with all these delays 😡 justwantmybed,negative,0.5032584912729969,0.02175203959057122,0.474989469136432,True
9721,569698150757244928,positive,"usertoken - janet &amp; my den-phl flight cancelled flightled saturday, usair rescheduled automatically &amp; notified us by email at no additional cost.",negative,0.8827988109861141,0.10258590445207937,0.01461528456180642,False
9722,569697267856187392,negative,"usertoken after 2 hrs of trying to reach real human, finally did and been on hold for 1:36 hrs for out of synch reservation.",negative,0.9941665761364292,0.002889784947902121,0.002943638915668638,True
9730,569691438784647168,neutral,usertoken follow/dm please,neutral,0.031752132284171584,0.9074741292088855,0.0607737385069428,True
9783,569669786810114048,negative,usertoken usertoken usair 703 has returned to phl due to issues with the fire detectors. what happens next?,negative,0.629024715630296,0.2864257583054542,0.08454952606424969,True
9803,569659027073867777,negative,usertoken flight 614 keeps telling a few more mins to take off its been an hour. first time with you not the best lies brokenpromises,negative,0.9156023631345462,0.010137341784346358,0.07426029508110732,True
9806,569657895522054145,neutral,usertoken i have received two reservation check-ins for two different flights for my one flight tomorrow morning. need assistance asap,neutral,0.3519898024327043,0.6347948951986551,0.013215302368640769,True
9815,569653415317413888,negative,usertoken stuck in florida with no flights... service sucks here. nofood nodrinks nohelp,negative,0.9751883600809893,0.017555450818607973,0.007256189100402812,True
9847,569642419307864064,negative,usertoken printer problems causing us to sit on the runway for 45 mins. get it together.,negative,0.8808639265238742,0.08090848211473653,0.038227591361389236,True
9848,569641916855402496,negative,usertoken nothing like back to back delayed flights let hope this one isn not 12 hours like the last time.,negative,0.9864314159522705,0.007372182608675307,0.0061964014390541965,True
9858,569637822929317890,negative,usertoken usertoken nvm my bad it is been an hour and a half thanks,negative,0.9271632972169479,0.020858121890380037,0.05197858089267189,True
9870,569632283046469634,negative,usertoken usertoken just be prepared for a claim if that bag is lost ... too many valuables to carry in my hands. us2146 to aa2924,negative,0.5616319076268267,0.356401359156787,0.08196673321638621,True
9874,569629631814508544,negative,usertoken hello! i never received a confirmation code for my flights (though they are confirmed--so says the automated reply). any ideas?,negative,0.9135203445166643,0.0586326503896964,0.027847005093639368,True
9883,569627069463842816,negative,usertoken huge system problems at dca.manual check in; flight boarded but sitting at gate due to system issues. frustrated chairman member,negative,0.9578336253215821,0.021508774714894627,0.020657599963523354,True
9888,569625599570014209,negative,usertoken will you hold 475 today for connecting passengers coming from delayed flights?,negative,0.6694384044121109,0.3049710869070743,0.02559050868081488,True
9891,569624406437306370,negative,usertoken - flight was cancelled flightled to buf today. waited in line for 2+ hrs &amp; cus service was rude. no flight until tues. need to get to roc.,negative,0.9991490322223561,0.0006882193636208984,0.00016274841402300609,True
9909,569621210746789888,negative,usertoken so apparently all of your computers crashed at bwi? any update on when flights will be moving?,neutral,0.4400359078593892,0.48118499973508055,0.07877909240553026,False
9925,569612804350717953,positive,"usertoken despite mechanical issues and many delays followed by a cancelled flightlation, still getting to vegas thanks to great gate agents!",negative,0.553151450046884,0.02047270072126844,0.4263758492318475,False
9938,569606281998299137,negative,usertoken how hard is it to unload bags in order of arrival? 45 mins and counting for flight 699,negative,0.9373999608817557,0.05501340531283348,0.007586633805410674,True
9949,569603357406576641,negative,"usertoken flight 2022 out of phil, no update and was supposed to leave 15 minutes ago. sitting in airport, wonderingirritated",negative,0.8944078903347195,0.09564320011181578,0.009948909553464705,True
9955,569601275672829952,negative,"usertoken thanks to you, you have now incurred us approximately 2000 dollars in fees due to a staff members screw up. neveragain",positive,0.42429054459142995,0.04919749303728089,0.526511962371289,False
9982,569592390211801089,negative,"usertoken is your reservation phone number working? called 10x in the last 3 days, and haven’t gotten through.",negative,0.6882089782451504,0.2220635028161987,0.08972751893865102,True
9985,569591310589431808,negative,"usertoken i sympathize re:weather issues, but when times get tough, call in more folks. over two hours on hold for 4-minute fix. fail",negative,0.9970153535859454,0.001269202103114684,0.0017154443109397095,True
9988,569588578159697920,negative,"usertoken has failed me all day long, should i blame it on usertoken ?",negative,0.7760667222514972,0.09703326710308822,0.1269000106454147,True
10012,569575176322424832,negative,usertoken i did and i am not stupid. i have done web development for 19 yrs. the issue (now confirmed by your support) is your website.,negative,0.8743559357297294,0.09751996465696115,0.02812409961330964,True
10013,569574737929576448,negative,usertoken and no offers to provide us with a hotel or anything for a flight that is over 19 hours away!,negative,0.9211586952731186,0.04549765319013478,0.0333436515367465,True
10015,569572184768835585,positive,"usertoken painless and effortless flight from indy to phl... our flight attendant, tory, was fantastic. give that lady a raise asap!",positive,0.34607462554648327,0.06060054528597102,0.5933248291675457,True
10027,569565468937232384,neutral,usertoken flights to dfw cancelled flightled today?,negative,0.49778953147074456,0.4559604535033567,0.04625001502589878,False
10035,569561225488678913,neutral,usertoken what is your pet policy?,neutral,0.151225891328101,0.8392433067411347,0.00953080193076447,True
10039,569559847131164672,negative,usertoken usertoken how about a link that works pls nothing but complete frustration w usair last 12 hrs,negative,0.872404945572949,0.11829986946343603,0.009295184963614906,True
10042,569558986665537537,negative,usertoken quit being cheap and hire some call center employees. it shouldn not take half a day to call you,negative,0.9614443024602856,0.006573969872260311,0.031981727667454184,True
10043,569558791433416704,negative,usertoken cancelled flighted and rescheduled. said i would have to pay $75 for earlier flight at next gate. today usertoken proactively offered same for $0,negative,0.8297263109578566,0.15065572210870626,0.019617966933437026,True
10048,569557964991930368,negative,usertoken i have been trying to get through to a representative for 7 hours aboout my cancelled flightled flight. have you simply given up?,negative,0.9937465083818723,0.003968728528229226,0.0022847630898984385,True
10058,569555455963471872,negative,"usertoken , i am embarrassed for us air and their inability to manage during weather delays.handling of # 4435 is an example",negative,0.7796083557318725,0.15729635105053222,0.06309529321759529,True
10075,569546689943482368,negative,usertoken e190 lands without nose gear in houston - usertoken urltoken,neutral,0.3911524470073847,0.4868664626358499,0.12198109035676524,False
10079,569544528299995137,negative,usertoken 2+ hr wait &amp; really bad exp usertoken. luggage will not arrive w/ me do i really have 2go back las airport 2 pick up when arrives?,negative,0.9770250401792852,0.014919550078635145,0.008055409742079772,True
10081,569544122098446337,negative,usertoken flight 1735 sitting fully loaded for over an hour. air conditioning barely working :-(,negative,0.9889240879785434,0.0067715326621462,0.004304379359310581,True
10084,569542427758866433,negative,usertoken where is my bag? in line 200 deep at dca. agents say call 800 #. 800# says talk to agents. abysmal customer service,negative,0.9891710279002145,0.00622651648140446,0.004602455618381032,True
10096,569538857328353280,negative,usertoken using all of my monthly minute on hold with you assholes,negative,0.9044750268994723,0.05279286518298078,0.04273210791754683,True
10115,569532667869335554,negative,"usertoken usertoken maybe if there was anyone answering the phone they would. ""please call back late flightr"".for 18 hours? not good enough",negative,0.8836663564708537,0.08227669149282323,0.034056952036323175,True
10129,569527205291802624,positive,usertoken mellani b. and whole team in columbia sc are absolute superstars. incredibly helpful.,positive,0.3777793932494013,0.037823720540578906,0.5843968862100198,True
10155,569518608797323265,negative,"usertoken your customer service is a joke. first a mechanical cancelled flightation, now weather. on hold since 5:30 am. no humans. pls call me!",negative,0.9984605384154216,0.0008115375078986997,0.000727924076679714,True
10161,569513151517073408,positive,"usertoken worked w/ tiffany h at cust service desk in charlotte and she was helpful and patient. still stuck, but she was great.",positive,0.2836393510737748,0.02110926328522588,0.6952513856409994,True
10166,569510808847196160,negative,usertoken usertoken 4 hour hold times at the moment...and counting. disgrace,negative,0.8439907881387935,0.10624202904499852,0.049767182816208025,True
10168,569509520034156544,negative,usertoken thank you glad to be home. there were lots of delays with the plane and flight crew didn not show up. it was very frustrating.,positive,0.24940146620834747,0.013123779062864646,0.7374747547287879,False
10169,569509505022746624,negative,usertoken your people are kind and hardworking the infrastructure you have given them is horrid massivefail failphone fail,negative,0.9736556842213744,0.007463958664027546,0.018880357114598116,True
10184,569500787849728001,negative,usertoken needs to get it together in indy. only 2 ticket agents and a line to the door. felt bad for ppl who missed their flights.,negative,0.9598566559909766,0.022242563065933862,0.01790078094308959,True
10195,569494421345046528,negative,"usertoken overbooked sxm-clt delayed deplaning extra passengers. missedconnection forcedovernight clt, no lodging/food. disappointed.",negative,0.9490435555107098,0.0414475077424905,0.009508936746799751,True
10196,569494270966685696,negative,usertoken you need to figure your scheduling out! worstflightexperienceever getmehome,negative,0.7560163925486209,0.20291903884630963,0.0410645686050694,True
10202,569492208203776000,neutral,usertoken 8am flight to mco canld &amp; resch 1:30.if we opt for 8 am depart tom will us air allow cng return day from sat to sun w/o penalty?,negative,0.5481457280920294,0.3657048770898799,0.08614939481809067,False
10203,569492106923806720,negative,"usertoken trick for getting into your hold queue? i have been calling since thursday and keep getting the ""call back late flightr"" message",negative,0.9589649268719961,0.009708834944280941,0.031326238183722814,True
10214,569485322431696896,negative,usertoken been on hold 2+ hours trying to reschedule cancelled flightled dca-bos flight. can anyone help?,negative,0.9913362510014753,0.007576462869897233,0.0010872861286274984,True
10219,569484638219071488,negative,usertoken usertoken is there anyone answering phones today??? listening to same damn messages for 1:10 minutes,negative,0.6419964105535093,0.31197479431351377,0.04602879513297682,True
10225,569482278646124544,negative,usertoken i just got hanged up on trying to get to an agent. can you help?,negative,0.7568139661855086,0.22659339574198278,0.016592638072508548,True
10228,569479822226952192,negative,"usertoken my flight got cancelled flightled to charlotte. been on hold for an hour, pls pick up!",negative,0.9950732397235126,0.0041023916757042585,0.0008243686007831993,True
10236,569470268474683393,negative,usertoken 8 hrs of wait time is unbelieavle unaccpetable biggest airline in the world should have failback call centers,negative,0.9291421616379016,0.022931143346691506,0.047926695015406785,True
10262,569434598825992192,negative,usertoken usertoken exactly! how? i have been disconnected 3 times!!!!,negative,0.802449142280947,0.11942895229293049,0.07812190542612238,True
10264,569431884217909248,negative,usertoken just cancelled flighted my flight and told me to call to rebook. been on hold for 48 minutes at 4 am and still waiting,negative,0.9980062539917611,0.0010392739174702973,0.0009544720907686629,True
10276,569408340616351744,negative,usertoken thx for taking my $600 for a 1way then cancelled flightling 1st flt delay 2nd flt and u top it off by losing my one piece of luggage usuck,negative,0.9433917859879047,0.015372727173616253,0.04123548683847908,True
10277,569407067007496192,negative,usertoken i have been on hold for 4 hours my flight is tomorrow do you really expect me to not sleep all night to stay on hold?!?,negative,0.99553653880392,0.002782280853547348,0.0016811803425324512,True
10286,569392511732588544,negative,usertoken flight 1898 landed over 2 hours ago and they still haven not gotten to the gate.. what is the hold uppp 😭😭 imtired wannagohome,negative,0.9758901509342485,0.015819987180484583,0.008289861885266994,True
10287,569392471966388224,negative,usertoken who do we voice our concerns to when we cannot get home with our 8 month old after waiting to taxi to a gate for 3 hours?,negative,0.9285880165551594,0.050845104000797225,0.020566879444043392,True
10288,569391350879137792,negative,usertoken abandoned 40 boston bound fliers...someone in management needs to saveface and showup,negative,0.8995394145228967,0.08180062980147507,0.018659955675628347,True
10296,569386397683073024,negative,usertoken are you guys awake? need help with delayed flight to get protected on late flightr flight from phl.,negative,0.7716298083006917,0.21456199340651816,0.01380819829279009,True
10301,569381443257958401,neutral,usertoken download jeokoo the american app for air travelers,negative,0.8488669331688424,0.0776782667262846,0.07345480010487312,False
10312,569374561197789184,negative,usertoken can you please have your employee that has been called 5 times by the flight crew finish maintenance on us 734 so we can depart!,negative,0.8833653003207974,0.0806602435341305,0.0359744561450721,True
10331,569366960871333889,negative,usertoken you airline is doing rather poor right now. in slc waiting to take off. was suppose to take off now 2 hours and 3 minutes ago!,negative,0.8247530734896169,0.03390100212979358,0.1413459243805895,True
10341,569361898581467136,negative,usertoken i have been on hold for over one hour waiting to reschedule a flight. how much longer should i expect?,negative,0.9706227652721294,0.02264608067506143,0.006731154052809118,True
10344,569360552272769024,negative,"usertoken stranded at bwi after two diversions. no cust service, no transport. dumped here. terrible customer service!",negative,0.9867295117032693,0.0050037867060543665,0.008266701590676476,True
10346,569359793800024064,negative,"usertoken my wife, sick 3yr-old-twins, and i have been waiting in line now for 2hrs to see an agent! phone agent said nothing til tuesday!",negative,0.9799713731468296,0.007494163991486352,0.01253446286168404,True
10362,569352847898386432,negative,usertoken stuck on the runway for 2 hrs 10 min due to weather in phl. nowhere can i find accurate info on 558 to bos,negative,0.9429634830231641,0.04566021262685328,0.011376304349982644,True
10363,569352324700708864,negative,usertoken no more hotel voucher? everyone had to get one but not me...what do i do? arrived from amsterdam snowstorm,negative,0.8890580277785368,0.10023133945747026,0.010710632763992792,True
10369,569346960181870592,negative,usertoken flight 837 passengers stuck on plane in philly. where is the gangway? we cannot hear the pilot,negative,0.9123182611093554,0.04724543483130881,0.040436304059335654,True
10373,569345076406693888,negative,"usertoken not happy w/ app late flightly. last time i flew wouldn not let me check in, this time i checked in went on late flightr says i never checked in",negative,0.8936428861189858,0.07584323661654649,0.03051387726446775,True
10404,569328931905642496,negative,usertoken you can send my luggage to my house👋,negative,0.565182591488428,0.39795345474279403,0.036863953768777956,True
10405,569328854948573187,positive,"usertoken eyyyy! cancelled flightlations, flight booking problemss, reflight booking problemss, but y'all got me on the same flight out tonight (not tomorrow) &amp; the fc upgrade. thx!",negative,0.8548983804898166,0.07292314777226085,0.0721784717379226,False
10406,569328005677494272,negative,usertoken thanks for letting me know of the 12 hour delay and 2 hours on hold ?,negative,0.951838735056746,0.00931016818631737,0.03885109675693659,True
10412,569325005823217664,negative,"usertoken usertoken -really? u land me in philly 1.5 hours before my flight, wait 1.5 hours behind a plane you got stuck,",negative,0.9703532947764089,0.014941150178073518,0.014705555045517705,True
10420,569319723889876993,negative,"usertoken bravo handling msp to phx # 2023 today. delayed, late flightr cancelled flightled. missed surprise 60th bday which was reason for trip.never again",negative,0.9931455122064478,0.0031033978511396066,0.003751089942412541,True
10435,569309864759050240,negative,"usertoken husband tried to use dividends &amp; companion fair for emergency, transferred &amp; put on hold for over two hours gave up disappointed",negative,0.9354304123974888,0.053790521745614016,0.010779065856897318,True
10442,569301606891712512,neutral,usertoken how long before departure do gates stay open? will i make my connecting flight 1861 to rdu from flight 894???,negative,0.5980398455248935,0.37164896453312907,0.030311189941977332,False
10445,569297324285022209,neutral,usertoken i am flying with you this summer. will i be able to leave miami airport during my 12 hour stopover there?,neutral,0.44852460977172864,0.4777560981317791,0.07371929209649229,True
10470,569270187725160449,negative,usertoken you are killing me sche a flight to board 3 min after mine arrived with gate on other side of airport genious,negative,0.8904526888593841,0.05286293616477994,0.05668437497583588,True
10485,569258945254191104,positive,usertoken no problem - he was the only person in the airport who would help :),negative,0.8264282662849873,0.08929252757457297,0.0842792061404397,False
10490,569255036796215297,negative,"usertoken guys i need help my reservations, tried calling and i am told to call late flightr. please help me here.",negative,0.8798131997300668,0.1095293004131746,0.010657499856758772,True
10492,569252439548952576,negative,"usertoken usertoken cancelled flighted flight due to weather no problem, but wait for luggage for 4 hours?? it must be delivered!!",negative,0.991543771127026,0.0034819243791490468,0.0049743044938248965,True
10516,569237783715422208,neutral,"usertoken, cannot control weather/flight attendant.can control this-green acu bag, 1.5 hrs &amp; counting! yep that is me! urltoken",negative,0.8974010206085397,0.045322071901824336,0.057276907489636014,False
10525,569226044118581248,negative,usertoken what is the seat assignment policy? why let us choose a seat only to change it on us two weeks late flightr?,negative,0.8656122749670786,0.09400079850614379,0.04038692652677767,True
10541,569209605198376961,negative,usertoken been on hold for 39 minutes and counting for a month old change fee refund request for a funeral. this is pathetic.,negative,0.9698429645055893,0.023886829072898096,0.0062702064215126975,True
10572,569170176165478401,negative,usertoken sadly your words don not represent your company is actions. talk is cheap.,negative,0.9709210176305797,0.013092332274542729,0.015986650094877545,True
10575,569168696083656705,neutral,usertoken - what is your policy regarding large-size passengers who cannot fit into a single coach class seat?,negative,0.7404616089032636,0.22386453619566937,0.035673854901067066,False
10592,569153207148150785,negative,usertoken how long are you going make us sit in this plane while they repair it? could i at least get a beer???,negative,0.828845065891201,0.14376411513398688,0.027390818974812076,True
10594,569151367702401025,negative,"usertoken on hold for 1hr, 30min. not willing to hang in there as long as usertoken. usertoken answered in 7 min. u are not 1 yet.",negative,0.9712483060824955,0.022623700757055793,0.006127993160448698,True
10595,569147067559485440,neutral,"usertoken what is the point of email stating i didn not get bumped to 1st class? i know i am not in first class, i booked the regular ticket",negative,0.8786693812333181,0.1067655851146517,0.014565033652030214,False
10599,569143704109215745,negative,"usertoken paid to upgrade to first class, went up to admirals club at phx airport to be turned away because our flight is to cun and not mc",negative,0.9618904512592553,0.01390249969243093,0.024207049048313608,True
10606,569135011322064897,negative,usertoken dca to rsw at 8:30am cancelled flightled. rebook to charlotte cancelled flightled. can we rebook selves online???,negative,0.9483030438570944,0.04496822077402109,0.006728735368884537,True
10629,569108027644645376,negative,usertoken flight 705 fra-cat did some odd zig-zagging movements over frankfurt... is everything ok?,negative,0.49520249262763466,0.19472662625198278,0.31007088112038256,True
10641,569033300662218752,negative,usertoken usertoken flight 849 is four subsequent delays destroyed my travel plans this evening. looking to resolve this matter.,neutral,0.37127541220344323,0.5513728836923124,0.07735170410424441,False
10649,569015346624991232,positive,usertoken hey guys just want to say i had the best flight ever! thank you so much. i fell asleep and actually had a wet dream.,positive,0.07144664052126191,0.015288962772339857,0.9132643967063981,True
10673,568994696980238336,negative,usertoken usertoken your team needs to build capacity,negative,0.7210887089511736,0.08398510238119701,0.19492618866762937,True
10677,568992118309462016,negative,usertoken fuck you.,negative,0.8386328718869545,0.08136118961878125,0.08000593849426431,True
10681,568983517037772800,negative,usertoken ever sit on hold and just lose track of time? urltoken,negative,0.7974805152948622,0.11407349797522347,0.08844598672991426,True
10685,568979232786939904,positive,usertoken kudos to robin at usertoken lost/found for reuniting me w/ my ipad. she was delightful to work with!,positive,0.31992032111318214,0.10359031844462809,0.5764893604421898,True
10691,568970274303045634,positive,usertoken experience exceptional service from cherry at denverairport. greatservice. professionalism,negative,0.4597238653608246,0.09383632273695561,0.4464398119022198,False
10697,568966649728114688,positive,usertoken me too!,negative,0.3857660564900513,0.3391027247542008,0.2751312187557479,False
10722,568940215190085633,negative,usertoken / usertoken are incompetent.,neutral,0.3498068452276481,0.6044116731953331,0.0457814815770188,False
10730,568932061882552320,negative,usertoken worst customer service experience ever today. get it together.,negative,0.9676594410690773,0.0077396808309983835,0.02460087809992428,True
10737,568922138348019712,negative,usertoken usertoken terminal e in miami is still the worst most smelly airport ever. thanks for nothing.,negative,0.9575823000099624,0.013110304109289395,0.029307395880748075,True
10742,568914125549649920,negative,usertoken - delayed 1851. need an extra 5 min to make 1769. would appreciate a little help again this week.,negative,0.828939678546454,0.12489930714115793,0.046161014312388164,True
10761,568901905910521856,negative,usertoken if you get my bag from e gate to b gate at the charlotte airport before my 6 pm flight (late flight cause of yall) i’ll ride us for life,negative,0.9051321732508474,0.07498106103440673,0.019886765714745874,True
10770,568894101766012929,negative,usertoken flight 413 my carryon is missing.stollen off plane or left at gate. worst customer service. doesn not seem to be anyone is concern.,negative,0.9950340293870967,0.0033818290710446127,0.0015841415418587643,True
10797,568868928732028928,neutral,usertoken have scheduled flight sat(2morrow) cho-clt cho needs to be added to weather advisory. please evaluate asap.,neutral,0.3269236689657181,0.6287892899143165,0.044287041119965426,True
10810,568857663171366912,negative,usertoken merging aa and dividendmiles yield an error. what are the _exact_ steps to navigate the phone menu? all i get is a computer.,negative,0.9546373647933772,0.02165995004339788,0.023702685163224872,True
10813,568854243097976832,positive,usertoken just talked to reservation. must congratulation to them. very friendly. good for usair. the only airline we fly.,positive,0.1425812438378745,0.020422301025873064,0.8369964551362524,True
10819,568849460450725890,negative,usertoken gate agent in clt forced me to check bag in z1 &amp; proceeded to allow larger bags. huge inconvenience to travel plans.,negative,0.8256501933197511,0.08319044905052461,0.09115935762972427,True
10822,568846188725841920,negative,"usertoken worst customer service. ticket was 180 and fee is 200 it is ""not worth it"" for them accommodate me given circumstances in bos",negative,0.9814820322504841,0.008975908467049806,0.009542059282466101,True
10829,568841068348878848,negative,usertoken how do i get you to stop sending me emails about my ex boyfriends account? i don not care how many points he has! he only has,negative,0.9240025879510426,0.06044354888021962,0.015553863168737669,True
10834,568836390991101952,negative,usertoken call volumes are high so the best answer is to hang up on me?,negative,0.7548083622458172,0.04170530955770494,0.203486328196478,True
10838,568834249303785472,neutral,usertoken oh they saw it and said nothing.,negative,0.5864638485023709,0.22399275381973505,0.18954339767789408,False
10847,568825686472953856,neutral,usertoken nice try. doesn not apply to philly.,negative,0.7808899991829613,0.16469226251024302,0.054417738306795645,False
10854,568823897967034368,positive,"usertoken awesome! and yes, usertoken is!",positive,0.027125263574228675,0.05349558874362225,0.9193791476821491,True
10859,568821402389893120,negative,usertoken no you not sorry. i am trying 2 add a day 2 my vacation but there is a $200 charge just 2 change flights,negative,0.9269825271422991,0.05741885986953574,0.01559861298816508,True
10880,568806740227166208,negative,usertoken can i get a free mimosa to compensate my flight delay (yet again) thx,negative,0.7729242631632655,0.19585516261857236,0.03122057421816213,True
10884,568804534845345792,neutral,usertoken can i book using some sort of breavement program? i need to get home for my pops funeral,neutral,0.25151276234877545,0.7233583834908984,0.025128854160325998,True
10885,568803508784275457,negative,"usertoken i have been on hold for 35 mins to sort out my reservation out of sync message when trying to check in, what is wrong?!?",negative,0.9495661989987723,0.048708414358912384,0.001725386642315216,True
10890,568796551394549760,negative,usertoken i respect the stress of a merger but one rep to reschedule/replane 15 ppl who are already late flight? youcandobetter,negative,0.9451049838240493,0.026393883222697714,0.028501132953253083,True
10954,568762393083449345,negative,usertoken 428 delayed due to frozentoilet medicalissue mechanicalissue dispatchissue we have heard it all! letsgo,negative,0.9383594347578255,0.03753163511598066,0.024108930126193927,True
10963,568751082547089408,neutral,usertoken usertoken i am in the finalstretch to chairman execplat mileagerun for 6k needed any suggestions? letsgo!,neutral,0.20090888170403112,0.7526466246257864,0.04644449367018247,True
10964,568750153315676160,negative,usertoken on flight 1839 waiting for weight and balance info for the past 30 minutes!!!,negative,0.8491648541078337,0.09034071270599017,0.06049443318617613,True
10967,568748242109927424,positive,usertoken usertoken i am so going to miss us airways. you always provided great service and never let me down.,negative,0.6753540306998126,0.07385743932418765,0.2507885299759998,False
10976,568644931792687104,positive,usertoken we will...sunday! just a few days away,neutral,0.17536109142601722,0.423646976644566,0.4009919319294168,False
10989,568634467587264512,negative,"usertoken that is incorrect. four people, last flight of the night, with our bags. horriblecustomerservice",negative,0.7875950457716023,0.06738354381849905,0.1450214104098986,True
10994,568632534117908480,negative,usertoken your new seat assignment service is an embarrassment to airlines and customers worldwide. shameonyou usairwayssucks,negative,0.9756762408065307,0.010623810997699846,0.013699948195769389,True
11003,568623037962039297,negative,"usertoken they don not stand alone for me, i bought tix based on usair confirmed flight. what good is confirmation if you change it anyway?",negative,0.566641447607515,0.3415743532125734,0.09178419917991158,True
11011,568617305757728768,negative,"usertoken flights 890 was the delay, flight 5136 was my missed connection... help!",negative,0.9753670060434764,0.013106694678392374,0.011526299278131239,True
11044,568576810474201088,positive,usertoken thanks for getting me rescheduled on a direct flight to nola tonight in 10 minutes--and hopefully an hour earlier getting there!,negative,0.6172006960564036,0.06523582751780281,0.3175634764257936,False
11047,568569972529745920,negative,"usertoken flight 1777 has been waiting for 30 minutes at rsw waiting for weight balance clearance. come on, let us leave!",negative,0.945501582562977,0.02976178547229353,0.02473663196472944,True
11054,568561877699182592,neutral,"usertoken have a 6:05pm flight out of phl sat, 2/21. snow expected. are we able to switch to an earlier flight without penalty?",neutral,0.24607725050142157,0.7163310768663731,0.03759167263220541,True
11072,568538064487735296,neutral,usertoken do you have a phone nbr for refund dept ?,neutral,0.46137443567298453,0.5155180543634474,0.023107509963567915,True
11075,568533394402861056,neutral,usertoken can i bring a copy or photo of my baby is birth certificate for the flight? i feel uncomfortable traveling with the real thing.,neutral,0.4651582021628031,0.48894621760622275,0.04589558023097414,True
11087,568521303956656128,negative,usertoken over 15min hold on your reservation line. embarrassing. aa platinum member.,negative,0.8847248203011434,0.08936810780927573,0.025907071889580847,True
11094,568511208011071488,negative,usertoken fuk u us airways with yo shitty chicken salad sandwich that so overpriced and u fuking make me wait in a 6 hr layover fuk u and,negative,0.7838767194801146,0.11044261573848055,0.10568066478140477,True
11098,568506804096917504,negative,usertoken wtf is going on with the 1:30 from dc to bos? twice we go back back to the gate after leaving for the runway? total bs.,negative,0.8800524802267198,0.06714133077411495,0.05280618899916515,True
11102,568502112457510912,neutral,usertoken wanted to connect to discuss sponsorship opportunities with urltoken silicon valleys only 10 day film festival,positive,0.3918034437769881,0.2065079326822872,0.4016886235407247,False
11125,568491593512198144,neutral,usertoken is $99 companion ticket benefit of premier world mastercard still limited to usairways flights or do aa now qualify as well?,neutral,0.13159169573277263,0.8511600884258632,0.017248215841363997,True
11132,568490780203065347,negative,usertoken 5 hour cross country morning flight and you have no food? badservice,negative,0.937445345383338,0.03196651559701209,0.030588139019649928,True
11160,568472259020648448,neutral,usertoken usertoken for frequent flyer miles can we schedule interchangeably and get credit?,neutral,0.4634748839783744,0.47587912467981597,0.06064599134180965,True
11167,568464356687679488,neutral,usertoken is this accurate? safety guide shown no mp3 player usage during takeoff and landing. urltoken,negative,0.5632405492368827,0.2407502315324862,0.1960092192306311,False
11179,568454157478326272,negative,usertoken how about moving my seats to where i bought them 4 months ago? this happens far too often...,neutral,0.4461461268776545,0.5264113043924337,0.027442568729911812,False
11200,568440004281823233,negative,usertoken we on on the flight from phf to clt. at the terminal but cannot get off plane yet. need to get on iah flight.,negative,0.9404931803977076,0.04873466995730566,0.010772149644986713,True
11207,568432364717633536,negative,usertoken 502 m-phx im still on the plane waiting and waiting,negative,0.8802132983559937,0.026029558658180314,0.09375714298582591,True
11222,568405950958333952,negative,usertoken hey just letting you know you are the worst fucking service i have ever used thanks for nothing,negative,0.948957432887029,0.01362879508932954,0.03741377202364151,True
11232,568387111931527168,negative,"usertoken i am delayed in tys 5015, likely gonna miss my connection in clt to cun. gotta get there today. can you help me?",negative,0.5707052647124916,0.4081897231356493,0.021105012151859066,True
11250,568341364951388160,negative,usertoken this has been the worst trip with little to no customer service,negative,0.9744304893212913,0.003967124887779203,0.02160238579092962,True
11256,568274949275824128,negative,"usertoken been dealing w/ usertoken to solve the probs your team created. your manch, nh staff is clearly your c-team, btw. notevenjv",positive,0.4203945402809407,0.025409074347089854,0.5541963853719694,False
11261,568259618884993024,positive,usertoken - done :),neutral,0.07741279387734612,0.8081127952249604,0.11447441089769357,False
11300,568228614275260416,negative,"usertoken attempting ckin for flight on 2/19 all day, site unable to retrieve details. called twice and disconnected.",negative,0.9483809146709171,0.02321447445895666,0.02840461087012619,True
11322,568213769798578176,negative,usertoken ...loosing a lot of business by using barclays. i cant believe that you cant apply for a card if you live in iowa.,negative,0.5520910151184061,0.425064835142092,0.022844149739501905,True
11326,568210928484913152,neutral,usertoken i got an email asking me to checkin tmrw for a flight i meant to book for 3/19 - can someone please help! usertoken usertoken,negative,0.5517549501314291,0.42913337018955416,0.01911167967901674,False
11337,568194520497713152,negative,usertoken sitting on tarmac in pit for 30 min. no announcement. just sitting.,negative,0.9541839003977628,0.02681348367528636,0.01900261592695088,True
11351,568175323470290944,positive,usertoken marsha m. at myrtle beach is the greatest! she deserves all the respect and praise there is! thankyouforeverything,positive,0.18339874510148235,0.27617593643855587,0.5404253184599618,True
11365,568167414493532161,negative,"usertoken ""admirals club"" at clt has rude, and ignorant front desk staff...usertoken you have fallen so far...thanks doug parker!!!",positive,0.17686431464619592,0.0529466838047843,0.7701890015490198,False
11371,568163907325599745,neutral,usertoken looking forward to some friends and family time in arizona.,positive,0.05664414709478627,0.118718156222795,0.8246376966824188,False
11373,568163426343784448,positive,usertoken usertoken first class all the way!!💺✈️ headed to usertoken urltoken,neutral,0.15955904649310693,0.5853369009290652,0.25510405257782787,False
11380,568159483786084352,negative,usertoken usertoken how can i be stuck on a plane due to snow in boston when it is not actually snowing in boston? usair flight 2218 us2218,negative,0.886556269941938,0.10224356275043749,0.01120016730762456,True
11390,568151138421207040,negative,usertoken stop cancelled flighting flights over and over and not provide any real help to your customers. strandedinnashville,negative,0.9884413892509946,0.007891001291301535,0.0036676094577038558,True
11398,568141479132200960,negative,usertoken is there gonna be a better day to call? i have called on 3 separate occasions the past couple of weeks and never get to a person.,negative,0.958356588455926,0.022656254733805347,0.01898715681026865,True
11410,568135839814807552,negative,usertoken that wasn’t my q but thanks. wondering why you’re the only ones. i disguised yours to not call you out. ;) urltoken,negative,0.6857309421945053,0.10445557596483697,0.20981348184065776,True
11418,568132101729443841,negative,"usertoken the only way to assist, is to actually answer the phone.",negative,0.7912602981833998,0.028232921614690834,0.18050678020190936,True
11471,568084209656573952,neutral,usertoken can i get assistance on flight 611? plane just landed from hpn and i have a connection to atl.,negative,0.5962636655292888,0.3244894094171708,0.07924692505354049,False
11484,568077686507229184,neutral,usertoken just realized my usertoken advantage number wasn not used for my flight. how do i get my ff miles?,neutral,0.28959456188473703,0.6818234930539121,0.028581945061350974,True
11485,568077470085341184,negative,usertoken does your company see passengers as customers or just $$$?,negative,0.7448148023474613,0.19962685413240494,0.05555834352013374,True
11488,568075934609346560,negative,"usertoken so we got her home, now we just need her bag. is there a direct desk number for savannah?",neutral,0.30812812496976566,0.35342864555403813,0.3384432294761963,False
11523,568053414682361856,negative,usertoken that is the most useless tweet i have ever seen out of you.,negative,0.7805907824825562,0.047751305051138115,0.17165791246630555,True
11542,568030511530172416,negative,usertoken stuck in cae need reflight booking problems for next flight possibly dm for more info,negative,0.6956441016582261,0.25583199707169235,0.04852390127008157,True
11551,568018287302447104,positive,usertoken thx to gate agt john pascucci for finding us a flight from clt to pvd after our original one was cancelled flightled urltoken,negative,0.842027562761404,0.07075237467392696,0.08722006256466894,False
11556,568008391773196288,negative,usertoken over 4 weeks since you took our money and left us stranded 9 hours from home. had to rent a car and you still have not helped us,negative,0.9887011032375546,0.006434546658955935,0.004864350103489555,True
11560,568004004183203840,negative,usertoken u guys get too much $$$ and too many customers to be fucking up as badly as u do,negative,0.8017543749084719,0.09967498995430388,0.09857063513722422,True
11562,568002085888897025,negative,"usertoken after last night in charlotte nc i am seriously debating never flying you again. 50 minute on the tarmac, connection leaves.",negative,0.9667818788793595,0.009416632690466095,0.02380148843017444,True
11563,567997512310767616,neutral,"usertoken hi! could you protect me on us 445 just in case? still on ground with no checked luggage, but still a chance i can make original",negative,0.8274638016142898,0.1624431445818853,0.010093053803824996,False
11567,567969619849265153,negative,"usertoken i appreciate the hard work. still, i gave up after &gt;hour. usertoken",positive,0.2652245357038123,0.0360998606093257,0.698675603686862,False
11569,567928302725263360,negative,usertoken usertoken stranded in cold texas and getting sick because you overbooked the flight and gave my seat away. gooutofbusiness,negative,0.8996264989088375,0.03544594834507056,0.06492755274609194,True
11571,567925957090238464,negative,thanks. “usertoken: usertoken weather disruptions have caused some of our crew to run late flight. we are sorry for the delay to your flight.”,negative,0.8222524148173601,0.024429901842728176,0.15331768333991178,True
11581,567909745211879424,negative,usertoken missed flight connection due to flight attendant delay. yet no voucher on your part? fail,negative,0.98852680689984,0.004706384207998797,0.006766808892161235,True
11597,567897643873148928,negative,"usertoken flt 4439 is on the ground, but you don not have a gate for us at dca. why is this happening?",negative,0.9178824763264625,0.04995565980198219,0.03216186387155531,True
11637,567859601900740609,negative,"usertoken flights keep getting delayed and cancelled flighted with no information, worst customer service ever.",negative,0.9946254070076996,0.0021666332451474295,0.003207959747152995,True
11640,567857402340450305,negative,"usertoken where is my bag? you called at noon promising it today, would like an update like your website promises. i need that bag!",negative,0.8907502726440837,0.10304447642184425,0.006205250934072044,True
11692,567812370690605056,neutral,usertoken usertoken theres only one flt phl-crw per day.,negative,0.5787604661555747,0.15632000351022715,0.26491953033419813,False
11696,567810259675537408,positive,usertoken flight # 604. thanks.,positive,0.01763140254917516,0.11666506316191114,0.8657035342889137,True
11699,567808843373105152,negative,usertoken is anyone working today?? anyone want to pick up a phone?,negative,0.7502844097504429,0.14099776539842385,0.10871782485113331,True
11715,567802255215460353,negative,"usertoken if you can waive a fee at time of cancelled flightation, you can waive it at a future date! usairways ripoff poorcustomerservice",negative,0.7338359854509884,0.2539901077834468,0.012173906765564863,True
11729,567791526370365440,negative,usertoken holding 30+ min and listening to your shitty ads on repeat for your credit make me hate your airline even more. usertoken is better,negative,0.8938478753507954,0.012471674913660968,0.09368044973554364,True
11731,567790793197629440,negative,usertoken please staff your flights approproately. our entire flight is delayed because fa isnt here. i shouldnt have left delta...,negative,0.8612213684244836,0.081565200713102,0.05721343086241429,True
11735,567788578026311680,positive,usertoken that is why u guys are my 1 choice.,negative,0.6009063407929189,0.060347718406540955,0.33874594080054016,False
11737,567787449053872128,negative,usertoken i’m cool with weather delays etc. but lying and deceiving passengers to keep them from changing is reprehensible. yousuck,negative,0.8409772023816284,0.05940576606408257,0.09961703155428912,True
11745,567781582791278592,negative,"usertoken had a horrible experience flying from montego bay to philadelphia on 2/11. $125 2check a golf bag, constant selling in-flight",negative,0.6954401891595914,0.1402202878234329,0.1643395230169757,True
11746,567781477761314816,negative,"usertoken told no gates open at ord, needed to wait 20mins. still waiting after about 4 mins.",negative,0.9904707628296171,0.008066985521846924,0.001462251648535842,True
11776,567764858817773570,neutral,usertoken i was supposed to be on flight 1861 from charlotte to rdu @ 8:20pm yesterday. is the same flight scheduled for departure tonight?,negative,0.8749315011060286,0.10081130169303092,0.024257197200940436,False
11782,567761568889581569,negative,usertoken will you please update your website with the most current flight status? and update your customer service phone # on usertoken thx,negative,0.867286052176639,0.05482988346572243,0.07788406435763867,True
11783,567761193138671616,negative,usertoken flight booking problems a flight using credit from a previously cancelled flightled flight. cannot get thru on the phone and cannot book online. help please.,negative,0.988288754523905,0.007667369115777691,0.004043876360317315,True
11785,567760870630244352,negative,usertoken you are horrendous. pull your shit together,negative,0.9142106348008159,0.036334070331515235,0.04945529486766889,True
11786,567760474553348096,positive,usertoken haha - that will indeed be a great day!,positive,0.06578740218384031,0.04309463796005254,0.8911179598561071,True
11804,567751134476259328,negative,usertoken usertoken what a joke of a company today reminded me why i never book with you,negative,0.8861703456640101,0.07182224345377072,0.042007410882219084,True
11816,567739625465077761,neutral,usertoken will my known traveler no. transfer over from usertoken ? when i check in at t-24 as an aa elite i can get choice seats?,neutral,0.3406089528027657,0.6514574661873951,0.007933581009839142,True
11836,567731585035014144,negative,usertoken want to bump up my seet to first class for two cancelled flightlations in 24hrs?? what a joke,negative,0.8320738947821656,0.13749796727505,0.03042813794278427,True
11856,567727479633477632,positive,usertoken please give tara g a pat on the back and praise. she was very very helpful. she is at phl member lounge,positive,0.19999182298225868,0.07599763891843488,0.7240105380993065,True
11897,570305063052283904,negative,usertoken thanks for no fresh food on my cross country flight and for making my connection so close no time to eat. tpa-dfw-lax,negative,0.5932782316762154,0.035380187279723974,0.3713415810440605,True
11914,570298770136674304,negative,usertoken this doesn not address my issue. i am on hold for 30 min to speak with an agent.,negative,0.9942437316854346,0.0036529602257919015,0.002103308088773582,True
11917,570298644475346945,negative,"usertoken submitted a case to aa customer relations two weeks ago, no word ever since! whats the point of even having cr?",negative,0.91738426062347,0.05268878893473302,0.029926950441796996,True
11923,570297414848000000,neutral,"usertoken hi, can you please ticket my award ticket? the status is ""on request"" now. thanks.",neutral,0.024654335692043304,0.9616117352307599,0.013733929077196717,True
11942,570290220589027328,negative,"usertoken spent $8 for the choppiest feed of ""whiplash"" ever. americanairlinesfail iwantmymoneyback",negative,0.7721975899581053,0.06421502549057716,0.1635873845513176,True
11944,570289085354541058,negative,usertoken - please find my bag!! in singapore for three days already without my bag. last known destination lax tag: 580815 please help.,negative,0.9531261112226641,0.04101331701697914,0.005860571760356669,True
11963,570281958556610560,negative,"usertoken lost my cats, missed their flights, kept them crated 30 hrs for a would-be 5 hr trip. you will never touch my pets again.",negative,0.9900000959283823,0.004836558617173268,0.005163345454444376,True
11970,570280637946421249,negative,usertoken and usertoken have put me in bad mood. i haven not been this angry since spagnuolo coached the rams,negative,0.9237301479139942,0.04333331376958133,0.03293653831642447,True
11980,570278644918194176,negative,"usertoken flight 65 delayed over 4 hours on 2/22, had no gf meals despite my early request, attendant seat fell on my leg badservice",negative,0.9557215955866393,0.0307216470428743,0.01355675737048639,True
12001,570272018840428544,neutral,usertoken i thought all those planes were retired? md80,positive,0.3477597781317457,0.26500554864154474,0.38723467322670957,False
12036,568551906634797056,positive,usertoken hopefully you ll see bad ones as opportunity to get better and not dwell in it... and the good ones as encouragement words!,negative,0.6714626180531725,0.05416562148544031,0.27437176046138706,False
12037,568265091226800130,negative,"usertoken okay, i think 1565 has waited long enough for a gate at dfw...",negative,0.8472715995539468,0.08088135507403926,0.07184704537201399,True
12190,570266233003741184,neutral,usertoken i bet they do! i am sure they have some form of wear and tear on their skin. i hope they will survive the rest of the winter xxx,neutral,0.08544765841814216,0.8634501335929409,0.051102207988916924,True
12193,570265689589592064,negative,usertoken can someone contact me about my awful experience with american airlines this weekend,neutral,0.44028303192935625,0.5225656776614029,0.03715129040924085,False
12197,570264740817010689,positive,"usertoken usertoken guys, let it go. urltoken",neutral,0.06663479297382581,0.8608467376136716,0.07251846941250246,False
12228,570258040609337344,neutral,usertoken um. down south has snow too atl,neutral,0.22063277618098798,0.6379530233974798,0.14141420042153216,True
12238,570255201069899776,negative,usertoken cannot unload flight 3322 because jetway is broken. steps planb? waiting nearly an hour,negative,0.9953209348437428,0.002812626829391741,0.001866438326865417,True
12240,570254579578720256,neutral,"usertoken if i want to change my flight due to weather conditions in dallas this weekend, i should be able to cover change fee with miles",neutral,0.20133190623837338,0.760175582093957,0.038492511667669635,True
12266,570247871716405248,neutral,usertoken fly my child,neutral,0.38663026073031365,0.4418507983891165,0.17151894088056982,True
12269,570247474465677312,negative,usertoken lost and found is like talking to a hormonal teenager who refuses to talk to you. useless wastedeffort fail,negative,0.891034630716121,0.019035872648116205,0.08992949663576279,True
12305,570238822157570048,negative,"usertoken is it possible to change the ff number on a passenger on a flight booking problems, it will not let me change it?",neutral,0.18973424741413034,0.79516510640283,0.015100646183039522,False
12315,570235413224427520,positive,usertoken thank you for the quick customer service today. refundprocedurenottoopainful i know that winter weather is not your fault.,negative,0.5313921745337201,0.05380951685596671,0.4147983086103132,False
12319,570234625848696833,neutral,usertoken yes i do i am traveling to marsh harbor,neutral,0.09396118329980663,0.8727159686097375,0.033322848090455874,True
12336,570226080457449472,negative,usertoken watch out if you are a parent...they break stroller &amp; tell you look at the fine print,negative,0.8652942208456923,0.09055915594268693,0.04414662321162066,True
12342,570224421194964992,positive,"usertoken thank you aa, this is how i always start my vacations urltoken",positive,0.023774552404197312,0.04856569575336618,0.9276597518424364,True
12344,570224015656284160,negative,usertoken customer service provides no wiggle room to change flight without a $200 change fee. usertoken has always been accommodating.,negative,0.783991072887266,0.04266909412815029,0.17333983298458377,True
12346,570223582380494848,positive,"usertoken yes, thank you. just not how i wanted to start my vacation!",positive,0.19345642821453582,0.16953721900813415,0.63700635277733,True
12363,570219379696148480,negative,usertoken usertoken boo! wack ass terminal 6 usertoken. no food. no lounge. no bueno!! never again!!!,negative,0.9706361707050648,0.02410686447907814,0.005256964815856943,True
12378,570213186139525120,negative,usertoken thanks for making the worst fly experience ever. will never book again with your airline. train your flight attendants better.,negative,0.9674915887827931,0.000573607975044482,0.03193480324216253,True
12397,570202173172281344,negative,usertoken as your flight attendants are an extension of your brand - bitchy flight attendants on 5:30 am flights are not appreciated.,negative,0.8739383655681698,0.10178934425473819,0.02427229017709182,True
12405,570199267668676609,negative,usertoken delayed: aa3186 - missed due to delay: aa3186 - new flight now delayed: aa2401,negative,0.9942704081298713,0.004026735316993444,0.0017028565531351685,True
12415,570195492006707200,negative,"usertoken uwon not allow me2make changes online, force me2sit thru excess phone wait times&amp;still insist charging crazy fees. thats service?",negative,0.9465065487293098,0.024584101229075016,0.028909350041615135,True
12418,570194709261488129,neutral,usertoken amazing to watch usertoken (who travels with celebs all over the world) show the youth of america who *not* to fly with.,positive,0.3235384315135222,0.10516752068298162,0.5712940478034961,False
12428,570191763731841024,positive,usertoken is rising like the sun at dca this morning. usertoken members have the best view. avgeek urltoken,neutral,0.0889303598762559,0.5411166508236004,0.3699529893001438,False
12459,570179344833708033,negative,usertoken you cancelled flight both flights yesterday and rebook me in middle seat. not acceptable. upgrade to emergency row would help. nothappy,negative,0.9004936266966055,0.08835793929766521,0.011148434005729398,True
12469,570176104541122561,negative,usertoken merged airlines do not work for ff programs. very frustrating and the gate agents are to busy pouting to care. attitudeissues,negative,0.9641922599136238,0.005062170923466493,0.03074556916290963,True
12490,570158980611350528,negative,usertoken we all did! skipper is walk-around too :(,positive,0.25672893427637467,0.22839064351711766,0.5148804222065078,False
12491,570156001485312000,neutral,usertoken plane veers off runway at icy dallas airport urltoken,negative,0.7765888287988737,0.1507476229545995,0.07266354824652674,False
12541,570119444451745792,negative,"usertoken checked in at des moines, lay over in ord, final destination austin, texas. baggage was only checked to ord.",negative,0.4971922112868049,0.36176003644400434,0.14104775226919083,True
12570,570101371409559552,negative,usertoken were stuck on a plane in dallas that is supposed to be going to okc. there is an issue w/ the plane. any idea on how much longer?,negative,0.7320432678298295,0.25039820829865667,0.017558523871513906,True
12592,570095131967295489,positive,"usertoken usertoken i really would love to experience first class on that plane,looks stunning!",negative,0.5075878263208514,0.20505245658591942,0.28735971709322916,False
12593,570095043169529857,positive,"usertoken i love the service and cheap upgrades american provides! one of the best airlines ever! good food, good seats, amazing thanks!",positive,0.0016200007852169701,0.0013059348271073836,0.9970740643876755,True
12595,570094120993054720,positive,usertoken usertoken you will!! every chance i get! thanks for keeping me exec platinum.,positive,0.21547516776616807,0.12789030744879412,0.6566345247850377,True
12615,570087022292905985,positive,usertoken not surprised that you were the fastest responding us brand on twitter for q2 + q3 2014. also 10th fastest in the world in q3,negative,0.7052185722103164,0.13992160330030828,0.15485982448937546,False
12625,570085025896665088,positive,usertoken no apology necessary. it was wind and i was on delta. xoxo,negative,0.6757830816561811,0.21704614729442737,0.10717077104939153,False
12629,570082289939406848,neutral,usertoken i am traveling from auh to iad via etihad and then from iad to dfw via aa. will i be able to retrieve my checked bag in iad?,neutral,0.15543390442278998,0.8242441425712248,0.020321953005985275,True
12633,570081513087369216,negative,usertoken you are beyond redemption. jfk. baggage claim looks like a luggage warehouse,negative,0.8054341164781643,0.07275631349353977,0.12180957002829602,True
12636,570080608996556800,positive,usertoken thanks to aa / dart for getting me home in time for work this morning den-dfw... didn not have to waste a vaca day usertoken,positive,0.2395765098005314,0.05563920807720781,0.7047842821222609,True
12639,570079755560595456,negative,usertoken my sister just received a call that her trip wednesday (flts 2348/3499) was cancelled flightled and resched to next day. why?,negative,0.9712067036539467,0.007205107043991883,0.02158818930206137,True
12731,570042981794729985,negative,usertoken you ever wonder why you find yourselves responding to so many customer complaints on twitter? it is because your airline sucks.,negative,0.9129298625842712,0.015951348057807218,0.07111878935792146,True
12733,570042828983820288,neutral,usertoken do we get a class discount on your wifi? i will be flying your airlines at approx. 4 am?,negative,0.4063578758751923,0.3750980951019879,0.21854402902281989,False
12737,570042096242917377,negative,"usertoken so bad service in miami, airport..",negative,0.6942008299466657,0.11144935972282069,0.19434981033051352,True
12752,570036538488139776,positive,usertoken congrats on your call center customer service! a guy named fidencio answered and he went above &amp; beyond to help me! 👌👌👌,positive,0.47262502967740616,0.04811520906355653,0.4792597612590374,True
12763,570033429816999936,negative,usertoken usertoken - i am pregnant with twins and you are going to abandon me overnight in an airport? no hotel? when it is your fault?,negative,0.9187657700111352,0.07301720185347782,0.008217028135387003,True
12782,570025428095770624,neutral,"usertoken upgraded to 1st class. inquired about red wine. ""sauvignon blanc &amp; i cannot pronounce the other one."" couldn not describe...",negative,0.7329670454946771,0.1321547119597538,0.13487824254556927,False
12808,570014602903339008,positive,usertoken was not on board you today just watched report unfold on twitter but still am very proud!,negative,0.8967734537914922,0.04987004862128133,0.05335649758722657,False
12831,570006028864999424,negative,"usertoken thx, someone picked up after 45 minutes",negative,0.59888088886916,0.2017922023542073,0.19932690877663262,True
12849,570001183600812033,neutral,usertoken no snow in st. louis. cold but no snow. hub flights welcome.,neutral,0.32126174910685973,0.6176878209822365,0.061050429910903786,True
12870,569995513623408641,negative,"usertoken 3349, was supposed to be in little rock at 10am this morning.",negative,0.431362639912234,0.3214779146556109,0.24715944543215498,True
12872,569995212296200192,negative,"usertoken already spoke to that line, unwilling to help - really poor support hitawall",negative,0.8382641049691372,0.10147962981883654,0.06025626521202633,True
12894,569988479540695040,negative,usertoken should prob give me a refund since they made me miss my flight waiting to talk to someone for 3 hours... urltoken,negative,0.9726861257868958,0.021826648514355118,0.005487225698749024,True
12903,569984380061351936,negative,usertoken why is does it seem to be impossible to contact anyone at your airline to get an item left on board a plane 5 min after deplane,negative,0.8933325568478897,0.08074023113434717,0.025927212017763105,True
12912,569981947612676096,positive,usertoken flight for tomorrow was cancelled flightled. new one booked. seats taken care of. just a tweet to commend you all on the service. thanks!,negative,0.8765252912807325,0.03883154617044797,0.08464316254881948,False
12917,569980963926765568,neutral,usertoken see photo of 787 model &amp; our pn 320008a wheel deflator specified in chapter 32 of b787 amm. urltoken,neutral,0.37603245632703663,0.47621692044570674,0.1477506232272566,True
12920,569980365386809344,negative,"usertoken i have been trying to get through to reservations since yesterday to make a change to a reservation hold, when will it be up?",negative,0.9236522197970438,0.07054802478678912,0.005799755416167176,True
12948,569974668406296577,negative,usertoken not true!! stop making excuses! you either overbook or have crappy planes!,negative,0.9300397128713633,0.04586582645394641,0.02409446067469031,True
12949,569974641214644224,neutral,usertoken americanairlines on approach to mex.... urltoken,neutral,0.2360095872146718,0.6350345046927548,0.12895590809257337,True
12952,569974318463119361,positive,usertoken aateam thanks for working in very rigorous weather conditions for all,positive,0.08037807819523769,0.01873467948542547,0.9008872423193368,True
12958,569973337050341376,negative,usertoken my wife is stuck in brownsville any chance she can get any flight out? she needs to be at work tomorrow morning.,negative,0.5821245488779673,0.39813872004129874,0.019736731080733937,True
12987,569967441591144450,negative,usertoken need2know if ill be able to reach ind today.rather stay in maf that fly to dfw &amp; find out i cannot travel urltoken,negative,0.4663230030005985,0.38192178744582433,0.15175520955357735,True
13004,569962686219288576,positive,usertoken hey becky piela at the orange county airport has been really kind and helpful with rescheduling our flight!,negative,0.917883878920251,0.014466823217097103,0.0676492978626517,False
13039,569953628687101954,positive,usertoken thank you. they are processing my refund.,positive,0.18480786086005024,0.07074565210480824,0.7444464870351415,True
13042,569952984257294336,positive,"usertoken thanks for asking on second plane after maintenance issue, for flight from ord to lit. sitting at gate in very very warm plane",negative,0.7392661383681978,0.05216153376647699,0.20857232786532529,False
13048,569951566784045058,negative,usertoken please get it together and find my husbands luggage! you are ruining his ski trip to aspen! 3rd day no luggage.,negative,0.962217179011907,0.02281902109154956,0.014963799896543348,True
13055,569950766485540864,negative,usertoken thanks for telling me my flight got cancelled flightled when it wasn not. now i have a missing luggage because of you. thanks fam!,negative,0.954241279540562,0.00882502476400864,0.036933695695429446,True
13059,569949946146742272,positive,usertoken i got a new reservation for tomorrow. thanks!,neutral,0.07201797129291121,0.663312498061083,0.26466953064600574,False
13063,569948991569264640,positive,"usertoken $90 dollar rt ticket to chicago? yes, please!",neutral,0.3645286387717363,0.43212205963903344,0.20334930158923023,False
13069,569948398545039360,negative,usertoken hour and a half after landing bags are finally trickling off. urltoken,negative,0.8104632913650083,0.06594539599927575,0.12359131263571592,True
13071,569948241116016641,negative,"usertoken 2 hours now! no i am not patient. why don not you have a call back feature or pay someone to answer the phone, not tweet onhold",negative,0.9968533770818419,0.00265804786481108,0.0004885750533469282,True
13102,569940147615113216,negative,"usertoken way to suck at customer service, dallas is trapped in an ice storm but you didn not cancelled flight 7am flight &amp; been on hold all day.",negative,0.9880864215052753,0.0022313803541333843,0.009682198140591429,True
13112,569937987619803136,negative,"usertoken, that is not the point. say its $1300 at the counter when i clearly see $500 on your site? aa agent was @ a loss 4 words, too",negative,0.9686496042813465,0.013106803910302885,0.018243591808350477,True
13114,569937673206534144,positive,usertoken my father loved working for you as well as panam,positive,0.329839645052902,0.07928330423361328,0.5908770507134847,True
13118,569936251551232000,positive,usertoken cxl flight. rebooked 2 pax no problems. thank you and everyone at aa for helping us all out!,negative,0.5003796529014736,0.12883353222515018,0.37078681487337617,False
13123,569934458364813313,neutral,usertoken followback,neutral,0.07588582747083636,0.7707134709338976,0.15340070159526598,True
13167,569923221341908992,negative,usertoken ...why would you sell seats for a 7 hour flight with half of the legroom occupied by an escape raft? urltoken,negative,0.9140889818874307,0.06702978871962743,0.018881229392941908,True
13186,569918774788419584,negative,usertoken usertoken trying to speak with an agent about my flight to london tonight but cannot get anyone from aa. can you help?,negative,0.9717325651331599,0.02525088520930952,0.0030165496575305342,True
13188,569917869296758784,negative,usertoken i have been trying to reach your customer service for two days. i have received zero response. never traveling aa again.,negative,0.9935873370940908,0.0027433978376872332,0.0036692650682221173,True
13191,569917442455175168,neutral,usertoken need help on a reservation. can you follow so that i can dm details? thanks!,neutral,0.08700737124085578,0.8784445840641203,0.03454804469502407,True
13194,569917117576949760,negative,usertoken we have 15 official complaints signed by americanairlines lima supervisor. customer relations pls compensate 4 the 10-hour delay,negative,0.9434984081559495,0.026814812881992056,0.029686778962058347,True
13198,569916323725217793,negative,"usertoken well if you will not let me handle my reservation/change online, &amp; your reservation call # hangs up on me wtf do i do?? bullshit.",negative,0.9584136424087639,0.03660723067404602,0.004979126917190115,True
13200,569915992777687041,negative,usertoken received an email requesting i call about a res. but i keep getting kicked off of your phone system. help?,negative,0.9796671221128118,0.014811223067378743,0.005521654819809465,True
13201,569915972758446080,neutral,usertoken need help changing a flight. please dm,neutral,0.1857593087731681,0.8038412670656448,0.010399424161187078,True
13215,569913274218622977,negative,usertoken flight home cancelled flightled today. any way we can get another flight to nyc from texas? 4 hour wait for a call back from airline,negative,0.9041082391430303,0.07591748452675444,0.01997427633021519,True
13217,569912888866906112,neutral,usertoken this receipt doesn not show the evoucher value nor does it mention having used an evoucher,negative,0.8320392524730155,0.11384453084317854,0.054116216683806,False
13239,569908990118723584,negative,"usertoken no vouchers 4 cancelled flighted flight due 2 weather. today is issue, broken tire. no vouchers cause tire was broken by weather. nomoaa",negative,0.9647928432428191,0.030301517335585004,0.004905639421595887,True
13243,569907965223763970,negative,usertoken thx for showing me that your twitter appreciates me more than your employees. sure another airline would like my $1300 nohotel,negative,0.6256525047610494,0.07155534425499754,0.3027921509839531,True
13263,569902322718871552,negative,"usertoken sjc-&gt;lax. after the fourth time, i gave up!",neutral,0.32488683440681654,0.38436489134271745,0.29074827425046607,False
13270,569899646509666304,negative,"usertoken confused at the definition of a ""preferred seat."" i paid extra for one and got a regular seat with no legroom. unimpressed.",negative,0.9640219188306526,0.022787731458895295,0.013190349710452144,True
13295,569894969332400128,neutral,usertoken why is it from june 1 thru december 31 there are no bus/first milesaaver awards available from cun to nyc? explain whyfly,neutral,0.4307475965056233,0.5466722255197904,0.022580177974586214,True
13297,569894690566369280,negative,usertoken please improve business extra flight reservation process. cannot book online? what century are we in? 25 min+ on hold,negative,0.9794434790151141,0.01651026282189449,0.004046258162991398,True
13329,569889391633518592,negative,usertoken is your website down? i haven not been able to check in to my flight all morning.,neutral,0.4285788965192561,0.5016988637092943,0.06972223977144962,False
13350,569884285659848704,negative,usertoken been trying to speak to agent for 24hrs about my cancelled flightled flight but reps always busy. how do i get ahold of you?,negative,0.9956948500472889,0.0026797948099759853,0.0016253551427351156,True
13359,569881888892055552,negative,usertoken i have been calling your 1800 # all morning to change my name for an upcoming trip but am not able to get through. please advise!,negative,0.5907106066391282,0.37249725283364216,0.03679214052722958,True
13363,569881379825164288,negative,usertoken how can i get travel question answered quickly... online and calling not helping with this busy day,negative,0.742559539014858,0.24065871905070468,0.016781741934437308,True
13386,569876553196285952,negative,usertoken keep trying to call to change reservation and you keep hanging up on me,negative,0.9572440892464756,0.024964930676342464,0.017790980077181794,True
13388,569876015834484736,positive,usertoken although there was a 6 hour delay every single staff member from the ticket desk to the admirals club in was as sweet as pie,negative,0.7730194702039931,0.054503402920680226,0.17247712687532665,False
13390,569875024045314048,negative,usertoken bring my fiancé usertoken back to me!,negative,0.5343089366275033,0.18378294954635463,0.2819081138261421,True
13396,569873418075672576,negative,usertoken your call system is a fucking joke,negative,0.9831168941449347,0.0071952569333470036,0.009687848921718208,True
13412,569869506560069633,positive,usertoken thanks to jacqueline in clt for cleaning up usertoken and usertoken mess!!! awesome service,positive,0.01933454423395907,0.01233923508286719,0.9683262206831739,True
13417,569868115481395201,negative,usertoken how comes no one has answered my calls or emails?,negative,0.800423335240834,0.1897037763751434,0.009872888384022479,True
13422,569867363580903424,positive,usertoken thanks for responding ... will do!,positive,0.03290509241175246,0.3127811329963585,0.6543137745918889,True
13437,569864778702671874,negative,usertoken i like the call back system. but thought you would like to know it is not working well. i received three calls but there is no audio.,negative,0.9117999461241894,0.06242838122426355,0.025771672651547128,True
13440,569863871030292481,neutral,"usertoken i hear delta is offering 2,500 miles to frequent flyers if their bags doesn not come out within 20 minutes of landing thoughts?",negative,0.9134638285076553,0.06483656594620642,0.02169960554613819,False
13456,569858330421694465,negative,"usertoken telling frustrated customers ""we are super busy, please call back late flightr kthxbai"" and then hanging up is not the best practice.",negative,0.9619136113327389,0.0061037190576900624,0.03198266960957118,True
13460,569857475098202113,negative,usertoken your customer service sucks! you rep should not be yelling at a caller regarding the weather in dfw. hope you go bankrupt!,negative,0.9146454310681922,0.03142807950606702,0.053926489425740756,True
13479,569852657327738880,negative,"usertoken stuck in miami, and one of the worst customer experiences i have ever had. will be sure to let everyone know about my time w/aa",negative,0.9853925765455527,0.006561704307164475,0.008045719147282707,True
13494,569849550032101377,positive,usertoken would also like say kind move on adding the points !,negative,0.5328144414490575,0.24812143982942264,0.21906411872151976,False
13499,569847223829307392,neutral,"usertoken is it true, as fas are saying, that you have no way to collect money from passengers (after door closing) who want a mce seat?",negative,0.708156900385064,0.2625433021944239,0.029299797420512152,False
13523,569842295387791361,negative,usertoken i am still waiting for that call back. stranded and no one to talk to,negative,0.9976301455150209,0.0011037533641855843,0.0012661011207936131,True
13526,569841476240166912,negative,usertoken trying to talk 2 customer service to add lap child and cannot get a hold of anybody. i need help!!!!!,negative,0.9623821162151682,0.0308299059050683,0.006787977879763618,True
13550,569835641514692608,negative,"usertoken trying to change my flight and you just hang up on ppl bc call volume is high. that is a joke, right?",negative,0.9559835703522895,0.01984970079524426,0.024166728852466266,True
13554,569832733226110976,negative,"usertoken how about a reservation phone system that actually works? you know the 800 number is unreachable? callbacks are ""dead air"".",negative,0.8200615715804809,0.14563705221988807,0.03430137619963103,True
13557,569832053241450496,negative,"usertoken husband &amp; i complain about same flight. he gets voucher, i get nothing. because he flew biz!? who do i email about this?",negative,0.8726608110304065,0.10359282598739432,0.0237463629821992,True
13564,569829960178905089,negative,usertoken thinks it is a good cs to get everyone through the gate for flight 4275 then we wait bc plane not ready urltoken,negative,0.8239267288317513,0.07340504130145356,0.10266822986679502,True
13569,569827608193585152,negative,usertoken - cruel &amp; unusual to cancelled flight flight w/o notice &amp; make someone stay on hold for 30min &amp; listen to the same ad in a loop,negative,0.9846370864756833,0.008823991207617921,0.006538922316698701,True
13575,569823600837947392,neutral,usertoken is flight 2413 to la delayed?,neutral,0.35518763142653414,0.4824738463719448,0.16233852220152106,True
13584,569818697113702400,negative,usertoken please stop changing my flights for spring break. this is the 5th time!,negative,0.789385862292826,0.1677590332085381,0.04285510449863576,True
13585,569818507891871744,negative,usertoken a school trip of 38 including myself had to sleep over in the airport and are all on different standby flights.this is not good,negative,0.8940705897001059,0.05739887480853943,0.048530535491354644,True
13586,569818121302896640,negative,usertoken your customer service is inferior to that of a nationalized third world nation is airline. get it together.,negative,0.9622508520943145,0.005827656316303065,0.03192149158938244,True
13595,569811246096064512,negative,usertoken interested in possibly changing my flight to another day...need to see if there are any fees but your number is busy,neutral,0.4084191428810106,0.5660391890569875,0.025541668062002,False
13618,569797440100036608,neutral,usertoken what terminal lhr for aa5/ba1506? doesn not say in boarding pass,negative,0.6209888166067961,0.3534134738183283,0.02559770957487567,False
13638,569786215693742080,negative,"usertoken so i was visiting sju and was returning to paris and they checked my bag at the gate in sju, i arrived in paris and nothing,(1)",negative,0.8059772903680201,0.0842491145108849,0.1097735951210951,True
13647,569774273851568128,negative,usertoken is the 24/7 phone line open? on hold for over 2 hours now. your check-in agents cannot help at the airport itself. please help.,negative,0.9899300124105176,0.008962350689250602,0.0011076369002317784,True
13661,569766247715319808,negative,usertoken flight cancelled flighted! i am trying to get to chicago. what are me and usertoken gonna do. flyingflighttravel,negative,0.9380740149254494,0.05710178922334149,0.004824195851208984,True
13664,569764275700375552,negative,usertoken has to be the worst airline in the world yousuck horrible oscars2015,negative,0.8344135080421863,0.060075747638041556,0.10551074431977212,True
13681,569752206343348224,negative,usertoken why arent callings going thru it doesnt have me wait or anything and automated stuff is messed up,negative,0.9302057462024709,0.0441047995561154,0.025689454241413823,True
13693,569745528382038016,negative,usertoken did you guys just give up helping people? your phone tree just hangs up on me and i have a flight tomorrow. connection pending,negative,0.808207787184005,0.10540146995586008,0.08639074286013486,True
13696,569744516715913216,negative,usertoken this has happens so many times. it is just upsetting to see how poorly an airline treats their customers,negative,0.4319247220157781,0.13670131511346126,0.4313739628707606,True
13714,569738779931623425,negative,"usertoken bag turned up, no thanks to your useless call-centre and useless website",negative,0.9405215980755638,0.0059631235902672195,0.0535152783341689,True
13721,569736283326586880,neutral,usertoken usertoken lmao this is so funny,negative,0.469016263585269,0.2218737492832841,0.30910998713144694,False
13730,569732616376725504,positive,usertoken 1) i was on 1610 today to yyz. i had a bit of a bag issue that was cleared up beautifully. thank you to all of the check in,positive,0.3310971174609933,0.11253916502882427,0.5563637175101823,True
13733,569731189214351360,positive,usertoken gate agent jan l at phoenix was at least able to get my younger daughter seated near my wife. thank you!,positive,0.4488266705220605,0.09649403043193769,0.4546792990460018,True
13741,569729569428627456,positive,usertoken all good! i am catching the 11:10p flight tonight. thanks for the response.,positive,0.031327322293167086,0.021770159429698874,0.9469025182771341,True
13743,569728440758181889,negative,"usertoken flight cancelled flightled, website refers to 1-800#, the 1-800# hangs up on me. not auto-rebooked. really? horrible company.",negative,0.995850442057194,0.0025888510910273364,0.0015607068517786132,True
13752,569727135717281792,negative,usertoken first flight is cancelled flightled. been on hold for 4 hours. need information and getting none. help?,negative,0.9935401548908859,0.004569809208040543,0.0018900359010736705,True
13764,569720969947848704,negative,usertoken usertoken usertoken tell that piece of shit to get fucked... i will fly exclusively with you for life...,negative,0.6581663687316122,0.2260709900300354,0.11576264123835237,True
13781,569718465034096640,negative,"usertoken our ft 1261 tus/dfw (w/cx to lga) tomorrow cancelled flighted, 4 hrs so far waiting for call back. what should we do? need to get to nyc",negative,0.9280635254497889,0.06275938622945307,0.009177088320757901,True
13785,569718162595426304,positive,usertoken got my bags this morning! thanks!,positive,0.1410582014174797,0.1773897412297757,0.6815520573527446,True
13788,569717632993263616,negative,usertoken i am home &amp; only 9hr late flight. no thanks to your service centre - their plan involved 4 flight legs all across na and 2 full days..,negative,0.9194021136893933,0.013397408299394531,0.06720047801121229,True
13803,569714842405249024,positive,“usertoken: usertoken those are very beautiful photos!” thx! would marketing dept be interested in buying?,positive,0.33988964676746924,0.24097029269518266,0.419140060537348,True
13810,569713719124602880,negative,usertoken it is been 2 hrs of wait on the phone a) worst customer services b) trying to know where my suitcase is and way more 😤angry,negative,0.9866721492443538,0.007989750883923837,0.005338099871722426,True
13834,569705276481282048,negative,usertoken it is been almost 3 days and it is still frozen. thanks doll 😘😑,negative,0.7116372591840074,0.07986092139504185,0.20850181942095072,True
13835,569704597922557952,negative,usertoken line of 100+ people to rebook at mia now. virtual hold on rebook line just hangs up during call back. urltoken,negative,0.9844083616215401,0.009466735206077064,0.006124903172382836,True
13862,569700071484338177,negative,"usertoken this is pathetic customer service. why have bag tags, barcodes and computers if your response is, ""not yet located""?",negative,0.9868547189719148,0.002343438318741611,0.010801842709343463,True
13867,569699091367665664,negative,"usertoken i need to speak to a real person. my flight was cancelled flightled with no explanation, and i have been on hold for more than 3 hours.",negative,0.999699934593194,0.0001748013554085787,0.00012526405139735034,True
13868,569698963428925440,negative,usertoken you have let me down. seriously. unhappycustomer,negative,0.8600089300598794,0.0682118703998698,0.07177919954025087,True
13875,569697809017864193,negative,"usertoken seriously, i do not want to wait 24 hours for a flight when i have to prepare for a family funeral.",negative,0.9556776591733974,0.03873630291540694,0.005586037911195787,True
13882,569696449111461888,positive,usertoken great flight experience again... sfo-jfk... dare i say it? a consistent high quality on a legacy airline? keep it up guys!,positive,0.23814332223683343,0.016252152718944573,0.7456045250442219,True
13890,569694591290646529,neutral,usertoken what is the status of flight 1675 tomorrow,neutral,0.09048268554649933,0.9025910146784853,0.006926299775015303,True
13891,569694483769659392,negative,usertoken 4828 but i just missed it because no one is at the gate to marshall us in so now i have to rent a car &amp; drive 5 hrs. so thanks.,negative,0.9435588978263209,0.0234143471552509,0.033026755018428305,True
13896,569693664433156096,negative,usertoken having trouble getting rebooked,negative,0.8449564875684235,0.10602822893385958,0.049015283497717006,True
13902,569692664720797696,negative,usertoken any hints to get through to and stay connected with you to rearrange weather relate flightd cancelled flights? hours in now w/nothing.,negative,0.7876628254569432,0.16232725297039916,0.05000992157265767,True
13935,569689221658775553,positive,usertoken americanview new paint scheme looks great! usairways urltoken,positive,0.17213876999294309,0.20920775639971212,0.6186534736073448,True
13936,569688901922615296,negative,"usertoken thanks for the call on my cancelled flightled flight, not! flight booking problems me for tues no good weather caused me 2 leave early",negative,0.8785160082921233,0.013239489485003727,0.10824450222287302,True
13941,569688392553799680,negative,usertoken can you tell me why all flights from xna 2 dfw are cancelled flightled for tomorrow morning already?,neutral,0.46801181602085223,0.5180579012697003,0.013930282709447466,False
13945,569688201222160385,negative,"usertoken oh it can get better apparently. after making us wait for a gate, psych!! now we need you to de-ice before coming to the gate!!",negative,0.5300832758296026,0.10577947109446419,0.36413725307593325,True
13968,569684298107740160,neutral,"usertoken know that i could use that for a flight into canada. by they time they figured it out, it was too late flight to check our bags",negative,0.8560353198037411,0.12278891429986771,0.021175765896391172,False
13972,569683866908286976,negative,"usertoken my flight from vcp to jfk was delayed and now it has been cancelled flighted, what should i do?",negative,0.989288539762823,0.008510864460880983,0.0022005957762959525,True
13985,569681786860654592,negative,usertoken will not answer the reservation line! nice service. we may be stuck...,negative,0.9558279372808068,0.027639707667133206,0.016532355052059897,True
14012,569677660890116096,negative,"usertoken i really want to get home. tonight, preferably. please stop delaying my plane 😢😕😦 americanairlines",negative,0.8078120911070743,0.09659129933176336,0.09559660956116234,True
14019,569676702030262272,negative,usertoken the worst air experience i have ever had and i am not in the first plane yet.,negative,0.9793513797660738,0.004149448517091786,0.016499171716834373,True
14035,569675527662874624,neutral,usertoken checking into a flight on your website is about as easy as asking a bear to shit in a toilet justsaying,negative,0.8955144101551934,0.07975434646265056,0.024731243382155883,False
14088,569668644529147904,negative,is rudeness and poor customers service a job requirement at usertoken ? been waiting 28hrs and still haven not even seen one plane😡,negative,0.9921715765977845,0.0013373311498842565,0.006491092252331294,True
14099,569666814017294339,neutral,"usertoken usertoken , so what would be a file number that works , needs to be 10 characters , email me derek.austinusertoken.ca easier",negative,0.7713934886936217,0.2007659487614593,0.027840562544919012,False
14116,569664787946164224,negative,usertoken we are through. i can quit you. i am. the nonsense &amp; lies are a colossal infringement you can no longer get away with,negative,0.9242996628064578,0.054892245859101685,0.02080809133444053,True
14117,569664668010225664,negative,"usertoken 719. looks like we are about to get going, finally!",negative,0.8012586389838047,0.1299254088302509,0.06881595218594447,True
14132,569663351124422656,negative,usertoken close down,neutral,0.42220217685108075,0.4332021323326381,0.14459569081628118,False
14135,569662471213948928,negative,usertoken aa 100 - good job overselling this flight. delayed 90 minutes to deplane the overflow passengers' bags.,negative,0.807054396590518,0.09652725610915179,0.09641834730033004,True
14169,569659317458243584,negative,usertoken this is ridiculous! you all really have terrible customer service and a lack of urgency. im convinced.,negative,0.940834213153087,0.008439126224616244,0.05072666062229666,True
14177,569658340147646464,neutral,usertoken i am on 1024 into dallas. do i have any chance of catching 2238 to boston? do i need to run from gate d6 to a15?.,neutral,0.0886228480083469,0.90252896070485,0.008848191286803107,True
14178,569658322413965312,negative,usertoken aa i need a hail mary. how do i get from dallas to joplin jln in the next 14 hours. willing to fly to other airports and drive,negative,0.568849440259645,0.3959008463940887,0.035249713346266295,True
14180,569658153115250689,negative,usertoken rude gate agent by aa363 ord-lga just now. seems to have a temper. made me check in a bag that fit inside the sizer.,negative,0.9604199856132485,0.012243461082885586,0.027336553303865942,True
14193,569656281885077505,neutral,usertoken what is the best way to check on any delays or cancelled flightlations for my flight out of dfw on tuesday?,neutral,0.1532358689943256,0.8157371383599635,0.031026992645710797,True
14210,569653752279531521,negative,"usertoken plane breaks, unloads the passengers, told to re enter to only come back off. flight cancelled flightled, missed wedding. badbusiness",negative,0.9774152304746405,0.014182443617693592,0.00840232590766593,True
14228,569650542995116033,negative,usertoken is flight 2934 dfw to gsp going to be cancelled flightled tomorrow?,neutral,0.30938607772764765,0.6836840868135405,0.006929835458811724,False
14241,569647618932002816,positive,"usertoken pretty impressed with the in flight entertainment. full touch, usable, smooth, good selection.",positive,0.032071924321821946,0.048957254491723584,0.9189708211864546,True
14242,569647146712113152,negative,usertoken now your site is not working! wtf,negative,0.9896114405729857,0.0048828962436132314,0.0055056631834011155,True
14246,569646613183885312,negative,usertoken my flight has been delayed &amp; i cannot talk reach anyone in customer service because of high call volume.,negative,0.9927397292137637,0.0007598688601579681,0.006500401926078206,True
14247,569646601398067200,negative,usertoken why does your rtw planner (spec. circle pacific) not let me even plan the demo routes from your website?,negative,0.9738348934105197,0.02054362171884441,0.0056214848706358745,True
14266,569644070470963201,negative,"usertoken been a very long day in philly...12:13pm flt to ord cancelled flighted with no notice, no message, no email. not nice for we platinums.",negative,0.9873977222805705,0.0056974573317691,0.0069048203876602935,True
14270,569643388611330048,negative,"usertoken usertoken no, not helped one bit. actually ended up driving home due to extreme disorganization and lack of communication.",negative,0.8486908865810306,0.08265008896444483,0.06865902445452464,True
14280,569642306640306176,neutral,usertoken am on web site requesting refund for cancelled flightled flight. it requires numerical document number. where get it?,negative,0.9509644838764812,0.04438986113216972,0.004645654991349089,False
14304,569638919131627522,negative,"usertoken usertoken aa1224: 45 mins for priority bags to arrive, now late flight for evening plans! delta 20 min bag guarantee anyone? :(",negative,0.97414049517083,0.01897818946252834,0.006881315366641789,True
14314,569636064035348480,negative,"usertoken yes, and rebooked incorrectly.",negative,0.4984301637515271,0.4126485072229359,0.08892132902553705,True
14315,569636003473793024,negative,"usertoken fair enough. but they could have at least told us. once again it is the lack of communication. delays happen, just tell me",negative,0.889392807169987,0.09859779836741146,0.01200939446260158,True
14323,569633689665216512,negative,usertoken i did. 5 times. with 4 of those being hung up on. the other one it finally sent me to the call back notification. fixyourstuff,negative,0.8676495961593025,0.046769022838971074,0.08558138100172649,True
14346,569630715698151424,negative,"usertoken where are your ticket offices in boston? impossible to book by phone or use voucher on website, what a headache! please help!",negative,0.8098848025807062,0.17807916528737952,0.012036032131914202,True
14360,569627770613063680,positive,usertoken i would like to thank the customer service team for their response to my cancelled flightled flight but just offering to (cont),negative,0.8032552233017834,0.03780600528283205,0.15893877141538454,False
14397,569621367806664705,negative,usertoken why was my flight from miami to dallas monday rescheduled to tuesday?,negative,0.7869119957911078,0.18640468550111305,0.026683318707779107,True
14401,569620850820956160,negative,usertoken worst airline ever. we have been stranded for 24 hours because of your 7 hour delay with flight 104 last night.,negative,0.9995048955662883,0.00020556422642093253,0.0002895402072907039,True
14416,569619246520479745,negative,usertoken called executive platinum desk and got a two hour call back time... 2.5 hrs late flightr still no call and still stuck in chicago,negative,0.9916693861930259,0.00359523321491408,0.004735380592059869,True
14417,569618972535959552,negative,usertoken i need to order a special meal and i cannot reach aa. been on hold for over 2 hours,negative,0.9818826203929484,0.01567701652461126,0.0024403630824403597,True
14428,569617089155211265,neutral,usertoken just downloaded the app for iphone. notice drink coupon but nothing is displayed? getting ready to fly...,negative,0.6802735282713422,0.09211401335292337,0.2276124583757343,False
14435,569616362223628289,negative,"usertoken that is a complete cop out! u ask what the issues are, then do nothing about it. how are we supposed to sort the situation now?",negative,0.8880442328791333,0.09334088062602786,0.018614886494838976,True
14447,569615290956259328,negative,usertoken i got rebooked on on us airways by you guys but the flight i got will not work. any help would be appreciated.,negative,0.7135533578146854,0.24797462464896938,0.038472017536345215,True
14449,569615004489494528,neutral,usertoken can you upgrade (with cash) to main cabin extra after buying an aadvantage mileage saver (using miles)? cannot seem to do it...,negative,0.6763490195524874,0.30264995617787854,0.021001024269634076,False
14453,569613661045690368,negative,"usertoken usertoken yeah, i have a lot of questions, number one: how dare you",negative,0.694569261737937,0.28591623183096154,0.019514506431101405,True
14455,569613601918492672,neutral,usertoken hey guys. dmed you a question about when 500-mile upgrades post after earning. hope to use tomorrow,negative,0.6232309200883817,0.3357957835772246,0.04097329633439362,False
14460,569612947833671680,negative,usertoken i get &amp; can appreciate that. i have just had so many problems in the last year flying with guys... pretty aggravating.,positive,0.195711803731972,0.14521087318642967,0.6590773230815984,False
14461,569612307363266560,negative,usertoken not sure why i would bother when the agent at the airport didnt help &amp; nobody on phone would. ticket cancelled flightled for no reason.,negative,0.9713345580353653,0.02634683410345366,0.0023186078611809346,True
14472,569610871934205954,negative,usertoken you have to run the engine to troubleshoot an issue before boarding the plane!?! how about another plane? aa2227 miatoiah,negative,0.8557573855467097,0.12270148550563786,0.02154112894765253,True
14474,569609970007674881,negative,usertoken flight was cancelled flightled can you guys help?,negative,0.9720897202986236,0.02304135796533756,0.004868921736038818,True
14496,569606513859305473,negative,usertoken seattle check-in. 1 desk servicing full service line. 2 desks servicing priority. full srvc wait 30+ minutes. customer svc fail,negative,0.9246784320431916,0.04345339886682122,0.031868169089987186,True
14502,569606093393010688,neutral,usertoken are flights from columbus ohio to dallas texas cancelled flighted?,negative,0.5377517397087165,0.4155057143853247,0.04674254590595878,False
14521,569604400479649792,neutral,usertoken how does one book a ticket online and put it on hold? does that require that i pay for the ticket?,negative,0.9278684693883744,0.06001916850358103,0.01211236210804452,False
14532,569603156927246336,negative,usertoken missing a full days of work thanks guys,negative,0.7417267022255568,0.05679486620321565,0.20147843157122752,True
14534,569602798867881985,negative,.usertoken i cannot even get on the phone with your reservations team. the system automatically disconnects us.,negative,0.8489841643205402,0.04540102233584194,0.1056148133436177,True
14535,569602682505138176,negative,usertoken flight cancelled flighted and rebooked but agent made a mistake and booked wrong date! been trying to get through via phone for hours!!,negative,0.996816485792481,0.0015931669862606912,0.001590347221258262,True
14567,569598314825555968,negative,usertoken what is the status at dfw? ticket agent at gate a9 was very rude and unhelpful.,negative,0.9193935364872111,0.05406962894224726,0.02653683457054155,True
14569,569597962659110913,neutral,usertoken i am trying to switch my flight to aa 1359 i am currently on aa 2401 at 6:50am monday morn then aa 2586! help me!!,neutral,0.32939772973175574,0.6612228012431013,0.009379469025143044,True
14575,569596793941401601,negative,usertoken don not you guys have an email address? just put me on the next available flight from ohare,negative,0.8824286668066214,0.09868907673218985,0.018882256461188653,True
14585,569595595754639360,negative,"usertoken no hold times, just disconnections. there is no excuse for that",negative,0.8248514064319136,0.15040528583858315,0.02474330772950334,True
14586,569595399557685248,negative,".usertoken nice 2 know. i paid 4 a seat. then you sold my seat. now i bought a 3rd seat. it is a good scam, but a scam all the same.",negative,0.7926098644291545,0.09778767792011248,0.109602457650733,True
14588,569595309279440896,neutral,"usertoken if business class if full but 1st class empty, do you guys upgrade exp members to 1st?",negative,0.5922454990978655,0.38634187547002674,0.021412625432107858,False
14599,569593045777321985,negative,usertoken usertoken it is not the weather. it is also gross incompetence. understaffing. crew forgetting to load bags. don not duck truth.,negative,0.9282552731084952,0.02556219899308387,0.04618252789842083,True
14604,569592590632247297,negative,usertoken has aa flight 296 from san antonio to dallas been cancelled flighted?,negative,0.9232384490581441,0.053520021510452535,0.023241529431403278,True
14605,569592447455465472,negative,usertoken trying to book a flight on hold- cannot get through to a representative on the phone- advice?,negative,0.9895867285758518,0.0072792878212522534,0.0031339836028958976,True
14606,569592402085847041,negative,usertoken cancelled flights flights arbitrarily on same itinerary. weekend ruined for no good reason! no crew = missed monday am mtg.,negative,0.8170579794301379,0.14258823689748495,0.0403537836723773,True
14608,569592177312923650,negative,usertoken my flight was cancelled flightled from laguardia to louisville ky and i am stuck at the airport. do you guys compensate for this?,negative,0.9822112399587085,0.01511438619132634,0.0026743738499652317,True
14611,569591730506371072,neutral,"usertoken guarantee no retribution? if so, i would be glad to share.",neutral,0.19859799493497932,0.6099977829428455,0.1914042221221753,True
14612,569591700416393216,negative,usertoken a friend is having flight cancelled flightlations out of lax to cmh on feb 23. anyway to help her? 800 number has been no help,negative,0.8025296038471192,0.14629177654820463,0.0511786196046761,True
14622,569590191758962688,negative,i just need a place to sleep when i land without accommodations in pls usertoken!,negative,0.4788460294962525,0.3196889323736273,0.2014650381301203,True
14628,569588651925098496,positive,"thank you. “usertoken: usertoken customer relations will review your concerns and contact you back directly, john.”",positive,0.23269461604529415,0.08292553619681663,0.6843798477578893,True
14629,569588591602458624,negative,usertoken how do i change my flight if the phone system keeps telling me that the representatives are busy?,negative,0.8962630558737892,0.08904920994976982,0.014687734176440965,True
14630,569588473050611712,positive,usertoken thanks! he is.,positive,0.031161895845208093,0.028522093784620013,0.9403160103701719,True
14633,569587705937600512,negative,"usertoken my flight was cancelled flightled, leaving tomorrow morning. auto rebooked for a tuesday night flight but need to arrive monday.",negative,0.8899959093371863,0.10370392390650146,0.006300166756312115,True
14634,569587691626622976,negative,usertoken right on cue with the delays👌,negative,0.6946384677546844,0.20959199958351907,0.09576953266179657,True
14635,569587686496825344,positive,usertoken thank you we got on a different flight to chicago.,positive,0.09897425176181832,0.10248263539216813,0.7985431128460135,True
