TxID,Coffee,Bread,Butter,Tea,Jam
101,False,False,False,True,False
102,False,True,False,True,False
103,False,True,False,True,True
104,False,True,False,True,True
105,False,True,False,True,True
106,True,True,True,False,False
107,False,False,False,True,True
108,False,True,True,True,True
109,False,True,False,True,True
110,False,False,False,True,True
111,False,True,False,True,True
112,True,True,True,True,False
113,False,False,False,True,True
114,True,False,True,False,False
115,True,True,True,False,False
116,True,True,False,False,False
117,False,False,True,False,False
118,True,True,True,False,False
119,True,False,True,False,False
120,False,True,False,True,True
121,True,True,True,False,False
122,False,False,True,False,True
123,False,True,False,False,True
124,False,True,False,True,True
125,False,True,False,True,False
126,True,False,True,False,False
127,True,True,True,False,False
128,False,True,True,False,False
129,True,True,False,False,False
130,False,False,True,False,False
131,True,False,True,False,False
132,True,True,True,False,False
133,True,False,False,False,False
134,True,True,True,False,False
135,False,True,False,True,True
136,True,False,True,False,False
137,False,True,False,True,True
138,False,True,False,False,True
139,False,False,False,True,True
140,False,True,False,False,False
141,False,True,False,True,False
142,False,True,False,True,True
143,True,True,True,False,False
144,True,True,True,True,True
145,True,True,True,False,False
146,True,False,True,False,False
147,True,True,True,False,False
148,False,False,False,False,True
149,False,False,False,True,True
150,True,True,True,False,False
151,True,True,True,False,False
152,True,False,True,False,False
153,False,False,False,False,True
154,False,False,False,True,True
155,True,True,False,False,False
156,False,False,False,False,True
157,False,False,False,True,True
158,False,False,False,True,True
159,True,True,True,False,False
160,False,True,False,True,True
161,True,True,True,False,False
162,True,True,False,False,False
163,False,False,False,True,True
164,True,False,False,True,False
165,False,False,False,True,True
166,False,False,True,False,False
167,True,True,True,False,False
168,True,True,False,True,True
169,True,True,True,False,False
170,False,True,False,True,True
171,False,False,False,True,True
172,True,False,True,False,False
173,True,False,True,False,False
174,False,False,False,False,True
175,True,False,False,False,False
176,True,True,True,False,False
177,True,True,True,False,False
178,True,True,True,False,False
179,False,False,False,True,True
180,False,False,False,True,True
181,True,False,True,False,False
182,False,True,False,True,True
183,True,True,True,False,False
184,True,True,True,False,False
185,True,True,True,False,False
186,False,False,False,True,True
187,True,True,True,False,False
188,False,False,False,True,False
189,True,False,True,False,False
190,True,True,True,False,False
191,False,True,False,True,True
192,False,False,False,True,True
193,True,True,True,False,False
194,False,False,True,False,False
195,True,False,True,False,False
196,True,False,True,False,False
197,True,False,True,False,False
198,False,False,False,False,True
199,True,False,False,False,False
200,False,True,False,False,True
201,True,False,True,False,False
202,False,False,True,False,False
203,False,True,False,True,True
204,False,False,False,True,True
205,True,False,True,True,False
206,True,True,False,True,True
207,True,False,True,False,False
208,True,True,True,False,False
209,False,True,False,True,False
210,True,True,True,True,False
211,False,True,False,True,True
212,True,True,True,False,False
213,False,False,False,True,True
214,True,True,True,False,False
215,True,False,True,False,False
216,False,False,False,True,False
217,False,True,False,True,True
218,True,True,True,False,False
219,True,True,True,False,False
220,True,True,True,False,True
221,False,True,False,True,True
222,True,True,True,False,False
223,True,True,True,False,False
224,True,False,True,False,True
225,True,True,True,False,False
226,True,False,True,False,False
227,True,True,True,False,False
228,True,False,False,True,False
229,True,True,True,True,False
230,False,False,False,True,True
231,True,False,True,False,False
232,True,False,True,False,False
233,False,False,True,True,False
234,True,False,True,False,False
235,True,False,False,False,False
236,False,False,False,True,True
237,True,True,True,False,False
238,True,True,False,False,False
239,False,True,False,False,False
240,True,False,True,False,False
241,True,False,True,False,False
242,True,False,False,True,False
243,True,False,True,False,False
244,False,True,False,False,True
245,True,True,False,False,False
246,False,True,False,True,True
247,False,True,False,False,True
248,False,True,False,True,False
249,False,False,False,True,True
250,True,True,True,False,False
251,True,True,True,False,False
252,True,True,True,False,False
253,True,False,True,True,False
254,True,True,True,False,False
255,True,False,True,True,True
256,False,True,False,False,True
257,True,False,True,True,True
258,True,True,True,False,False
259,False,False,False,True,True
260,True,True,True,False,False
261,False,False,False,False,True
262,True,False,False,True,True
263,True,False,True,False,False
264,False,False,False,True,False
265,True,False,True,False,False
266,False,False,False,False,True
267,False,True,False,True,True
268,True,True,True,False,False
269,True,True,True,False,False
270,False,True,False,True,True
271,True,False,False,False,False
272,True,True,False,False,False
273,True,False,True,False,False
274,True,False,False,False,True
275,True,False,True,False,False
276,False,True,False,True,True
277,True,True,True,False,False
278,True,True,True,False,False
279,True,True,True,False,False
280,True,False,False,False,False
281,True,True,True,False,False
282,True,False,False,False,False
283,False,False,False,True,True
284,True,False,False,True,False
285,True,False,True,False,False
286,False,True,False,True,False
287,True,True,True,False,True
288,True,True,True,False,False
289,True,False,True,False,False
290,True,True,True,False,False
291,False,True,False,True,True
292,True,True,True,False,False
293,True,True,True,False,False
294,True,True,False,True,False
295,False,False,False,True,True
296,False,True,False,True,True
297,False,True,False,True,True
298,False,True,False,True,True
299,True,True,True,False,False
300,True,True,True,False,False
301,True,True,True,False,False
302,True,True,True,False,False
303,False,True,True,True,False
304,True,False,True,False,False
305,True,True,False,False,False
306,False,True,True,False,False
307,True,True,True,False,False
308,False,True,False,False,False
309,False,True,True,False,False
310,False,False,False,True,True
311,True,False,True,False,False
312,False,False,False,True,True
313,True,True,False,False,True
314,True,True,True,False,False
315,False,True,False,True,False
316,True,True,True,False,False
317,False,False,False,True,True
318,False,True,False,False,False
319,False,False,False,False,True
320,False,True,False,True,True
321,False,False,False,True,True
322,True,True,False,True,True
323,True,True,False,False,False
324,True,False,False,False,False
325,True,True,False,False,True
326,False,False,False,False,True
327,True,False,True,False,False
328,False,True,False,False,True
329,True,False,True,False,False
330,False,False,False,True,False
331,False,False,False,True,True
332,False,True,False,True,True
333,False,False,False,True,True
334,False,True,True,False,False
335,True,True,True,False,False
336,False,False,True,False,False
337,False,True,True,True,False
338,False,False,False,True,True
339,False,True,False,True,True
340,True,True,False,False,False
341,False,True,True,False,False
342,False,False,False,False,True
343,False,True,False,False,False
344,True,False,True,False,False
345,False,True,False,True,True
346,False,True,False,True,True
347,False,False,False,True,False
348,True,True,True,False,False
349,False,True,False,True,True
350,True,True,True,False,False
351,False,False,False,True,True
352,True,True,True,False,False
353,True,True,True,False,False
354,True,False,True,False,False
355,True,True,True,False,False
356,False,True,False,True,True
357,False,False,True,False,True
358,False,True,False,True,True
359,True,False,True,False,False
360,True,False,True,False,False
361,False,True,False,False,True
362,True,True,True,False,False
363,True,True,False,False,True
364,True,False,True,False,False
365,True,True,True,False,False
366,False,False,False,True,False
367,True,False,True,False,False
368,True,True,True,False,False
369,True,True,True,False,False
370,True,True,True,False,False
371,False,False,False,True,True
372,True,True,True,False,False
373,False,False,False,True,True
374,False,False,False,True,True
375,False,False,False,True,False
376,True,False,True,False,False
377,False,True,False,True,True
378,False,False,False,True,True
379,True,False,True,False,False
380,False,True,False,True,False
381,True,False,True,False,False
382,False,False,True,False,False
383,True,True,False,False,False
384,False,True,False,True,True
385,False,True,False,True,False
386,False,True,True,True,True
387,True,False,True,False,False
388,False,False,False,True,True
389,False,True,False,True,True
390,True,True,True,False,False
391,True,False,True,True,False
392,True,False,True,False,False
393,False,True,False,True,True
394,True,True,True,False,False
395,False,False,False,True,True
396,False,False,False,True,True
397,False,False,False,False,True
398,False,True,False,True,True
399,True,False,True,False,False
400,True,True,True,False,False
401,True,True,False,False,False
402,False,True,True,True,True
403,False,False,False,True,False
404,True,False,False,True,False
405,False,False,False,True,True
406,False,False,False,True,True
407,True,True,True,False,False
408,True,True,True,False,False
409,False,True,False,True,True
410,True,False,False,False,True
411,False,True,True,False,False
412,True,False,True,False,False
413,False,True,False,True,True
414,True,True,True,False,False
415,False,False,False,True,True
416,True,True,True,False,False
417,False,True,False,True,False
418,True,False,False,False,False
419,False,False,False,True,True
420,False,False,False,True,True
421,False,True,False,True,True
422,True,True,False,False,False
423,False,False,True,False,False
424,True,False,True,False,False
425,True,True,True,False,False
426,True,True,True,False,False
427,True,True,True,False,False
428,True,False,True,False,False
429,True,True,True,False,False
430,False,True,False,True,True
431,True,False,True,False,False
432,True,False,False,False,True
433,True,True,True,False,True
434,False,True,False,False,True
435,True,False,True,False,False
436,True,True,False,False,False
437,False,True,False,False,False
438,True,True,True,False,True
439,False,False,False,True,True
440,False,True,False,True,True
441,True,True,False,True,True
442,False,False,False,True,True
443,False,True,False,True,True
444,True,True,False,False,True
445,True,True,True,False,False
446,True,True,True,False,True
447,True,False,False,False,False
448,True,False,True,False,False
449,False,True,False,True,False
450,False,False,False,True,True
451,False,True,False,True,True
452,True,True,True,False,False
453,False,True,False,False,True
454,False,True,False,True,True
455,False,False,False,True,False
456,True,False,True,False,False
457,True,True,True,False,False
458,True,True,False,False,False
459,True,False,True,False,False
460,True,True,False,False,True
461,True,True,True,False,False
462,False,True,False,True,True
463,True,False,True,False,False
464,True,True,True,False,False
465,True,True,True,False,False
466,False,True,False,False,True
467,False,True,False,False,False
468,False,False,False,True,True
469,False,False,False,True,True
470,True,False,True,False,False
471,True,True,True,False,False
472,False,True,True,False,False
473,False,True,False,True,True
474,True,False,True,False,False
475,True,True,True,False,False
476,True,True,True,False,True
477,True,True,False,False,False
478,True,True,False,False,False
479,False,False,False,True,True
480,True,False,True,False,False
481,True,False,True,False,False
482,False,True,True,True,False
483,True,True,True,False,False
484,True,False,True,False,False
485,False,True,False,True,True
486,False,True,False,True,True
487,False,True,False,False,True
488,True,True,True,False,True
489,False,False,False,True,True
490,False,True,False,True,True
491,False,False,False,True,True
492,False,True,False,True,False
493,True,True,True,False,False
494,True,True,True,False,False
495,False,True,False,False,False
496,False,False,True,False,False
497,False,True,False,False,True
498,True,True,True,False,False
499,False,False,False,True,True
500,False,False,False,True,True
501,False,True,False,True,False
502,False,False,True,False,False
503,False,True,False,True,True
504,True,True,True,False,False
505,False,False,False,True,False
506,False,True,False,False,False
507,False,False,False,True,True
508,False,True,True,False,False
509,False,True,False,True,True
510,True,True,True,False,False
511,True,True,True,False,False
512,True,False,False,True,True
513,True,True,True,False,False
514,False,False,False,True,True
515,False,False,False,True,True
516,True,True,True,False,False
517,False,False,False,True,True
518,False,True,False,True,True
519,False,False,False,True,False
520,True,True,True,True,False
521,True,True,True,False,False
522,False,True,False,True,True
523,True,False,True,False,False
524,False,False,False,True,False
525,True,False,False,False,False
526,True,True,True,False,False
527,True,True,True,False,False
528,False,True,False,True,True
529,False,False,False,True,False
530,False,False,False,False,True
531,True,False,True,False,False
532,False,False,False,True,True
533,False,True,False,True,True
534,False,False,False,True,False
535,True,True,True,False,False
536,True,False,True,False,False
537,True,False,True,False,False
538,False,True,False,True,True
539,True,True,False,False,True
540,True,False,True,False,False
541,True,True,True,False,False
542,True,False,True,False,False
543,True,True,True,False,False
544,True,False,True,False,False
545,True,True,True,False,False
546,True,True,False,True,True
547,False,True,False,True,False
548,True,False,False,False,False
549,True,False,False,False,False
550,True,True,True,False,False
551,True,False,True,False,False
552,True,False,False,False,False
553,False,False,False,False,True
554,True,True,True,False,False
555,True,True,True,False,True
556,True,True,True,False,False
557,True,True,False,False,False
558,False,False,False,True,True
559,False,False,False,True,True
560,True,False,True,False,False
561,True,True,True,False,False
562,True,False,True,False,False
563,False,False,False,True,True
564,True,True,True,False,False
565,True,False,False,True,True
566,True,True,True,False,True
567,True,True,True,False,False
568,True,True,True,False,False
569,False,False,False,False,True
570,False,True,False,True,False
571,True,False,True,False,False
572,False,False,False,True,True
573,True,True,True,False,True
574,True,True,True,False,False
575,True,True,True,False,False
576,False,True,False,True,True
577,True,False,True,True,False
578,True,False,True,False,False
579,True,True,True,False,True
580,True,False,False,False,False
581,True,True,True,False,False
582,False,True,False,True,True
583,False,False,False,True,True
584,True,True,True,False,False
585,True,False,True,False,False
586,False,False,False,False,True
587,False,True,False,True,False
588,False,True,False,True,False
589,False,True,False,False,True
590,True,True,True,False,False
591,True,True,True,False,False
592,False,True,False,False,True
593,True,True,False,True,False
594,False,False,False,True,True
595,True,False,True,False,False
596,False,False,False,True,True
597,False,True,False,True,True
598,True,False,True,True,False
599,False,False,False,True,False
600,False,True,False,True,True
601,False,True,False,True,False
602,False,False,False,False,True
603,True,True,True,False,False
604,False,False,False,True,False
605,True,True,True,False,False
606,False,True,False,True,True
607,True,True,True,False,False
608,False,False,False,True,False
609,True,False,True,False,False
610,False,True,False,False,True
611,False,False,False,False,True
612,True,True,True,False,False
613,True,False,True,False,False
614,True,False,True,False,False
615,True,False,True,False,False
616,True,False,False,True,True
617,True,False,True,True,True
618,False,True,False,True,True
619,False,False,False,True,True
620,True,False,False,False,False
621,False,True,True,True,True
622,True,False,True,False,False
623,True,True,True,False,False
624,False,True,False,True,True
625,False,True,False,True,True
626,True,False,True,False,False
627,False,False,True,True,False
628,True,False,True,False,False
629,True,True,True,False,False
630,True,True,False,True,True
631,True,True,True,False,False
632,False,True,False,True,True
633,True,True,True,False,False
634,True,True,True,False,False
635,False,False,False,True,True
636,True,True,False,False,True
637,True,True,True,False,False
638,False,True,False,True,True
639,True,True,True,False,False
640,False,True,False,True,True
641,True,True,True,False,False
642,False,True,False,True,True
643,True,True,True,False,False
644,False,True,False,True,True
645,False,False,False,True,True
646,True,True,True,False,False
647,False,True,False,True,True
648,True,False,False,True,False
649,False,True,False,False,True
650,True,True,False,False,False
651,True,False,True,False,False
652,True,False,True,False,False
653,False,False,False,True,True
654,False,False,False,True,True
655,True,False,True,False,False
656,True,False,False,True,False
657,True,False,True,False,False
658,True,True,False,True,True
659,True,True,True,False,False
660,True,False,False,True,False
661,False,True,False,False,True
662,False,True,False,False,False
663,True,False,True,False,False
664,False,True,True,False,False
665,False,False,False,False,True
666,True,False,True,False,False
667,False,True,False,True,True
668,False,True,False,False,False
669,True,True,True,True,False
670,False,True,False,True,True
671,False,False,False,True,False
672,True,True,True,False,False
673,False,True,True,False,True
674,False,True,False,True,True
675,False,False,True,True,False
676,False,True,False,True,True
677,True,True,True,False,False
678,False,False,False,False,True
679,False,False,False,False,True
680,False,True,False,True,True
681,True,False,True,False,False
682,True,False,True,False,False
683,False,False,False,True,True
684,False,False,True,False,False
685,True,True,True,False,True
686,True,True,True,False,False
687,False,False,False,True,True
688,False,False,True,False,False
689,False,False,False,True,True
690,False,True,True,False,False
691,True,False,False,True,True
692,True,True,False,False,False
693,True,True,True,False,False
694,True,True,True,False,False
695,True,False,True,False,False
696,True,True,True,False,False
697,True,False,True,False,False
698,True,False,True,False,False
699,True,True,False,False,False
700,True,True,True,False,False
701,True,True,True,False,False
702,False,True,False,True,True
703,True,False,True,False,False
704,False,False,False,True,True
705,True,False,False,False,False
706,False,True,False,True,True
707,False,True,False,True,True
708,True,True,True,False,False
709,True,True,True,False,False
710,True,False,True,False,False
711,True,True,True,False,False
712,False,False,False,True,True
713,False,False,False,True,False
714,True,False,True,False,False
715,True,True,False,True,True
716,True,True,True,False,False
717,True,True,True,False,False
718,True,False,True,False,False
719,False,False,False,True,True
720,True,False,True,False,False
721,True,False,False,True,True
722,True,False,True,False,False
723,False,False,False,False,True
724,False,True,False,True,True
725,True,False,True,False,False
726,False,True,True,True,True
727,True,False,True,False,False
728,True,True,True,False,False
729,False,True,True,False,False
730,False,False,False,False,True
731,True,True,False,False,False
732,False,True,False,True,True
733,True,False,True,False,False
734,False,True,True,False,False
735,False,True,False,True,False
736,True,True,True,False,False
737,False,False,False,True,True
738,True,True,True,False,False
739,True,True,True,False,False
740,True,False,False,False,False
741,True,False,False,False,False
742,True,False,True,False,False
743,False,True,False,False,True
744,False,True,False,True,True
745,False,True,False,True,True
746,True,True,True,False,False
747,False,True,True,True,True
748,True,True,True,False,False
749,True,False,True,False,True
750,True,True,True,False,True
751,False,True,False,True,True
752,True,True,False,False,False
753,False,True,False,True,True
754,False,True,False,True,True
755,True,True,True,False,False
756,False,True,False,True,True
757,False,True,True,False,False
758,True,True,True,False,False
759,True,True,False,False,True
760,True,False,True,False,False
761,True,False,True,False,False
762,False,True,False,True,True
763,True,True,True,False,False
764,False,True,False,True,True
765,True,False,False,False,False
766,True,False,True,False,False
767,False,True,False,False,True
768,False,False,True,False,False
769,False,False,False,True,True
770,True,False,False,True,True
771,True,True,True,False,False
772,True,True,True,False,False
773,True,True,True,False,False
774,False,False,False,True,True
775,False,True,False,True,True
776,False,False,True,False,False
777,False,False,False,True,True
778,False,False,False,True,True
779,True,True,True,False,False
780,True,True,True,False,False
781,True,True,True,False,False
782,True,True,True,False,False
783,True,True,True,False,False
784,False,True,True,True,True
785,True,False,True,False,False
786,True,False,False,True,True
787,True,True,True,False,False
788,False,False,False,True,True
789,True,True,True,False,False
790,True,True,False,False,True
791,False,True,False,False,False
792,True,False,True,False,False
793,False,True,True,False,False
794,True,True,True,False,False
795,True,False,True,False,False
796,True,True,True,False,False
797,True,True,True,False,False
798,False,True,True,False,True
799,False,False,False,True,False
800,True,False,True,False,False
801,False,False,True,True,False
802,True,False,False,False,False
803,True,False,True,True,True
804,False,True,False,True,True
805,False,False,False,True,True
806,True,False,True,False,False
807,True,False,False,True,False
808,False,False,False,True,True
809,True,True,True,False,False
810,False,False,False,True,True
811,False,True,False,True,False
812,True,False,True,False,False
813,False,True,False,True,True
814,True,False,True,True,False
815,False,False,False,True,True
816,True,False,True,False,False
817,True,True,False,True,True
818,False,False,False,True,True
819,True,True,False,False,False
820,False,False,False,True,True
821,True,False,False,False,False
822,True,True,True,False,False
823,False,False,False,True,True
824,True,True,True,False,False
825,True,True,True,False,False
826,True,False,True,False,False
827,False,False,False,True,True
828,False,False,False,True,True
829,True,True,True,False,False
830,True,True,True,False,False
831,True,False,True,False,False
832,True,False,True,False,False
833,True,True,True,False,True
834,False,True,False,True,False
835,False,False,False,True,True
836,False,False,False,True,True
837,False,True,False,True,True
838,False,True,True,False,True
839,False,True,False,True,True
840,True,False,True,False,False
841,True,True,False,True,False
842,True,False,False,True,False
843,True,False,True,False,False
844,False,False,False,True,False
845,False,False,False,True,False
846,True,False,True,False,False
847,True,True,True,False,False
848,False,False,True,False,True
849,False,False,True,False,False
850,True,True,True,False,False
851,True,False,True,False,False
852,True,True,True,True,False
853,True,False,True,False,False
854,True,True,True,False,True
855,False,False,True,False,False
856,False,True,True,False,False
857,True,False,True,False,False
858,False,False,False,True,True
859,True,True,True,True,True
860,False,True,False,True,False
861,True,False,False,False,True
862,True,False,True,False,False
863,False,True,False,True,True
864,False,False,False,True,True
865,True,True,True,False,False
866,False,False,False,True,True
867,True,True,True,False,False
868,True,True,True,False,False
869,False,True,False,True,True
870,False,False,True,True,False
871,True,False,True,False,True
872,True,False,True,False,False
873,True,False,True,False,False
874,True,True,True,False,False
875,True,False,True,False,False
876,False,True,False,True,True
877,True,True,True,False,False
878,False,False,False,True,False
879,True,True,True,False,False
880,True,True,True,False,False
881,True,True,True,False,False
882,True,True,True,False,False
883,False,True,True,True,True
884,False,False,False,True,True
885,True,True,True,False,False
886,False,False,False,True,True
887,True,True,True,False,False
888,True,True,True,False,False
889,True,True,True,False,False
890,True,True,True,False,False
891,False,True,False,True,True
892,True,True,True,False,False
893,False,False,False,True,True
894,True,True,True,False,False
895,False,True,False,False,False
896,True,True,True,False,False
897,True,False,True,False,False
898,True,False,True,False,False
899,False,True,False,True,False
900,True,False,True,False,False
901,True,True,True,False,False
902,True,False,True,False,False
903,False,False,False,True,True
904,False,False,False,True,False
905,False,False,False,True,True
906,True,True,False,False,False
907,True,True,False,True,True
908,False,True,True,True,True
909,True,False,True,False,False
910,False,True,False,True,False
911,True,True,True,True,True
912,False,False,False,True,False
913,False,False,False,True,True
914,True,True,True,False,False
915,True,False,True,False,False
916,True,True,True,False,False
917,False,False,False,False,True
918,False,False,False,False,True
919,True,True,False,True,True
920,False,False,False,True,True
921,True,True,True,False,False
922,True,True,False,False,False
923,False,False,False,True,True
924,False,True,False,True,True
925,False,False,False,True,False
926,True,True,True,False,False
927,False,True,False,True,True
928,True,False,True,False,False
929,True,False,False,True,False
930,False,True,False,True,True
931,True,True,True,False,False
932,False,True,False,True,True
933,True,False,True,False,False
934,True,True,False,False,False
935,True,True,True,False,False
936,True,True,True,False,False
937,True,True,True,False,False
938,True,False,True,False,True
939,True,True,True,False,False
940,False,True,False,False,False
941,True,True,True,False,False
942,True,True,True,True,True
943,False,False,False,True,True
944,True,True,True,False,False
945,False,True,False,True,False
946,True,False,True,False,False
947,True,True,True,False,False
948,True,True,True,False,False
949,True,True,True,False,False
950,True,True,True,False,False
951,True,True,True,False,False
952,True,False,True,False,False
953,True,True,True,False,False
954,False,False,False,True,True
955,False,True,False,True,False
956,False,True,False,True,True
957,True,True,True,False,False
958,True,True,True,False,False
959,True,False,False,True,True
960,False,True,False,True,True
961,False,False,False,False,True
962,True,True,True,False,False
963,True,False,True,False,False
964,True,True,True,False,False
965,True,True,True,False,False
966,True,True,True,False,False
967,True,False,True,False,False
968,True,False,True,False,False
969,True,False,True,False,False
970,False,False,False,False,True
971,False,False,False,True,True
972,True,False,True,False,False
973,False,False,False,False,True
974,False,True,True,False,False
975,True,True,True,False,False
976,False,True,False,True,True
977,False,False,False,False,True
978,True,True,True,False,True
979,False,True,False,True,True
980,True,True,True,False,False
981,True,False,True,False,False
982,True,True,True,False,True
983,True,False,True,False,False
984,True,False,True,True,False
985,False,False,True,False,False
986,False,True,False,True,True
987,False,True,False,True,True
988,False,True,False,True,True
989,False,False,False,True,True
990,True,False,True,True,False
991,False,True,True,True,True
992,False,False,True,False,False
993,True,True,True,False,False
994,True,True,True,True,False
995,True,False,True,False,False
996,False,True,False,True,True
997,False,True,True,False,False
998,True,True,True,False,False
999,True,False,True,False,False
1000,False,False,False,True,True
1001,True,False,True,False,False
1002,False,False,False,True,True
1003,True,True,True,False,False
1004,True,False,True,False,False
1005,True,False,True,False,False
1006,True,True,True,False,False
1007,True,False,True,False,False
1008,False,True,False,True,False
1009,False,True,False,True,True
1010,True,False,False,False,True
1011,False,False,False,True,False
1012,False,True,False,True,True
1013,True,True,True,False,False
1014,True,False,True,False,False
1015,False,True,False,True,True
1016,True,True,True,False,False
1017,True,True,True,False,False
1018,True,False,True,False,False
1019,False,True,False,True,True
1020,False,True,False,False,True
1021,True,True,True,False,False
1022,True,True,True,False,False
1023,False,True,False,True,False
1024,True,False,True,False,False
1025,True,True,True,False,False
1026,False,False,False,True,False
1027,False,True,False,True,True
1028,True,True,False,False,False
1029,False,True,False,False,False
1030,False,True,True,False,False
1031,True,False,True,False,False
1032,False,False,True,False,True
1033,True,False,True,False,False
1034,False,False,False,True,True
1035,False,False,False,True,False
1036,False,True,False,False,False
1037,True,True,True,False,False
1038,True,False,False,False,False
1039,True,True,True,False,False
1040,True,True,True,False,False
1041,False,False,False,True,False
1042,True,False,True,False,False
1043,False,True,True,False,False
1044,False,False,False,True,True
1045,False,False,False,True,True
1046,True,True,True,False,False
1047,False,True,False,True,True
1048,False,False,False,True,True
1049,False,False,False,True,True
1050,True,True,True,False,False
1051,False,True,False,True,True
1052,False,False,False,True,True
1053,False,True,True,True,False
1054,False,False,False,True,True
1055,False,False,False,True,True
1056,True,False,True,False,False
1057,True,False,True,False,False
1058,True,False,False,False,True
1059,True,False,True,False,False
1060,False,True,False,True,True
1061,False,False,True,True,True
1062,False,False,False,True,True
1063,True,False,True,True,False
1064,False,False,False,True,True
1065,False,False,False,True,True
1066,True,False,True,True,True
1067,True,True,True,False,False
1068,False,True,False,True,True
1069,True,True,True,False,False
1070,True,True,False,True,True
1071,False,True,False,True,True
1072,False,False,False,True,True
1073,True,True,False,False,False
1074,False,True,False,True,True
1075,True,False,False,True,False
1076,False,True,False,False,False
1077,False,False,False,True,True
1078,False,False,False,True,True
1079,False,False,False,True,True
1080,True,True,True,False,False
1081,False,False,False,True,False
1082,False,True,True,False,True
1083,True,True,True,False,False
1084,True,True,False,False,True
1085,False,False,False,True,True
1086,True,True,True,False,False
1087,True,True,True,False,False
1088,False,True,False,True,False
1089,False,True,False,False,True
1090,True,False,True,False,False
1091,True,True,True,False,False
1092,True,True,True,False,False
1093,True,False,True,False,False
1094,True,False,True,False,False
1095,False,False,False,False,True
1096,True,True,True,False,False
1097,True,True,True,False,True
1098,True,False,True,False,False
1099,True,True,True,False,False
1100,False,True,False,False,True
1101,True,True,True,False,False
1102,False,False,False,False,True
1103,False,True,True,False,True
1104,True,True,False,True,True
1105,True,False,True,False,False
1106,True,False,True,False,False
1107,False,False,True,False,False
1108,True,False,True,False,False
1109,False,False,False,True,True
1110,True,True,True,False,False
1111,False,False,False,True,True
1112,True,True,True,False,False
1113,True,True,True,False,False
1114,False,True,False,True,True
1115,False,False,False,True,True
1116,False,False,False,True,True
1117,True,True,True,False,False
1118,False,True,False,True,True
1119,False,False,False,False,True
1120,True,False,False,False,False
1121,False,False,False,True,True
1122,False,True,False,True,True
1123,False,False,True,True,True
1124,True,False,True,False,False
1125,True,False,True,False,False
1126,True,False,False,False,False
1127,True,False,True,False,False
1128,True,True,True,False,False
1129,False,True,False,True,True
1130,True,False,False,False,False
1131,False,True,False,True,True
1132,False,False,False,True,True
1133,False,True,True,False,False
1134,True,True,True,False,False
1135,False,True,False,False,False
1136,False,False,False,True,True
1137,True,True,False,False,False
1138,True,True,True,False,False
1139,True,True,True,False,False
1140,False,True,True,True,False
1141,True,False,True,False,False
1142,True,True,True,False,False
1143,True,True,True,False,False
1144,False,False,False,True,True
1145,True,True,True,False,False
1146,False,True,False,True,False
1147,False,True,False,True,True
1148,True,False,True,False,True
1149,True,True,True,False,False
1150,True,True,True,False,False
1151,True,False,True,False,False
1152,True,True,True,False,False
1153,False,False,False,True,True
1154,False,False,False,True,True
1155,True,False,True,False,False
1156,True,True,False,False,False
1157,True,False,True,False,False
1158,True,False,True,False,False
1159,True,False,False,True,True
1160,False,True,False,True,True
1161,False,True,False,False,True
1162,True,True,False,False,True
1163,False,True,False,True,True
1164,True,True,True,False,False
1165,True,False,False,True,False
1166,True,False,True,False,False
1167,True,True,False,False,True
1168,True,False,False,True,False
1169,True,True,True,False,False
1170,False,False,False,True,True
1171,True,False,False,False,False
1172,False,True,False,True,False
1173,False,True,False,False,False
1174,True,True,True,True,False
1175,True,True,True,False,False
1176,True,True,True,False,True
1177,False,False,False,True,False
1178,True,False,True,True,False
1179,True,False,True,False,False
1180,False,False,False,True,True
1181,True,False,True,False,False
1182,True,False,True,False,True
1183,True,False,False,False,False
1184,False,False,False,True,True
1185,True,True,True,False,False
1186,False,True,False,False,True
1187,False,False,False,True,False
1188,True,False,True,False,False
1189,True,False,True,False,False
1190,False,False,False,True,True
1191,True,False,True,False,False
1192,True,False,False,True,False
1193,False,True,False,True,True
1194,False,False,False,True,True
1195,True,True,True,False,False
1196,True,False,True,False,False
1197,False,True,False,True,False
1198,False,False,False,True,True
1199,True,False,True,False,False
1200,True,False,False,False,False
1201,False,True,False,True,True
1202,False,True,False,False,False
1203,False,True,False,False,False
1204,False,True,False,True,True
1205,True,False,True,False,False
1206,False,False,False,True,True
1207,False,False,False,True,True
1208,False,True,False,True,True
1209,True,True,True,False,False
1210,False,True,False,True,False
1211,True,False,False,True,False
1212,False,True,False,True,False
1213,True,True,True,False,False
1214,False,False,False,True,True
1215,True,True,False,False,False
1216,False,True,False,True,True
1217,True,True,False,False,False
1218,False,False,False,True,True
1219,False,True,False,True,True
1220,True,False,True,False,False
1221,True,False,False,False,False
1222,False,False,False,True,True
1223,True,False,True,False,False
1224,True,False,True,False,False
1225,False,False,False,True,True
1226,False,False,False,True,True
1227,True,False,True,False,False
1228,True,True,False,False,False
1229,True,True,True,False,False
1230,False,True,True,False,False
1231,False,True,False,True,True
1232,False,False,False,True,True
1233,False,True,False,True,False
1234,True,True,True,False,False
1235,False,False,False,True,True
1236,False,True,True,False,False
1237,False,False,False,True,True
1238,True,True,True,True,False
1239,True,False,True,False,False
1240,False,False,False,True,False
1241,False,False,False,True,True
1242,True,True,False,True,False
1243,False,True,True,False,False
1244,False,True,False,True,False
1245,False,False,False,True,True
1246,True,True,True,False,False
1247,False,False,True,True,True
1248,False,True,True,False,True
1249,True,True,False,True,False
1250,True,False,False,True,True
1251,True,True,True,False,False
1252,True,False,True,False,False
1253,False,True,False,True,False
1254,False,False,True,False,False
1255,False,True,False,True,True
1256,False,False,True,False,True
1257,True,True,True,False,False
1258,True,False,True,False,False
1259,True,True,True,False,True
1260,False,True,False,True,False
1261,True,False,False,True,False
1262,True,True,True,False,False
1263,True,False,True,False,False
1264,True,False,True,False,False
1265,True,True,True,False,False
1266,False,False,True,False,True
1267,False,False,False,True,True
1268,False,False,True,False,False
1269,False,True,False,True,True
1270,True,True,True,False,False
1271,False,True,False,True,True
1272,True,True,False,False,False
1273,True,True,False,True,True
1274,False,False,False,True,True
1275,True,True,True,False,False
1276,False,True,False,True,False
1277,True,True,True,False,False
1278,True,True,True,False,False
1279,False,True,False,True,True
1280,False,False,False,True,True
1281,True,True,False,True,True
1282,False,False,True,False,True
1283,True,False,True,False,False
1284,True,False,True,False,False
1285,False,False,False,True,True
1286,False,False,True,False,True
1287,True,False,True,False,False
1288,False,False,False,True,True
1289,False,False,False,True,False
1290,True,True,True,False,False
1291,True,False,False,False,False
1292,True,True,False,False,False
1293,False,True,False,True,False
1294,True,True,False,False,False
1295,True,True,True,False,False
1296,True,True,True,False,False
1297,True,False,True,False,False
1298,False,True,False,True,True
1299,False,True,True,True,False
1300,False,True,False,False,False
1301,False,True,False,True,True
1302,True,False,True,False,False
1303,False,True,False,True,True
1304,True,False,True,False,False
1305,False,False,True,True,False
1306,True,False,False,True,True
1307,False,True,False,True,True
1308,True,True,True,False,False
1309,True,False,True,False,False
1310,False,False,False,True,True
1311,True,True,True,False,False
1312,False,False,True,True,False
1313,False,True,False,True,True
1314,True,False,True,False,False
1315,True,True,True,False,False
1316,True,True,True,False,False
1317,True,True,True,False,False
1318,False,True,False,True,False
1319,False,True,False,True,True
1320,True,False,False,False,False
1321,False,True,False,False,True
1322,False,True,False,True,True
1323,True,False,True,False,False
1324,True,True,True,False,False
1325,True,False,True,False,False
1326,True,True,True,False,False
1327,False,True,False,False,True
1328,False,False,False,True,True
1329,True,False,True,False,False
1330,False,True,False,True,False
1331,True,True,False,True,False
1332,True,False,False,False,False
1333,True,True,False,False,True
1334,True,True,True,False,False
1335,False,True,False,True,True
1336,True,False,True,False,False
1337,True,True,True,False,False
1338,False,False,False,True,True
1339,True,False,True,False,False
1340,True,True,True,False,False
1341,True,True,True,False,False
1342,False,True,False,False,False
1343,False,True,True,False,False
1344,False,True,False,True,True
1345,False,True,False,True,True
1346,True,False,True,True,False
1347,False,True,False,True,False
1348,False,True,False,True,True
1349,False,False,False,False,True
1350,False,True,False,False,False
1351,False,False,False,True,False
1352,False,True,False,True,True
1353,True,True,True,False,False
1354,True,True,True,False,False
1355,True,True,True,False,False
1356,True,True,True,False,True
1357,False,False,False,True,False
1358,True,False,True,False,False
1359,False,False,False,True,True
1360,False,False,False,True,False
1361,False,False,False,True,True
1362,False,True,False,True,True
1363,False,False,False,True,True
1364,True,True,False,False,False
1365,True,False,False,False,True
1366,True,True,False,False,False
1367,True,True,True,False,False
1368,False,True,False,True,True
1369,False,False,False,True,True
1370,False,True,False,True,True
1371,True,True,True,False,False
1372,False,False,False,True,True
1373,False,False,False,True,True
1374,False,False,False,True,True
1375,True,False,True,False,True
1376,False,True,False,False,True
1377,True,False,True,False,False
1378,True,True,True,False,False
1379,True,True,True,False,False
1380,True,True,True,False,False
1381,True,True,False,True,True
1382,True,True,True,False,True
1383,True,True,True,False,False
1384,False,True,True,True,False
1385,True,True,True,False,False
1386,False,True,False,True,True
1387,False,False,False,True,True
1388,False,False,True,False,False
1389,False,False,False,True,False
1390,False,False,True,False,False
1391,False,False,False,True,True
1392,True,True,True,False,False
1393,True,False,True,False,False
1394,True,True,True,False,False
1395,False,False,False,True,False
1396,False,False,False,True,True
1397,True,True,False,False,False
1398,False,True,False,True,True
1399,True,False,True,False,True
1400,False,False,False,False,True
1401,True,False,False,False,False
1402,True,True,True,False,False
1403,False,True,True,False,True
1404,False,False,False,True,True
1405,False,False,False,True,True
1406,False,True,False,True,True
1407,False,True,False,False,False
1408,False,False,False,False,True
1409,True,True,True,False,False
1410,True,False,True,False,False
1411,False,False,False,True,True
1412,False,False,False,False,True
1413,False,False,False,True,True
1414,True,True,False,True,False
1415,True,True,True,False,False
1416,True,False,False,False,False
1417,True,True,True,False,False
1418,False,True,False,True,False
1419,True,True,True,False,False
1420,True,False,True,False,True
1421,True,False,True,False,False
1422,False,True,False,False,True
1423,True,True,True,False,False
1424,False,False,False,True,True
1425,True,False,False,True,True
1426,True,False,True,False,False
1427,True,False,False,False,False
1428,False,False,False,True,True
1429,True,True,True,False,False
1430,False,True,False,False,True
1431,False,True,False,True,True
1432,False,True,False,True,True
1433,True,True,True,False,False
1434,False,True,False,False,True
1435,False,True,False,True,False
1436,True,True,True,False,False
1437,False,True,False,True,True
1438,True,False,True,False,False
1439,True,True,False,False,False
1440,False,False,False,True,True
1441,False,False,True,False,False
1442,False,True,False,False,True
1443,True,True,True,False,True
1444,True,False,True,False,False
1445,False,False,False,True,True
1446,False,False,False,False,True
1447,False,True,False,False,True
1448,True,True,True,False,False
1449,False,True,False,True,True
1450,True,True,True,False,False
1451,True,False,False,True,True
1452,True,False,True,False,False
1453,False,False,False,True,False
1454,True,True,True,True,False
1455,False,True,False,True,False
1456,True,False,True,False,False
1457,False,True,False,True,False
1458,True,False,True,False,False
1459,True,False,True,False,False
1460,False,True,False,False,False
1461,True,False,False,False,True
1462,True,True,False,False,False
1463,False,True,False,True,True
1464,True,True,True,False,False
1465,False,True,False,True,True
1466,True,True,True,False,False
1467,True,False,True,False,False
1468,True,True,True,False,False
1469,False,False,False,False,True
1470,True,False,True,False,False
1471,False,True,False,False,False
1472,True,True,True,False,False
1473,True,False,True,False,False
1474,True,False,True,False,False
1475,True,False,True,False,False
1476,True,False,True,False,False
1477,True,False,True,False,False
1478,True,False,True,False,False
1479,True,True,True,False,False
1480,True,True,True,False,False
1481,True,True,True,False,False
1482,False,False,False,True,True
1483,True,True,True,False,False
1484,True,True,True,True,False
1485,True,False,True,False,False
1486,False,True,False,False,False
1487,True,False,True,False,False
1488,False,False,False,True,True
1489,False,False,True,False,True
1490,True,False,True,False,False
1491,True,True,True,False,False
1492,True,False,True,False,False
1493,False,False,False,True,True
1494,False,True,False,True,True
1495,True,False,False,False,False
1496,False,False,False,True,True
1497,False,True,True,False,True
1498,False,False,True,True,True
1499,True,True,True,False,True
1500,False,True,False,False,False
1501,True,True,True,False,False
1502,False,True,False,True,True
1503,True,False,True,False,False
1504,False,True,False,False,True
1505,True,True,True,False,False
1506,True,True,True,True,False
1507,True,True,True,False,True
1508,False,True,True,False,False
1509,False,True,False,True,False
1510,True,True,True,True,False
1511,False,True,False,False,False
1512,True,True,True,False,False
1513,True,False,True,False,False
1514,False,False,False,True,True
1515,False,True,False,True,True
1516,True,True,True,True,True
1517,False,True,False,True,True
1518,True,True,True,False,False
1519,True,True,True,False,False
1520,False,True,True,True,True
1521,True,False,False,True,True
1522,False,False,False,True,True
1523,True,True,True,False,False
1524,False,False,False,True,True
1525,True,True,True,False,False
1526,False,False,False,True,True
1527,True,True,True,False,False
1528,False,True,False,True,True
1529,False,False,False,True,False
1530,False,False,False,True,True
1531,True,False,True,False,True
1532,False,False,False,True,True
1533,False,True,False,False,False
1534,False,True,False,True,True
1535,True,False,True,False,False
1536,True,False,False,False,False
1537,True,False,True,False,False
1538,False,True,False,True,True
1539,True,True,True,False,False
1540,True,True,True,False,False
1541,False,False,False,True,False
1542,True,True,True,False,False
1543,False,True,True,True,False
1544,False,True,False,True,False
1545,True,True,True,True,False
1546,True,False,True,False,False
1547,False,False,True,True,True
1548,True,False,True,False,False
1549,False,True,False,True,True
1550,True,True,False,False,False
1551,True,False,False,False,True
1552,True,False,True,False,False
1553,False,False,False,True,True
1554,True,True,True,False,False
1555,True,False,True,False,False
1556,False,True,True,False,False
1557,True,True,True,False,False
1558,True,True,True,False,False
1559,False,True,True,False,False
1560,True,True,True,False,False
1561,True,True,True,False,False
1562,False,False,True,True,True
1563,True,False,True,False,False
1564,False,False,False,True,False
1565,True,False,True,False,False
1566,True,False,True,False,False
1567,True,False,True,True,False
1568,True,False,True,False,False
1569,True,False,False,False,False
1570,False,True,False,False,True
1571,False,False,False,True,True
1572,True,True,True,False,False
1573,False,True,True,True,True
1574,True,True,True,False,False
1575,False,True,False,False,False
1576,False,False,False,True,False
1577,False,False,False,True,False
1578,True,False,True,False,False
1579,False,False,False,True,True
1580,True,True,True,False,False
1581,True,True,True,False,False
1582,False,True,False,True,True
1583,False,False,False,True,True
1584,False,False,False,True,True
1585,True,True,True,False,False
1586,False,False,False,True,False
1587,True,True,True,False,False
1588,True,True,True,False,False
1589,True,True,False,False,False
1590,True,True,True,False,False
1591,True,True,False,False,False
1592,False,True,False,True,False
1593,False,True,False,True,True
1594,True,True,True,False,False
1595,False,False,False,False,True
1596,True,True,False,False,False
1597,False,False,False,True,True
1598,False,True,False,True,True
1599,True,True,False,False,False
1600,True,False,True,False,False
1601,False,True,True,True,False
1602,False,False,True,False,True
1603,True,True,True,False,False
1604,False,True,False,True,False
1605,True,True,True,False,False
1606,True,True,True,False,False
1607,False,False,False,True,True
1608,False,False,False,True,False
1609,True,False,True,False,False
1610,True,True,True,False,False
1611,True,False,True,False,True
1612,True,True,False,False,False
1613,False,True,False,True,True
1614,True,True,True,False,False
1615,True,True,False,False,False
1616,False,True,False,True,True
1617,False,True,False,True,False
1618,True,True,False,False,False
1619,False,False,False,True,True
1620,False,False,False,True,True
1621,True,True,False,True,True
1622,True,True,True,False,True
1623,True,False,False,False,False
1624,True,False,False,True,True
1625,False,False,False,True,True
1626,True,False,True,False,False
1627,False,False,False,True,True
1628,False,False,False,False,True
1629,True,True,True,False,False
1630,False,False,False,True,True
1631,False,False,False,True,True
1632,False,False,False,True,True
1633,False,False,False,True,True
1634,False,True,False,True,False
1635,True,True,True,False,False
1636,True,False,True,False,False
1637,False,False,False,True,True
1638,False,False,False,True,True
1639,False,False,False,True,True
1640,True,False,False,False,True
1641,True,True,False,False,True
1642,True,False,True,False,False
1643,False,False,False,True,True
1644,False,True,True,False,False
1645,False,False,False,False,True
1646,False,False,False,True,False
1647,False,True,True,True,True
1648,True,False,False,False,True
1649,False,False,False,True,True
1650,False,True,False,True,False
1651,False,True,True,False,False
1652,True,True,True,False,False
1653,True,False,False,False,False
1654,False,False,True,False,True
1655,False,False,False,False,True
1656,False,False,False,False,True
1657,False,True,True,True,True
1658,False,False,False,True,True
1659,False,True,False,True,True
1660,True,True,True,False,False
1661,True,True,True,False,False
1662,True,False,True,False,False
1663,False,False,False,False,True
1664,False,True,False,True,True
1665,False,False,False,True,False
1666,False,False,False,False,True
1667,False,True,False,True,True
1668,False,True,False,False,True
1669,False,True,False,False,True
1670,False,True,False,True,True
1671,False,False,False,True,True
1672,True,False,False,False,False
1673,True,False,True,False,False
1674,False,False,True,False,False
1675,True,True,True,False,False
1676,False,False,False,True,False
1677,False,False,True,False,False
1678,True,True,True,False,False
1679,True,False,True,False,False
1680,True,False,True,False,False
1681,False,True,False,True,True
1682,True,True,True,False,False
1683,False,False,False,True,True
1684,True,True,True,False,True
1685,False,True,False,True,True
1686,True,False,False,False,False
1687,True,True,False,True,True
1688,False,False,False,True,True
1689,False,False,False,False,True
1690,False,True,True,False,False
1691,False,True,False,True,True
1692,False,True,False,True,True
1693,False,True,False,True,True
1694,False,True,False,True,True
1695,True,False,True,False,False
1696,True,True,False,False,False
1697,True,True,True,True,False
1698,True,True,True,False,False
1699,True,False,True,False,False
1700,True,False,True,False,False
1701,True,True,True,False,False
1702,False,True,False,False,True
1703,False,False,False,True,True
1704,True,True,False,False,False
1705,False,True,False,True,True
1706,False,True,True,True,False
1707,True,True,True,False,False
1708,False,True,False,True,False
1709,True,True,True,False,False
1710,True,False,True,False,False
1711,False,True,False,True,True
1712,False,True,False,True,True
1713,True,True,True,True,False
1714,False,False,False,True,False
1715,True,False,True,False,False
1716,False,True,False,True,True
1717,True,True,True,False,False
1718,True,True,True,False,True
1719,False,False,True,False,False
1720,True,True,True,False,False
1721,True,False,True,False,False
1722,False,True,False,True,True
1723,False,True,False,True,True
1724,False,False,False,True,True
1725,False,True,False,True,True
1726,True,True,True,False,False
1727,True,False,True,False,False
1728,True,True,True,False,False
1729,False,False,False,True,True
1730,True,True,True,False,False
1731,True,True,True,False,False
1732,True,True,True,False,False
1733,True,False,True,False,False
1734,True,False,False,True,False
1735,True,True,False,False,False
1736,True,False,False,False,False
1737,False,False,False,True,True
1738,False,True,False,True,True
1739,True,False,True,False,False
1740,True,False,True,False,False
1741,True,False,False,False,False
1742,True,False,False,False,False
1743,True,True,False,False,False
1744,True,True,True,False,False
1745,False,True,False,True,True
1746,False,True,False,True,True
1747,True,False,True,False,False
1748,True,False,True,False,False
1749,False,True,False,True,True
1750,True,True,True,True,False
1751,False,False,True,True,True
1752,True,True,True,True,False
1753,True,False,True,False,False
1754,False,False,False,True,True
1755,True,True,True,False,False
1756,True,True,True,False,False
1757,True,True,True,False,False
1758,True,True,True,False,False
1759,False,False,True,False,False
1760,False,False,False,True,True
1761,True,True,True,False,False
1762,True,True,True,False,False
1763,True,False,True,False,False
1764,True,True,True,False,False
1765,False,True,False,True,True
1766,False,True,False,True,True
1767,True,False,True,False,True
1768,True,False,True,False,False
1769,False,False,False,True,True
1770,False,True,False,True,True
1771,True,True,False,True,True
1772,True,True,True,False,False
1773,True,False,False,False,False
1774,False,False,False,True,False
1775,False,True,True,True,False
1776,False,False,False,True,False
1777,False,True,False,True,True
1778,False,False,True,False,False
1779,True,False,True,False,False
1780,True,False,True,False,False
1781,False,False,False,True,True
1782,False,False,False,True,True
1783,False,True,False,True,False
1784,False,True,False,False,True
1785,False,True,False,True,True
1786,True,True,True,False,False
1787,True,True,False,True,False
1788,True,False,False,True,False
1789,True,True,True,False,False
1790,True,True,True,False,False
1791,False,False,False,True,True
1792,True,True,True,False,False
1793,False,True,True,True,True
1794,False,False,False,True,True
1795,False,True,False,True,True
1796,False,True,False,True,False
1797,False,False,False,True,True
1798,False,False,True,False,False
1799,True,False,True,False,False
1800,True,True,False,True,False
1801,False,True,False,True,True
1802,True,False,True,False,False
1803,True,True,True,False,False
1804,False,True,False,False,False
1805,True,False,True,False,True
1806,True,True,True,False,False
1807,False,True,False,True,True
1808,True,False,True,True,False
1809,True,True,True,False,False
1810,True,False,True,False,False
1811,False,True,False,False,True
1812,False,True,False,True,True
1813,False,True,False,False,False
1814,False,True,False,False,False
1815,True,True,True,False,False
1816,False,True,False,True,True
1817,True,False,True,False,False
1818,False,False,False,True,True
1819,False,False,False,True,False
1820,False,True,False,True,True
1821,False,False,False,False,True
1822,True,True,True,False,False
1823,False,False,False,False,True
1824,False,True,False,True,True
1825,True,False,True,False,False
1826,True,True,False,False,False
1827,True,False,True,False,False
1828,True,False,True,False,False
1829,True,False,False,False,False
1830,True,False,True,False,False
1831,True,True,True,False,False
1832,False,False,True,False,False
1833,False,True,True,False,True
1834,False,True,False,False,True
1835,False,False,False,True,True
1836,True,False,True,False,False
1837,False,False,True,False,False
1838,False,False,False,True,False
1839,False,True,False,True,True
1840,False,False,False,True,True
1841,False,True,False,True,True
1842,False,True,False,True,True
1843,True,True,True,False,False
1844,False,False,False,True,False
1845,False,False,False,True,True
1846,True,False,True,False,False
1847,False,False,False,True,False
1848,True,False,True,False,False
1849,False,False,True,False,True
1850,False,True,False,True,True
1851,True,False,False,False,False
1852,False,False,False,True,False
1853,True,True,True,False,False
1854,False,True,False,False,False
1855,False,True,False,True,True
1856,False,False,False,True,True
1857,False,True,False,True,False
1858,False,True,False,True,True
1859,True,True,True,False,False
1860,True,False,True,False,False
1861,True,False,True,False,False
1862,True,True,True,False,False
1863,True,True,True,False,False
1864,True,True,False,False,False
1865,True,True,True,False,False
1866,True,False,True,False,False
1867,True,False,True,False,False
1868,True,True,False,True,True
1869,True,True,True,False,False
1870,True,True,False,False,False
1871,False,True,False,True,True
1872,True,False,False,False,False
1873,True,True,True,False,False
1874,True,False,False,False,False
1875,True,False,False,True,False
1876,True,True,True,False,False
1877,True,False,False,False,True
1878,True,False,True,False,False
1879,True,True,True,False,False
1880,True,True,True,False,True
1881,False,False,False,False,True
1882,False,False,False,True,True
1883,False,False,False,True,True
1884,False,True,False,True,True
1885,True,False,False,False,False
1886,False,False,False,False,True
1887,True,True,True,False,False
1888,False,False,False,True,True
1889,False,False,True,False,False
1890,False,False,False,False,True
1891,False,True,False,True,True
1892,True,True,True,False,False
1893,False,True,True,False,False
1894,False,False,False,True,True
1895,False,False,False,True,False
1896,False,False,False,True,False
1897,False,False,False,False,True
1898,False,True,False,True,False
1899,False,True,False,True,False
1900,False,True,False,False,True
1901,True,False,True,False,False
1902,False,True,True,True,False
1903,False,True,False,True,True
1904,True,False,False,True,True
1905,True,False,True,False,False
1906,True,False,True,False,True
1907,True,True,True,False,False
1908,True,True,False,False,False
1909,False,False,True,False,False
1910,True,True,True,False,False
1911,True,False,False,False,True
1912,False,True,False,True,True
1913,True,False,True,False,False
1914,True,False,True,False,False
1915,True,True,True,True,False
1916,True,True,False,False,False
1917,False,False,True,True,True
1918,True,True,False,True,True
1919,True,True,True,False,False
1920,True,False,True,False,False
1921,True,True,False,False,False
1922,True,False,True,False,False
1923,False,True,True,False,False
1924,True,False,True,False,False
1925,True,False,True,False,False
1926,True,True,True,False,False
1927,False,True,False,True,True
1928,True,False,False,True,True
1929,True,False,True,False,False
1930,True,True,True,False,False
1931,True,False,True,False,False
1932,True,False,True,False,False
1933,False,False,False,True,True
1934,False,True,False,True,False
1935,False,True,False,True,True
1936,True,True,True,False,False
1937,False,True,False,True,True
1938,True,True,True,False,False
1939,True,True,True,False,False
1940,True,True,True,False,False
1941,False,False,True,False,False
1942,True,True,True,False,False
1943,False,False,False,False,True
1944,False,True,False,True,True
1945,True,True,True,False,False
1946,True,False,True,False,False
1947,False,True,False,True,True
1948,True,True,True,False,False
1949,False,True,False,True,True
1950,False,True,False,True,True
1951,True,True,True,False,False
1952,True,False,True,False,False
1953,False,True,False,True,True
1954,True,True,False,False,False
1955,True,False,True,False,True
1956,False,True,False,True,True
1957,True,True,True,False,False
1958,False,False,False,True,False
1959,False,True,False,True,True
1960,False,False,False,True,True
1961,False,False,True,False,True
1962,True,False,True,False,False
1963,True,False,True,False,False
1964,True,False,True,False,False
1965,True,True,True,False,False
1966,False,False,False,True,True
1967,True,True,False,True,True
1968,False,False,False,True,True
1969,True,False,True,False,False
1970,True,True,True,False,False
1971,False,False,False,True,True
1972,True,False,True,False,False
1973,True,True,True,False,False
1974,False,True,True,False,False
1975,False,False,False,True,True
1976,True,True,False,False,True
1977,True,False,True,False,False
1978,True,False,True,False,False
1979,True,False,True,False,True
1980,True,True,True,False,False
1981,False,False,False,True,True
1982,True,True,True,False,False
1983,True,True,True,False,False
1984,False,False,True,False,False
1985,True,True,True,False,False
1986,True,False,False,False,False
1987,True,True,True,False,False
1988,False,True,False,True,False
1989,False,True,False,True,True
1990,False,False,True,False,False
1991,False,False,False,True,False
1992,True,False,True,False,True
1993,True,True,True,False,False
1994,True,True,True,False,False
1995,False,False,False,True,False
1996,True,False,True,False,False
1997,False,True,False,True,True
1998,False,True,False,True,True
1999,False,True,False,True,True
2000,False,False,True,False,False
2001,False,False,False,True,True
2002,True,True,True,True,False
2003,True,True,True,False,False
2004,False,False,False,True,True
2005,False,True,False,True,True
2006,True,False,True,False,False
2007,True,True,True,False,False
2008,False,True,False,True,True
2009,True,False,True,False,False
2010,False,True,False,True,True
2011,True,True,True,False,False
2012,False,False,True,False,False
2013,False,True,False,False,False
2014,True,False,False,True,True
2015,True,False,True,False,False
2016,False,False,False,True,True
2017,True,True,True,False,False
2018,False,True,False,True,True
2019,True,True,True,True,False
2020,True,True,True,False,False
2021,True,False,False,True,True
2022,False,False,False,True,True
2023,False,True,False,True,True
2024,False,False,False,True,True
2025,True,False,True,False,False
2026,False,False,False,True,True
2027,False,False,False,True,True
2028,False,True,False,True,True
2029,False,True,False,True,False
2030,True,False,False,True,True
2031,False,False,False,True,True
2032,True,True,True,False,False
2033,True,False,True,False,False
2034,False,True,False,False,False
2035,True,True,True,False,True
2036,False,False,False,True,True
2037,False,False,False,True,True
2038,True,False,True,False,True
2039,False,True,False,True,True
2040,False,True,True,False,False
2041,True,False,True,False,False
2042,False,False,True,False,False
2043,False,False,False,True,True
2044,False,True,False,True,True
2045,False,False,False,True,True
2046,False,True,False,True,True
2047,True,True,True,False,False
2048,False,False,True,False,False
2049,False,True,False,True,True
2050,True,False,True,False,False
2051,False,False,False,True,True
2052,True,True,True,False,False
2053,False,True,False,True,True
2054,False,False,True,False,False
2055,True,True,True,False,False
2056,False,True,False,True,True
2057,True,False,True,False,False
2058,True,True,True,False,False
2059,False,True,False,True,True
2060,False,False,False,True,True
2061,True,False,True,False,False
2062,False,False,False,True,True
2063,True,True,False,False,False
2064,False,False,False,True,True
2065,False,True,False,False,False
2066,True,False,True,False,False
2067,False,True,True,False,False
2068,True,True,False,False,False
2069,True,False,True,False,False
2070,False,False,True,True,False
2071,False,True,False,True,True
2072,True,False,True,False,False
2073,True,False,True,False,False
2074,True,True,True,False,False
2075,False,True,False,True,True
2076,True,True,False,False,False
2077,True,True,True,False,False
2078,True,False,True,False,False
2079,False,True,False,False,True
2080,True,True,True,False,False
2081,True,False,True,False,False
2082,False,True,False,True,False
2083,True,True,True,False,False
2084,True,True,True,False,False
2085,True,False,False,True,False
2086,True,False,True,False,False
2087,True,True,True,False,False
2088,True,True,True,False,False
2089,False,False,False,True,False
2090,False,True,False,True,True
2091,False,False,False,True,True
2092,True,False,True,False,False
2093,False,True,False,True,True
2094,False,False,False,True,True
2095,False,False,True,False,False
2096,False,False,False,True,True
2097,False,False,False,True,True
2098,True,True,False,True,True
2099,True,True,True,False,False
2100,False,False,False,True,True
2101,True,True,True,False,False
2102,False,False,False,True,False
2103,True,False,True,False,False
2104,True,False,False,True,False
2105,False,False,False,True,True
2106,True,False,True,False,False
2107,True,False,True,False,False
2108,True,False,True,False,False
2109,False,True,False,True,True
2110,True,True,True,False,False
2111,True,False,True,False,False
2112,True,False,True,False,False
2113,True,False,True,False,False
2114,True,False,False,False,False
2115,True,False,True,False,False
2116,True,True,True,False,False
2117,True,False,True,False,True
2118,True,True,True,False,False
2119,False,False,False,True,True
2120,False,True,False,True,True
2121,True,False,True,False,False
2122,True,True,True,False,False
2123,False,False,False,True,True
2124,False,False,True,True,True
2125,True,True,True,False,True
2126,False,False,False,True,False
2127,False,False,True,False,True
2128,False,False,False,True,True
2129,False,False,False,True,True
2130,True,False,True,False,False
2131,True,False,True,False,False
2132,True,False,True,False,False
2133,True,False,True,False,True
2134,False,False,False,False,True
2135,False,True,False,False,False
2136,True,False,True,True,False
2137,False,False,False,True,True
2138,True,False,True,False,False
2139,True,False,False,True,True
2140,True,True,True,False,False
2141,False,True,False,True,True
2142,True,False,True,False,True
2143,False,True,False,True,True
2144,False,True,True,False,False
2145,True,True,True,False,False
2146,True,True,False,False,False
2147,False,False,False,True,True
2148,False,True,False,True,False
2149,True,True,True,False,False
2150,False,False,False,True,True
2151,False,True,True,False,False
2152,False,False,False,True,True
2153,False,False,False,True,True
2154,False,False,False,True,True
2155,False,False,False,True,True
2156,False,True,False,True,True
2157,True,True,True,False,False
2158,False,False,True,False,False
2159,False,False,True,True,False
2160,True,False,True,False,False
2161,True,True,True,False,False
2162,True,True,True,False,False
2163,True,True,True,False,False
2164,True,True,True,False,False
2165,True,False,False,True,False
2166,True,True,True,False,False
2167,True,True,True,False,False
2168,True,False,True,False,False
2169,True,False,True,False,False
2170,True,False,True,False,False
2171,False,False,False,True,True
2172,False,True,False,True,True
2173,True,False,True,False,False
2174,True,True,True,False,False
2175,True,True,False,False,False
2176,False,False,False,False,True
2177,True,False,False,False,False
2178,True,False,True,False,False
2179,True,False,True,False,True
2180,True,False,True,False,False
2181,True,True,True,False,False
2182,True,True,True,False,False
2183,False,False,False,True,True
2184,False,True,True,True,True
2185,True,True,True,False,False
2186,False,False,False,True,True
2187,True,True,False,True,True
2188,False,False,False,True,True
2189,False,False,False,False,True
2190,False,True,False,True,True
2191,False,True,False,True,True
2192,True,False,True,False,False
2193,False,True,False,True,True
2194,True,False,True,False,False
2195,False,False,False,True,True
2196,True,True,True,False,False
2197,True,False,True,False,False
2198,False,False,False,True,True
2199,False,True,False,True,True
2200,True,True,False,False,False
2201,False,False,False,True,True
2202,True,False,True,False,False
2203,False,False,False,True,True
2204,False,True,False,True,True
2205,True,False,False,False,False
2206,False,True,True,True,True
2207,True,True,False,False,False
2208,True,True,False,False,False
2209,True,False,True,True,False
2210,False,True,False,False,True
2211,True,False,True,False,False
2212,False,False,False,True,True
2213,True,True,True,False,False
2214,True,True,False,False,False
2215,True,False,True,False,False
2216,False,True,False,True,True
2217,False,True,True,False,False
2218,True,True,True,False,False
2219,True,False,True,False,False
2220,False,True,False,True,True
2221,False,True,False,True,True
2222,False,True,False,False,True
2223,True,False,True,False,False
2224,False,False,True,True,True
2225,True,True,True,True,False
2226,True,True,True,False,False
2227,False,False,True,False,False
2228,False,False,False,False,True
2229,True,True,True,False,False
2230,True,True,True,False,False
2231,False,True,True,True,True
2232,True,False,True,False,False
2233,True,True,True,False,False
2234,True,True,True,False,False
2235,True,False,True,False,False
2236,False,True,False,True,True
2237,False,True,False,True,True
2238,True,False,True,False,False
2239,True,True,True,False,False
2240,False,False,False,True,True
2241,True,False,True,False,False
2242,False,False,False,True,True
2243,True,True,True,False,False
2244,True,True,False,True,True
2245,True,False,True,False,False
2246,True,False,True,False,False
2247,True,True,True,False,True
2248,True,True,True,False,False
2249,True,False,False,True,True
2250,False,True,False,True,False
2251,True,True,True,False,False
2252,True,True,False,False,False
2253,True,False,True,True,False
2254,True,False,True,False,False
2255,True,True,False,False,False
2256,False,False,False,False,True
2257,False,False,False,True,True
2258,False,False,False,True,True
2259,False,False,False,True,True
2260,True,True,True,False,False
2261,True,True,False,False,True
2262,True,False,True,False,True
2263,True,True,False,True,False
2264,True,True,True,False,False
2265,False,True,False,True,True
2266,True,False,False,False,False
2267,True,True,True,False,False
2268,False,False,False,True,True
2269,True,True,True,False,False
2270,False,False,True,False,True
2271,True,True,True,True,False
2272,True,True,True,False,True
2273,True,False,False,False,False
2274,True,True,False,True,False
2275,False,True,False,True,False
2276,True,True,False,True,True
2277,True,False,True,False,False
2278,False,False,False,True,True
2279,True,True,True,False,True
2280,False,True,True,False,False
2281,False,True,False,True,True
2282,False,True,False,False,False
2283,True,True,True,False,False
2284,True,True,False,False,False
2285,False,True,False,True,True
2286,False,True,False,True,True
2287,True,True,True,False,False
2288,True,False,True,True,True
2289,False,True,False,False,False
2290,False,False,True,False,False
2291,False,False,True,False,False
2292,False,True,True,True,True
2293,False,True,False,True,True
2294,True,False,True,False,False
2295,True,True,True,False,False
2296,False,True,False,True,True
2297,False,True,False,True,True
2298,False,True,False,True,True
2299,False,False,False,True,True
2300,True,True,True,False,False
2301,False,True,False,True,True
2302,False,True,False,True,True
2303,True,False,True,True,False
2304,True,True,True,False,False
2305,False,True,False,True,True
2306,True,False,True,False,False
2307,True,False,True,False,False
2308,False,True,False,True,True
2309,False,True,False,True,False
2310,True,True,True,False,False
2311,True,True,True,False,False
2312,True,False,False,False,False
2313,True,False,True,False,False
2314,True,True,True,False,False
2315,True,True,True,False,False
2316,False,True,False,True,True
2317,True,False,True,False,False
2318,True,True,True,False,False
2319,True,True,True,True,False
2320,True,False,True,False,False
2321,True,True,False,True,False
2322,False,False,False,True,True
2323,False,False,False,True,False
2324,True,False,True,True,True
2325,True,True,False,False,True
2326,True,False,True,False,False
2327,False,True,False,True,True
2328,False,False,True,False,False
2329,False,False,True,False,False
2330,False,False,False,True,True
2331,False,True,False,True,True
2332,True,True,True,False,False
2333,False,True,False,True,True
2334,True,True,True,False,False
2335,True,False,True,False,False
2336,True,True,True,False,False
2337,True,False,True,False,False
2338,False,False,False,True,True
2339,False,False,False,True,True
2340,True,False,True,False,False
2341,False,False,False,True,False
2342,False,True,False,False,False
2343,True,True,False,False,False
2344,True,True,True,False,False
2345,False,False,False,True,True
2346,True,True,True,False,False
2347,True,False,False,True,True
2348,True,True,True,False,False
2349,True,True,True,False,False
2350,True,True,True,False,True
2351,True,False,False,False,False
2352,False,False,False,True,True
2353,True,False,False,False,False
2354,True,True,True,False,True
2355,True,True,True,False,False
2356,False,False,False,True,False
2357,False,False,False,True,True
2358,True,False,False,True,False
2359,True,False,True,False,False
2360,False,True,False,True,True
2361,False,True,False,True,True
2362,False,False,True,True,True
2363,False,False,False,True,True
2364,False,False,False,True,True
2365,False,False,False,True,False
2366,True,True,True,False,False
2367,False,True,False,True,True
2368,False,False,True,True,True
2369,False,True,False,True,False
2370,False,True,False,True,True
2371,True,False,True,False,False
2372,False,False,False,True,True
2373,False,False,False,True,True
2374,True,False,True,False,False
2375,True,False,True,False,False
2376,True,False,True,False,False
2377,True,True,False,False,False
2378,False,False,False,False,True
2379,False,False,True,False,True
2380,False,True,False,True,True
2381,True,True,True,False,False
2382,True,False,False,False,False
2383,True,True,True,False,False
2384,False,False,False,True,True
2385,False,True,False,True,True
2386,False,False,False,True,True
2387,False,False,False,True,True
2388,False,False,True,True,False
2389,False,True,True,False,False
2390,True,True,True,False,False
2391,True,False,True,False,False
2392,False,True,False,True,True
2393,True,True,True,False,False
2394,True,False,True,True,False
2395,False,True,False,False,True
2396,True,False,True,False,False
2397,True,False,False,False,False
2398,False,True,False,False,True
2399,False,True,False,True,True
2400,False,True,False,True,True
2401,False,True,False,False,True
2402,False,True,False,True,True
2403,False,False,False,True,False
2404,False,True,False,False,True
2405,True,False,True,False,False
2406,False,False,False,True,True
2407,False,False,False,True,True
2408,False,True,False,True,True
2409,False,True,False,True,True
2410,True,True,False,False,False
2411,True,False,True,False,False
2412,True,False,True,False,False
2413,False,False,True,False,False
2414,True,False,True,False,False
2415,True,False,True,False,True
2416,True,False,False,False,False
2417,True,False,True,False,False
2418,False,True,False,False,True
2419,True,True,False,True,True
2420,True,True,True,True,False
2421,False,False,True,False,False
2422,True,True,True,False,False
2423,True,False,True,False,False
2424,False,False,False,True,False
2425,True,False,True,False,False
2426,False,False,False,True,True
2427,False,True,False,True,True
2428,False,True,False,True,True
2429,True,False,True,False,False
2430,False,True,False,False,False
2431,True,False,True,False,False
2432,False,False,False,True,True
2433,True,False,False,True,True
2434,True,True,False,True,True
2435,True,True,True,False,False
2436,False,True,False,True,True
2437,True,False,True,True,False
2438,False,False,False,True,False
2439,True,True,True,False,False
2440,True,False,False,False,False
2441,False,False,False,True,True
2442,True,False,True,False,False
2443,False,True,False,True,True
2444,True,False,True,False,False
2445,False,False,False,True,True
2446,True,False,True,False,False
2447,True,True,True,False,True
2448,True,True,True,False,False
2449,True,False,True,False,False
2450,True,True,True,False,False
2451,True,False,True,False,False
2452,True,True,True,False,False
2453,True,False,True,False,False
2454,False,False,False,True,True
2455,False,True,False,True,True
2456,False,False,False,True,True
2457,True,True,False,False,True
2458,True,True,True,False,False
2459,True,False,True,False,False
2460,False,True,False,True,True
2461,False,False,False,True,True
2462,True,False,False,True,False
2463,False,False,False,True,True
2464,False,False,False,True,True
2465,False,False,False,True,True
2466,True,True,True,False,False
2467,False,True,True,True,True
2468,False,False,False,True,False
2469,True,True,True,False,True
2470,True,True,True,False,False
2471,True,True,True,False,False
2472,False,False,False,False,True
2473,False,False,True,False,False
2474,False,False,False,True,True
2475,False,True,False,True,True
2476,False,True,False,True,True
2477,False,False,False,True,False
2478,False,True,False,False,False
2479,True,True,True,False,True
2480,True,True,True,False,False
2481,False,False,True,False,False
2482,False,True,False,True,True
2483,True,False,True,False,False
2484,False,False,False,True,False
2485,True,False,True,False,False
2486,True,True,True,False,False
2487,True,False,True,False,False
2488,True,True,True,False,False
2489,False,False,False,False,True
2490,False,True,False,True,True
2491,False,True,False,True,False
2492,False,False,False,True,True
2493,False,True,False,True,True
2494,False,False,True,True,True
2495,True,True,True,False,False
2496,True,False,True,False,False
2497,True,False,True,False,False
2498,True,True,True,False,False
2499,False,True,False,True,True
2500,False,True,False,True,True
2501,False,False,False,True,True
2502,False,True,True,False,False
2503,False,True,False,True,False
2504,True,True,True,False,False
2505,True,True,True,False,False
2506,False,False,False,True,True
2507,True,False,False,False,False
2508,True,False,True,False,False
2509,False,False,False,True,True
2510,False,False,False,True,True
2511,True,False,True,False,True
2512,True,False,False,True,True
2513,True,False,False,False,False
2514,True,True,False,False,False
2515,True,False,False,False,False
2516,True,False,False,False,True
2517,True,True,False,True,True
2518,True,True,True,False,False
2519,False,False,False,True,True
2520,False,True,False,True,True
2521,True,True,True,False,True
2522,False,False,False,True,True
2523,True,False,True,False,False
2524,True,True,True,False,False
2525,False,False,False,False,True
2526,True,True,True,False,False
2527,True,False,True,False,False
2528,True,False,True,False,False
2529,True,False,True,False,False
2530,False,False,False,True,True
2531,True,True,True,False,False
2532,False,True,False,True,True
2533,True,False,True,False,True
2534,False,False,False,True,True
2535,True,False,True,False,False
2536,False,False,False,True,True
2537,True,True,True,True,False
2538,False,False,False,True,False
2539,False,True,False,True,True
2540,True,False,True,False,False
2541,False,False,False,False,True
2542,False,False,False,True,True
2543,False,False,False,True,False
2544,True,True,True,False,False
2545,False,True,True,False,False
2546,True,False,False,False,False
2547,False,True,False,False,False
2548,False,True,True,False,True
2549,True,True,False,False,False
2550,True,True,True,False,False
2551,False,False,False,True,True
2552,False,False,False,False,True
2553,False,True,True,False,False
2554,False,True,False,True,False
2555,True,True,True,False,False
2556,False,True,False,True,True
2557,True,True,True,False,False
2558,True,True,True,False,False
2559,False,False,False,True,True
2560,True,True,False,True,True
2561,False,True,False,False,False
2562,True,True,False,False,False
2563,True,True,True,False,False
2564,True,True,False,False,True
2565,False,False,False,True,True
2566,False,False,False,True,True
2567,True,False,False,False,False
2568,False,False,True,False,False
2569,True,False,True,False,False
2570,False,False,False,True,True
2571,True,True,True,False,False
2572,True,True,True,False,False
2573,False,False,False,False,True
2574,True,True,True,False,False
2575,True,True,True,False,False
2576,True,True,True,False,False
2577,True,False,True,False,False
2578,False,False,False,True,True
2579,True,True,True,False,False
2580,False,False,False,True,True
2581,True,False,True,False,False
2582,True,False,True,False,False
2583,False,True,False,True,False
2584,True,False,True,False,True
2585,True,True,True,False,True
2586,True,True,False,False,False
2587,True,True,True,False,False
2588,True,True,True,False,False
2589,True,False,False,False,False
2590,False,True,True,False,True
2591,False,False,False,True,True
2592,True,True,True,True,False
2593,True,False,True,False,False
2594,True,False,True,False,False
2595,True,True,True,False,False
2596,False,False,False,True,True
2597,True,True,True,False,True
2598,False,True,False,True,True
2599,False,False,False,True,False
2600,False,False,False,True,True
2601,False,True,False,True,True
2602,True,True,True,False,False
2603,False,True,True,False,True
2604,True,False,True,False,True
2605,True,True,True,False,False
2606,True,True,True,False,False
2607,False,False,False,True,False
2608,True,False,True,True,False
2609,True,True,True,False,False
2610,True,False,True,False,False
2611,True,True,True,False,True
2612,False,False,True,True,True
2613,False,True,False,False,False
2614,False,True,False,True,False
2615,False,True,False,False,True
2616,True,False,False,False,True
2617,True,False,True,False,False
2618,False,True,False,True,True
2619,False,False,False,True,True
2620,True,True,True,False,False
2621,False,True,False,True,True
2622,True,True,True,False,False
2623,True,True,True,False,False
2624,False,True,False,False,True
2625,True,True,False,False,False
2626,True,False,True,False,False
2627,True,False,True,False,False
2628,False,True,False,True,True
2629,True,False,True,False,False
2630,False,False,False,True,False
2631,False,False,False,True,False
2632,True,True,True,False,False
2633,False,False,False,True,True
2634,False,False,False,True,True
2635,False,True,False,False,False
2636,False,False,False,True,True
2637,False,True,True,False,False
2638,True,False,False,True,True
2639,False,False,False,True,True
2640,True,True,True,False,False
2641,True,True,False,True,True
2642,True,False,True,False,False
2643,True,True,True,False,False
2644,True,False,False,False,True
2645,True,False,True,False,False
2646,True,True,True,False,False
2647,False,True,False,True,False
2648,False,True,False,True,True
2649,True,False,True,False,False
2650,False,False,False,True,True
2651,True,True,True,False,False
2652,False,False,False,True,False
2653,False,True,False,True,True
2654,False,True,False,True,True
2655,False,False,False,True,True
2656,True,False,True,False,False
2657,True,True,True,False,False
2658,True,False,True,False,False
2659,True,False,True,False,False
2660,True,False,True,False,False
2661,False,True,False,True,True
2662,True,False,False,False,True
2663,True,False,False,False,False
2664,True,False,True,False,False
2665,True,True,True,False,False
2666,True,True,True,False,False
2667,True,True,True,False,False
2668,True,False,True,False,False
2669,True,True,True,True,False
2670,False,False,True,True,True
2671,False,True,False,True,True
2672,True,True,True,False,True
2673,True,False,False,False,False
2674,True,True,False,True,False
2675,True,False,True,False,False
2676,False,False,True,True,True
2677,False,True,False,True,True
2678,False,True,False,True,True
2679,False,True,False,True,False
2680,False,False,False,False,True
2681,True,True,True,False,False
2682,False,True,False,False,True
2683,True,False,False,False,False
2684,False,False,False,False,True
2685,False,True,False,True,False
2686,False,True,False,True,False
2687,False,True,True,False,False
2688,False,False,False,True,False
2689,True,False,True,False,False
2690,True,True,False,True,False
2691,False,True,False,True,True
2692,True,False,False,False,True
2693,False,True,False,False,True
2694,True,False,True,False,False
2695,True,True,True,False,False
2696,False,False,False,True,True
2697,False,True,False,True,True
2698,False,False,True,False,False
2699,True,True,True,True,False
2700,True,True,True,False,False
2701,True,False,True,False,False
2702,False,False,False,True,True
2703,False,True,False,True,True
2704,False,False,False,True,False
2705,False,True,True,False,False
2706,True,False,True,False,False
2707,False,True,True,False,False
2708,True,False,False,False,False
2709,True,True,False,False,False
2710,False,True,False,True,True
2711,False,True,False,True,False
2712,True,False,True,False,False
2713,True,True,True,False,False
2714,False,False,False,True,True
2715,False,True,False,False,True
2716,False,False,False,True,False
2717,False,False,False,False,True
2718,False,True,False,True,True
2719,True,True,True,False,False
2720,False,True,False,True,True
2721,True,False,True,False,False
2722,True,False,True,False,False
2723,True,False,True,False,False
2724,False,False,True,False,False
2725,False,True,False,True,False
2726,False,False,False,True,False
2727,False,False,True,False,False
2728,True,False,True,False,False
2729,True,True,True,False,False
2730,True,False,True,False,False
2731,False,True,False,True,True
2732,True,True,True,False,False
2733,True,True,True,False,False
2734,False,True,True,False,True
2735,True,False,True,False,False
2736,False,True,False,False,True
2737,False,True,False,False,True
2738,True,True,False,True,True
2739,True,True,True,False,False
2740,False,False,False,True,True
2741,True,True,True,False,False
2742,True,False,True,False,False
2743,True,False,True,False,False
2744,False,True,False,True,True
2745,True,False,True,False,False
2746,True,True,True,False,False
2747,False,True,False,False,False
2748,True,True,True,False,True
2749,True,True,True,False,False
2750,True,False,True,False,False
2751,True,False,True,False,False
2752,True,True,True,False,False
2753,False,False,False,True,True
2754,False,True,False,True,True
2755,True,True,True,False,False
2756,False,True,True,False,False
2757,True,False,True,False,False
2758,False,False,True,False,False
2759,False,True,False,True,False
2760,False,True,False,True,True
2761,False,False,True,True,False
2762,False,False,False,True,True
2763,True,True,False,False,True
2764,True,True,True,False,False
2765,False,False,False,True,True
2766,False,True,True,False,False
2767,True,True,True,False,False
2768,False,True,False,True,True
2769,True,False,True,False,False
2770,True,False,True,False,False
2771,False,True,False,True,True
2772,False,False,False,True,True
2773,False,True,False,True,True
2774,True,False,False,False,False
2775,False,True,False,False,True
2776,False,False,False,True,True
2777,True,False,True,False,False
2778,True,True,False,False,False
2779,True,True,True,False,False
2780,False,True,False,True,True
2781,True,True,True,False,False
2782,True,True,False,True,True
2783,True,False,False,False,False
2784,True,True,False,False,False
2785,False,False,False,True,False
2786,False,True,False,True,True
2787,True,False,True,False,False
2788,True,True,False,False,False
2789,True,True,True,False,False
2790,True,True,True,False,False
2791,False,False,False,True,True
2792,False,True,False,True,True
2793,False,False,False,True,True
2794,True,True,True,False,False
2795,True,False,True,False,False
2796,True,True,True,False,False
2797,True,True,False,True,True
2798,False,True,False,False,True
2799,True,False,True,False,False
2800,False,False,False,True,True
2801,True,False,False,True,True
2802,True,False,False,False,False
2803,False,True,True,False,False
2804,True,False,True,False,False
2805,True,False,True,False,False
2806,True,True,True,False,False
2807,True,False,True,False,False
2808,False,False,False,True,True
2809,True,True,True,True,False
2810,True,True,True,False,False
2811,True,True,True,False,False
2812,False,False,False,True,False
2813,True,False,True,False,False
2814,True,False,True,False,False
2815,True,False,True,False,False
2816,False,False,False,True,True
2817,False,False,False,True,True
2818,True,True,True,False,False
2819,True,False,False,True,False
2820,False,False,False,True,True
2821,False,True,False,True,True
2822,True,True,True,False,False
2823,True,True,True,False,False
2824,False,False,False,True,True
2825,True,False,True,False,False
2826,False,True,False,False,False
2827,True,False,False,False,False
2828,False,False,False,True,True
2829,True,False,True,False,False
2830,True,False,True,False,False
2831,False,False,False,True,True
2832,False,True,False,False,True
2833,False,False,True,False,False
2834,False,False,False,True,False
2835,True,True,True,False,True
2836,False,False,False,True,True
2837,False,False,False,True,True
2838,False,True,False,True,False
2839,True,False,False,False,False
2840,False,False,False,False,True
2841,False,True,False,False,False
2842,True,False,True,False,False
2843,True,True,True,False,False
2844,False,True,False,True,True
2845,True,False,True,False,False
2846,True,False,True,False,False
2847,False,True,False,True,True
2848,False,True,True,False,False
2849,True,True,True,False,False
2850,False,False,False,True,True
2851,True,True,True,False,False
2852,False,False,False,True,True
2853,True,True,True,False,False
2854,False,False,False,True,True
2855,False,True,False,True,False
2856,False,True,False,True,True
2857,False,True,False,True,True
2858,True,False,True,False,False
2859,True,True,True,False,True
2860,True,False,True,False,False
2861,True,False,False,True,False
2862,False,False,False,True,True
2863,False,False,False,False,True
2864,True,False,True,False,False
2865,True,True,True,False,False
2866,True,False,False,False,False
2867,True,True,False,False,False
2868,True,True,True,False,False
2869,True,True,True,False,False
2870,False,True,True,False,True
2871,True,True,True,False,False
2872,False,False,False,True,True
2873,True,False,True,False,True
2874,False,False,False,True,True
2875,True,True,True,False,False
2876,False,False,False,True,True
2877,True,False,True,False,False
2878,False,True,False,True,False
2879,True,True,True,False,False
2880,False,True,False,True,False
2881,True,False,True,False,False
2882,True,True,True,True,True
2883,True,True,True,False,False
2884,True,False,True,False,False
2885,True,False,True,False,False
2886,False,True,False,True,True
2887,False,True,False,False,False
2888,True,False,False,False,False
2889,True,False,False,False,False
2890,True,True,True,False,True
2891,False,True,True,False,False
2892,True,True,True,False,False
2893,True,False,True,True,False
2894,False,False,False,True,True
2895,False,False,False,True,True
2896,True,False,True,False,False
2897,False,True,False,True,True
2898,True,False,True,False,False
2899,True,True,True,False,False
2900,True,False,True,False,True
2901,False,True,False,True,True
2902,False,True,False,True,False
2903,False,True,False,True,True
2904,False,True,False,True,True
2905,True,True,True,False,False
2906,False,True,False,True,True
2907,True,False,True,False,False
2908,False,False,True,False,False
2909,True,True,True,False,False
2910,True,True,True,False,False
2911,False,False,False,True,True
2912,False,True,False,True,True
2913,True,False,True,True,False
2914,False,True,False,True,True
2915,True,False,True,False,True
2916,True,False,True,False,False
2917,False,True,False,True,True
2918,True,True,False,False,False
2919,True,True,True,False,False
2920,False,True,False,False,False
2921,False,True,False,True,False
2922,False,True,False,True,True
2923,True,True,False,False,False
2924,True,True,True,False,False
2925,True,False,True,False,False
2926,False,True,False,True,True
2927,False,True,True,True,True
2928,False,False,False,True,True
2929,False,False,False,True,True
2930,True,False,True,True,True
2931,False,False,False,True,True
2932,False,True,True,False,False
2933,False,False,False,True,True
2934,False,True,False,True,True
2935,False,False,True,True,False
2936,True,False,True,False,False
2937,True,False,True,False,False
2938,True,True,True,False,True
2939,False,False,True,False,True
2940,True,True,True,False,False
2941,False,True,False,True,True
2942,False,False,False,True,True
2943,False,True,True,False,True
2944,True,False,True,False,False
2945,True,False,True,False,False
2946,True,False,True,False,False
2947,False,True,False,True,True
2948,False,True,False,True,True
2949,True,False,True,False,False
2950,False,False,False,True,True
2951,False,True,True,False,False
2952,True,True,True,False,False
2953,False,False,False,True,True
2954,False,False,True,True,True
2955,False,False,False,True,True
2956,True,True,True,False,False
2957,False,False,False,True,True
2958,False,True,False,True,True
2959,True,True,True,False,False
2960,False,True,False,True,False
2961,False,False,False,True,False
2962,True,True,True,False,False
2963,False,False,True,True,True
2964,False,True,True,False,False
2965,True,False,True,False,False
2966,True,False,True,False,False
2967,True,True,True,False,False
2968,True,False,True,False,False
2969,True,True,True,False,False
2970,True,False,True,True,True
2971,False,False,False,True,False
2972,False,True,True,False,False
2973,False,False,False,True,True
2974,False,True,False,True,True
2975,True,True,True,False,False
2976,True,True,True,False,False
2977,True,True,True,False,False
2978,False,True,False,True,True
2979,True,False,True,False,False
2980,True,True,True,False,False
2981,False,True,False,True,True
2982,False,True,True,True,True
2983,False,False,False,False,True
2984,True,False,True,False,False
2985,True,True,False,False,False
2986,True,False,True,False,False
2987,True,True,True,False,False
2988,True,True,True,False,False
2989,False,True,False,False,True
2990,True,True,True,False,True
2991,False,False,False,True,True
2992,True,True,True,False,False
2993,False,False,False,True,True
2994,True,True,True,False,False
2995,False,True,False,True,True
2996,True,True,True,False,False
2997,False,True,False,False,False
2998,True,True,False,False,False
2999,True,False,True,False,False
3000,False,False,True,False,False
3001,False,True,False,True,False
3002,True,True,True,False,False
3003,False,False,False,True,True
3004,False,True,False,True,True
3005,False,False,False,True,True
3006,False,True,False,True,True
3007,False,True,False,True,True
3008,True,False,True,False,False
3009,False,False,False,True,True
3010,True,True,False,False,False
3011,True,True,True,False,False
3012,False,False,False,True,False
3013,True,True,False,False,True
3014,False,True,False,False,True
3015,True,False,False,True,False
3016,False,True,False,True,True
3017,False,False,False,True,False
3018,False,True,False,True,False
3019,True,True,True,False,False
3020,False,True,False,True,True
3021,True,True,True,False,False
3022,True,False,True,False,False
3023,False,False,False,True,False
3024,True,False,True,False,False
3025,False,True,False,False,False
3026,False,False,False,False,True
3027,False,False,True,True,True
3028,False,True,False,True,True
3029,True,False,True,False,False
3030,True,False,True,False,False
3031,False,True,True,False,False
3032,False,True,False,False,True
3033,False,False,False,True,True
3034,False,False,True,False,False
3035,False,True,False,False,True
3036,False,False,False,True,False
3037,False,False,False,True,True
3038,False,False,False,False,True
3039,True,True,True,False,False
3040,True,False,False,True,True
3041,True,False,True,False,False
3042,True,True,True,False,False
3043,False,False,True,False,False
3044,True,True,False,False,False
3045,False,True,False,True,True
3046,True,False,True,False,False
3047,True,True,True,False,False
3048,False,False,False,True,True
3049,True,True,True,False,False
3050,False,False,False,True,True
3051,True,False,True,False,True
3052,True,False,True,False,False
3053,False,False,False,False,True
3054,False,False,False,True,False
3055,False,True,False,True,True
3056,False,False,False,True,True
3057,False,True,True,False,False
3058,True,True,True,False,False
3059,True,True,True,False,False
3060,True,True,True,False,False
3061,True,True,True,False,False
3062,True,False,True,True,True
3063,True,False,False,False,True
3064,True,True,True,False,False
3065,False,True,False,True,True
3066,True,True,True,False,False
3067,True,True,True,False,False
3068,False,False,False,True,True
3069,True,True,True,False,False
3070,False,False,False,True,True
3071,False,False,False,True,True
3072,True,False,True,False,False
3073,True,True,True,False,False
3074,False,True,True,False,False
3075,True,True,True,False,False
3076,True,True,True,False,False
3077,False,True,True,False,True
3078,False,True,False,True,True
3079,False,True,False,True,True
3080,False,True,False,True,False
3081,True,False,True,False,False
3082,True,True,True,False,False
3083,True,True,False,False,False
3084,True,False,True,False,False
3085,True,False,True,False,False
3086,True,True,True,False,False
3087,True,True,True,False,False
3088,False,True,False,True,True
3089,False,True,True,False,True
3090,False,True,False,False,False
3091,False,True,True,True,False
3092,False,False,False,True,True
3093,True,True,False,False,False
3094,False,False,False,True,True
3095,True,True,True,False,False
3096,True,False,True,False,True
3097,True,True,True,False,False
3098,True,False,False,False,True
3099,False,False,False,True,False
3100,True,False,True,False,False
3101,True,False,True,False,True
3102,True,False,True,False,False
3103,False,False,False,True,True
3104,True,False,True,False,False
3105,False,False,False,True,True
3106,False,True,False,True,True
3107,True,False,True,True,False
3108,True,True,True,False,False
3109,False,True,False,False,True
3110,False,False,False,True,False
3111,False,False,False,True,True
3112,False,False,False,True,True
3113,True,False,False,True,True
3114,True,False,False,True,False
3115,True,True,True,False,False
3116,False,False,False,True,True
3117,True,True,True,False,False
3118,True,False,True,False,False
3119,True,True,True,False,True
3120,False,False,False,True,True
3121,False,True,False,True,True
3122,False,False,False,True,True
3123,False,True,True,False,True
3124,True,True,True,False,False
3125,True,True,True,False,False
3126,True,True,False,False,True
3127,False,False,False,True,True
3128,True,True,True,True,False
3129,False,True,False,True,True
3130,True,True,True,False,False
3131,True,False,True,False,False
3132,False,False,False,True,True
3133,False,False,False,True,False
3134,True,False,True,False,False
3135,False,False,True,False,False
3136,False,False,False,True,True
3137,True,True,True,False,False
3138,True,False,True,False,False
3139,False,False,False,True,False
3140,True,True,False,False,True
3141,True,False,True,False,False
3142,True,True,True,False,False
3143,True,True,False,False,True
3144,False,False,False,True,False
3145,False,False,False,True,True
3146,False,False,False,True,False
3147,False,True,False,True,True
3148,False,False,True,True,False
3149,True,False,True,False,False
3150,True,True,True,False,False
3151,True,False,True,False,False
3152,False,True,False,True,True
3153,False,True,False,True,False
3154,False,True,False,True,True
3155,False,True,False,True,True
3156,False,True,False,True,True
3157,True,False,False,True,False
3158,False,True,False,True,True
3159,False,True,True,True,False
3160,True,False,True,False,False
3161,False,False,False,True,False
3162,False,False,False,True,True
3163,False,True,False,False,False
3164,False,False,False,True,True
3165,True,True,True,False,False
3166,False,True,False,True,True
3167,False,False,True,True,False
3168,False,False,False,True,False
3169,True,False,True,False,False
3170,False,True,False,True,True
3171,True,False,True,False,False
3172,True,True,True,False,False
3173,True,True,True,False,False
3174,False,True,False,True,True
3175,False,True,False,True,True
3176,True,True,True,False,False
3177,False,False,True,False,False
3178,True,False,True,False,False
3179,True,False,True,False,False
3180,True,True,False,False,False
3181,True,True,True,False,False
3182,False,False,False,False,True
3183,False,True,True,True,True
3184,True,False,True,False,False
3185,False,False,False,True,True
3186,True,False,True,False,False
3187,True,True,True,False,True
3188,False,True,True,False,True
3189,False,False,False,True,False
3190,False,False,False,True,False
3191,True,False,False,False,False
3192,True,True,True,False,False
3193,True,False,True,False,False
3194,True,True,True,False,False
3195,False,False,False,True,True
3196,False,False,False,True,True
3197,True,True,True,False,False
3198,True,False,True,True,False
3199,False,True,False,True,True
3200,False,True,False,True,True
3201,True,True,True,False,False
3202,False,False,False,True,True
3203,False,True,False,True,True
3204,True,True,True,False,False
3205,True,True,True,False,False
3206,True,False,True,False,False
3207,True,False,True,False,False
3208,False,False,False,True,True
3209,True,True,False,True,True
3210,True,True,True,False,False
3211,True,False,True,False,False
3212,False,True,False,True,False
3213,False,True,False,True,True
3214,True,False,True,False,False
3215,True,True,True,False,False
3216,False,False,False,True,True
3217,False,True,False,True,True
3218,False,False,False,True,True
3219,True,False,True,False,False
3220,False,False,False,True,True
3221,False,True,False,False,False
3222,False,True,False,True,True
3223,True,True,False,False,False
3224,True,True,True,True,False
3225,True,True,True,False,False
3226,False,False,False,False,True
3227,False,True,False,True,True
3228,False,False,False,True,True
3229,False,True,False,True,True
3230,True,True,True,False,False
3231,False,False,False,True,False
3232,False,False,True,True,True
3233,False,True,True,True,True
3234,False,True,False,True,True
3235,True,False,True,False,False
3236,True,True,True,False,False
3237,True,True,True,False,False
3238,False,False,True,True,True
3239,False,True,False,True,True
3240,True,True,True,False,False
3241,True,True,True,False,True
3242,True,True,False,False,False
3243,False,False,False,True,False
3244,False,False,False,True,True
3245,True,False,True,False,True
3246,True,False,True,False,False
3247,False,True,False,True,False
3248,True,True,False,False,False
3249,True,True,True,False,False
3250,False,True,False,True,True
3251,False,True,False,True,True
3252,False,False,False,True,False
3253,True,False,False,True,False
3254,False,True,False,True,True
3255,False,False,True,False,False
3256,False,True,False,False,True
3257,False,False,False,True,True
3258,True,True,True,False,False
3259,True,False,False,False,False
3260,False,False,False,True,False
3261,False,True,False,True,True
3262,False,True,False,False,False
3263,True,True,True,False,False
3264,False,True,False,True,True
3265,False,True,False,False,False
3266,True,True,True,False,False
3267,False,True,False,True,False
3268,True,False,False,False,False
3269,False,True,False,True,True
3270,True,True,True,True,False
3271,False,True,False,True,False
3272,False,True,False,False,False
3273,True,True,True,False,False
3274,False,True,False,True,True
3275,False,True,False,True,True
3276,False,False,False,True,True
3277,True,True,True,False,True
3278,True,True,True,False,False
3279,True,False,False,False,False
3280,False,False,True,False,False
3281,True,True,True,False,False
3282,True,True,True,False,False
3283,False,True,True,False,False
3284,False,False,False,True,False
3285,False,True,False,False,False
3286,True,True,True,False,False
3287,True,False,True,False,False
3288,False,False,False,True,True
3289,False,True,False,True,False
3290,False,False,False,True,False
3291,True,True,True,False,False
3292,True,False,True,False,True
3293,True,True,False,False,False
3294,False,True,False,True,False
3295,False,True,False,False,True
3296,True,True,False,False,True
3297,False,False,False,True,True
3298,True,True,True,False,False
3299,False,True,False,True,False
3300,False,False,False,True,True
3301,True,True,True,False,False
3302,True,False,True,False,False
3303,True,False,True,False,False
3304,False,False,True,False,False
3305,True,True,True,False,False
3306,True,False,True,False,False
3307,False,False,False,True,True
3308,True,True,True,False,False
3309,False,True,False,True,True
3310,True,True,True,False,False
3311,False,False,False,True,False
3312,True,True,True,False,True
3313,True,True,True,True,False
3314,True,True,True,False,False
3315,True,True,True,False,False
3316,False,True,False,False,True
3317,True,False,True,False,True
3318,False,False,False,True,True
3319,True,True,True,False,False
3320,False,False,False,True,True
3321,False,False,False,True,True
3322,True,False,True,False,False
3323,False,False,False,True,True
3324,False,False,True,True,False
3325,False,False,False,True,True
3326,True,False,True,False,False
3327,True,False,False,False,False
3328,True,False,False,False,False
3329,False,True,False,False,True
3330,True,True,True,False,False
3331,True,True,True,False,False
3332,False,False,False,True,True
3333,False,True,False,True,True
3334,True,False,False,False,True
3335,True,True,False,True,False
3336,True,True,False,False,False
3337,True,False,True,False,False
3338,False,False,False,False,True
3339,True,False,False,False,False
3340,True,False,True,False,False
3341,True,False,True,False,False
3342,True,True,True,False,False
3343,False,True,False,False,True
3344,False,False,False,False,True
3345,True,False,True,False,False
3346,True,False,True,False,False
3347,False,False,False,True,True
3348,False,False,False,True,True
3349,False,False,False,True,True
3350,False,False,False,True,True
3351,True,True,True,False,False
3352,False,False,False,True,False
3353,True,False,True,False,False
3354,False,True,False,True,True
3355,False,True,False,True,True
3356,True,False,True,False,False
3357,True,True,False,True,False
3358,True,False,True,False,False
3359,False,False,False,True,True
3360,False,True,False,True,True
3361,False,True,True,False,False
3362,True,True,True,False,False
3363,False,False,False,False,True
3364,True,False,True,False,True
3365,True,False,True,False,False
3366,False,True,False,False,False
3367,False,False,True,False,True
3368,True,False,True,False,False
3369,True,False,True,False,False
3370,False,True,False,True,True
3371,True,False,True,False,False
3372,True,True,True,False,True
3373,False,True,False,True,True
3374,True,True,True,False,False
3375,False,True,False,True,False
3376,True,True,True,False,False
3377,True,True,True,False,False
3378,False,False,False,True,True
3379,True,True,True,False,False
3380,True,True,True,False,False
3381,True,False,True,False,False
3382,True,True,True,False,False
3383,True,False,True,False,False
3384,False,False,False,True,False
3385,True,True,True,False,False
3386,False,True,False,True,True
3387,False,True,False,True,False
3388,False,False,True,True,False
3389,False,True,False,True,True
3390,False,True,False,True,True
3391,False,True,False,True,True
3392,True,False,False,False,False
3393,True,False,True,True,False
3394,False,True,False,True,True
3395,True,False,True,False,False
3396,True,True,True,False,False
3397,True,False,False,False,False
3398,False,True,False,False,True
3399,True,True,True,False,False
3400,False,False,True,True,False
3401,False,False,False,True,True
3402,False,True,False,True,True
3403,True,True,True,False,False
3404,True,False,True,False,False
3405,False,True,False,True,True
3406,True,True,True,False,False
3407,True,True,True,False,False
3408,True,True,True,False,False
3409,False,True,False,True,True
3410,True,True,False,False,True
3411,True,True,True,False,False
3412,False,True,False,True,False
3413,True,True,True,False,False
3414,False,False,False,True,True
3415,False,True,False,True,False
3416,True,False,True,False,False
3417,False,False,False,False,True
3418,True,False,True,False,False
3419,False,True,True,False,False
3420,True,True,True,False,False
3421,False,False,False,True,False
3422,True,False,True,False,False
3423,False,False,False,True,True
3424,False,False,False,True,False
3425,True,False,True,False,False
3426,False,True,False,True,True
3427,False,False,True,False,False
3428,True,True,False,False,False
3429,False,True,True,False,True
3430,False,False,True,False,False
3431,True,True,True,False,True
3432,True,True,False,False,False
3433,True,False,True,False,False
3434,True,True,False,False,True
3435,True,True,True,False,False
3436,True,True,False,True,True
3437,True,False,True,False,False
3438,True,True,True,False,False
3439,True,False,True,False,False
3440,False,False,False,True,True
3441,False,True,False,True,True
3442,True,True,True,False,False
3443,True,True,True,False,False
3444,True,True,True,False,False
3445,False,True,False,False,True
3446,False,False,False,True,False
3447,False,True,False,True,False
3448,False,True,False,True,True
3449,False,False,False,True,True
3450,False,False,True,True,False
3451,False,True,False,True,False
3452,True,True,True,False,False
3453,False,False,False,False,True
3454,False,False,True,True,False
3455,False,False,False,False,True
3456,True,True,True,False,False
3457,False,False,False,True,False
3458,True,False,True,True,True
3459,False,False,True,False,False
3460,False,True,False,False,True
3461,False,False,False,True,False
3462,False,True,False,False,True
3463,False,False,False,True,True
3464,False,False,False,True,True
3465,True,True,False,True,True
3466,False,True,False,False,True
3467,False,False,False,True,True
3468,False,False,False,True,False
3469,True,True,False,False,False
3470,False,False,False,True,True
3471,False,False,False,True,True
3472,True,True,False,False,False
3473,True,True,False,True,True
3474,True,False,True,False,False
3475,False,True,False,False,True
3476,False,False,False,True,True
3477,False,False,False,True,False
3478,False,True,False,False,False
3479,True,False,False,False,False
3480,False,False,False,True,False
3481,False,False,False,True,True
3482,False,True,False,True,True
3483,True,True,True,False,False
3484,False,False,True,True,False
3485,True,False,True,False,False
3486,True,False,True,False,False
3487,True,True,True,False,False
3488,True,True,True,False,True
3489,False,True,True,False,False
3490,False,False,False,True,True
3491,False,False,True,True,True
3492,False,True,False,True,True
3493,True,True,True,False,False
3494,True,False,False,True,True
3495,True,False,True,False,False
3496,True,True,True,False,False
3497,True,True,False,False,True
3498,False,False,False,True,True
3499,False,False,False,True,False
3500,False,True,False,True,True
3501,False,True,False,False,False
3502,True,True,False,True,False
3503,True,True,True,False,False
3504,False,False,False,True,True
3505,True,True,True,False,False
3506,False,True,False,False,True
3507,False,True,False,True,True
3508,True,False,True,False,False
3509,True,False,True,False,False
3510,True,True,True,False,False
3511,True,False,True,False,False
3512,True,False,False,False,False
3513,False,False,False,True,True
3514,False,True,False,False,True
3515,False,True,False,True,True
3516,True,False,False,False,False
3517,True,True,True,False,False
3518,True,False,True,False,False
3519,True,True,True,False,False
3520,False,True,True,False,True
3521,False,True,False,True,False
3522,False,False,False,False,True
3523,False,False,False,False,True
3524,False,False,False,True,False
3525,True,False,True,False,False
3526,False,True,False,True,True
3527,False,True,False,True,True
3528,True,True,True,False,False
3529,False,True,False,True,True
3530,True,False,True,False,False
3531,False,True,False,False,False
3532,True,True,False,False,True
3533,False,False,False,True,True
3534,True,False,True,False,False
3535,True,True,True,False,False
3536,False,True,False,True,False
3537,True,True,True,True,False
3538,True,False,False,True,True
3539,False,True,False,False,True
3540,True,True,True,False,False
3541,False,True,True,True,True
3542,False,True,False,False,True
3543,False,True,False,True,True
3544,True,False,True,False,False
3545,False,False,True,False,False
3546,True,True,True,False,False
3547,False,True,False,True,False
3548,True,True,True,False,False
3549,False,True,False,True,False
3550,False,False,True,True,False
3551,True,True,True,False,False
3552,False,False,False,False,True
3553,True,False,True,False,False
3554,True,True,True,False,False
3555,True,False,True,False,False
3556,True,False,True,True,False
3557,False,True,False,True,True
3558,True,True,False,False,False
3559,True,False,True,False,False
3560,True,False,False,True,False
3561,False,False,False,True,True
3562,True,False,True,False,False
3563,False,False,False,True,False
3564,False,False,False,True,True
3565,True,True,True,False,False
3566,True,False,True,False,False
3567,True,False,True,False,False
3568,True,True,False,False,False
3569,True,False,False,False,True
3570,False,False,False,True,True
3571,True,False,True,False,False
3572,True,True,True,False,False
3573,True,False,True,False,False
3574,False,True,False,True,False
3575,True,False,True,False,False
3576,False,True,False,True,False
3577,True,False,True,False,False
3578,True,True,True,False,False
3579,True,True,True,False,False
3580,False,True,False,True,True
3581,True,False,True,False,False
3582,False,False,False,True,True
3583,True,True,True,False,False
3584,True,True,False,False,True
3585,False,False,False,False,True
3586,False,True,False,True,True
3587,False,True,False,True,True
3588,False,True,True,False,True
3589,False,True,False,True,True
3590,True,True,True,False,False
3591,False,False,True,False,False
3592,False,True,False,True,False
3593,False,False,False,True,True
3594,False,False,False,True,True
3595,False,True,False,True,True
3596,False,True,False,True,True
3597,False,True,False,True,False
3598,True,True,False,True,True
3599,False,True,False,True,True
3600,False,False,False,True,False
3601,False,False,False,True,True
3602,False,False,False,True,True
3603,False,True,False,False,True
3604,False,False,False,True,False
3605,False,False,False,True,False
3606,True,False,True,False,False
3607,False,True,False,True,True
3608,False,True,False,True,True
3609,False,False,False,True,False
3610,False,False,False,False,True
3611,True,False,True,False,False
3612,True,False,True,False,False
3613,False,True,False,True,True
3614,False,False,False,True,True
3615,True,True,True,False,False
3616,False,False,False,True,True
3617,False,True,False,True,True
3618,True,True,True,False,False
3619,True,True,True,False,False
3620,False,False,True,False,False
3621,True,False,True,False,False
3622,True,True,True,False,False
3623,False,True,False,True,False
3624,True,False,True,False,False
3625,False,True,False,True,True
3626,False,True,False,True,True
3627,True,False,False,True,True
3628,True,True,True,True,False
3629,False,False,False,True,True
3630,False,False,True,False,False
3631,False,False,False,True,False
3632,True,False,True,False,False
3633,False,False,True,False,True
3634,True,True,True,False,False
3635,False,False,False,True,True
3636,True,False,False,False,False
3637,False,True,False,True,True
3638,True,True,True,False,False
3639,True,True,True,False,False
3640,False,False,False,True,False
3641,True,True,False,False,False
3642,True,True,True,False,True
3643,False,True,False,True,True
3644,True,True,True,False,False
3645,False,False,False,True,True
3646,True,True,True,False,False
3647,True,True,True,False,False
3648,False,False,True,False,False
3649,False,False,False,True,True
3650,False,True,False,True,False
3651,False,False,False,True,True
3652,False,True,False,True,True
3653,False,True,False,True,True
3654,False,True,False,False,False
3655,True,False,False,False,False
3656,True,False,True,False,False
3657,False,True,False,True,True
3658,False,True,True,False,False
3659,True,True,False,True,True
3660,True,False,True,False,False
3661,True,True,True,False,False
3662,True,True,True,False,False
3663,True,True,True,False,False
3664,True,True,True,False,False
3665,True,True,True,False,False
3666,False,True,False,True,True
3667,True,False,True,False,False
3668,True,True,True,False,False
3669,True,True,True,False,False
3670,True,False,True,False,False
3671,True,True,True,False,False
3672,True,False,True,False,False
3673,False,True,False,True,True
3674,True,True,True,False,False
3675,True,False,False,False,False
3676,True,False,True,False,False
3677,False,True,False,True,True
3678,True,True,True,False,False
3679,True,False,True,False,True
3680,False,False,False,True,True
3681,True,False,True,False,False
3682,True,True,True,False,False
3683,False,False,False,False,True
3684,False,False,False,True,True
3685,True,True,True,False,False
3686,False,False,False,True,False
3687,True,False,True,False,False
3688,True,True,True,False,False
3689,False,True,False,True,True
3690,False,False,False,True,False
3691,True,False,True,True,True
3692,False,False,False,True,True
3693,True,False,True,False,False
3694,False,False,False,False,True
3695,True,False,False,False,False
3696,True,True,True,True,False
3697,True,True,True,False,False
3698,True,False,False,False,False
3699,False,False,True,True,True
3700,True,True,False,False,False
3701,False,False,False,True,True
3702,True,False,True,True,False
3703,True,False,True,False,False
3704,False,True,False,True,False
3705,True,True,True,False,False
3706,True,True,True,False,False
3707,True,True,True,False,True
3708,True,True,True,False,False
3709,False,False,False,True,True
3710,False,False,False,True,True
3711,True,False,True,False,False
3712,False,False,False,True,True
3713,False,False,False,True,False
3714,False,True,False,True,True
3715,True,True,False,False,False
3716,True,False,True,False,False
3717,True,True,True,False,False
3718,False,True,True,False,True
3719,True,False,True,False,False
3720,False,False,False,True,True
3721,True,False,True,False,False
3722,False,False,False,False,True
3723,False,False,False,True,True
3724,True,True,False,False,False
3725,True,False,False,False,False
3726,True,True,True,False,False
3727,False,False,False,True,False
3728,True,False,True,False,False
3729,False,True,False,True,True
3730,True,True,True,False,False
3731,True,True,True,False,True
3732,False,True,False,True,False
3733,False,False,False,True,True
3734,False,True,False,True,True
3735,True,False,True,False,False
3736,True,False,True,False,False
3737,True,True,True,False,False
3738,True,False,True,False,False
3739,False,True,False,True,True
3740,True,True,True,False,False
3741,True,False,True,False,False
3742,True,True,True,False,False
3743,True,True,True,False,False
3744,False,False,True,False,False
3745,True,False,True,False,False
3746,True,True,True,False,False
3747,False,True,False,True,True
3748,False,False,False,True,True
3749,False,False,True,True,True
3750,False,False,False,False,True
3751,False,True,False,True,True
3752,False,False,False,True,False
3753,True,True,True,False,False
3754,True,True,False,False,False
3755,False,False,False,True,True
3756,False,False,True,True,True
3757,False,False,False,True,True
3758,False,True,False,True,True
3759,True,False,False,False,False
3760,False,True,False,True,True
3761,True,False,True,False,False
3762,True,False,True,False,False
3763,True,True,True,False,False
3764,True,False,True,False,False
3765,True,True,True,False,False
3766,True,True,True,False,False
3767,True,True,True,False,False
3768,False,False,False,True,False
3769,False,True,False,True,True
3770,True,True,True,True,True
3771,True,True,True,False,False
3772,True,True,True,False,False
3773,True,False,True,False,False
3774,False,False,False,True,True
3775,True,False,False,False,False
3776,True,True,True,False,False
3777,False,True,False,False,False
3778,True,True,True,False,False
3779,True,True,True,False,False
3780,False,True,False,True,False
3781,False,True,False,True,True
3782,True,False,False,True,True
3783,True,True,True,False,False
3784,False,False,False,True,True
3785,False,True,False,True,True
3786,False,True,False,True,True
3787,True,False,True,False,False
3788,True,True,True,False,False
3789,False,True,True,True,True
3790,False,False,False,False,True
3791,True,True,True,False,False
3792,True,True,True,False,False
3793,False,False,False,True,True
3794,True,False,False,False,False
3795,True,True,True,False,False
3796,False,True,False,True,True
3797,True,True,False,False,False
3798,False,False,False,True,True
3799,True,False,True,False,False
3800,True,True,False,False,False
3801,False,True,False,False,False
3802,False,False,False,True,True
3803,False,True,False,True,False
3804,True,True,True,False,True
3805,False,True,False,False,True
3806,True,True,False,True,False
3807,False,False,False,True,True
3808,False,True,False,False,True
3809,True,True,True,False,False
3810,False,False,True,False,False
3811,False,False,False,False,True
3812,False,True,False,True,True
3813,False,False,False,False,True
3814,True,True,True,False,False
3815,False,False,False,True,True
3816,True,True,True,False,False
3817,True,True,True,False,False
3818,True,True,True,False,False
3819,False,False,False,True,True
3820,True,False,False,False,False
3821,True,True,True,False,False
3822,False,True,False,True,True
3823,True,True,False,True,True
3824,False,True,False,True,True
3825,False,True,False,True,True
3826,True,True,True,False,False
3827,True,True,True,False,False
3828,False,True,False,True,True
3829,True,True,True,False,False
3830,True,False,False,True,True
3831,True,False,True,False,False
3832,True,False,True,False,False
3833,True,False,True,False,False
3834,True,False,True,False,False
3835,False,True,False,True,True
3836,False,False,False,True,True
3837,False,False,False,True,True
3838,True,True,True,False,False
3839,True,False,True,False,False
3840,False,True,False,True,True
3841,True,True,True,False,False
3842,True,True,True,False,False
3843,False,True,False,True,False
3844,False,False,True,False,False
3845,True,True,True,False,False
3846,False,False,False,True,True
3847,True,False,True,False,False
3848,True,False,True,False,False
3849,True,True,True,False,False
3850,False,True,False,True,True
3851,True,False,True,False,False
3852,False,True,False,True,True
3853,False,True,False,True,True
3854,False,False,False,True,True
3855,False,True,False,True,False
3856,False,True,False,True,True
3857,True,True,True,False,False
3858,True,True,True,False,False
3859,False,False,False,True,True
3860,False,False,True,True,False
3861,False,True,False,True,False
3862,True,True,True,False,False
3863,True,False,True,False,False
3864,True,False,True,False,False
3865,False,False,False,False,True
3866,True,True,True,False,False
3867,False,True,True,False,False
3868,True,False,True,False,False
3869,False,False,True,False,False
3870,True,False,True,False,False
3871,False,True,True,False,False
3872,True,False,True,False,False
3873,True,True,True,False,False
3874,False,True,True,False,False
3875,False,False,False,True,True
3876,False,False,False,True,True
3877,True,True,True,False,False
3878,False,True,False,True,True
3879,False,True,False,True,True
3880,True,True,True,False,False
3881,True,True,True,False,False
3882,True,True,True,False,False
3883,True,True,True,False,False
3884,True,True,False,False,False
3885,True,False,True,False,False
3886,False,False,False,True,False
3887,False,True,True,False,False
3888,True,False,True,False,False
3889,False,True,False,True,False
3890,False,False,False,False,True
3891,True,True,True,False,False
3892,True,True,False,False,False
3893,True,False,True,False,False
3894,True,True,True,False,True
3895,True,True,True,False,False
3896,True,True,False,False,False
3897,False,False,False,True,True
3898,False,False,False,True,True
3899,True,True,True,False,False
3900,True,True,True,False,True
3901,False,False,False,True,True
3902,True,True,True,False,False
3903,True,True,False,True,False
3904,False,False,False,True,True
3905,True,True,True,False,False
3906,False,True,True,False,False
3907,False,False,False,True,True
3908,False,True,True,True,True
3909,True,True,True,False,False
3910,False,True,False,True,True
3911,True,True,False,True,True
3912,True,True,True,False,False
3913,True,False,True,False,False
3914,False,False,False,True,True
3915,True,True,True,False,False
3916,False,True,False,False,True
3917,True,False,True,False,True
3918,False,False,True,False,False
3919,False,True,False,False,True
3920,True,True,True,False,False
3921,False,True,False,True,True
3922,True,False,True,True,False
3923,True,False,True,False,False
3924,True,True,True,False,False
3925,True,True,True,True,False
3926,True,True,True,False,False
3927,True,False,True,False,False
3928,False,False,False,False,True
3929,False,True,False,True,True
3930,True,False,False,False,False
3931,True,True,True,False,False
3932,True,True,True,True,False
3933,True,True,True,False,False
3934,True,True,True,False,False
3935,False,False,True,False,False
3936,False,True,True,True,False
3937,False,False,True,False,False
3938,False,False,False,True,True
3939,True,False,True,False,False
3940,True,False,False,False,False
3941,False,True,False,False,True
3942,False,False,False,False,True
3943,False,False,False,False,True
3944,False,False,False,True,True
3945,True,True,True,False,False
3946,True,False,True,False,False
3947,False,True,False,True,False
3948,True,True,False,False,False
3949,True,False,True,True,True
3950,True,False,True,False,False
3951,True,True,True,False,False
3952,False,False,False,True,True
3953,True,False,True,False,False
3954,False,False,False,True,True
3955,False,False,False,True,True
3956,True,True,False,False,False
3957,True,True,True,False,False
3958,True,False,True,False,False
3959,False,False,False,True,True
3960,True,False,True,True,False
3961,False,True,False,True,True
3962,False,True,False,True,True
3963,False,True,True,True,False
3964,True,False,False,True,True
3965,False,True,False,False,True
3966,False,True,False,True,True
3967,True,True,True,False,False
3968,True,False,False,True,False
3969,True,True,True,False,False
3970,True,True,True,True,False
3971,False,False,False,True,True
3972,False,False,False,False,True
3973,True,True,True,False,False
3974,True,False,True,False,False
3975,True,True,True,False,False
3976,False,False,False,True,True
3977,True,True,True,False,False
3978,True,False,False,False,False
3979,False,False,False,True,False
3980,True,True,True,False,False
3981,False,True,False,True,False
3982,True,False,True,False,False
3983,False,True,False,True,True
3984,True,True,True,False,False
3985,False,True,True,False,False
3986,False,True,False,True,True
3987,False,True,False,True,True
3988,True,False,False,False,True
3989,True,True,False,True,False
3990,False,False,False,True,True
3991,False,False,False,True,True
3992,True,True,False,True,False
3993,False,True,False,True,True
3994,True,True,True,False,False
3995,True,False,False,False,True
3996,True,False,True,False,False
3997,True,True,True,False,False
3998,False,False,False,True,True
3999,True,False,True,False,False
4000,False,False,False,False,True
4001,True,True,False,False,False
4002,True,True,True,False,False
4003,True,True,True,False,False
4004,False,True,False,True,True
4005,True,True,True,False,False
4006,False,False,False,True,True
4007,True,True,True,False,False
4008,True,False,True,False,False
4009,False,False,False,True,True
4010,False,False,False,True,True
4011,False,True,True,True,True
4012,True,True,True,False,False
4013,True,True,False,False,False
4014,True,True,True,False,True
4015,True,False,False,True,False
4016,True,False,False,False,False
4017,True,True,True,False,False
4018,True,False,True,False,False
4019,False,False,False,True,True
4020,True,True,True,False,False
4021,True,True,True,False,False
4022,True,True,True,False,False
4023,False,True,False,True,True
4024,False,False,True,False,True
4025,True,True,True,False,False
4026,True,False,True,False,False
4027,False,True,True,False,False
4028,False,True,False,True,True
4029,True,True,True,False,False
4030,False,False,False,True,False
4031,True,True,True,False,False
4032,True,True,False,False,False
4033,True,True,True,False,False
4034,False,False,False,True,True
4035,False,False,False,True,False
4036,True,False,True,False,False
4037,True,True,False,False,False
4038,False,False,True,True,True
4039,False,True,False,True,True
4040,True,False,True,True,True
4041,False,False,False,True,True
4042,False,True,True,True,True
4043,True,False,True,False,False
4044,True,False,False,False,False
4045,False,True,False,True,True
4046,True,True,True,False,False
4047,False,False,True,False,False
4048,True,False,True,False,True
4049,False,True,False,False,False
4050,True,False,True,False,False
4051,True,False,False,False,True
4052,False,False,True,True,True
4053,True,False,True,False,False
4054,True,False,True,False,False
4055,True,True,True,False,False
4056,False,True,False,True,True
4057,True,True,False,False,False
4058,True,False,True,False,True
4059,True,True,True,False,False
4060,False,False,False,True,True
4061,False,True,False,True,False
4062,True,False,True,False,False
4063,True,True,False,False,False
4064,False,True,False,True,True
4065,False,False,False,True,False
4066,False,True,True,False,False
4067,False,False,False,False,True
4068,True,True,False,True,False
4069,False,True,False,True,True
4070,False,False,False,True,True
4071,False,True,True,False,True
4072,False,False,True,False,True
4073,False,False,False,True,True
4074,True,False,True,False,False
4075,True,False,True,False,False
4076,False,False,False,True,True
4077,False,False,False,True,True
4078,False,False,False,True,False
4079,True,True,True,False,False
4080,False,False,False,True,True
4081,True,True,True,False,False
4082,True,False,False,False,False
4083,True,False,False,True,True
4084,True,False,True,False,False
4085,True,False,False,True,True
4086,True,False,False,True,True
4087,True,True,True,False,False
4088,False,False,False,True,True
4089,True,True,True,False,False
4090,False,False,False,True,True
4091,True,True,True,False,False
4092,False,True,False,True,True
4093,True,False,True,False,False
4094,True,True,True,False,False
4095,True,True,True,False,True
4096,False,False,False,True,True
4097,True,False,True,False,False
4098,True,True,False,False,False
4099,False,False,False,True,True
4100,False,False,False,True,True
4101,True,True,True,False,True
4102,True,True,True,False,False
4103,False,True,False,True,True
4104,True,True,True,False,False
4105,True,False,True,False,False
4106,False,True,False,True,True
4107,False,True,False,True,True
4108,True,False,True,False,False
4109,False,False,False,True,False
4110,False,False,False,True,True
4111,False,True,False,True,True
4112,True,True,True,False,False
4113,True,True,True,False,True
4114,False,False,False,True,True
4115,True,True,True,False,True
4116,True,False,True,False,False
4117,True,True,False,True,False
4118,True,True,True,False,False
4119,False,False,False,True,True
4120,True,True,False,False,True
4121,False,True,False,True,True
4122,True,True,True,False,False
4123,False,False,False,True,False
4124,True,True,True,False,False
4125,True,True,True,False,False
4126,True,False,True,False,True
4127,False,True,False,True,True
4128,False,False,False,True,True
4129,True,True,True,False,False
4130,True,True,True,False,False
4131,False,False,False,True,True
4132,False,False,False,True,True
4133,True,False,True,False,False
4134,False,False,False,True,True
4135,True,True,True,False,False
4136,True,False,True,False,False
4137,True,False,True,False,False
4138,False,False,False,True,True
4139,True,True,True,False,False
4140,True,True,False,False,False
4141,True,True,True,False,False
4142,True,True,True,False,False
4143,True,True,True,False,False
4144,True,True,True,False,False
4145,False,True,False,True,True
4146,False,True,False,False,False
4147,False,False,False,True,True
4148,True,True,True,False,False
4149,True,True,False,False,False
4150,False,True,False,True,True
4151,True,False,True,False,False
4152,True,False,True,False,False
4153,False,True,False,False,True
4154,False,True,False,True,True
4155,False,False,False,True,True
4156,False,True,True,True,True
4157,True,True,True,False,False
4158,False,False,False,True,False
4159,False,True,False,True,True
4160,True,False,True,False,False
4161,False,False,True,False,False
4162,False,True,True,False,True
4163,False,True,False,True,False
4164,True,True,True,False,False
4165,False,True,True,False,False
4166,False,True,True,True,False
4167,True,True,True,False,False
4168,True,False,True,False,False
4169,True,True,True,True,False
4170,True,True,True,False,False
4171,True,True,True,False,False
4172,False,True,True,False,True
4173,True,False,True,False,False
4174,True,True,True,False,False
4175,True,False,False,False,False
4176,False,False,False,True,True
4177,True,True,True,False,False
4178,False,False,True,True,False
4179,False,True,False,True,True
4180,True,False,True,False,False
4181,True,False,True,False,False
4182,False,False,False,True,True
4183,True,False,True,False,False
4184,False,False,False,True,True
4185,True,True,False,False,False
4186,True,True,False,True,True
4187,True,False,True,False,False
4188,True,True,True,True,False
4189,False,True,False,True,True
4190,True,False,True,False,False
4191,True,False,True,False,False
4192,True,True,True,False,False
4193,True,True,True,False,False
4194,False,True,False,False,True
4195,False,False,False,True,False
4196,False,False,False,True,True
4197,True,True,True,False,False
4198,False,False,True,False,False
4199,True,True,True,False,False
4200,True,False,False,False,False
4201,False,False,False,False,True
4202,False,True,False,True,False
4203,False,False,False,True,True
4204,True,False,True,False,False
4205,False,True,False,True,True
4206,True,True,True,False,False
4207,True,True,False,True,True
4208,False,False,False,True,True
4209,False,True,False,False,True
4210,False,False,False,True,True
4211,True,True,True,False,False
4212,False,False,False,True,False
4213,False,False,True,True,True
4214,False,True,False,True,True
4215,True,False,True,False,False
4216,True,False,True,False,False
4217,True,True,True,False,False
4218,False,False,True,False,False
4219,True,True,False,False,False
4220,False,True,True,False,False
4221,False,False,False,True,True
4222,True,True,True,False,False
4223,True,True,False,False,False
4224,False,False,False,True,False
4225,True,False,True,False,False
4226,False,True,False,True,True
4227,False,True,False,True,True
4228,True,True,True,False,False
4229,False,True,False,True,True
4230,True,True,True,False,False
4231,False,True,False,True,True
4232,False,True,False,True,True
4233,False,True,False,True,False
4234,True,False,True,False,False
4235,False,True,True,False,True
4236,True,True,True,False,True
4237,True,True,True,False,True
4238,True,False,True,False,False
4239,True,True,False,False,False
4240,False,False,False,False,True
4241,False,False,False,True,True
4242,False,True,False,True,False
4243,True,True,True,False,False
4244,True,False,True,False,False
4245,True,True,True,False,False
4246,False,True,False,True,True
4247,True,True,True,False,False
4248,True,True,True,False,False
4249,True,False,True,False,False
4250,True,True,True,False,False
4251,True,True,True,False,False
4252,True,True,True,False,False
4253,False,False,True,False,True
4254,False,True,False,True,True
4255,False,False,False,True,True
4256,False,False,False,True,True
4257,False,True,False,True,False
4258,False,True,False,False,True
4259,True,True,True,False,True
4260,True,True,True,False,False
4261,True,False,True,False,False
4262,True,True,True,False,False
4263,False,False,False,True,True
4264,False,True,False,True,True
4265,True,True,True,False,False
4266,False,False,False,True,True
4267,False,True,False,True,False
4268,True,False,True,False,False
4269,True,True,True,False,False
4270,False,False,False,False,True
4271,True,True,True,False,False
4272,False,False,False,True,True
4273,False,True,True,False,False
4274,True,True,False,False,True
4275,True,True,True,False,False
4276,False,False,False,True,True
4277,False,True,False,True,True
4278,True,True,True,False,True
4279,True,True,True,False,False
4280,False,True,False,True,True
4281,False,False,False,True,False
4282,False,False,True,False,False
4283,False,False,False,False,True
4284,False,True,False,True,True
4285,True,False,False,False,True
4286,False,False,True,False,True
4287,False,False,False,True,True
4288,False,True,False,True,False
4289,False,False,False,False,True
4290,False,False,False,True,True
4291,False,True,False,True,True
4292,True,False,True,False,False
4293,True,True,True,False,False
4294,False,True,True,False,False
4295,False,True,False,True,True
4296,True,False,True,True,False
4297,False,True,True,False,False
4298,True,False,False,True,True
4299,True,False,True,False,False
4300,False,True,False,False,True
4301,True,True,True,False,False
4302,False,False,False,True,True
4303,True,True,False,True,False
4304,True,False,False,False,False
4305,True,True,True,False,False
4306,False,True,False,True,True
4307,False,False,True,False,False
4308,True,True,True,False,False
4309,False,False,False,True,True
4310,False,True,False,True,True
4311,True,False,True,False,False
4312,True,False,False,True,True
4313,False,True,False,True,True
4314,True,False,True,False,False
4315,False,True,False,True,True
4316,True,False,False,False,False
4317,False,True,True,False,False
4318,True,False,True,False,False
4319,False,False,False,True,False
4320,False,True,False,True,True
4321,True,True,True,False,False
4322,False,True,False,True,True
4323,False,False,False,True,True
4324,False,False,False,True,True
4325,True,True,True,False,False
4326,True,True,True,False,False
4327,True,True,True,False,False
4328,True,True,True,False,False
4329,True,False,False,False,False
4330,True,True,True,False,False
4331,False,False,False,True,True
4332,False,False,False,False,True
4333,True,True,True,False,False
4334,False,True,False,False,False
4335,True,True,True,False,False
4336,False,False,False,True,True
4337,True,True,True,False,False
4338,False,False,False,True,True
4339,True,True,True,False,False
4340,True,False,True,False,False
4341,False,True,True,False,True
4342,False,False,False,False,True
4343,False,False,False,True,True
4344,False,False,True,False,False
4345,True,True,True,False,True
4346,True,True,True,False,False
4347,False,True,False,True,True
4348,False,False,False,True,True
4349,True,True,True,False,False
4350,False,False,True,False,False
4351,False,False,False,True,True
4352,True,False,True,False,False
4353,False,True,False,True,True
4354,True,False,False,False,True
4355,False,False,False,True,True
4356,False,False,False,True,True
4357,False,True,False,False,False
4358,False,True,False,True,True
4359,True,True,False,True,True
4360,False,True,False,True,True
4361,True,True,False,False,False
4362,False,True,False,True,True
4363,True,True,True,False,False
4364,True,False,False,True,True
4365,False,True,False,True,True
4366,True,False,False,True,False
4367,False,False,False,False,True
4368,True,False,False,True,True
4369,False,False,False,True,True
4370,True,False,True,False,False
4371,True,True,True,True,False
4372,True,True,True,False,False
4373,True,True,True,False,False
4374,False,True,False,False,True
4375,True,False,True,False,False
4376,False,False,False,True,False
4377,False,True,False,False,False
4378,True,True,True,False,False
4379,True,True,True,False,False
4380,False,True,False,True,True
4381,False,True,False,True,True
4382,True,False,False,True,True
4383,True,False,False,False,False
4384,True,False,True,False,False
4385,False,False,False,False,True
4386,False,False,False,True,True
4387,False,False,False,True,True
4388,False,False,False,True,True
4389,False,False,False,False,True
4390,True,True,False,True,True
4391,False,False,False,True,True
4392,False,True,False,False,True
4393,True,False,True,False,False
4394,True,True,True,False,False
4395,False,False,False,True,True
4396,True,False,True,False,False
4397,False,True,False,True,False
4398,False,True,False,True,False
4399,True,True,True,False,False
4400,False,True,False,True,True
4401,True,False,True,False,False
4402,True,True,True,False,False
4403,True,False,True,False,False
4404,False,False,False,True,True
4405,True,False,True,False,False
4406,False,False,False,True,True
4407,True,False,True,False,False
4408,True,False,True,False,False
4409,False,False,False,True,True
4410,True,True,True,False,False
4411,False,False,False,True,True
4412,False,False,False,False,True
4413,True,False,True,False,False
4414,True,True,True,False,False
4415,True,True,True,False,False
4416,False,True,True,True,False
4417,False,True,False,True,True
4418,False,False,False,False,True
4419,False,False,False,False,True
4420,True,True,True,False,False
4421,True,True,True,False,False
4422,False,False,False,True,False
4423,False,True,True,True,True
4424,True,True,True,False,False
4425,True,False,False,False,False
4426,False,True,False,True,True
4427,True,False,True,False,False
4428,True,False,False,False,False
4429,False,False,True,True,False
4430,True,True,True,False,False
4431,False,False,False,True,True
4432,True,True,True,False,False
4433,False,True,False,True,False
4434,True,True,True,False,False
4435,False,True,False,True,True
4436,True,False,True,False,False
4437,False,False,False,True,True
4438,False,False,False,True,True
4439,False,False,True,False,True
4440,True,True,True,False,False
4441,True,True,True,False,False
4442,False,False,False,True,True
4443,True,False,True,False,False
4444,True,False,True,False,False
4445,True,True,False,False,False
4446,False,False,False,True,True
4447,False,True,False,True,True
4448,True,True,True,False,False
4449,True,True,True,False,False
4450,False,True,False,True,True
4451,False,False,False,True,False
4452,True,True,False,False,False
4453,True,True,True,False,False
4454,True,False,True,True,True
4455,True,True,True,True,False
4456,True,True,True,False,False
4457,False,True,False,False,False
4458,True,True,True,False,False
4459,True,True,True,False,False
4460,True,True,False,False,False
4461,True,True,False,False,False
4462,True,False,True,False,False
4463,False,False,False,True,True
4464,True,True,True,False,False
4465,False,False,False,True,True
4466,True,False,True,False,False
4467,True,True,True,False,False
4468,True,False,True,False,True
4469,False,True,False,True,True
4470,True,False,True,False,False
4471,False,False,False,False,True
4472,True,False,False,False,False
4473,True,True,True,False,True
4474,False,False,False,False,True
4475,True,True,True,False,False
4476,True,True,True,False,False
4477,True,True,True,False,False
4478,True,True,False,True,True
4479,False,False,True,False,False
4480,False,True,False,True,True
4481,False,False,False,True,False
4482,False,False,False,True,True
4483,True,False,True,False,False
4484,False,True,False,False,False
4485,True,False,True,False,False
4486,False,True,False,True,True
4487,True,False,True,False,False
4488,True,False,True,False,False
4489,False,False,True,False,False
4490,False,False,False,True,True
4491,False,True,False,False,True
4492,True,False,True,False,False
4493,True,False,False,True,False
4494,True,True,True,False,False
4495,False,True,False,True,True
4496,False,True,False,True,False
4497,False,False,False,False,True
4498,False,True,False,True,True
4499,True,False,True,True,False
4500,False,False,False,True,False
4501,False,False,False,True,True
4502,False,True,False,False,True
4503,False,False,False,True,False
4504,False,True,False,True,True
4505,True,False,True,False,False
4506,False,False,False,True,True
4507,False,False,False,True,True
4508,True,False,True,False,False
4509,True,True,True,False,False
4510,False,False,False,True,True
4511,True,True,True,False,False
4512,False,False,False,True,True
4513,True,True,True,False,False
4514,True,False,False,False,False
4515,False,True,False,True,True
4516,False,True,False,True,True
4517,True,False,False,True,True
4518,True,True,False,False,False
4519,True,True,True,False,False
4520,False,False,False,True,True
4521,False,True,False,True,True
4522,True,True,True,False,False
4523,True,True,True,False,False
4524,False,True,False,True,True
4525,True,True,True,False,False
4526,False,True,False,True,True
4527,False,False,False,True,True
4528,False,True,True,False,True
4529,True,True,True,False,False
4530,True,True,True,False,False
4531,True,True,True,False,False
4532,True,True,False,True,False
4533,False,False,False,True,True
4534,False,False,False,True,True
4535,True,True,False,True,True
4536,False,False,True,False,False
4537,False,False,False,True,False
4538,False,True,False,False,False
4539,True,True,False,False,False
4540,False,False,False,True,True
4541,False,False,False,False,True
4542,False,False,True,True,False
4543,False,False,False,True,True
4544,False,False,False,True,True
4545,False,False,False,False,True
4546,False,False,False,True,True
4547,False,True,False,False,False
4548,True,False,False,False,True
4549,False,True,False,True,True
4550,False,False,False,False,True
4551,False,True,False,True,True
4552,True,True,True,False,False
4553,False,False,False,True,True
4554,True,True,True,False,False
4555,True,False,True,False,False
4556,False,True,False,True,True
4557,False,False,False,True,False
4558,True,True,True,False,False
4559,False,True,False,True,False
4560,True,False,True,False,False
4561,True,False,True,False,False
4562,False,True,False,True,True
4563,True,True,True,False,False
4564,False,True,True,True,False
4565,False,True,False,True,True
4566,True,True,True,False,False
4567,False,True,False,True,True
4568,False,False,False,True,True
4569,False,False,False,False,True
4570,True,False,True,False,False
4571,True,False,True,False,False
4572,False,False,True,False,False
4573,False,True,False,True,True
4574,True,False,False,True,False
4575,True,True,True,True,False
4576,False,True,False,True,True
4577,False,True,False,True,True
4578,True,False,True,False,False
4579,True,True,False,False,False
4580,True,False,True,False,False
4581,False,False,False,True,True
4582,False,False,False,True,False
4583,True,False,False,False,False
4584,True,True,True,False,True
4585,True,True,True,False,False
4586,True,False,True,False,False
4587,True,True,True,False,False
4588,True,True,True,False,False
4589,True,True,False,False,False
4590,True,True,False,False,False
4591,False,False,False,True,True
4592,False,True,False,False,False
4593,False,True,False,True,True
4594,True,False,False,False,False
4595,False,False,False,True,False
4596,False,True,False,True,False
4597,True,True,True,False,False
4598,True,False,True,False,False
4599,True,True,False,False,False
4600,True,False,True,False,False
4601,False,True,False,True,True
4602,True,False,True,False,False
4603,True,False,True,False,False
4604,False,True,False,True,True
4605,False,False,True,False,False
4606,True,False,True,False,False
4607,False,False,False,True,False
4608,False,True,True,True,False
4609,False,True,False,True,True
4610,False,True,True,False,False
4611,False,False,False,True,False
4612,True,True,True,False,False
4613,True,False,True,False,False
4614,True,True,True,False,False
4615,False,True,False,False,True
4616,True,True,True,False,False
4617,False,True,False,True,True
4618,False,False,False,True,True
4619,False,False,False,True,True
4620,True,True,False,True,False
4621,False,False,True,True,True
4622,True,False,True,False,False
4623,True,False,True,False,False
4624,False,False,False,True,False
4625,False,False,False,True,False
4626,True,False,False,True,True
4627,True,False,True,False,False
4628,True,True,True,False,False
4629,True,True,True,False,False
4630,True,True,True,False,False
4631,True,False,True,False,False
4632,True,True,True,False,False
4633,False,False,False,True,True
4634,False,False,False,True,True
4635,False,False,True,False,False
4636,False,False,False,False,True
4637,True,True,False,True,False
4638,False,True,False,True,True
4639,False,True,False,True,True
4640,True,True,True,False,False
4641,True,True,False,False,False
4642,False,True,False,True,True
4643,True,True,True,False,False
4644,True,True,True,False,False
4645,True,True,True,False,False
4646,True,False,False,False,False
4647,False,True,False,True,False
4648,False,False,False,True,True
4649,False,True,False,True,True
4650,True,True,True,False,False
4651,False,False,False,True,True
4652,False,True,False,True,True
4653,False,False,True,True,False
4654,False,True,True,True,False
4655,False,False,False,True,True
4656,False,True,False,True,True
4657,False,True,False,False,False
4658,True,False,True,False,False
4659,True,True,True,False,False
4660,True,False,True,False,False
4661,True,False,True,False,False
4662,False,False,False,True,True
4663,False,False,False,True,False
4664,True,False,True,False,False
4665,True,True,True,False,False
4666,True,True,True,False,False
4667,False,False,False,False,True
4668,True,True,True,False,False
4669,True,True,True,False,False
4670,True,True,True,False,False
4671,True,True,True,False,False
4672,True,True,True,False,False
4673,False,True,True,False,False
4674,True,False,True,False,False
4675,False,True,False,True,True
4676,True,False,False,True,False
4677,True,True,True,False,False
4678,False,True,False,True,True
4679,True,False,True,True,True
4680,False,True,False,True,True
4681,False,True,True,False,False
4682,False,False,False,True,True
4683,True,True,False,False,False
4684,False,False,False,True,True
4685,False,False,False,True,True
4686,True,False,True,False,False
4687,True,True,True,False,False
4688,True,False,True,False,False
4689,False,True,False,True,True
4690,False,False,False,True,True
4691,True,True,True,False,False
4692,True,True,False,True,True
4693,False,False,True,True,True
4694,False,True,True,False,False
4695,True,True,False,False,False
4696,True,False,True,False,False
4697,False,False,True,True,True
4698,True,False,True,False,False
4699,True,False,True,False,False
4700,True,False,True,False,False
4701,True,True,True,False,False
4702,True,True,True,False,False
4703,True,False,False,True,True
4704,False,True,False,True,True
4705,False,False,False,True,True
4706,True,False,True,False,False
4707,True,True,True,False,False
4708,False,True,False,True,True
4709,True,False,True,False,False
4710,True,False,True,False,False
4711,False,False,False,True,True
4712,False,False,False,True,True
4713,False,False,False,True,True
4714,True,False,True,False,False
4715,False,False,False,True,False
4716,False,False,False,True,True
4717,True,False,False,False,False
4718,False,True,False,True,True
4719,False,False,False,True,True
4720,True,True,True,False,False
4721,False,True,False,True,False
4722,True,False,True,False,False
4723,False,False,False,True,True
4724,True,True,True,False,False
4725,True,True,True,False,False
4726,True,False,True,True,False
4727,True,True,True,False,False
4728,True,False,True,False,False
4729,True,False,False,True,False
4730,False,True,False,True,True
4731,False,False,False,True,True
4732,True,False,True,False,False
4733,True,False,True,False,False
4734,True,False,True,False,False
4735,False,True,False,False,True
4736,True,False,True,True,False
4737,True,True,True,False,False
4738,False,True,False,False,False
4739,False,True,True,False,False
4740,False,True,False,True,True
4741,True,False,True,False,False
4742,False,False,False,True,True
4743,False,True,False,False,True
4744,True,True,True,False,False
4745,False,False,False,True,True
4746,False,False,False,True,False
4747,False,False,False,True,True
4748,True,True,True,False,False
4749,False,True,False,True,True
4750,False,True,False,True,True
4751,False,True,True,False,True
4752,True,False,True,False,True
4753,True,True,True,False,False
4754,True,False,True,False,False
4755,True,False,True,False,False
4756,True,True,True,False,False
4757,False,True,True,False,True
4758,False,False,False,True,True
4759,True,True,True,False,False
4760,False,False,False,True,True
4761,False,True,True,False,True
4762,True,True,True,False,False
4763,True,False,True,False,False
4764,True,True,True,False,False
4765,True,False,True,False,False
4766,True,False,True,False,False
4767,True,False,True,False,False
4768,False,True,False,True,True
4769,False,True,False,True,True
4770,False,True,False,True,True
4771,True,True,False,True,True
4772,False,False,True,True,False
4773,True,False,True,False,False
4774,False,False,False,True,True
4775,True,True,True,False,False
4776,True,False,True,False,False
4777,False,True,False,True,True
4778,False,True,False,True,True
4779,True,False,True,False,False
4780,False,False,False,True,False
4781,True,True,True,True,False
4782,True,True,True,False,False
4783,True,True,True,False,False
4784,False,True,False,False,False
4785,False,False,False,False,True
4786,False,True,True,False,True
4787,False,True,False,False,True
4788,True,True,False,False,False
4789,False,True,False,True,False
4790,True,True,True,False,False
4791,True,True,False,False,False
4792,False,True,True,False,False
4793,False,True,False,False,False
4794,False,True,False,True,False
4795,True,True,True,False,False
4796,False,True,False,True,True
4797,True,True,False,True,True
4798,False,False,False,True,True
4799,True,True,True,False,False
4800,True,True,True,False,False
4801,True,True,True,False,False
4802,False,True,False,True,False
4803,False,False,False,True,True
4804,True,True,True,False,False
4805,False,True,False,True,True
4806,False,True,False,True,True
4807,False,True,False,True,False
4808,False,False,False,True,True
4809,True,False,False,False,True
4810,True,False,True,False,False
4811,True,True,True,False,False
4812,False,True,False,True,True
4813,False,True,False,True,False
4814,False,False,False,True,True
4815,False,False,False,True,True
4816,False,True,False,True,True
4817,False,True,False,True,True
4818,True,True,True,False,False
4819,False,False,False,True,True
4820,False,False,False,True,False
4821,True,False,True,False,False
4822,False,False,True,False,False
4823,True,False,True,False,False
4824,True,True,True,False,False
4825,False,False,True,False,False
4826,True,True,True,False,False
4827,True,True,True,False,False
4828,False,False,False,True,True
4829,False,True,False,False,True
4830,False,False,False,False,True
4831,True,True,True,False,False
4832,True,False,False,False,True
4833,False,True,False,False,True
4834,True,True,True,False,False
4835,False,True,False,True,True
4836,True,True,True,False,False
4837,False,False,False,True,True
4838,True,False,True,False,False
4839,False,True,False,False,False
4840,True,False,True,False,False
4841,True,False,False,False,False
4842,False,False,False,True,True
4843,False,True,False,True,False
4844,False,True,True,True,True
4845,True,False,True,False,False
4846,False,False,False,True,False
4847,False,False,False,False,True
4848,False,True,False,True,True
4849,True,False,True,False,False
4850,False,True,True,False,False
4851,True,False,True,False,False
4852,True,True,False,True,True
4853,True,True,True,True,False
4854,True,False,False,False,True
4855,True,False,True,False,False
4856,True,False,True,False,False
4857,False,False,False,True,False
4858,False,False,False,True,False
4859,True,True,True,False,False
4860,True,True,True,False,False
4861,False,True,False,True,True
4862,True,False,True,False,True
4863,False,True,True,False,True
4864,False,False,True,False,False
4865,True,True,True,False,True
4866,False,False,False,True,False
4867,True,False,True,False,False
4868,True,True,True,False,False
4869,False,True,False,True,True
4870,True,True,True,False,False
4871,False,True,False,True,True
4872,False,True,False,True,True
4873,False,False,False,True,False
4874,False,False,False,True,True
4875,False,False,False,True,True
4876,False,False,False,True,False
4877,False,True,False,True,True
4878,False,False,False,False,True
4879,False,False,False,False,True
4880,True,False,False,False,False
4881,False,False,False,True,False
4882,False,False,False,True,True
4883,True,True,True,False,False
4884,True,False,False,False,True
4885,True,False,True,False,False
4886,False,False,False,True,True
4887,False,True,False,True,True
4888,False,False,False,True,True
4889,True,True,False,False,False
4890,False,False,True,False,False
4891,False,False,False,False,True
4892,True,True,True,False,True
4893,True,True,False,False,False
4894,False,False,False,False,True
4895,False,False,False,True,True
4896,True,True,True,False,False
4897,False,True,False,True,True
4898,False,True,False,True,True
4899,True,True,True,False,False
4900,False,False,False,True,True
4901,False,False,False,False,True
4902,False,False,False,True,True
4903,True,False,True,False,False
4904,False,False,False,True,False
4905,True,True,False,False,True
4906,True,False,False,False,False
4907,True,True,False,False,False
4908,False,False,False,True,False
4909,False,False,False,True,False
4910,True,False,True,False,False
4911,False,False,False,True,True
4912,False,True,False,True,False
4913,True,True,True,False,False
4914,True,True,True,False,False
4915,True,True,True,False,False
4916,True,False,True,False,True
4917,False,True,True,True,True
4918,False,True,False,True,True
4919,False,True,False,True,True
4920,True,True,True,False,False
4921,False,True,False,True,False
4922,True,False,False,False,False
4923,True,True,True,False,False
4924,False,False,False,True,False
4925,False,False,False,True,True
4926,False,False,False,True,True
4927,False,True,False,True,True
4928,False,True,False,True,True
4929,True,True,True,False,False
4930,False,True,False,False,False
4931,False,False,False,True,True
4932,True,False,False,False,False
4933,True,True,True,False,False
4934,False,True,False,True,True
4935,True,True,False,False,False
4936,False,True,False,False,True
4937,False,False,True,False,False
4938,True,True,True,False,False
4939,True,True,True,False,False
4940,True,True,True,False,False
4941,True,True,True,False,False
4942,True,False,True,False,False
4943,False,False,False,True,True
4944,True,True,True,False,False
4945,False,True,False,True,True
4946,False,True,False,True,True
4947,True,False,True,False,False
4948,True,False,True,False,False
4949,True,False,True,False,True
4950,True,False,True,False,False
4951,True,False,True,False,False
4952,True,True,False,False,False
4953,True,True,True,False,False
4954,True,True,True,False,False
4955,False,False,True,True,False
4956,False,False,False,True,True
4957,False,False,False,False,True
4958,False,False,False,False,True
4959,True,True,False,True,False
4960,True,False,True,False,False
4961,False,True,False,True,True
4962,False,False,False,True,True
4963,True,False,False,True,True
4964,True,True,True,False,False
4965,False,False,False,True,True
4966,False,False,False,True,True
4967,False,False,True,True,True
4968,True,True,True,False,False
4969,True,False,True,False,False
4970,True,True,False,False,True
4971,True,False,True,False,False
4972,True,True,True,False,False
4973,True,True,True,False,False
4974,False,True,False,True,True
4975,True,True,True,False,False
4976,True,False,True,False,False
4977,False,True,False,False,False
4978,False,False,False,False,True
4979,True,False,True,False,False
4980,True,True,True,False,False
4981,True,False,False,True,True
4982,False,False,False,True,False
4983,False,False,True,False,False
4984,False,False,False,True,False
4985,True,True,True,False,False
4986,True,True,False,False,False
4987,True,True,True,False,False
4988,False,False,False,True,True
4989,False,False,False,True,True
4990,True,True,True,True,True
4991,True,True,False,False,False
4992,False,True,False,True,True
4993,True,True,True,False,False
4994,False,True,False,True,True
4995,False,True,False,True,True
4996,False,False,False,True,False
4997,False,True,False,True,True
4998,True,True,False,True,False
4999,False,False,False,False,True
5000,True,True,True,False,False
5001,True,True,True,False,False
5002,False,True,False,True,False
5003,True,True,True,False,False
5004,True,True,True,False,False
5005,True,True,True,False,True
5006,False,True,False,True,True
5007,True,False,True,False,False
5008,True,True,False,False,False
5009,True,False,False,False,False
5010,False,True,False,False,False
5011,False,False,False,False,True
5012,True,True,True,False,False
5013,False,False,False,True,True
5014,True,True,False,True,True
5015,True,False,True,False,False
5016,True,False,False,False,True
5017,True,True,True,False,False
5018,False,True,False,False,True
5019,True,True,False,False,False
5020,False,True,False,False,True
5021,False,True,False,True,True
5022,True,True,True,False,False
5023,False,False,False,True,True
5024,True,True,True,True,False
5025,True,True,True,False,False
5026,True,False,True,False,True
5027,False,False,False,False,True
5028,False,True,True,True,False
5029,False,True,False,True,True
5030,False,False,False,True,True
5031,True,False,True,False,False
5032,True,True,True,False,False
5033,True,False,True,False,False
5034,True,True,True,False,False
5035,False,True,True,True,True
5036,True,True,True,False,False
5037,False,False,False,True,True
5038,True,True,True,False,False
5039,True,True,True,False,False
5040,False,False,False,False,True
5041,True,True,False,False,False
5042,True,True,True,False,False
5043,True,False,True,False,False
5044,False,False,False,True,True
5045,False,False,False,True,True
5046,False,False,False,True,True
5047,False,True,False,False,True
5048,False,False,False,True,True
5049,False,True,False,False,False
5050,True,False,True,False,False
5051,False,True,True,False,False
5052,True,True,True,False,False
5053,True,True,False,False,False
5054,False,True,True,True,True
5055,True,True,True,False,False
5056,False,True,True,False,False
5057,False,False,False,True,False
5058,False,False,False,True,True
5059,True,True,True,False,False
5060,False,False,False,True,True
5061,False,True,False,True,True
5062,False,True,False,True,False
5063,True,False,False,False,False
5064,True,True,True,False,False
5065,False,False,False,True,True
5066,False,False,False,True,True
5067,False,False,False,True,False
5068,True,True,True,False,False
5069,False,False,False,True,True
5070,False,True,True,True,False
5071,False,True,False,True,True
5072,True,False,True,False,False
5073,True,False,True,False,False
5074,True,True,False,True,False
5075,True,False,True,False,False
5076,False,True,True,True,True
5077,False,True,True,False,True
5078,True,True,True,False,True
5079,False,True,False,False,False
5080,False,False,False,True,True
5081,True,True,False,False,True
5082,False,True,False,False,False
5083,False,False,False,True,True
5084,False,False,False,True,True
5085,False,False,False,True,True
5086,True,True,True,False,False
5087,True,True,False,True,False
5088,False,True,False,False,True
5089,True,True,True,False,False
5090,False,True,False,True,True
5091,False,True,False,False,False
5092,True,True,False,False,False
5093,True,True,True,False,False
5094,True,False,True,False,False
5095,True,True,True,False,False
5096,True,True,True,False,False
5097,True,True,True,False,False
5098,True,True,True,False,False
5099,True,True,False,False,False
5100,True,True,True,False,False
