TxID,Item
101,Tea
102,Bread
102,Tea
103,Bread
103,Tea
103,Jam
104,Bread
104,Tea
104,Jam
105,Bread
105,Tea
105,Jam
106,Coffee
106,Bread
106,Butter
107,Tea
107,Jam
108,Bread
108,Butter
108,Tea
108,Jam
109,Bread
109,Tea
109,Jam
110,Tea
110,Jam
111,Bread
111,Tea
111,Jam
112,Coffee
112,Bread
112,Butter
112,Tea
113,Tea
113,Jam
114,Coffee
114,Butter
115,Coffee
115,Bread
115,Butter
116,Coffee
116,Bread
117,Butter
118,Coffee
118,Bread
118,Butter
119,Coffee
119,Butter
120,Bread
120,Tea
120,Jam
121,Coffee
121,Bread
121,Butter
122,Butter
122,Jam
123,Bread
123,Jam
124,Bread
124,Tea
124,Jam
125,Bread
125,Tea
126,Coffee
126,Butter
127,Coffee
127,Bread
127,Butter
128,Bread
128,Butter
129,Coffee
129,Bread
130,Butter
131,Coffee
131,Butter
132,Coffee
132,Bread
132,Butter
133,Coffee
134,Coffee
134,Bread
134,Butter
135,Bread
135,Tea
135,Jam
136,Coffee
136,Butter
137,Bread
137,Tea
137,Jam
138,Bread
138,Jam
139,Tea
139,Jam
140,Bread
141,Bread
141,Tea
142,Bread
142,Tea
142,Jam
143,Coffee
143,Bread
143,Butter
144,Coffee
144,Bread
144,Butter
144,Tea
144,Jam
145,Coffee
145,Bread
145,Butter
146,Coffee
146,Butter
147,Coffee
147,Bread
147,Butter
148,Jam
149,Tea
149,Jam
150,Coffee
150,Bread
150,Butter
151,Coffee
151,Bread
151,Butter
152,Coffee
152,Butter
153,Jam
154,Tea
154,Jam
155,Coffee
155,Bread
156,Jam
157,Tea
157,Jam
158,Tea
158,Jam
159,Coffee
159,Bread
159,Butter
160,Bread
160,Tea
160,Jam
161,Coffee
161,Bread
161,Butter
162,Coffee
162,Bread
163,Tea
163,Jam
164,Coffee
164,Tea
165,Tea
165,Jam
166,Butter
167,Coffee
167,Bread
167,Butter
168,Coffee
168,Bread
168,Tea
168,Jam
169,Coffee
169,Bread
169,Butter
170,Bread
170,Tea
170,Jam
171,Tea
171,Jam
172,Coffee
172,Butter
173,Coffee
173,Butter
174,Jam
175,Coffee
176,Coffee
176,Bread
176,Butter
177,Coffee
177,Bread
177,Butter
178,Coffee
178,Bread
178,Butter
179,Tea
179,Jam
180,Tea
180,Jam
181,Coffee
181,Butter
182,Bread
182,Tea
182,Jam
183,Coffee
183,Bread
183,Butter
184,Coffee
184,Bread
184,Butter
185,Coffee
185,Bread
185,Butter
186,Tea
186,Jam
187,Coffee
187,Bread
187,Butter
188,Tea
189,Coffee
189,Butter
190,Coffee
190,Bread
190,Butter
191,Bread
191,Tea
191,Jam
192,Tea
192,Jam
193,Coffee
193,Bread
193,Butter
194,Butter
195,Coffee
195,Butter
196,Coffee
196,Butter
197,Coffee
197,Butter
198,Jam
199,Coffee
200,Bread
200,Jam
201,Coffee
201,Butter
202,Butter
203,Bread
203,Tea
203,Jam
204,Tea
204,Jam
205,Coffee
205,Butter
205,Tea
206,Coffee
206,Bread
206,Tea
206,Jam
207,Coffee
207,Butter
208,Coffee
208,Bread
208,Butter
209,Bread
209,Tea
210,Coffee
210,Bread
210,Butter
210,Tea
211,Bread
211,Tea
211,Jam
212,Coffee
212,Bread
212,Butter
213,Tea
213,Jam
214,Coffee
214,Bread
214,Butter
215,Coffee
215,Butter
216,Tea
217,Bread
217,Tea
217,Jam
218,Coffee
218,Bread
218,Butter
219,Coffee
219,Bread
219,Butter
220,Coffee
220,Bread
220,Butter
220,Jam
221,Bread
221,Tea
221,Jam
222,Coffee
222,Bread
222,Butter
223,Coffee
223,Bread
223,Butter
224,Coffee
224,Butter
224,Jam
225,Coffee
225,Bread
225,Butter
226,Coffee
226,Butter
227,Coffee
227,Bread
227,Butter
228,Coffee
228,Tea
229,Coffee
229,Bread
229,Butter
229,Tea
230,Tea
230,Jam
231,Coffee
231,Butter
232,Coffee
232,Butter
233,Butter
233,Tea
234,Coffee
234,Butter
235,Coffee
236,Tea
236,Jam
237,Coffee
237,Bread
237,Butter
238,Coffee
238,Bread
239,Bread
240,Coffee
240,Butter
241,Coffee
241,Butter
242,Coffee
242,Tea
243,Coffee
243,Butter
244,Bread
244,Jam
245,Coffee
245,Bread
246,Bread
246,Tea
246,Jam
247,Bread
247,Jam
248,Bread
248,Tea
249,Tea
249,Jam
250,Coffee
250,Bread
250,Butter
251,Coffee
251,Bread
251,Butter
252,Coffee
252,Bread
252,Butter
253,Coffee
253,Butter
253,Tea
254,Coffee
254,Bread
254,Butter
255,Coffee
255,Butter
255,Tea
255,Jam
256,Bread
256,Jam
257,Coffee
257,Butter
257,Tea
257,Jam
258,Coffee
258,Bread
258,Butter
259,Tea
259,Jam
260,Coffee
260,Bread
260,Butter
261,Jam
262,Coffee
262,Tea
262,Jam
263,Coffee
263,Butter
264,Tea
265,Coffee
265,Butter
266,Jam
267,Bread
267,Tea
267,Jam
268,Coffee
268,Bread
268,Butter
269,Coffee
269,Bread
269,Butter
270,Bread
270,Tea
270,Jam
271,Coffee
272,Coffee
272,Bread
273,Coffee
273,Butter
274,Coffee
274,Jam
275,Coffee
275,Butter
276,Bread
276,Tea
276,Jam
277,Coffee
277,Bread
277,Butter
278,Coffee
278,Bread
278,Butter
279,Coffee
279,Bread
279,Butter
280,Coffee
281,Coffee
281,Bread
281,Butter
282,Coffee
283,Tea
283,Jam
284,Coffee
284,Tea
285,Coffee
285,Butter
286,Bread
286,Tea
287,Coffee
287,Bread
287,Butter
287,Jam
288,Coffee
288,Bread
288,Butter
289,Coffee
289,Butter
290,Coffee
290,Bread
290,Butter
291,Bread
291,Tea
291,Jam
292,Coffee
292,Bread
292,Butter
293,Coffee
293,Bread
293,Butter
294,Coffee
294,Bread
294,Tea
295,Tea
295,Jam
296,Bread
296,Tea
296,Jam
297,Bread
297,Tea
297,Jam
298,Bread
298,Tea
298,Jam
299,Coffee
299,Bread
299,Butter
300,Coffee
300,Bread
300,Butter
301,Coffee
301,Bread
301,Butter
302,Coffee
302,Bread
302,Butter
303,Bread
303,Butter
303,Tea
304,Coffee
304,Butter
305,Coffee
305,Bread
306,Bread
306,Butter
307,Coffee
307,Bread
307,Butter
308,Bread
309,Bread
309,Butter
310,Tea
310,Jam
311,Coffee
311,Butter
312,Tea
312,Jam
313,Coffee
313,Bread
313,Jam
314,Coffee
314,Bread
314,Butter
315,Bread
315,Tea
316,Coffee
316,Bread
316,Butter
317,Tea
317,Jam
318,Bread
319,Jam
320,Bread
320,Tea
320,Jam
321,Tea
321,Jam
322,Coffee
322,Bread
322,Tea
322,Jam
323,Coffee
323,Bread
324,Coffee
325,Coffee
325,Bread
325,Jam
326,Jam
327,Coffee
327,Butter
328,Bread
328,Jam
329,Coffee
329,Butter
330,Tea
331,Tea
331,Jam
332,Bread
332,Tea
332,Jam
333,Tea
333,Jam
334,Bread
334,Butter
335,Coffee
335,Bread
335,Butter
336,Butter
337,Bread
337,Butter
337,Tea
338,Tea
338,Jam
339,Bread
339,Tea
339,Jam
340,Coffee
340,Bread
341,Bread
341,Butter
342,Jam
343,Bread
344,Coffee
344,Butter
345,Bread
345,Tea
345,Jam
346,Bread
346,Tea
346,Jam
347,Tea
348,Coffee
348,Bread
348,Butter
349,Bread
349,Tea
349,Jam
350,Coffee
350,Bread
350,Butter
351,Tea
351,Jam
352,Coffee
352,Bread
352,Butter
353,Coffee
353,Bread
353,Butter
354,Coffee
354,Butter
355,Coffee
355,Bread
355,Butter
356,Bread
356,Tea
356,Jam
357,Butter
357,Jam
358,Bread
358,Tea
358,Jam
359,Coffee
359,Butter
360,Coffee
360,Butter
361,Bread
361,Jam
362,Coffee
362,Bread
362,Butter
363,Coffee
363,Bread
363,Jam
364,Coffee
364,Butter
365,Coffee
365,Bread
365,Butter
366,Tea
367,Coffee
367,Butter
368,Coffee
368,Bread
368,Butter
369,Coffee
369,Bread
369,Butter
370,Coffee
370,Bread
370,Butter
371,Tea
371,Jam
372,Coffee
372,Bread
372,Butter
373,Tea
373,Jam
374,Tea
374,Jam
375,Tea
376,Coffee
376,Butter
377,Bread
377,Tea
377,Jam
378,Tea
378,Jam
379,Coffee
379,Butter
380,Bread
380,Tea
381,Coffee
381,Butter
382,Butter
383,Coffee
383,Bread
384,Bread
384,Tea
384,Jam
385,Bread
385,Tea
386,Bread
386,Butter
386,Tea
386,Jam
387,Coffee
387,Butter
388,Tea
388,Jam
389,Bread
389,Tea
389,Jam
390,Coffee
390,Bread
390,Butter
391,Coffee
391,Butter
391,Tea
392,Coffee
392,Butter
393,Bread
393,Tea
393,Jam
394,Coffee
394,Bread
394,Butter
395,Tea
395,Jam
396,Tea
396,Jam
397,Jam
398,Bread
398,Tea
398,Jam
399,Coffee
399,Butter
400,Coffee
400,Bread
400,Butter
401,Coffee
401,Bread
402,Bread
402,Butter
402,Tea
402,Jam
403,Tea
404,Coffee
404,Tea
405,Tea
405,Jam
406,Tea
406,Jam
407,Coffee
407,Bread
407,Butter
408,Coffee
408,Bread
408,Butter
409,Bread
409,Tea
409,Jam
410,Coffee
410,Jam
411,Bread
411,Butter
412,Coffee
412,Butter
413,Bread
413,Tea
413,Jam
414,Coffee
414,Bread
414,Butter
415,Tea
415,Jam
416,Coffee
416,Bread
416,Butter
417,Bread
417,Tea
418,Coffee
419,Tea
419,Jam
420,Tea
420,Jam
421,Bread
421,Tea
421,Jam
422,Coffee
422,Bread
423,Butter
424,Coffee
424,Butter
425,Coffee
425,Bread
425,Butter
426,Coffee
426,Bread
426,Butter
427,Coffee
427,Bread
427,Butter
428,Coffee
428,Butter
429,Coffee
429,Bread
429,Butter
430,Bread
430,Tea
430,Jam
431,Coffee
431,Butter
432,Coffee
432,Jam
433,Coffee
433,Bread
433,Butter
433,Jam
434,Bread
434,Jam
435,Coffee
435,Butter
436,Coffee
436,Bread
437,Bread
438,Coffee
438,Bread
438,Butter
438,Jam
439,Tea
439,Jam
440,Bread
440,Tea
440,Jam
441,Coffee
441,Bread
441,Tea
441,Jam
442,Tea
442,Jam
443,Bread
443,Tea
443,Jam
444,Coffee
444,Bread
444,Jam
445,Coffee
445,Bread
445,Butter
446,Coffee
446,Bread
446,Butter
446,Jam
447,Coffee
448,Coffee
448,Butter
449,Bread
449,Tea
450,Tea
450,Jam
451,Bread
451,Tea
451,Jam
452,Coffee
452,Bread
452,Butter
453,Bread
453,Jam
454,Bread
454,Tea
454,Jam
455,Tea
456,Coffee
456,Butter
457,Coffee
457,Bread
457,Butter
458,Coffee
458,Bread
459,Coffee
459,Butter
460,Coffee
460,Bread
460,Jam
461,Coffee
461,Bread
461,Butter
462,Bread
462,Tea
462,Jam
463,Coffee
463,Butter
464,Coffee
464,Bread
464,Butter
465,Coffee
465,Bread
465,Butter
466,Bread
466,Jam
467,Bread
468,Tea
468,Jam
469,Tea
469,Jam
470,Coffee
470,Butter
471,Coffee
471,Bread
471,Butter
472,Bread
472,Butter
473,Bread
473,Tea
473,Jam
474,Coffee
474,Butter
475,Coffee
475,Bread
475,Butter
476,Coffee
476,Bread
476,Butter
476,Jam
477,Coffee
477,Bread
478,Coffee
478,Bread
479,Tea
479,Jam
480,Coffee
480,Butter
481,Coffee
481,Butter
482,Bread
482,Butter
482,Tea
483,Coffee
483,Bread
483,Butter
484,Coffee
484,Butter
485,Bread
485,Tea
485,Jam
486,Bread
486,Tea
486,Jam
487,Bread
487,Jam
488,Coffee
488,Bread
488,Butter
488,Jam
489,Tea
489,Jam
490,Bread
490,Tea
490,Jam
491,Tea
491,Jam
492,Bread
492,Tea
493,Coffee
493,Bread
493,Butter
494,Coffee
494,Bread
494,Butter
495,Bread
496,Butter
497,Bread
497,Jam
498,Coffee
498,Bread
498,Butter
499,Tea
499,Jam
500,Tea
500,Jam
501,Bread
501,Tea
502,Butter
503,Bread
503,Tea
503,Jam
504,Coffee
504,Bread
504,Butter
505,Tea
506,Bread
507,Tea
507,Jam
508,Bread
508,Butter
509,Bread
509,Tea
509,Jam
510,Coffee
510,Bread
510,Butter
511,Coffee
511,Bread
511,Butter
512,Coffee
512,Tea
512,Jam
513,Coffee
513,Bread
513,Butter
514,Tea
514,Jam
515,Tea
515,Jam
516,Coffee
516,Bread
516,Butter
517,Tea
517,Jam
518,Bread
518,Tea
518,Jam
519,Tea
520,Coffee
520,Bread
520,Butter
520,Tea
521,Coffee
521,Bread
521,Butter
522,Bread
522,Tea
522,Jam
523,Coffee
523,Butter
524,Tea
525,Coffee
526,Coffee
526,Bread
526,Butter
527,Coffee
527,Bread
527,Butter
528,Bread
528,Tea
528,Jam
529,Tea
530,Jam
531,Coffee
531,Butter
532,Tea
532,Jam
533,Bread
533,Tea
533,Jam
534,Tea
535,Coffee
535,Bread
535,Butter
536,Coffee
536,Butter
537,Coffee
537,Butter
538,Bread
538,Tea
538,Jam
539,Coffee
539,Bread
539,Jam
540,Coffee
540,Butter
541,Coffee
541,Bread
541,Butter
542,Coffee
542,Butter
543,Coffee
543,Bread
543,Butter
544,Coffee
544,Butter
545,Coffee
545,Bread
545,Butter
546,Coffee
546,Bread
546,Tea
546,Jam
547,Bread
547,Tea
548,Coffee
549,Coffee
550,Coffee
550,Bread
550,Butter
551,Coffee
551,Butter
552,Coffee
553,Jam
554,Coffee
554,Bread
554,Butter
555,Coffee
555,Bread
555,Butter
555,Jam
556,Coffee
556,Bread
556,Butter
557,Coffee
557,Bread
558,Tea
558,Jam
559,Tea
559,Jam
560,Coffee
560,Butter
561,Coffee
561,Bread
561,Butter
562,Coffee
562,Butter
563,Tea
563,Jam
564,Coffee
564,Bread
564,Butter
565,Coffee
565,Tea
565,Jam
566,Coffee
566,Bread
566,Butter
566,Jam
567,Coffee
567,Bread
567,Butter
568,Coffee
568,Bread
568,Butter
569,Jam
570,Bread
570,Tea
571,Coffee
571,Butter
572,Tea
572,Jam
573,Coffee
573,Bread
573,Butter
573,Jam
574,Coffee
574,Bread
574,Butter
575,Coffee
575,Bread
575,Butter
576,Bread
576,Tea
576,Jam
577,Coffee
577,Butter
577,Tea
578,Coffee
578,Butter
579,Coffee
579,Bread
579,Butter
579,Jam
580,Coffee
581,Coffee
581,Bread
581,Butter
582,Bread
582,Tea
582,Jam
583,Tea
583,Jam
584,Coffee
584,Bread
584,Butter
585,Coffee
585,Butter
586,Jam
587,Bread
587,Tea
588,Bread
588,Tea
589,Bread
589,Jam
590,Coffee
590,Bread
590,Butter
591,Coffee
591,Bread
591,Butter
592,Bread
592,Jam
593,Coffee
593,Bread
593,Tea
594,Tea
594,Jam
595,Coffee
595,Butter
596,Tea
596,Jam
597,Bread
597,Tea
597,Jam
598,Coffee
598,Butter
598,Tea
599,Tea
600,Bread
600,Tea
600,Jam
601,Bread
601,Tea
602,Jam
603,Coffee
603,Bread
603,Butter
604,Tea
605,Coffee
605,Bread
605,Butter
606,Bread
606,Tea
606,Jam
607,Coffee
607,Bread
607,Butter
608,Tea
609,Coffee
609,Butter
610,Bread
610,Jam
611,Jam
612,Coffee
612,Bread
612,Butter
613,Coffee
613,Butter
614,Coffee
614,Butter
615,Coffee
615,Butter
616,Coffee
616,Tea
616,Jam
617,Coffee
617,Butter
617,Tea
617,Jam
618,Bread
618,Tea
618,Jam
619,Tea
619,Jam
620,Coffee
621,Bread
621,Butter
621,Tea
621,Jam
622,Coffee
622,Butter
623,Coffee
623,Bread
623,Butter
624,Bread
624,Tea
624,Jam
625,Bread
625,Tea
625,Jam
626,Coffee
626,Butter
627,Butter
627,Tea
628,Coffee
628,Butter
629,Coffee
629,Bread
629,Butter
630,Coffee
630,Bread
630,Tea
630,Jam
631,Coffee
631,Bread
631,Butter
632,Bread
632,Tea
632,Jam
633,Coffee
633,Bread
633,Butter
634,Coffee
634,Bread
634,Butter
635,Tea
635,Jam
636,Coffee
636,Bread
636,Jam
637,Coffee
637,Bread
637,Butter
638,Bread
638,Tea
638,Jam
639,Coffee
639,Bread
639,Butter
640,Bread
640,Tea
640,Jam
641,Coffee
641,Bread
641,Butter
642,Bread
642,Tea
642,Jam
643,Coffee
643,Bread
643,Butter
644,Bread
644,Tea
644,Jam
645,Tea
645,Jam
646,Coffee
646,Bread
646,Butter
647,Bread
647,Tea
647,Jam
648,Coffee
648,Tea
649,Bread
649,Jam
650,Coffee
650,Bread
651,Coffee
651,Butter
652,Coffee
652,Butter
653,Tea
653,Jam
654,Tea
654,Jam
655,Coffee
655,Butter
656,Coffee
656,Tea
657,Coffee
657,Butter
658,Coffee
658,Bread
658,Tea
658,Jam
659,Coffee
659,Bread
659,Butter
660,Coffee
660,Tea
661,Bread
661,Jam
662,Bread
663,Coffee
663,Butter
664,Bread
664,Butter
665,Jam
666,Coffee
666,Butter
667,Bread
667,Tea
667,Jam
668,Bread
669,Coffee
669,Bread
669,Butter
669,Tea
670,Bread
670,Tea
670,Jam
671,Tea
672,Coffee
672,Bread
672,Butter
673,Bread
673,Butter
673,Jam
674,Bread
674,Tea
674,Jam
675,Butter
675,Tea
676,Bread
676,Tea
676,Jam
677,Coffee
677,Bread
677,Butter
678,Jam
679,Jam
680,Bread
680,Tea
680,Jam
681,Coffee
681,Butter
682,Coffee
682,Butter
683,Tea
683,Jam
684,Butter
685,Coffee
685,Bread
685,Butter
685,Jam
686,Coffee
686,Bread
686,Butter
687,Tea
687,Jam
688,Butter
689,Tea
689,Jam
690,Bread
690,Butter
691,Coffee
691,Tea
691,Jam
692,Coffee
692,Bread
693,Coffee
693,Bread
693,Butter
694,Coffee
694,Bread
694,Butter
695,Coffee
695,Butter
696,Coffee
696,Bread
696,Butter
697,Coffee
697,Butter
698,Coffee
698,Butter
699,Coffee
699,Bread
700,Coffee
700,Bread
700,Butter
701,Coffee
701,Bread
701,Butter
702,Bread
702,Tea
702,Jam
703,Coffee
703,Butter
704,Tea
704,Jam
705,Coffee
706,Bread
706,Tea
706,Jam
707,Bread
707,Tea
707,Jam
708,Coffee
708,Bread
708,Butter
709,Coffee
709,Bread
709,Butter
710,Coffee
710,Butter
711,Coffee
711,Bread
711,Butter
712,Tea
712,Jam
713,Tea
714,Coffee
714,Butter
715,Coffee
715,Bread
715,Tea
715,Jam
716,Coffee
716,Bread
716,Butter
717,Coffee
717,Bread
717,Butter
718,Coffee
718,Butter
719,Tea
719,Jam
720,Coffee
720,Butter
721,Coffee
721,Tea
721,Jam
722,Coffee
722,Butter
723,Jam
724,Bread
724,Tea
724,Jam
725,Coffee
725,Butter
726,Bread
726,Butter
726,Tea
726,Jam
727,Coffee
727,Butter
728,Coffee
728,Bread
728,Butter
729,Bread
729,Butter
730,Jam
731,Coffee
731,Bread
732,Bread
732,Tea
732,Jam
733,Coffee
733,Butter
734,Bread
734,Butter
735,Bread
735,Tea
736,Coffee
736,Bread
736,Butter
737,Tea
737,Jam
738,Coffee
738,Bread
738,Butter
739,Coffee
739,Bread
739,Butter
740,Coffee
741,Coffee
742,Coffee
742,Butter
743,Bread
743,Jam
744,Bread
744,Tea
744,Jam
745,Bread
745,Tea
745,Jam
746,Coffee
746,Bread
746,Butter
747,Bread
747,Butter
747,Tea
747,Jam
748,Coffee
748,Bread
748,Butter
749,Coffee
749,Butter
749,Jam
750,Coffee
750,Bread
750,Butter
750,Jam
751,Bread
751,Tea
751,Jam
752,Coffee
752,Bread
753,Bread
753,Tea
753,Jam
754,Bread
754,Tea
754,Jam
755,Coffee
755,Bread
755,Butter
756,Bread
756,Tea
756,Jam
757,Bread
757,Butter
758,Coffee
758,Bread
758,Butter
759,Coffee
759,Bread
759,Jam
760,Coffee
760,Butter
761,Coffee
761,Butter
762,Bread
762,Tea
762,Jam
763,Coffee
763,Bread
763,Butter
764,Bread
764,Tea
764,Jam
765,Coffee
766,Coffee
766,Butter
767,Bread
767,Jam
768,Butter
769,Tea
769,Jam
770,Coffee
770,Tea
770,Jam
771,Coffee
771,Bread
771,Butter
772,Coffee
772,Bread
772,Butter
773,Coffee
773,Bread
773,Butter
774,Tea
774,Jam
775,Bread
775,Tea
775,Jam
776,Butter
777,Tea
777,Jam
778,Tea
778,Jam
779,Coffee
779,Bread
779,Butter
780,Coffee
780,Bread
780,Butter
781,Coffee
781,Bread
781,Butter
782,Coffee
782,Bread
782,Butter
783,Coffee
783,Bread
783,Butter
784,Bread
784,Butter
784,Tea
784,Jam
785,Coffee
785,Butter
786,Coffee
786,Tea
786,Jam
787,Coffee
787,Bread
787,Butter
788,Tea
788,Jam
789,Coffee
789,Bread
789,Butter
790,Coffee
790,Bread
790,Jam
791,Bread
792,Coffee
792,Butter
793,Bread
793,Butter
794,Coffee
794,Bread
794,Butter
795,Coffee
795,Butter
796,Coffee
796,Bread
796,Butter
797,Coffee
797,Bread
797,Butter
798,Bread
798,Butter
798,Jam
799,Tea
800,Coffee
800,Butter
801,Butter
801,Tea
802,Coffee
803,Coffee
803,Butter
803,Tea
803,Jam
804,Bread
804,Tea
804,Jam
805,Tea
805,Jam
806,Coffee
806,Butter
807,Coffee
807,Tea
808,Tea
808,Jam
809,Coffee
809,Bread
809,Butter
810,Tea
810,Jam
811,Bread
811,Tea
812,Coffee
812,Butter
813,Bread
813,Tea
813,Jam
814,Coffee
814,Butter
814,Tea
815,Tea
815,Jam
816,Coffee
816,Butter
817,Coffee
817,Bread
817,Tea
817,Jam
818,Tea
818,Jam
819,Coffee
819,Bread
820,Tea
820,Jam
821,Coffee
822,Coffee
822,Bread
822,Butter
823,Tea
823,Jam
824,Coffee
824,Bread
824,Butter
825,Coffee
825,Bread
825,Butter
826,Coffee
826,Butter
827,Tea
827,Jam
828,Tea
828,Jam
829,Coffee
829,Bread
829,Butter
830,Coffee
830,Bread
830,Butter
831,Coffee
831,Butter
832,Coffee
832,Butter
833,Coffee
833,Bread
833,Butter
833,Jam
834,Bread
834,Tea
835,Tea
835,Jam
836,Tea
836,Jam
837,Bread
837,Tea
837,Jam
838,Bread
838,Butter
838,Jam
839,Bread
839,Tea
839,Jam
840,Coffee
840,Butter
841,Coffee
841,Bread
841,Tea
842,Coffee
842,Tea
843,Coffee
843,Butter
844,Tea
845,Tea
846,Coffee
846,Butter
847,Coffee
847,Bread
847,Butter
848,Butter
848,Jam
849,Butter
850,Coffee
850,Bread
850,Butter
851,Coffee
851,Butter
852,Coffee
852,Bread
852,Butter
852,Tea
853,Coffee
853,Butter
854,Coffee
854,Bread
854,Butter
854,Jam
855,Butter
856,Bread
856,Butter
857,Coffee
857,Butter
858,Tea
858,Jam
859,Coffee
859,Bread
859,Butter
859,Tea
859,Jam
860,Bread
860,Tea
861,Coffee
861,Jam
862,Coffee
862,Butter
863,Bread
863,Tea
863,Jam
864,Tea
864,Jam
865,Coffee
865,Bread
865,Butter
866,Tea
866,Jam
867,Coffee
867,Bread
867,Butter
868,Coffee
868,Bread
868,Butter
869,Bread
869,Tea
869,Jam
870,Butter
870,Tea
871,Coffee
871,Butter
871,Jam
872,Coffee
872,Butter
873,Coffee
873,Butter
874,Coffee
874,Bread
874,Butter
875,Coffee
875,Butter
876,Bread
876,Tea
876,Jam
877,Coffee
877,Bread
877,Butter
878,Tea
879,Coffee
879,Bread
879,Butter
880,Coffee
880,Bread
880,Butter
881,Coffee
881,Bread
881,Butter
882,Coffee
882,Bread
882,Butter
883,Bread
883,Butter
883,Tea
883,Jam
884,Tea
884,Jam
885,Coffee
885,Bread
885,Butter
886,Tea
886,Jam
887,Coffee
887,Bread
887,Butter
888,Coffee
888,Bread
888,Butter
889,Coffee
889,Bread
889,Butter
890,Coffee
890,Bread
890,Butter
891,Bread
891,Tea
891,Jam
892,Coffee
892,Bread
892,Butter
893,Tea
893,Jam
894,Coffee
894,Bread
894,Butter
895,Bread
896,Coffee
896,Bread
896,Butter
897,Coffee
897,Butter
898,Coffee
898,Butter
899,Bread
899,Tea
900,Coffee
900,Butter
901,Coffee
901,Bread
901,Butter
902,Coffee
902,Butter
903,Tea
903,Jam
904,Tea
905,Tea
905,Jam
906,Coffee
906,Bread
907,Coffee
907,Bread
907,Tea
907,Jam
908,Bread
908,Butter
908,Tea
908,Jam
909,Coffee
909,Butter
910,Bread
910,Tea
911,Coffee
911,Bread
911,Butter
911,Tea
911,Jam
912,Tea
913,Tea
913,Jam
914,Coffee
914,Bread
914,Butter
915,Coffee
915,Butter
916,Coffee
916,Bread
916,Butter
917,Jam
918,Jam
919,Coffee
919,Bread
919,Tea
919,Jam
920,Tea
920,Jam
921,Coffee
921,Bread
921,Butter
922,Coffee
922,Bread
923,Tea
923,Jam
924,Bread
924,Tea
924,Jam
925,Tea
926,Coffee
926,Bread
926,Butter
927,Bread
927,Tea
927,Jam
928,Coffee
928,Butter
929,Coffee
929,Tea
930,Bread
930,Tea
930,Jam
931,Coffee
931,Bread
931,Butter
932,Bread
932,Tea
932,Jam
933,Coffee
933,Butter
934,Coffee
934,Bread
935,Coffee
935,Bread
935,Butter
936,Coffee
936,Bread
936,Butter
937,Coffee
937,Bread
937,Butter
938,Coffee
938,Butter
938,Jam
939,Coffee
939,Bread
939,Butter
940,Bread
941,Coffee
941,Bread
941,Butter
942,Coffee
942,Bread
942,Butter
942,Tea
942,Jam
943,Tea
943,Jam
944,Coffee
944,Bread
944,Butter
945,Bread
945,Tea
946,Coffee
946,Butter
947,Coffee
947,Bread
947,Butter
948,Coffee
948,Bread
948,Butter
949,Coffee
949,Bread
949,Butter
950,Coffee
950,Bread
950,Butter
951,Coffee
951,Bread
951,Butter
952,Coffee
952,Butter
953,Coffee
953,Bread
953,Butter
954,Tea
954,Jam
955,Bread
955,Tea
956,Bread
956,Tea
956,Jam
957,Coffee
957,Bread
957,Butter
958,Coffee
958,Bread
958,Butter
959,Coffee
959,Tea
959,Jam
960,Bread
960,Tea
960,Jam
961,Jam
962,Coffee
962,Bread
962,Butter
963,Coffee
963,Butter
964,Coffee
964,Bread
964,Butter
965,Coffee
965,Bread
965,Butter
966,Coffee
966,Bread
966,Butter
967,Coffee
967,Butter
968,Coffee
968,Butter
969,Coffee
969,Butter
970,Jam
971,Tea
971,Jam
972,Coffee
972,Butter
973,Jam
974,Bread
974,Butter
975,Coffee
975,Bread
975,Butter
976,Bread
976,Tea
976,Jam
977,Jam
978,Coffee
978,Bread
978,Butter
978,Jam
979,Bread
979,Tea
979,Jam
980,Coffee
980,Bread
980,Butter
981,Coffee
981,Butter
982,Coffee
982,Bread
982,Butter
982,Jam
983,Coffee
983,Butter
984,Coffee
984,Butter
984,Tea
985,Butter
986,Bread
986,Tea
986,Jam
987,Bread
987,Tea
987,Jam
988,Bread
988,Tea
988,Jam
989,Tea
989,Jam
990,Coffee
990,Butter
990,Tea
991,Bread
991,Butter
991,Tea
991,Jam
992,Butter
993,Coffee
993,Bread
993,Butter
994,Coffee
994,Bread
994,Butter
994,Tea
995,Coffee
995,Butter
996,Bread
996,Tea
996,Jam
997,Bread
997,Butter
998,Coffee
998,Bread
998,Butter
999,Coffee
999,Butter
1000,Tea
1000,Jam
1001,Coffee
1001,Butter
1002,Tea
1002,Jam
1003,Coffee
1003,Bread
1003,Butter
1004,Coffee
1004,Butter
1005,Coffee
1005,Butter
1006,Coffee
1006,Bread
1006,Butter
1007,Coffee
1007,Butter
1008,Bread
1008,Tea
1009,Bread
1009,Tea
1009,Jam
1010,Coffee
1010,Jam
1011,Tea
1012,Bread
1012,Tea
1012,Jam
1013,Coffee
1013,Bread
1013,Butter
1014,Coffee
1014,Butter
1015,Bread
1015,Tea
1015,Jam
1016,Coffee
1016,Bread
1016,Butter
1017,Coffee
1017,Bread
1017,Butter
1018,Coffee
1018,Butter
1019,Bread
1019,Tea
1019,Jam
1020,Bread
1020,Jam
1021,Coffee
1021,Bread
1021,Butter
1022,Coffee
1022,Bread
1022,Butter
1023,Bread
1023,Tea
1024,Coffee
1024,Butter
1025,Coffee
1025,Bread
1025,Butter
1026,Tea
1027,Bread
1027,Tea
1027,Jam
1028,Coffee
1028,Bread
1029,Bread
1030,Bread
1030,Butter
1031,Coffee
1031,Butter
1032,Butter
1032,Jam
1033,Coffee
1033,Butter
1034,Tea
1034,Jam
1035,Tea
1036,Bread
1037,Coffee
1037,Bread
1037,Butter
1038,Coffee
1039,Coffee
1039,Bread
1039,Butter
1040,Coffee
1040,Bread
1040,Butter
1041,Tea
1042,Coffee
1042,Butter
1043,Bread
1043,Butter
1044,Tea
1044,Jam
1045,Tea
1045,Jam
1046,Coffee
1046,Bread
1046,Butter
1047,Bread
1047,Tea
1047,Jam
1048,Tea
1048,Jam
1049,Tea
1049,Jam
1050,Coffee
1050,Bread
1050,Butter
1051,Bread
1051,Tea
1051,Jam
1052,Tea
1052,Jam
1053,Bread
1053,Butter
1053,Tea
1054,Tea
1054,Jam
1055,Tea
1055,Jam
1056,Coffee
1056,Butter
1057,Coffee
1057,Butter
1058,Coffee
1058,Jam
1059,Coffee
1059,Butter
1060,Bread
1060,Tea
1060,Jam
1061,Butter
1061,Tea
1061,Jam
1062,Tea
1062,Jam
1063,Coffee
1063,Butter
1063,Tea
1064,Tea
1064,Jam
1065,Tea
1065,Jam
1066,Coffee
1066,Butter
1066,Tea
1066,Jam
1067,Coffee
1067,Bread
1067,Butter
1068,Bread
1068,Tea
1068,Jam
1069,Coffee
1069,Bread
1069,Butter
1070,Coffee
1070,Bread
1070,Tea
1070,Jam
1071,Bread
1071,Tea
1071,Jam
1072,Tea
1072,Jam
1073,Coffee
1073,Bread
1074,Bread
1074,Tea
1074,Jam
1075,Coffee
1075,Tea
1076,Bread
1077,Tea
1077,Jam
1078,Tea
1078,Jam
1079,Tea
1079,Jam
1080,Coffee
1080,Bread
1080,Butter
1081,Tea
1082,Bread
1082,Butter
1082,Jam
1083,Coffee
1083,Bread
1083,Butter
1084,Coffee
1084,Bread
1084,Jam
1085,Tea
1085,Jam
1086,Coffee
1086,Bread
1086,Butter
1087,Coffee
1087,Bread
1087,Butter
1088,Bread
1088,Tea
1089,Bread
1089,Jam
1090,Coffee
1090,Butter
1091,Coffee
1091,Bread
1091,Butter
1092,Coffee
1092,Bread
1092,Butter
1093,Coffee
1093,Butter
1094,Coffee
1094,Butter
1095,Jam
1096,Coffee
1096,Bread
1096,Butter
1097,Coffee
1097,Bread
1097,Butter
1097,Jam
1098,Coffee
1098,Butter
1099,Coffee
1099,Bread
1099,Butter
1100,Bread
1100,Jam
1101,Coffee
1101,Bread
1101,Butter
1102,Jam
1103,Bread
1103,Butter
1103,Jam
1104,Coffee
1104,Bread
1104,Tea
1104,Jam
1105,Coffee
1105,Butter
1106,Coffee
1106,Butter
1107,Butter
1108,Coffee
1108,Butter
1109,Tea
1109,Jam
1110,Coffee
1110,Bread
1110,Butter
1111,Tea
1111,Jam
1112,Coffee
1112,Bread
1112,Butter
1113,Coffee
1113,Bread
1113,Butter
1114,Bread
1114,Tea
1114,Jam
1115,Tea
1115,Jam
1116,Tea
1116,Jam
1117,Coffee
1117,Bread
1117,Butter
1118,Bread
1118,Tea
1118,Jam
1119,Jam
1120,Coffee
1121,Tea
1121,Jam
1122,Bread
1122,Tea
1122,Jam
1123,Butter
1123,Tea
1123,Jam
1124,Coffee
1124,Butter
1125,Coffee
1125,Butter
1126,Coffee
1127,Coffee
1127,Butter
1128,Coffee
1128,Bread
1128,Butter
1129,Bread
1129,Tea
1129,Jam
1130,Coffee
1131,Bread
1131,Tea
1131,Jam
1132,Tea
1132,Jam
1133,Bread
1133,Butter
1134,Coffee
1134,Bread
1134,Butter
1135,Bread
1136,Tea
1136,Jam
1137,Coffee
1137,Bread
1138,Coffee
1138,Bread
1138,Butter
1139,Coffee
1139,Bread
1139,Butter
1140,Bread
1140,Butter
1140,Tea
1141,Coffee
1141,Butter
1142,Coffee
1142,Bread
1142,Butter
1143,Coffee
1143,Bread
1143,Butter
1144,Tea
1144,Jam
1145,Coffee
1145,Bread
1145,Butter
1146,Bread
1146,Tea
1147,Bread
1147,Tea
1147,Jam
1148,Coffee
1148,Butter
1148,Jam
1149,Coffee
1149,Bread
1149,Butter
1150,Coffee
1150,Bread
1150,Butter
1151,Coffee
1151,Butter
1152,Coffee
1152,Bread
1152,Butter
1153,Tea
1153,Jam
1154,Tea
1154,Jam
1155,Coffee
1155,Butter
1156,Coffee
1156,Bread
1157,Coffee
1157,Butter
1158,Coffee
1158,Butter
1159,Coffee
1159,Tea
1159,Jam
1160,Bread
1160,Tea
1160,Jam
1161,Bread
1161,Jam
1162,Coffee
1162,Bread
1162,Jam
1163,Bread
1163,Tea
1163,Jam
1164,Coffee
1164,Bread
1164,Butter
1165,Coffee
1165,Tea
1166,Coffee
1166,Butter
1167,Coffee
1167,Bread
1167,Jam
1168,Coffee
1168,Tea
1169,Coffee
1169,Bread
1169,Butter
1170,Tea
1170,Jam
1171,Coffee
1172,Bread
1172,Tea
1173,Bread
1174,Coffee
1174,Bread
1174,Butter
1174,Tea
1175,Coffee
1175,Bread
1175,Butter
1176,Coffee
1176,Bread
1176,Butter
1176,Jam
1177,Tea
1178,Coffee
1178,Butter
1178,Tea
1179,Coffee
1179,Butter
1180,Tea
1180,Jam
1181,Coffee
1181,Butter
1182,Coffee
1182,Butter
1182,Jam
1183,Coffee
1184,Tea
1184,Jam
1185,Coffee
1185,Bread
1185,Butter
1186,Bread
1186,Jam
1187,Tea
1188,Coffee
1188,Butter
1189,Coffee
1189,Butter
1190,Tea
1190,Jam
1191,Coffee
1191,Butter
1192,Coffee
1192,Tea
1193,Bread
1193,Tea
1193,Jam
1194,Tea
1194,Jam
1195,Coffee
1195,Bread
1195,Butter
1196,Coffee
1196,Butter
1197,Bread
1197,Tea
1198,Tea
1198,Jam
1199,Coffee
1199,Butter
1200,Coffee
1201,Bread
1201,Tea
1201,Jam
1202,Bread
1203,Bread
1204,Bread
1204,Tea
1204,Jam
1205,Coffee
1205,Butter
1206,Tea
1206,Jam
1207,Tea
1207,Jam
1208,Bread
1208,Tea
1208,Jam
1209,Coffee
1209,Bread
1209,Butter
1210,Bread
1210,Tea
1211,Coffee
1211,Tea
1212,Bread
1212,Tea
1213,Coffee
1213,Bread
1213,Butter
1214,Tea
1214,Jam
1215,Coffee
1215,Bread
1216,Bread
1216,Tea
1216,Jam
1217,Coffee
1217,Bread
1218,Tea
1218,Jam
1219,Bread
1219,Tea
1219,Jam
1220,Coffee
1220,Butter
1221,Coffee
1222,Tea
1222,Jam
1223,Coffee
1223,Butter
1224,Coffee
1224,Butter
1225,Tea
1225,Jam
1226,Tea
1226,Jam
1227,Coffee
1227,Butter
1228,Coffee
1228,Bread
1229,Coffee
1229,Bread
1229,Butter
1230,Bread
1230,Butter
1231,Bread
1231,Tea
1231,Jam
1232,Tea
1232,Jam
1233,Bread
1233,Tea
1234,Coffee
1234,Bread
1234,Butter
1235,Tea
1235,Jam
1236,Bread
1236,Butter
1237,Tea
1237,Jam
1238,Coffee
1238,Bread
1238,Butter
1238,Tea
1239,Coffee
1239,Butter
1240,Tea
1241,Tea
1241,Jam
1242,Coffee
1242,Bread
1242,Tea
1243,Bread
1243,Butter
1244,Bread
1244,Tea
1245,Tea
1245,Jam
1246,Coffee
1246,Bread
1246,Butter
1247,Butter
1247,Tea
1247,Jam
1248,Bread
1248,Butter
1248,Jam
1249,Coffee
1249,Bread
1249,Tea
1250,Coffee
1250,Tea
1250,Jam
1251,Coffee
1251,Bread
1251,Butter
1252,Coffee
1252,Butter
1253,Bread
1253,Tea
1254,Butter
1255,Bread
1255,Tea
1255,Jam
1256,Butter
1256,Jam
1257,Coffee
1257,Bread
1257,Butter
1258,Coffee
1258,Butter
1259,Coffee
1259,Bread
1259,Butter
1259,Jam
1260,Bread
1260,Tea
1261,Coffee
1261,Tea
1262,Coffee
1262,Bread
1262,Butter
1263,Coffee
1263,Butter
1264,Coffee
1264,Butter
1265,Coffee
1265,Bread
1265,Butter
1266,Butter
1266,Jam
1267,Tea
1267,Jam
1268,Butter
1269,Bread
1269,Tea
1269,Jam
1270,Coffee
1270,Bread
1270,Butter
1271,Bread
1271,Tea
1271,Jam
1272,Coffee
1272,Bread
1273,Coffee
1273,Bread
1273,Tea
1273,Jam
1274,Tea
1274,Jam
1275,Coffee
1275,Bread
1275,Butter
1276,Bread
1276,Tea
1277,Coffee
1277,Bread
1277,Butter
1278,Coffee
1278,Bread
1278,Butter
1279,Bread
1279,Tea
1279,Jam
1280,Tea
1280,Jam
1281,Coffee
1281,Bread
1281,Tea
1281,Jam
1282,Butter
1282,Jam
1283,Coffee
1283,Butter
1284,Coffee
1284,Butter
1285,Tea
1285,Jam
1286,Butter
1286,Jam
1287,Coffee
1287,Butter
1288,Tea
1288,Jam
1289,Tea
1290,Coffee
1290,Bread
1290,Butter
1291,Coffee
1292,Coffee
1292,Bread
1293,Bread
1293,Tea
1294,Coffee
1294,Bread
1295,Coffee
1295,Bread
1295,Butter
1296,Coffee
1296,Bread
1296,Butter
1297,Coffee
1297,Butter
1298,Bread
1298,Tea
1298,Jam
1299,Bread
1299,Butter
1299,Tea
1300,Bread
1301,Bread
1301,Tea
1301,Jam
1302,Coffee
1302,Butter
1303,Bread
1303,Tea
1303,Jam
1304,Coffee
1304,Butter
1305,Butter
1305,Tea
1306,Coffee
1306,Tea
1306,Jam
1307,Bread
1307,Tea
1307,Jam
1308,Coffee
1308,Bread
1308,Butter
1309,Coffee
1309,Butter
1310,Tea
1310,Jam
1311,Coffee
1311,Bread
1311,Butter
1312,Butter
1312,Tea
1313,Bread
1313,Tea
1313,Jam
1314,Coffee
1314,Butter
1315,Coffee
1315,Bread
1315,Butter
1316,Coffee
1316,Bread
1316,Butter
1317,Coffee
1317,Bread
1317,Butter
1318,Bread
1318,Tea
1319,Bread
1319,Tea
1319,Jam
1320,Coffee
1321,Bread
1321,Jam
1322,Bread
1322,Tea
1322,Jam
1323,Coffee
1323,Butter
1324,Coffee
1324,Bread
1324,Butter
1325,Coffee
1325,Butter
1326,Coffee
1326,Bread
1326,Butter
1327,Bread
1327,Jam
1328,Tea
1328,Jam
1329,Coffee
1329,Butter
1330,Bread
1330,Tea
1331,Coffee
1331,Bread
1331,Tea
1332,Coffee
1333,Coffee
1333,Bread
1333,Jam
1334,Coffee
1334,Bread
1334,Butter
1335,Bread
1335,Tea
1335,Jam
1336,Coffee
1336,Butter
1337,Coffee
1337,Bread
1337,Butter
1338,Tea
1338,Jam
1339,Coffee
1339,Butter
1340,Coffee
1340,Bread
1340,Butter
1341,Coffee
1341,Bread
1341,Butter
1342,Bread
1343,Bread
1343,Butter
1344,Bread
1344,Tea
1344,Jam
1345,Bread
1345,Tea
1345,Jam
1346,Coffee
1346,Butter
1346,Tea
1347,Bread
1347,Tea
1348,Bread
1348,Tea
1348,Jam
1349,Jam
1350,Bread
1351,Tea
1352,Bread
1352,Tea
1352,Jam
1353,Coffee
1353,Bread
1353,Butter
1354,Coffee
1354,Bread
1354,Butter
1355,Coffee
1355,Bread
1355,Butter
1356,Coffee
1356,Bread
1356,Butter
1356,Jam
1357,Tea
1358,Coffee
1358,Butter
1359,Tea
1359,Jam
1360,Tea
1361,Tea
1361,Jam
1362,Bread
1362,Tea
1362,Jam
1363,Tea
1363,Jam
1364,Coffee
1364,Bread
1365,Coffee
1365,Jam
1366,Coffee
1366,Bread
1367,Coffee
1367,Bread
1367,Butter
1368,Bread
1368,Tea
1368,Jam
1369,Tea
1369,Jam
1370,Bread
1370,Tea
1370,Jam
1371,Coffee
1371,Bread
1371,Butter
1372,Tea
1372,Jam
1373,Tea
1373,Jam
1374,Tea
1374,Jam
1375,Coffee
1375,Butter
1375,Jam
1376,Bread
1376,Jam
1377,Coffee
1377,Butter
1378,Coffee
1378,Bread
1378,Butter
1379,Coffee
1379,Bread
1379,Butter
1380,Coffee
1380,Bread
1380,Butter
1381,Coffee
1381,Bread
1381,Tea
1381,Jam
1382,Coffee
1382,Bread
1382,Butter
1382,Jam
1383,Coffee
1383,Bread
1383,Butter
1384,Bread
1384,Butter
1384,Tea
1385,Coffee
1385,Bread
1385,Butter
1386,Bread
1386,Tea
1386,Jam
1387,Tea
1387,Jam
1388,Butter
1389,Tea
1390,Butter
1391,Tea
1391,Jam
1392,Coffee
1392,Bread
1392,Butter
1393,Coffee
1393,Butter
1394,Coffee
1394,Bread
1394,Butter
1395,Tea
1396,Tea
1396,Jam
1397,Coffee
1397,Bread
1398,Bread
1398,Tea
1398,Jam
1399,Coffee
1399,Butter
1399,Jam
1400,Jam
1401,Coffee
1402,Coffee
1402,Bread
1402,Butter
1403,Bread
1403,Butter
1403,Jam
1404,Tea
1404,Jam
1405,Tea
1405,Jam
1406,Bread
1406,Tea
1406,Jam
1407,Bread
1408,Jam
1409,Coffee
1409,Bread
1409,Butter
1410,Coffee
1410,Butter
1411,Tea
1411,Jam
1412,Jam
1413,Tea
1413,Jam
1414,Coffee
1414,Bread
1414,Tea
1415,Coffee
1415,Bread
1415,Butter
1416,Coffee
1417,Coffee
1417,Bread
1417,Butter
1418,Bread
1418,Tea
1419,Coffee
1419,Bread
1419,Butter
1420,Coffee
1420,Butter
1420,Jam
1421,Coffee
1421,Butter
1422,Bread
1422,Jam
1423,Coffee
1423,Bread
1423,Butter
1424,Tea
1424,Jam
1425,Coffee
1425,Tea
1425,Jam
1426,Coffee
1426,Butter
1427,Coffee
1428,Tea
1428,Jam
1429,Coffee
1429,Bread
1429,Butter
1430,Bread
1430,Jam
1431,Bread
1431,Tea
1431,Jam
1432,Bread
1432,Tea
1432,Jam
1433,Coffee
1433,Bread
1433,Butter
1434,Bread
1434,Jam
1435,Bread
1435,Tea
1436,Coffee
1436,Bread
1436,Butter
1437,Bread
1437,Tea
1437,Jam
1438,Coffee
1438,Butter
1439,Coffee
1439,Bread
1440,Tea
1440,Jam
1441,Butter
1442,Bread
1442,Jam
1443,Coffee
1443,Bread
1443,Butter
1443,Jam
1444,Coffee
1444,Butter
1445,Tea
1445,Jam
1446,Jam
1447,Bread
1447,Jam
1448,Coffee
1448,Bread
1448,Butter
1449,Bread
1449,Tea
1449,Jam
1450,Coffee
1450,Bread
1450,Butter
1451,Coffee
1451,Tea
1451,Jam
1452,Coffee
1452,Butter
1453,Tea
1454,Coffee
1454,Bread
1454,Butter
1454,Tea
1455,Bread
1455,Tea
1456,Coffee
1456,Butter
1457,Bread
1457,Tea
1458,Coffee
1458,Butter
1459,Coffee
1459,Butter
1460,Bread
1461,Coffee
1461,Jam
1462,Coffee
1462,Bread
1463,Bread
1463,Tea
1463,Jam
1464,Coffee
1464,Bread
1464,Butter
1465,Bread
1465,Tea
1465,Jam
1466,Coffee
1466,Bread
1466,Butter
1467,Coffee
1467,Butter
1468,Coffee
1468,Bread
1468,Butter
1469,Jam
1470,Coffee
1470,Butter
1471,Bread
1472,Coffee
1472,Bread
1472,Butter
1473,Coffee
1473,Butter
1474,Coffee
1474,Butter
1475,Coffee
1475,Butter
1476,Coffee
1476,Butter
1477,Coffee
1477,Butter
1478,Coffee
1478,Butter
1479,Coffee
1479,Bread
1479,Butter
1480,Coffee
1480,Bread
1480,Butter
1481,Coffee
1481,Bread
1481,Butter
1482,Tea
1482,Jam
1483,Coffee
1483,Bread
1483,Butter
1484,Coffee
1484,Bread
1484,Butter
1484,Tea
1485,Coffee
1485,Butter
1486,Bread
1487,Coffee
1487,Butter
1488,Tea
1488,Jam
1489,Butter
1489,Jam
1490,Coffee
1490,Butter
1491,Coffee
1491,Bread
1491,Butter
1492,Coffee
1492,Butter
1493,Tea
1493,Jam
1494,Bread
1494,Tea
1494,Jam
1495,Coffee
1496,Tea
1496,Jam
1497,Bread
1497,Butter
1497,Jam
1498,Butter
1498,Tea
1498,Jam
1499,Coffee
1499,Bread
1499,Butter
1499,Jam
1500,Bread
1501,Coffee
1501,Bread
1501,Butter
1502,Bread
1502,Tea
1502,Jam
1503,Coffee
1503,Butter
1504,Bread
1504,Jam
1505,Coffee
1505,Bread
1505,Butter
1506,Coffee
1506,Bread
1506,Butter
1506,Tea
1507,Coffee
1507,Bread
1507,Butter
1507,Jam
1508,Bread
1508,Butter
1509,Bread
1509,Tea
1510,Coffee
1510,Bread
1510,Butter
1510,Tea
1511,Bread
1512,Coffee
1512,Bread
1512,Butter
1513,Coffee
1513,Butter
1514,Tea
1514,Jam
1515,Bread
1515,Tea
1515,Jam
1516,Coffee
1516,Bread
1516,Butter
1516,Tea
1516,Jam
1517,Bread
1517,Tea
1517,Jam
1518,Coffee
1518,Bread
1518,Butter
1519,Coffee
1519,Bread
1519,Butter
1520,Bread
1520,Butter
1520,Tea
1520,Jam
1521,Coffee
1521,Tea
1521,Jam
1522,Tea
1522,Jam
1523,Coffee
1523,Bread
1523,Butter
1524,Tea
1524,Jam
1525,Coffee
1525,Bread
1525,Butter
1526,Tea
1526,Jam
1527,Coffee
1527,Bread
1527,Butter
1528,Bread
1528,Tea
1528,Jam
1529,Tea
1530,Tea
1530,Jam
1531,Coffee
1531,Butter
1531,Jam
1532,Tea
1532,Jam
1533,Bread
1534,Bread
1534,Tea
1534,Jam
1535,Coffee
1535,Butter
1536,Coffee
1537,Coffee
1537,Butter
1538,Bread
1538,Tea
1538,Jam
1539,Coffee
1539,Bread
1539,Butter
1540,Coffee
1540,Bread
1540,Butter
1541,Tea
1542,Coffee
1542,Bread
1542,Butter
1543,Bread
1543,Butter
1543,Tea
1544,Bread
1544,Tea
1545,Coffee
1545,Bread
1545,Butter
1545,Tea
1546,Coffee
1546,Butter
1547,Butter
1547,Tea
1547,Jam
1548,Coffee
1548,Butter
1549,Bread
1549,Tea
1549,Jam
1550,Coffee
1550,Bread
1551,Coffee
1551,Jam
1552,Coffee
1552,Butter
1553,Tea
1553,Jam
1554,Coffee
1554,Bread
1554,Butter
1555,Coffee
1555,Butter
1556,Bread
1556,Butter
1557,Coffee
1557,Bread
1557,Butter
1558,Coffee
1558,Bread
1558,Butter
1559,Bread
1559,Butter
1560,Coffee
1560,Bread
1560,Butter
1561,Coffee
1561,Bread
1561,Butter
1562,Butter
1562,Tea
1562,Jam
1563,Coffee
1563,Butter
1564,Tea
1565,Coffee
1565,Butter
1566,Coffee
1566,Butter
1567,Coffee
1567,Butter
1567,Tea
1568,Coffee
1568,Butter
1569,Coffee
1570,Bread
1570,Jam
1571,Tea
1571,Jam
1572,Coffee
1572,Bread
1572,Butter
1573,Bread
1573,Butter
1573,Tea
1573,Jam
1574,Coffee
1574,Bread
1574,Butter
1575,Bread
1576,Tea
1577,Tea
1578,Coffee
1578,Butter
1579,Tea
1579,Jam
1580,Coffee
1580,Bread
1580,Butter
1581,Coffee
1581,Bread
1581,Butter
1582,Bread
1582,Tea
1582,Jam
1583,Tea
1583,Jam
1584,Tea
1584,Jam
1585,Coffee
1585,Bread
1585,Butter
1586,Tea
1587,Coffee
1587,Bread
1587,Butter
1588,Coffee
1588,Bread
1588,Butter
1589,Coffee
1589,Bread
1590,Coffee
1590,Bread
1590,Butter
1591,Coffee
1591,Bread
1592,Bread
1592,Tea
1593,Bread
1593,Tea
1593,Jam
1594,Coffee
1594,Bread
1594,Butter
1595,Jam
1596,Coffee
1596,Bread
1597,Tea
1597,Jam
1598,Bread
1598,Tea
1598,Jam
1599,Coffee
1599,Bread
1600,Coffee
1600,Butter
1601,Bread
1601,Butter
1601,Tea
1602,Butter
1602,Jam
1603,Coffee
1603,Bread
1603,Butter
1604,Bread
1604,Tea
1605,Coffee
1605,Bread
1605,Butter
1606,Coffee
1606,Bread
1606,Butter
1607,Tea
1607,Jam
1608,Tea
1609,Coffee
1609,Butter
1610,Coffee
1610,Bread
1610,Butter
1611,Coffee
1611,Butter
1611,Jam
1612,Coffee
1612,Bread
1613,Bread
1613,Tea
1613,Jam
1614,Coffee
1614,Bread
1614,Butter
1615,Coffee
1615,Bread
1616,Bread
1616,Tea
1616,Jam
1617,Bread
1617,Tea
1618,Coffee
1618,Bread
1619,Tea
1619,Jam
1620,Tea
1620,Jam
1621,Coffee
1621,Bread
1621,Tea
1621,Jam
1622,Coffee
1622,Bread
1622,Butter
1622,Jam
1623,Coffee
1624,Coffee
1624,Tea
1624,Jam
1625,Tea
1625,Jam
1626,Coffee
1626,Butter
1627,Tea
1627,Jam
1628,Jam
1629,Coffee
1629,Bread
1629,Butter
1630,Tea
1630,Jam
1631,Tea
1631,Jam
1632,Tea
1632,Jam
1633,Tea
1633,Jam
1634,Bread
1634,Tea
1635,Coffee
1635,Bread
1635,Butter
1636,Coffee
1636,Butter
1637,Tea
1637,Jam
1638,Tea
1638,Jam
1639,Tea
1639,Jam
1640,Coffee
1640,Jam
1641,Coffee
1641,Bread
1641,Jam
1642,Coffee
1642,Butter
1643,Tea
1643,Jam
1644,Bread
1644,Butter
1645,Jam
1646,Tea
1647,Bread
1647,Butter
1647,Tea
1647,Jam
1648,Coffee
1648,Jam
1649,Tea
1649,Jam
1650,Bread
1650,Tea
1651,Bread
1651,Butter
1652,Coffee
1652,Bread
1652,Butter
1653,Coffee
1654,Butter
1654,Jam
1655,Jam
1656,Jam
1657,Bread
1657,Butter
1657,Tea
1657,Jam
1658,Tea
1658,Jam
1659,Bread
1659,Tea
1659,Jam
1660,Coffee
1660,Bread
1660,Butter
1661,Coffee
1661,Bread
1661,Butter
1662,Coffee
1662,Butter
1663,Jam
1664,Bread
1664,Tea
1664,Jam
1665,Tea
1666,Jam
1667,Bread
1667,Tea
1667,Jam
1668,Bread
1668,Jam
1669,Bread
1669,Jam
1670,Bread
1670,Tea
1670,Jam
1671,Tea
1671,Jam
1672,Coffee
1673,Coffee
1673,Butter
1674,Butter
1675,Coffee
1675,Bread
1675,Butter
1676,Tea
1677,Butter
1678,Coffee
1678,Bread
1678,Butter
1679,Coffee
1679,Butter
1680,Coffee
1680,Butter
1681,Bread
1681,Tea
1681,Jam
1682,Coffee
1682,Bread
1682,Butter
1683,Tea
1683,Jam
1684,Coffee
1684,Bread
1684,Butter
1684,Jam
1685,Bread
1685,Tea
1685,Jam
1686,Coffee
1687,Coffee
1687,Bread
1687,Tea
1687,Jam
1688,Tea
1688,Jam
1689,Jam
1690,Bread
1690,Butter
1691,Bread
1691,Tea
1691,Jam
1692,Bread
1692,Tea
1692,Jam
1693,Bread
1693,Tea
1693,Jam
1694,Bread
1694,Tea
1694,Jam
1695,Coffee
1695,Butter
1696,Coffee
1696,Bread
1697,Coffee
1697,Bread
1697,Butter
1697,Tea
1698,Coffee
1698,Bread
1698,Butter
1699,Coffee
1699,Butter
1700,Coffee
1700,Butter
1701,Coffee
1701,Bread
1701,Butter
1702,Bread
1702,Jam
1703,Tea
1703,Jam
1704,Coffee
1704,Bread
1705,Bread
1705,Tea
1705,Jam
1706,Bread
1706,Butter
1706,Tea
1707,Coffee
1707,Bread
1707,Butter
1708,Bread
1708,Tea
1709,Coffee
1709,Bread
1709,Butter
1710,Coffee
1710,Butter
1711,Bread
1711,Tea
1711,Jam
1712,Bread
1712,Tea
1712,Jam
1713,Coffee
1713,Bread
1713,Butter
1713,Tea
1714,Tea
1715,Coffee
1715,Butter
1716,Bread
1716,Tea
1716,Jam
1717,Coffee
1717,Bread
1717,Butter
1718,Coffee
1718,Bread
1718,Butter
1718,Jam
1719,Butter
1720,Coffee
1720,Bread
1720,Butter
1721,Coffee
1721,Butter
1722,Bread
1722,Tea
1722,Jam
1723,Bread
1723,Tea
1723,Jam
1724,Tea
1724,Jam
1725,Bread
1725,Tea
1725,Jam
1726,Coffee
1726,Bread
1726,Butter
1727,Coffee
1727,Butter
1728,Coffee
1728,Bread
1728,Butter
1729,Tea
1729,Jam
1730,Coffee
1730,Bread
1730,Butter
1731,Coffee
1731,Bread
1731,Butter
1732,Coffee
1732,Bread
1732,Butter
1733,Coffee
1733,Butter
1734,Coffee
1734,Tea
1735,Coffee
1735,Bread
1736,Coffee
1737,Tea
1737,Jam
1738,Bread
1738,Tea
1738,Jam
1739,Coffee
1739,Butter
1740,Coffee
1740,Butter
1741,Coffee
1742,Coffee
1743,Coffee
1743,Bread
1744,Coffee
1744,Bread
1744,Butter
1745,Bread
1745,Tea
1745,Jam
1746,Bread
1746,Tea
1746,Jam
1747,Coffee
1747,Butter
1748,Coffee
1748,Butter
1749,Bread
1749,Tea
1749,Jam
1750,Coffee
1750,Bread
1750,Butter
1750,Tea
1751,Butter
1751,Tea
1751,Jam
1752,Coffee
1752,Bread
1752,Butter
1752,Tea
1753,Coffee
1753,Butter
1754,Tea
1754,Jam
1755,Coffee
1755,Bread
1755,Butter
1756,Coffee
1756,Bread
1756,Butter
1757,Coffee
1757,Bread
1757,Butter
1758,Coffee
1758,Bread
1758,Butter
1759,Butter
1760,Tea
1760,Jam
1761,Coffee
1761,Bread
1761,Butter
1762,Coffee
1762,Bread
1762,Butter
1763,Coffee
1763,Butter
1764,Coffee
1764,Bread
1764,Butter
1765,Bread
1765,Tea
1765,Jam
1766,Bread
1766,Tea
1766,Jam
1767,Coffee
1767,Butter
1767,Jam
1768,Coffee
1768,Butter
1769,Tea
1769,Jam
1770,Bread
1770,Tea
1770,Jam
1771,Coffee
1771,Bread
1771,Tea
1771,Jam
1772,Coffee
1772,Bread
1772,Butter
1773,Coffee
1774,Tea
1775,Bread
1775,Butter
1775,Tea
1776,Tea
1777,Bread
1777,Tea
1777,Jam
1778,Butter
1779,Coffee
1779,Butter
1780,Coffee
1780,Butter
1781,Tea
1781,Jam
1782,Tea
1782,Jam
1783,Bread
1783,Tea
1784,Bread
1784,Jam
1785,Bread
1785,Tea
1785,Jam
1786,Coffee
1786,Bread
1786,Butter
1787,Coffee
1787,Bread
1787,Tea
1788,Coffee
1788,Tea
1789,Coffee
1789,Bread
1789,Butter
1790,Coffee
1790,Bread
1790,Butter
1791,Tea
1791,Jam
1792,Coffee
1792,Bread
1792,Butter
1793,Bread
1793,Butter
1793,Tea
1793,Jam
1794,Tea
1794,Jam
1795,Bread
1795,Tea
1795,Jam
1796,Bread
1796,Tea
1797,Tea
1797,Jam
1798,Butter
1799,Coffee
1799,Butter
1800,Coffee
1800,Bread
1800,Tea
1801,Bread
1801,Tea
1801,Jam
1802,Coffee
1802,Butter
1803,Coffee
1803,Bread
1803,Butter
1804,Bread
1805,Coffee
1805,Butter
1805,Jam
1806,Coffee
1806,Bread
1806,Butter
1807,Bread
1807,Tea
1807,Jam
1808,Coffee
1808,Butter
1808,Tea
1809,Coffee
1809,Bread
1809,Butter
1810,Coffee
1810,Butter
1811,Bread
1811,Jam
1812,Bread
1812,Tea
1812,Jam
1813,Bread
1814,Bread
1815,Coffee
1815,Bread
1815,Butter
1816,Bread
1816,Tea
1816,Jam
1817,Coffee
1817,Butter
1818,Tea
1818,Jam
1819,Tea
1820,Bread
1820,Tea
1820,Jam
1821,Jam
1822,Coffee
1822,Bread
1822,Butter
1823,Jam
1824,Bread
1824,Tea
1824,Jam
1825,Coffee
1825,Butter
1826,Coffee
1826,Bread
1827,Coffee
1827,Butter
1828,Coffee
1828,Butter
1829,Coffee
1830,Coffee
1830,Butter
1831,Coffee
1831,Bread
1831,Butter
1832,Butter
1833,Bread
1833,Butter
1833,Jam
1834,Bread
1834,Jam
1835,Tea
1835,Jam
1836,Coffee
1836,Butter
1837,Butter
1838,Tea
1839,Bread
1839,Tea
1839,Jam
1840,Tea
1840,Jam
1841,Bread
1841,Tea
1841,Jam
1842,Bread
1842,Tea
1842,Jam
1843,Coffee
1843,Bread
1843,Butter
1844,Tea
1845,Tea
1845,Jam
1846,Coffee
1846,Butter
1847,Tea
1848,Coffee
1848,Butter
1849,Butter
1849,Jam
1850,Bread
1850,Tea
1850,Jam
1851,Coffee
1852,Tea
1853,Coffee
1853,Bread
1853,Butter
1854,Bread
1855,Bread
1855,Tea
1855,Jam
1856,Tea
1856,Jam
1857,Bread
1857,Tea
1858,Bread
1858,Tea
1858,Jam
1859,Coffee
1859,Bread
1859,Butter
1860,Coffee
1860,Butter
1861,Coffee
1861,Butter
1862,Coffee
1862,Bread
1862,Butter
1863,Coffee
1863,Bread
1863,Butter
1864,Coffee
1864,Bread
1865,Coffee
1865,Bread
1865,Butter
1866,Coffee
1866,Butter
1867,Coffee
1867,Butter
1868,Coffee
1868,Bread
1868,Tea
1868,Jam
1869,Coffee
1869,Bread
1869,Butter
1870,Coffee
1870,Bread
1871,Bread
1871,Tea
1871,Jam
1872,Coffee
1873,Coffee
1873,Bread
1873,Butter
1874,Coffee
1875,Coffee
1875,Tea
1876,Coffee
1876,Bread
1876,Butter
1877,Coffee
1877,Jam
1878,Coffee
1878,Butter
1879,Coffee
1879,Bread
1879,Butter
1880,Coffee
1880,Bread
1880,Butter
1880,Jam
1881,Jam
1882,Tea
1882,Jam
1883,Tea
1883,Jam
1884,Bread
1884,Tea
1884,Jam
1885,Coffee
1886,Jam
1887,Coffee
1887,Bread
1887,Butter
1888,Tea
1888,Jam
1889,Butter
1890,Jam
1891,Bread
1891,Tea
1891,Jam
1892,Coffee
1892,Bread
1892,Butter
1893,Bread
1893,Butter
1894,Tea
1894,Jam
1895,Tea
1896,Tea
1897,Jam
1898,Bread
1898,Tea
1899,Bread
1899,Tea
1900,Bread
1900,Jam
1901,Coffee
1901,Butter
1902,Bread
1902,Butter
1902,Tea
1903,Bread
1903,Tea
1903,Jam
1904,Coffee
1904,Tea
1904,Jam
1905,Coffee
1905,Butter
1906,Coffee
1906,Butter
1906,Jam
1907,Coffee
1907,Bread
1907,Butter
1908,Coffee
1908,Bread
1909,Butter
1910,Coffee
1910,Bread
1910,Butter
1911,Coffee
1911,Jam
1912,Bread
1912,Tea
1912,Jam
1913,Coffee
1913,Butter
1914,Coffee
1914,Butter
1915,Coffee
1915,Bread
1915,Butter
1915,Tea
1916,Coffee
1916,Bread
1917,Butter
1917,Tea
1917,Jam
1918,Coffee
1918,Bread
1918,Tea
1918,Jam
1919,Coffee
1919,Bread
1919,Butter
1920,Coffee
1920,Butter
1921,Coffee
1921,Bread
1922,Coffee
1922,Butter
1923,Bread
1923,Butter
1924,Coffee
1924,Butter
1925,Coffee
1925,Butter
1926,Coffee
1926,Bread
1926,Butter
1927,Bread
1927,Tea
1927,Jam
1928,Coffee
1928,Tea
1928,Jam
1929,Coffee
1929,Butter
1930,Coffee
1930,Bread
1930,Butter
1931,Coffee
1931,Butter
1932,Coffee
1932,Butter
1933,Tea
1933,Jam
1934,Bread
1934,Tea
1935,Bread
1935,Tea
1935,Jam
1936,Coffee
1936,Bread
1936,Butter
1937,Bread
1937,Tea
1937,Jam
1938,Coffee
1938,Bread
1938,Butter
1939,Coffee
1939,Bread
1939,Butter
1940,Coffee
1940,Bread
1940,Butter
1941,Butter
1942,Coffee
1942,Bread
1942,Butter
1943,Jam
1944,Bread
1944,Tea
1944,Jam
1945,Coffee
1945,Bread
1945,Butter
1946,Coffee
1946,Butter
1947,Bread
1947,Tea
1947,Jam
1948,Coffee
1948,Bread
1948,Butter
1949,Bread
1949,Tea
1949,Jam
1950,Bread
1950,Tea
1950,Jam
1951,Coffee
1951,Bread
1951,Butter
1952,Coffee
1952,Butter
1953,Bread
1953,Tea
1953,Jam
1954,Coffee
1954,Bread
1955,Coffee
1955,Butter
1955,Jam
1956,Bread
1956,Tea
1956,Jam
1957,Coffee
1957,Bread
1957,Butter
1958,Tea
1959,Bread
1959,Tea
1959,Jam
1960,Tea
1960,Jam
1961,Butter
1961,Jam
1962,Coffee
1962,Butter
1963,Coffee
1963,Butter
1964,Coffee
1964,Butter
1965,Coffee
1965,Bread
1965,Butter
1966,Tea
1966,Jam
1967,Coffee
1967,Bread
1967,Tea
1967,Jam
1968,Tea
1968,Jam
1969,Coffee
1969,Butter
1970,Coffee
1970,Bread
1970,Butter
1971,Tea
1971,Jam
1972,Coffee
1972,Butter
1973,Coffee
1973,Bread
1973,Butter
1974,Bread
1974,Butter
1975,Tea
1975,Jam
1976,Coffee
1976,Bread
1976,Jam
1977,Coffee
1977,Butter
1978,Coffee
1978,Butter
1979,Coffee
1979,Butter
1979,Jam
1980,Coffee
1980,Bread
1980,Butter
1981,Tea
1981,Jam
1982,Coffee
1982,Bread
1982,Butter
1983,Coffee
1983,Bread
1983,Butter
1984,Butter
1985,Coffee
1985,Bread
1985,Butter
1986,Coffee
1987,Coffee
1987,Bread
1987,Butter
1988,Bread
1988,Tea
1989,Bread
1989,Tea
1989,Jam
1990,Butter
1991,Tea
1992,Coffee
1992,Butter
1992,Jam
1993,Coffee
1993,Bread
1993,Butter
1994,Coffee
1994,Bread
1994,Butter
1995,Tea
1996,Coffee
1996,Butter
1997,Bread
1997,Tea
1997,Jam
1998,Bread
1998,Tea
1998,Jam
1999,Bread
1999,Tea
1999,Jam
2000,Butter
2001,Tea
2001,Jam
2002,Coffee
2002,Bread
2002,Butter
2002,Tea
2003,Coffee
2003,Bread
2003,Butter
2004,Tea
2004,Jam
2005,Bread
2005,Tea
2005,Jam
2006,Coffee
2006,Butter
2007,Coffee
2007,Bread
2007,Butter
2008,Bread
2008,Tea
2008,Jam
2009,Coffee
2009,Butter
2010,Bread
2010,Tea
2010,Jam
2011,Coffee
2011,Bread
2011,Butter
2012,Butter
2013,Bread
2014,Coffee
2014,Tea
2014,Jam
2015,Coffee
2015,Butter
2016,Tea
2016,Jam
2017,Coffee
2017,Bread
2017,Butter
2018,Bread
2018,Tea
2018,Jam
2019,Coffee
2019,Bread
2019,Butter
2019,Tea
2020,Coffee
2020,Bread
2020,Butter
2021,Coffee
2021,Tea
2021,Jam
2022,Tea
2022,Jam
2023,Bread
2023,Tea
2023,Jam
2024,Tea
2024,Jam
2025,Coffee
2025,Butter
2026,Tea
2026,Jam
2027,Tea
2027,Jam
2028,Bread
2028,Tea
2028,Jam
2029,Bread
2029,Tea
2030,Coffee
2030,Tea
2030,Jam
2031,Tea
2031,Jam
2032,Coffee
2032,Bread
2032,Butter
2033,Coffee
2033,Butter
2034,Bread
2035,Coffee
2035,Bread
2035,Butter
2035,Jam
2036,Tea
2036,Jam
2037,Tea
2037,Jam
2038,Coffee
2038,Butter
2038,Jam
2039,Bread
2039,Tea
2039,Jam
2040,Bread
2040,Butter
2041,Coffee
2041,Butter
2042,Butter
2043,Tea
2043,Jam
2044,Bread
2044,Tea
2044,Jam
2045,Tea
2045,Jam
2046,Bread
2046,Tea
2046,Jam
2047,Coffee
2047,Bread
2047,Butter
2048,Butter
2049,Bread
2049,Tea
2049,Jam
2050,Coffee
2050,Butter
2051,Tea
2051,Jam
2052,Coffee
2052,Bread
2052,Butter
2053,Bread
2053,Tea
2053,Jam
2054,Butter
2055,Coffee
2055,Bread
2055,Butter
2056,Bread
2056,Tea
2056,Jam
2057,Coffee
2057,Butter
2058,Coffee
2058,Bread
2058,Butter
2059,Bread
2059,Tea
2059,Jam
2060,Tea
2060,Jam
2061,Coffee
2061,Butter
2062,Tea
2062,Jam
2063,Coffee
2063,Bread
2064,Tea
2064,Jam
2065,Bread
2066,Coffee
2066,Butter
2067,Bread
2067,Butter
2068,Coffee
2068,Bread
2069,Coffee
2069,Butter
2070,Butter
2070,Tea
2071,Bread
2071,Tea
2071,Jam
2072,Coffee
2072,Butter
2073,Coffee
2073,Butter
2074,Coffee
2074,Bread
2074,Butter
2075,Bread
2075,Tea
2075,Jam
2076,Coffee
2076,Bread
2077,Coffee
2077,Bread
2077,Butter
2078,Coffee
2078,Butter
2079,Bread
2079,Jam
2080,Coffee
2080,Bread
2080,Butter
2081,Coffee
2081,Butter
2082,Bread
2082,Tea
2083,Coffee
2083,Bread
2083,Butter
2084,Coffee
2084,Bread
2084,Butter
2085,Coffee
2085,Tea
2086,Coffee
2086,Butter
2087,Coffee
2087,Bread
2087,Butter
2088,Coffee
2088,Bread
2088,Butter
2089,Tea
2090,Bread
2090,Tea
2090,Jam
2091,Tea
2091,Jam
2092,Coffee
2092,Butter
2093,Bread
2093,Tea
2093,Jam
2094,Tea
2094,Jam
2095,Butter
2096,Tea
2096,Jam
2097,Tea
2097,Jam
2098,Coffee
2098,Bread
2098,Tea
2098,Jam
2099,Coffee
2099,Bread
2099,Butter
2100,Tea
2100,Jam
2101,Coffee
2101,Bread
2101,Butter
2102,Tea
2103,Coffee
2103,Butter
2104,Coffee
2104,Tea
2105,Tea
2105,Jam
2106,Coffee
2106,Butter
2107,Coffee
2107,Butter
2108,Coffee
2108,Butter
2109,Bread
2109,Tea
2109,Jam
2110,Coffee
2110,Bread
2110,Butter
2111,Coffee
2111,Butter
2112,Coffee
2112,Butter
2113,Coffee
2113,Butter
2114,Coffee
2115,Coffee
2115,Butter
2116,Coffee
2116,Bread
2116,Butter
2117,Coffee
2117,Butter
2117,Jam
2118,Coffee
2118,Bread
2118,Butter
2119,Tea
2119,Jam
2120,Bread
2120,Tea
2120,Jam
2121,Coffee
2121,Butter
2122,Coffee
2122,Bread
2122,Butter
2123,Tea
2123,Jam
2124,Butter
2124,Tea
2124,Jam
2125,Coffee
2125,Bread
2125,Butter
2125,Jam
2126,Tea
2127,Butter
2127,Jam
2128,Tea
2128,Jam
2129,Tea
2129,Jam
2130,Coffee
2130,Butter
2131,Coffee
2131,Butter
2132,Coffee
2132,Butter
2133,Coffee
2133,Butter
2133,Jam
2134,Jam
2135,Bread
2136,Coffee
2136,Butter
2136,Tea
2137,Tea
2137,Jam
2138,Coffee
2138,Butter
2139,Coffee
2139,Tea
2139,Jam
2140,Coffee
2140,Bread
2140,Butter
2141,Bread
2141,Tea
2141,Jam
2142,Coffee
2142,Butter
2142,Jam
2143,Bread
2143,Tea
2143,Jam
2144,Bread
2144,Butter
2145,Coffee
2145,Bread
2145,Butter
2146,Coffee
2146,Bread
2147,Tea
2147,Jam
2148,Bread
2148,Tea
2149,Coffee
2149,Bread
2149,Butter
2150,Tea
2150,Jam
2151,Bread
2151,Butter
2152,Tea
2152,Jam
2153,Tea
2153,Jam
2154,Tea
2154,Jam
2155,Tea
2155,Jam
2156,Bread
2156,Tea
2156,Jam
2157,Coffee
2157,Bread
2157,Butter
2158,Butter
2159,Butter
2159,Tea
2160,Coffee
2160,Butter
2161,Coffee
2161,Bread
2161,Butter
2162,Coffee
2162,Bread
2162,Butter
2163,Coffee
2163,Bread
2163,Butter
2164,Coffee
2164,Bread
2164,Butter
2165,Coffee
2165,Tea
2166,Coffee
2166,Bread
2166,Butter
2167,Coffee
2167,Bread
2167,Butter
2168,Coffee
2168,Butter
2169,Coffee
2169,Butter
2170,Coffee
2170,Butter
2171,Tea
2171,Jam
2172,Bread
2172,Tea
2172,Jam
2173,Coffee
2173,Butter
2174,Coffee
2174,Bread
2174,Butter
2175,Coffee
2175,Bread
2176,Jam
2177,Coffee
2178,Coffee
2178,Butter
2179,Coffee
2179,Butter
2179,Jam
2180,Coffee
2180,Butter
2181,Coffee
2181,Bread
2181,Butter
2182,Coffee
2182,Bread
2182,Butter
2183,Tea
2183,Jam
2184,Bread
2184,Butter
2184,Tea
2184,Jam
2185,Coffee
2185,Bread
2185,Butter
2186,Tea
2186,Jam
2187,Coffee
2187,Bread
2187,Tea
2187,Jam
2188,Tea
2188,Jam
2189,Jam
2190,Bread
2190,Tea
2190,Jam
2191,Bread
2191,Tea
2191,Jam
2192,Coffee
2192,Butter
2193,Bread
2193,Tea
2193,Jam
2194,Coffee
2194,Butter
2195,Tea
2195,Jam
2196,Coffee
2196,Bread
2196,Butter
2197,Coffee
2197,Butter
2198,Tea
2198,Jam
2199,Bread
2199,Tea
2199,Jam
2200,Coffee
2200,Bread
2201,Tea
2201,Jam
2202,Coffee
2202,Butter
2203,Tea
2203,Jam
2204,Bread
2204,Tea
2204,Jam
2205,Coffee
2206,Bread
2206,Butter
2206,Tea
2206,Jam
2207,Coffee
2207,Bread
2208,Coffee
2208,Bread
2209,Coffee
2209,Butter
2209,Tea
2210,Bread
2210,Jam
2211,Coffee
2211,Butter
2212,Tea
2212,Jam
2213,Coffee
2213,Bread
2213,Butter
2214,Coffee
2214,Bread
2215,Coffee
2215,Butter
2216,Bread
2216,Tea
2216,Jam
2217,Bread
2217,Butter
2218,Coffee
2218,Bread
2218,Butter
2219,Coffee
2219,Butter
2220,Bread
2220,Tea
2220,Jam
2221,Bread
2221,Tea
2221,Jam
2222,Bread
2222,Jam
2223,Coffee
2223,Butter
2224,Butter
2224,Tea
2224,Jam
2225,Coffee
2225,Bread
2225,Butter
2225,Tea
2226,Coffee
2226,Bread
2226,Butter
2227,Butter
2228,Jam
2229,Coffee
2229,Bread
2229,Butter
2230,Coffee
2230,Bread
2230,Butter
2231,Bread
2231,Butter
2231,Tea
2231,Jam
2232,Coffee
2232,Butter
2233,Coffee
2233,Bread
2233,Butter
2234,Coffee
2234,Bread
2234,Butter
2235,Coffee
2235,Butter
2236,Bread
2236,Tea
2236,Jam
2237,Bread
2237,Tea
2237,Jam
2238,Coffee
2238,Butter
2239,Coffee
2239,Bread
2239,Butter
2240,Tea
2240,Jam
2241,Coffee
2241,Butter
2242,Tea
2242,Jam
2243,Coffee
2243,Bread
2243,Butter
2244,Coffee
2244,Bread
2244,Tea
2244,Jam
2245,Coffee
2245,Butter
2246,Coffee
2246,Butter
2247,Coffee
2247,Bread
2247,Butter
2247,Jam
2248,Coffee
2248,Bread
2248,Butter
2249,Coffee
2249,Tea
2249,Jam
2250,Bread
2250,Tea
2251,Coffee
2251,Bread
2251,Butter
2252,Coffee
2252,Bread
2253,Coffee
2253,Butter
2253,Tea
2254,Coffee
2254,Butter
2255,Coffee
2255,Bread
2256,Jam
2257,Tea
2257,Jam
2258,Tea
2258,Jam
2259,Tea
2259,Jam
2260,Coffee
2260,Bread
2260,Butter
2261,Coffee
2261,Bread
2261,Jam
2262,Coffee
2262,Butter
2262,Jam
2263,Coffee
2263,Bread
2263,Tea
2264,Coffee
2264,Bread
2264,Butter
2265,Bread
2265,Tea
2265,Jam
2266,Coffee
2267,Coffee
2267,Bread
2267,Butter
2268,Tea
2268,Jam
2269,Coffee
2269,Bread
2269,Butter
2270,Butter
2270,Jam
2271,Coffee
2271,Bread
2271,Butter
2271,Tea
2272,Coffee
2272,Bread
2272,Butter
2272,Jam
2273,Coffee
2274,Coffee
2274,Bread
2274,Tea
2275,Bread
2275,Tea
2276,Coffee
2276,Bread
2276,Tea
2276,Jam
2277,Coffee
2277,Butter
2278,Tea
2278,Jam
2279,Coffee
2279,Bread
2279,Butter
2279,Jam
2280,Bread
2280,Butter
2281,Bread
2281,Tea
2281,Jam
2282,Bread
2283,Coffee
2283,Bread
2283,Butter
2284,Coffee
2284,Bread
2285,Bread
2285,Tea
2285,Jam
2286,Bread
2286,Tea
2286,Jam
2287,Coffee
2287,Bread
2287,Butter
2288,Coffee
2288,Butter
2288,Tea
2288,Jam
2289,Bread
2290,Butter
2291,Butter
2292,Bread
2292,Butter
2292,Tea
2292,Jam
2293,Bread
2293,Tea
2293,Jam
2294,Coffee
2294,Butter
2295,Coffee
2295,Bread
2295,Butter
2296,Bread
2296,Tea
2296,Jam
2297,Bread
2297,Tea
2297,Jam
2298,Bread
2298,Tea
2298,Jam
2299,Tea
2299,Jam
2300,Coffee
2300,Bread
2300,Butter
2301,Bread
2301,Tea
2301,Jam
2302,Bread
2302,Tea
2302,Jam
2303,Coffee
2303,Butter
2303,Tea
2304,Coffee
2304,Bread
2304,Butter
2305,Bread
2305,Tea
2305,Jam
2306,Coffee
2306,Butter
2307,Coffee
2307,Butter
2308,Bread
2308,Tea
2308,Jam
2309,Bread
2309,Tea
2310,Coffee
2310,Bread
2310,Butter
2311,Coffee
2311,Bread
2311,Butter
2312,Coffee
2313,Coffee
2313,Butter
2314,Coffee
2314,Bread
2314,Butter
2315,Coffee
2315,Bread
2315,Butter
2316,Bread
2316,Tea
2316,Jam
2317,Coffee
2317,Butter
2318,Coffee
2318,Bread
2318,Butter
2319,Coffee
2319,Bread
2319,Butter
2319,Tea
2320,Coffee
2320,Butter
2321,Coffee
2321,Bread
2321,Tea
2322,Tea
2322,Jam
2323,Tea
2324,Coffee
2324,Butter
2324,Tea
2324,Jam
2325,Coffee
2325,Bread
2325,Jam
2326,Coffee
2326,Butter
2327,Bread
2327,Tea
2327,Jam
2328,Butter
2329,Butter
2330,Tea
2330,Jam
2331,Bread
2331,Tea
2331,Jam
2332,Coffee
2332,Bread
2332,Butter
2333,Bread
2333,Tea
2333,Jam
2334,Coffee
2334,Bread
2334,Butter
2335,Coffee
2335,Butter
2336,Coffee
2336,Bread
2336,Butter
2337,Coffee
2337,Butter
2338,Tea
2338,Jam
2339,Tea
2339,Jam
2340,Coffee
2340,Butter
2341,Tea
2342,Bread
2343,Coffee
2343,Bread
2344,Coffee
2344,Bread
2344,Butter
2345,Tea
2345,Jam
2346,Coffee
2346,Bread
2346,Butter
2347,Coffee
2347,Tea
2347,Jam
2348,Coffee
2348,Bread
2348,Butter
2349,Coffee
2349,Bread
2349,Butter
2350,Coffee
2350,Bread
2350,Butter
2350,Jam
2351,Coffee
2352,Tea
2352,Jam
2353,Coffee
2354,Coffee
2354,Bread
2354,Butter
2354,Jam
2355,Coffee
2355,Bread
2355,Butter
2356,Tea
2357,Tea
2357,Jam
2358,Coffee
2358,Tea
2359,Coffee
2359,Butter
2360,Bread
2360,Tea
2360,Jam
2361,Bread
2361,Tea
2361,Jam
2362,Butter
2362,Tea
2362,Jam
2363,Tea
2363,Jam
2364,Tea
2364,Jam
2365,Tea
2366,Coffee
2366,Bread
2366,Butter
2367,Bread
2367,Tea
2367,Jam
2368,Butter
2368,Tea
2368,Jam
2369,Bread
2369,Tea
2370,Bread
2370,Tea
2370,Jam
2371,Coffee
2371,Butter
2372,Tea
2372,Jam
2373,Tea
2373,Jam
2374,Coffee
2374,Butter
2375,Coffee
2375,Butter
2376,Coffee
2376,Butter
2377,Coffee
2377,Bread
2378,Jam
2379,Butter
2379,Jam
2380,Bread
2380,Tea
2380,Jam
2381,Coffee
2381,Bread
2381,Butter
2382,Coffee
2383,Coffee
2383,Bread
2383,Butter
2384,Tea
2384,Jam
2385,Bread
2385,Tea
2385,Jam
2386,Tea
2386,Jam
2387,Tea
2387,Jam
2388,Butter
2388,Tea
2389,Bread
2389,Butter
2390,Coffee
2390,Bread
2390,Butter
2391,Coffee
2391,Butter
2392,Bread
2392,Tea
2392,Jam
2393,Coffee
2393,Bread
2393,Butter
2394,Coffee
2394,Butter
2394,Tea
2395,Bread
2395,Jam
2396,Coffee
2396,Butter
2397,Coffee
2398,Bread
2398,Jam
2399,Bread
2399,Tea
2399,Jam
2400,Bread
2400,Tea
2400,Jam
2401,Bread
2401,Jam
2402,Bread
2402,Tea
2402,Jam
2403,Tea
2404,Bread
2404,Jam
2405,Coffee
2405,Butter
2406,Tea
2406,Jam
2407,Tea
2407,Jam
2408,Bread
2408,Tea
2408,Jam
2409,Bread
2409,Tea
2409,Jam
2410,Coffee
2410,Bread
2411,Coffee
2411,Butter
2412,Coffee
2412,Butter
2413,Butter
2414,Coffee
2414,Butter
2415,Coffee
2415,Butter
2415,Jam
2416,Coffee
2417,Coffee
2417,Butter
2418,Bread
2418,Jam
2419,Coffee
2419,Bread
2419,Tea
2419,Jam
2420,Coffee
2420,Bread
2420,Butter
2420,Tea
2421,Butter
2422,Coffee
2422,Bread
2422,Butter
2423,Coffee
2423,Butter
2424,Tea
2425,Coffee
2425,Butter
2426,Tea
2426,Jam
2427,Bread
2427,Tea
2427,Jam
2428,Bread
2428,Tea
2428,Jam
2429,Coffee
2429,Butter
2430,Bread
2431,Coffee
2431,Butter
2432,Tea
2432,Jam
2433,Coffee
2433,Tea
2433,Jam
2434,Coffee
2434,Bread
2434,Tea
2434,Jam
2435,Coffee
2435,Bread
2435,Butter
2436,Bread
2436,Tea
2436,Jam
2437,Coffee
2437,Butter
2437,Tea
2438,Tea
2439,Coffee
2439,Bread
2439,Butter
2440,Coffee
2441,Tea
2441,Jam
2442,Coffee
2442,Butter
2443,Bread
2443,Tea
2443,Jam
2444,Coffee
2444,Butter
2445,Tea
2445,Jam
2446,Coffee
2446,Butter
2447,Coffee
2447,Bread
2447,Butter
2447,Jam
2448,Coffee
2448,Bread
2448,Butter
2449,Coffee
2449,Butter
2450,Coffee
2450,Bread
2450,Butter
2451,Coffee
2451,Butter
2452,Coffee
2452,Bread
2452,Butter
2453,Coffee
2453,Butter
2454,Tea
2454,Jam
2455,Bread
2455,Tea
2455,Jam
2456,Tea
2456,Jam
2457,Coffee
2457,Bread
2457,Jam
2458,Coffee
2458,Bread
2458,Butter
2459,Coffee
2459,Butter
2460,Bread
2460,Tea
2460,Jam
2461,Tea
2461,Jam
2462,Coffee
2462,Tea
2463,Tea
2463,Jam
2464,Tea
2464,Jam
2465,Tea
2465,Jam
2466,Coffee
2466,Bread
2466,Butter
2467,Bread
2467,Butter
2467,Tea
2467,Jam
2468,Tea
2469,Coffee
2469,Bread
2469,Butter
2469,Jam
2470,Coffee
2470,Bread
2470,Butter
2471,Coffee
2471,Bread
2471,Butter
2472,Jam
2473,Butter
2474,Tea
2474,Jam
2475,Bread
2475,Tea
2475,Jam
2476,Bread
2476,Tea
2476,Jam
2477,Tea
2478,Bread
2479,Coffee
2479,Bread
2479,Butter
2479,Jam
2480,Coffee
2480,Bread
2480,Butter
2481,Butter
2482,Bread
2482,Tea
2482,Jam
2483,Coffee
2483,Butter
2484,Tea
2485,Coffee
2485,Butter
2486,Coffee
2486,Bread
2486,Butter
2487,Coffee
2487,Butter
2488,Coffee
2488,Bread
2488,Butter
2489,Jam
2490,Bread
2490,Tea
2490,Jam
2491,Bread
2491,Tea
2492,Tea
2492,Jam
2493,Bread
2493,Tea
2493,Jam
2494,Butter
2494,Tea
2494,Jam
2495,Coffee
2495,Bread
2495,Butter
2496,Coffee
2496,Butter
2497,Coffee
2497,Butter
2498,Coffee
2498,Bread
2498,Butter
2499,Bread
2499,Tea
2499,Jam
2500,Bread
2500,Tea
2500,Jam
2501,Tea
2501,Jam
2502,Bread
2502,Butter
2503,Bread
2503,Tea
2504,Coffee
2504,Bread
2504,Butter
2505,Coffee
2505,Bread
2505,Butter
2506,Tea
2506,Jam
2507,Coffee
2508,Coffee
2508,Butter
2509,Tea
2509,Jam
2510,Tea
2510,Jam
2511,Coffee
2511,Butter
2511,Jam
2512,Coffee
2512,Tea
2512,Jam
2513,Coffee
2514,Coffee
2514,Bread
2515,Coffee
2516,Coffee
2516,Jam
2517,Coffee
2517,Bread
2517,Tea
2517,Jam
2518,Coffee
2518,Bread
2518,Butter
2519,Tea
2519,Jam
2520,Bread
2520,Tea
2520,Jam
2521,Coffee
2521,Bread
2521,Butter
2521,Jam
2522,Tea
2522,Jam
2523,Coffee
2523,Butter
2524,Coffee
2524,Bread
2524,Butter
2525,Jam
2526,Coffee
2526,Bread
2526,Butter
2527,Coffee
2527,Butter
2528,Coffee
2528,Butter
2529,Coffee
2529,Butter
2530,Tea
2530,Jam
2531,Coffee
2531,Bread
2531,Butter
2532,Bread
2532,Tea
2532,Jam
2533,Coffee
2533,Butter
2533,Jam
2534,Tea
2534,Jam
2535,Coffee
2535,Butter
2536,Tea
2536,Jam
2537,Coffee
2537,Bread
2537,Butter
2537,Tea
2538,Tea
2539,Bread
2539,Tea
2539,Jam
2540,Coffee
2540,Butter
2541,Jam
2542,Tea
2542,Jam
2543,Tea
2544,Coffee
2544,Bread
2544,Butter
2545,Bread
2545,Butter
2546,Coffee
2547,Bread
2548,Bread
2548,Butter
2548,Jam
2549,Coffee
2549,Bread
2550,Coffee
2550,Bread
2550,Butter
2551,Tea
2551,Jam
2552,Jam
2553,Bread
2553,Butter
2554,Bread
2554,Tea
2555,Coffee
2555,Bread
2555,Butter
2556,Bread
2556,Tea
2556,Jam
2557,Coffee
2557,Bread
2557,Butter
2558,Coffee
2558,Bread
2558,Butter
2559,Tea
2559,Jam
2560,Coffee
2560,Bread
2560,Tea
2560,Jam
2561,Bread
2562,Coffee
2562,Bread
2563,Coffee
2563,Bread
2563,Butter
2564,Coffee
2564,Bread
2564,Jam
2565,Tea
2565,Jam
2566,Tea
2566,Jam
2567,Coffee
2568,Butter
2569,Coffee
2569,Butter
2570,Tea
2570,Jam
2571,Coffee
2571,Bread
2571,Butter
2572,Coffee
2572,Bread
2572,Butter
2573,Jam
2574,Coffee
2574,Bread
2574,Butter
2575,Coffee
2575,Bread
2575,Butter
2576,Coffee
2576,Bread
2576,Butter
2577,Coffee
2577,Butter
2578,Tea
2578,Jam
2579,Coffee
2579,Bread
2579,Butter
2580,Tea
2580,Jam
2581,Coffee
2581,Butter
2582,Coffee
2582,Butter
2583,Bread
2583,Tea
2584,Coffee
2584,Butter
2584,Jam
2585,Coffee
2585,Bread
2585,Butter
2585,Jam
2586,Coffee
2586,Bread
2587,Coffee
2587,Bread
2587,Butter
2588,Coffee
2588,Bread
2588,Butter
2589,Coffee
2590,Bread
2590,Butter
2590,Jam
2591,Tea
2591,Jam
2592,Coffee
2592,Bread
2592,Butter
2592,Tea
2593,Coffee
2593,Butter
2594,Coffee
2594,Butter
2595,Coffee
2595,Bread
2595,Butter
2596,Tea
2596,Jam
2597,Coffee
2597,Bread
2597,Butter
2597,Jam
2598,Bread
2598,Tea
2598,Jam
2599,Tea
2600,Tea
2600,Jam
2601,Bread
2601,Tea
2601,Jam
2602,Coffee
2602,Bread
2602,Butter
2603,Bread
2603,Butter
2603,Jam
2604,Coffee
2604,Butter
2604,Jam
2605,Coffee
2605,Bread
2605,Butter
2606,Coffee
2606,Bread
2606,Butter
2607,Tea
2608,Coffee
2608,Butter
2608,Tea
2609,Coffee
2609,Bread
2609,Butter
2610,Coffee
2610,Butter
2611,Coffee
2611,Bread
2611,Butter
2611,Jam
2612,Butter
2612,Tea
2612,Jam
2613,Bread
2614,Bread
2614,Tea
2615,Bread
2615,Jam
2616,Coffee
2616,Jam
2617,Coffee
2617,Butter
2618,Bread
2618,Tea
2618,Jam
2619,Tea
2619,Jam
2620,Coffee
2620,Bread
2620,Butter
2621,Bread
2621,Tea
2621,Jam
2622,Coffee
2622,Bread
2622,Butter
2623,Coffee
2623,Bread
2623,Butter
2624,Bread
2624,Jam
2625,Coffee
2625,Bread
2626,Coffee
2626,Butter
2627,Coffee
2627,Butter
2628,Bread
2628,Tea
2628,Jam
2629,Coffee
2629,Butter
2630,Tea
2631,Tea
2632,Coffee
2632,Bread
2632,Butter
2633,Tea
2633,Jam
2634,Tea
2634,Jam
2635,Bread
2636,Tea
2636,Jam
2637,Bread
2637,Butter
2638,Coffee
2638,Tea
2638,Jam
2639,Tea
2639,Jam
2640,Coffee
2640,Bread
2640,Butter
2641,Coffee
2641,Bread
2641,Tea
2641,Jam
2642,Coffee
2642,Butter
2643,Coffee
2643,Bread
2643,Butter
2644,Coffee
2644,Jam
2645,Coffee
2645,Butter
2646,Coffee
2646,Bread
2646,Butter
2647,Bread
2647,Tea
2648,Bread
2648,Tea
2648,Jam
2649,Coffee
2649,Butter
2650,Tea
2650,Jam
2651,Coffee
2651,Bread
2651,Butter
2652,Tea
2653,Bread
2653,Tea
2653,Jam
2654,Bread
2654,Tea
2654,Jam
2655,Tea
2655,Jam
2656,Coffee
2656,Butter
2657,Coffee
2657,Bread
2657,Butter
2658,Coffee
2658,Butter
2659,Coffee
2659,Butter
2660,Coffee
2660,Butter
2661,Bread
2661,Tea
2661,Jam
2662,Coffee
2662,Jam
2663,Coffee
2664,Coffee
2664,Butter
2665,Coffee
2665,Bread
2665,Butter
2666,Coffee
2666,Bread
2666,Butter
2667,Coffee
2667,Bread
2667,Butter
2668,Coffee
2668,Butter
2669,Coffee
2669,Bread
2669,Butter
2669,Tea
2670,Butter
2670,Tea
2670,Jam
2671,Bread
2671,Tea
2671,Jam
2672,Coffee
2672,Bread
2672,Butter
2672,Jam
2673,Coffee
2674,Coffee
2674,Bread
2674,Tea
2675,Coffee
2675,Butter
2676,Butter
2676,Tea
2676,Jam
2677,Bread
2677,Tea
2677,Jam
2678,Bread
2678,Tea
2678,Jam
2679,Bread
2679,Tea
2680,Jam
2681,Coffee
2681,Bread
2681,Butter
2682,Bread
2682,Jam
2683,Coffee
2684,Jam
2685,Bread
2685,Tea
2686,Bread
2686,Tea
2687,Bread
2687,Butter
2688,Tea
2689,Coffee
2689,Butter
2690,Coffee
2690,Bread
2690,Tea
2691,Bread
2691,Tea
2691,Jam
2692,Coffee
2692,Jam
2693,Bread
2693,Jam
2694,Coffee
2694,Butter
2695,Coffee
2695,Bread
2695,Butter
2696,Tea
2696,Jam
2697,Bread
2697,Tea
2697,Jam
2698,Butter
2699,Coffee
2699,Bread
2699,Butter
2699,Tea
2700,Coffee
2700,Bread
2700,Butter
2701,Coffee
2701,Butter
2702,Tea
2702,Jam
2703,Bread
2703,Tea
2703,Jam
2704,Tea
2705,Bread
2705,Butter
2706,Coffee
2706,Butter
2707,Bread
2707,Butter
2708,Coffee
2709,Coffee
2709,Bread
2710,Bread
2710,Tea
2710,Jam
2711,Bread
2711,Tea
2712,Coffee
2712,Butter
2713,Coffee
2713,Bread
2713,Butter
2714,Tea
2714,Jam
2715,Bread
2715,Jam
2716,Tea
2717,Jam
2718,Bread
2718,Tea
2718,Jam
2719,Coffee
2719,Bread
2719,Butter
2720,Bread
2720,Tea
2720,Jam
2721,Coffee
2721,Butter
2722,Coffee
2722,Butter
2723,Coffee
2723,Butter
2724,Butter
2725,Bread
2725,Tea
2726,Tea
2727,Butter
2728,Coffee
2728,Butter
2729,Coffee
2729,Bread
2729,Butter
2730,Coffee
2730,Butter
2731,Bread
2731,Tea
2731,Jam
2732,Coffee
2732,Bread
2732,Butter
2733,Coffee
2733,Bread
2733,Butter
2734,Bread
2734,Butter
2734,Jam
2735,Coffee
2735,Butter
2736,Bread
2736,Jam
2737,Bread
2737,Jam
2738,Coffee
2738,Bread
2738,Tea
2738,Jam
2739,Coffee
2739,Bread
2739,Butter
2740,Tea
2740,Jam
2741,Coffee
2741,Bread
2741,Butter
2742,Coffee
2742,Butter
2743,Coffee
2743,Butter
2744,Bread
2744,Tea
2744,Jam
2745,Coffee
2745,Butter
2746,Coffee
2746,Bread
2746,Butter
2747,Bread
2748,Coffee
2748,Bread
2748,Butter
2748,Jam
2749,Coffee
2749,Bread
2749,Butter
2750,Coffee
2750,Butter
2751,Coffee
2751,Butter
2752,Coffee
2752,Bread
2752,Butter
2753,Tea
2753,Jam
2754,Bread
2754,Tea
2754,Jam
2755,Coffee
2755,Bread
2755,Butter
2756,Bread
2756,Butter
2757,Coffee
2757,Butter
2758,Butter
2759,Bread
2759,Tea
2760,Bread
2760,Tea
2760,Jam
2761,Butter
2761,Tea
2762,Tea
2762,Jam
2763,Coffee
2763,Bread
2763,Jam
2764,Coffee
2764,Bread
2764,Butter
2765,Tea
2765,Jam
2766,Bread
2766,Butter
2767,Coffee
2767,Bread
2767,Butter
2768,Bread
2768,Tea
2768,Jam
2769,Coffee
2769,Butter
2770,Coffee
2770,Butter
2771,Bread
2771,Tea
2771,Jam
2772,Tea
2772,Jam
2773,Bread
2773,Tea
2773,Jam
2774,Coffee
2775,Bread
2775,Jam
2776,Tea
2776,Jam
2777,Coffee
2777,Butter
2778,Coffee
2778,Bread
2779,Coffee
2779,Bread
2779,Butter
2780,Bread
2780,Tea
2780,Jam
2781,Coffee
2781,Bread
2781,Butter
2782,Coffee
2782,Bread
2782,Tea
2782,Jam
2783,Coffee
2784,Coffee
2784,Bread
2785,Tea
2786,Bread
2786,Tea
2786,Jam
2787,Coffee
2787,Butter
2788,Coffee
2788,Bread
2789,Coffee
2789,Bread
2789,Butter
2790,Coffee
2790,Bread
2790,Butter
2791,Tea
2791,Jam
2792,Bread
2792,Tea
2792,Jam
2793,Tea
2793,Jam
2794,Coffee
2794,Bread
2794,Butter
2795,Coffee
2795,Butter
2796,Coffee
2796,Bread
2796,Butter
2797,Coffee
2797,Bread
2797,Tea
2797,Jam
2798,Bread
2798,Jam
2799,Coffee
2799,Butter
2800,Tea
2800,Jam
2801,Coffee
2801,Tea
2801,Jam
2802,Coffee
2803,Bread
2803,Butter
2804,Coffee
2804,Butter
2805,Coffee
2805,Butter
2806,Coffee
2806,Bread
2806,Butter
2807,Coffee
2807,Butter
2808,Tea
2808,Jam
2809,Coffee
2809,Bread
2809,Butter
2809,Tea
2810,Coffee
2810,Bread
2810,Butter
2811,Coffee
2811,Bread
2811,Butter
2812,Tea
2813,Coffee
2813,Butter
2814,Coffee
2814,Butter
2815,Coffee
2815,Butter
2816,Tea
2816,Jam
2817,Tea
2817,Jam
2818,Coffee
2818,Bread
2818,Butter
2819,Coffee
2819,Tea
2820,Tea
2820,Jam
2821,Bread
2821,Tea
2821,Jam
2822,Coffee
2822,Bread
2822,Butter
2823,Coffee
2823,Bread
2823,Butter
2824,Tea
2824,Jam
2825,Coffee
2825,Butter
2826,Bread
2827,Coffee
2828,Tea
2828,Jam
2829,Coffee
2829,Butter
2830,Coffee
2830,Butter
2831,Tea
2831,Jam
2832,Bread
2832,Jam
2833,Butter
2834,Tea
2835,Coffee
2835,Bread
2835,Butter
2835,Jam
2836,Tea
2836,Jam
2837,Tea
2837,Jam
2838,Bread
2838,Tea
2839,Coffee
2840,Jam
2841,Bread
2842,Coffee
2842,Butter
2843,Coffee
2843,Bread
2843,Butter
2844,Bread
2844,Tea
2844,Jam
2845,Coffee
2845,Butter
2846,Coffee
2846,Butter
2847,Bread
2847,Tea
2847,Jam
2848,Bread
2848,Butter
2849,Coffee
2849,Bread
2849,Butter
2850,Tea
2850,Jam
2851,Coffee
2851,Bread
2851,Butter
2852,Tea
2852,Jam
2853,Coffee
2853,Bread
2853,Butter
2854,Tea
2854,Jam
2855,Bread
2855,Tea
2856,Bread
2856,Tea
2856,Jam
2857,Bread
2857,Tea
2857,Jam
2858,Coffee
2858,Butter
2859,Coffee
2859,Bread
2859,Butter
2859,Jam
2860,Coffee
2860,Butter
2861,Coffee
2861,Tea
2862,Tea
2862,Jam
2863,Jam
2864,Coffee
2864,Butter
2865,Coffee
2865,Bread
2865,Butter
2866,Coffee
2867,Coffee
2867,Bread
2868,Coffee
2868,Bread
2868,Butter
2869,Coffee
2869,Bread
2869,Butter
2870,Bread
2870,Butter
2870,Jam
2871,Coffee
2871,Bread
2871,Butter
2872,Tea
2872,Jam
2873,Coffee
2873,Butter
2873,Jam
2874,Tea
2874,Jam
2875,Coffee
2875,Bread
2875,Butter
2876,Tea
2876,Jam
2877,Coffee
2877,Butter
2878,Bread
2878,Tea
2879,Coffee
2879,Bread
2879,Butter
2880,Bread
2880,Tea
2881,Coffee
2881,Butter
2882,Coffee
2882,Bread
2882,Butter
2882,Tea
2882,Jam
2883,Coffee
2883,Bread
2883,Butter
2884,Coffee
2884,Butter
2885,Coffee
2885,Butter
2886,Bread
2886,Tea
2886,Jam
2887,Bread
2888,Coffee
2889,Coffee
2890,Coffee
2890,Bread
2890,Butter
2890,Jam
2891,Bread
2891,Butter
2892,Coffee
2892,Bread
2892,Butter
2893,Coffee
2893,Butter
2893,Tea
2894,Tea
2894,Jam
2895,Tea
2895,Jam
2896,Coffee
2896,Butter
2897,Bread
2897,Tea
2897,Jam
2898,Coffee
2898,Butter
2899,Coffee
2899,Bread
2899,Butter
2900,Coffee
2900,Butter
2900,Jam
2901,Bread
2901,Tea
2901,Jam
2902,Bread
2902,Tea
2903,Bread
2903,Tea
2903,Jam
2904,Bread
2904,Tea
2904,Jam
2905,Coffee
2905,Bread
2905,Butter
2906,Bread
2906,Tea
2906,Jam
2907,Coffee
2907,Butter
2908,Butter
2909,Coffee
2909,Bread
2909,Butter
2910,Coffee
2910,Bread
2910,Butter
2911,Tea
2911,Jam
2912,Bread
2912,Tea
2912,Jam
2913,Coffee
2913,Butter
2913,Tea
2914,Bread
2914,Tea
2914,Jam
2915,Coffee
2915,Butter
2915,Jam
2916,Coffee
2916,Butter
2917,Bread
2917,Tea
2917,Jam
2918,Coffee
2918,Bread
2919,Coffee
2919,Bread
2919,Butter
2920,Bread
2921,Bread
2921,Tea
2922,Bread
2922,Tea
2922,Jam
2923,Coffee
2923,Bread
2924,Coffee
2924,Bread
2924,Butter
2925,Coffee
2925,Butter
2926,Bread
2926,Tea
2926,Jam
2927,Bread
2927,Butter
2927,Tea
2927,Jam
2928,Tea
2928,Jam
2929,Tea
2929,Jam
2930,Coffee
2930,Butter
2930,Tea
2930,Jam
2931,Tea
2931,Jam
2932,Bread
2932,Butter
2933,Tea
2933,Jam
2934,Bread
2934,Tea
2934,Jam
2935,Butter
2935,Tea
2936,Coffee
2936,Butter
2937,Coffee
2937,Butter
2938,Coffee
2938,Bread
2938,Butter
2938,Jam
2939,Butter
2939,Jam
2940,Coffee
2940,Bread
2940,Butter
2941,Bread
2941,Tea
2941,Jam
2942,Tea
2942,Jam
2943,Bread
2943,Butter
2943,Jam
2944,Coffee
2944,Butter
2945,Coffee
2945,Butter
2946,Coffee
2946,Butter
2947,Bread
2947,Tea
2947,Jam
2948,Bread
2948,Tea
2948,Jam
2949,Coffee
2949,Butter
2950,Tea
2950,Jam
2951,Bread
2951,Butter
2952,Coffee
2952,Bread
2952,Butter
2953,Tea
2953,Jam
2954,Butter
2954,Tea
2954,Jam
2955,Tea
2955,Jam
2956,Coffee
2956,Bread
2956,Butter
2957,Tea
2957,Jam
2958,Bread
2958,Tea
2958,Jam
2959,Coffee
2959,Bread
2959,Butter
2960,Bread
2960,Tea
2961,Tea
2962,Coffee
2962,Bread
2962,Butter
2963,Butter
2963,Tea
2963,Jam
2964,Bread
2964,Butter
2965,Coffee
2965,Butter
2966,Coffee
2966,Butter
2967,Coffee
2967,Bread
2967,Butter
2968,Coffee
2968,Butter
2969,Coffee
2969,Bread
2969,Butter
2970,Coffee
2970,Butter
2970,Tea
2970,Jam
2971,Tea
2972,Bread
2972,Butter
2973,Tea
2973,Jam
2974,Bread
2974,Tea
2974,Jam
2975,Coffee
2975,Bread
2975,Butter
2976,Coffee
2976,Bread
2976,Butter
2977,Coffee
2977,Bread
2977,Butter
2978,Bread
2978,Tea
2978,Jam
2979,Coffee
2979,Butter
2980,Coffee
2980,Bread
2980,Butter
2981,Bread
2981,Tea
2981,Jam
2982,Bread
2982,Butter
2982,Tea
2982,Jam
2983,Jam
2984,Coffee
2984,Butter
2985,Coffee
2985,Bread
2986,Coffee
2986,Butter
2987,Coffee
2987,Bread
2987,Butter
2988,Coffee
2988,Bread
2988,Butter
2989,Bread
2989,Jam
2990,Coffee
2990,Bread
2990,Butter
2990,Jam
2991,Tea
2991,Jam
2992,Coffee
2992,Bread
2992,Butter
2993,Tea
2993,Jam
2994,Coffee
2994,Bread
2994,Butter
2995,Bread
2995,Tea
2995,Jam
2996,Coffee
2996,Bread
2996,Butter
2997,Bread
2998,Coffee
2998,Bread
2999,Coffee
2999,Butter
3000,Butter
3001,Bread
3001,Tea
3002,Coffee
3002,Bread
3002,Butter
3003,Tea
3003,Jam
3004,Bread
3004,Tea
3004,Jam
3005,Tea
3005,Jam
3006,Bread
3006,Tea
3006,Jam
3007,Bread
3007,Tea
3007,Jam
3008,Coffee
3008,Butter
3009,Tea
3009,Jam
3010,Coffee
3010,Bread
3011,Coffee
3011,Bread
3011,Butter
3012,Tea
3013,Coffee
3013,Bread
3013,Jam
3014,Bread
3014,Jam
3015,Coffee
3015,Tea
3016,Bread
3016,Tea
3016,Jam
3017,Tea
3018,Bread
3018,Tea
3019,Coffee
3019,Bread
3019,Butter
3020,Bread
3020,Tea
3020,Jam
3021,Coffee
3021,Bread
3021,Butter
3022,Coffee
3022,Butter
3023,Tea
3024,Coffee
3024,Butter
3025,Bread
3026,Jam
3027,Butter
3027,Tea
3027,Jam
3028,Bread
3028,Tea
3028,Jam
3029,Coffee
3029,Butter
3030,Coffee
3030,Butter
3031,Bread
3031,Butter
3032,Bread
3032,Jam
3033,Tea
3033,Jam
3034,Butter
3035,Bread
3035,Jam
3036,Tea
3037,Tea
3037,Jam
3038,Jam
3039,Coffee
3039,Bread
3039,Butter
3040,Coffee
3040,Tea
3040,Jam
3041,Coffee
3041,Butter
3042,Coffee
3042,Bread
3042,Butter
3043,Butter
3044,Coffee
3044,Bread
3045,Bread
3045,Tea
3045,Jam
3046,Coffee
3046,Butter
3047,Coffee
3047,Bread
3047,Butter
3048,Tea
3048,Jam
3049,Coffee
3049,Bread
3049,Butter
3050,Tea
3050,Jam
3051,Coffee
3051,Butter
3051,Jam
3052,Coffee
3052,Butter
3053,Jam
3054,Tea
3055,Bread
3055,Tea
3055,Jam
3056,Tea
3056,Jam
3057,Bread
3057,Butter
3058,Coffee
3058,Bread
3058,Butter
3059,Coffee
3059,Bread
3059,Butter
3060,Coffee
3060,Bread
3060,Butter
3061,Coffee
3061,Bread
3061,Butter
3062,Coffee
3062,Butter
3062,Tea
3062,Jam
3063,Coffee
3063,Jam
3064,Coffee
3064,Bread
3064,Butter
3065,Bread
3065,Tea
3065,Jam
3066,Coffee
3066,Bread
3066,Butter
3067,Coffee
3067,Bread
3067,Butter
3068,Tea
3068,Jam
3069,Coffee
3069,Bread
3069,Butter
3070,Tea
3070,Jam
3071,Tea
3071,Jam
3072,Coffee
3072,Butter
3073,Coffee
3073,Bread
3073,Butter
3074,Bread
3074,Butter
3075,Coffee
3075,Bread
3075,Butter
3076,Coffee
3076,Bread
3076,Butter
3077,Bread
3077,Butter
3077,Jam
3078,Bread
3078,Tea
3078,Jam
3079,Bread
3079,Tea
3079,Jam
3080,Bread
3080,Tea
3081,Coffee
3081,Butter
3082,Coffee
3082,Bread
3082,Butter
3083,Coffee
3083,Bread
3084,Coffee
3084,Butter
3085,Coffee
3085,Butter
3086,Coffee
3086,Bread
3086,Butter
3087,Coffee
3087,Bread
3087,Butter
3088,Bread
3088,Tea
3088,Jam
3089,Bread
3089,Butter
3089,Jam
3090,Bread
3091,Bread
3091,Butter
3091,Tea
3092,Tea
3092,Jam
3093,Coffee
3093,Bread
3094,Tea
3094,Jam
3095,Coffee
3095,Bread
3095,Butter
3096,Coffee
3096,Butter
3096,Jam
3097,Coffee
3097,Bread
3097,Butter
3098,Coffee
3098,Jam
3099,Tea
3100,Coffee
3100,Butter
3101,Coffee
3101,Butter
3101,Jam
3102,Coffee
3102,Butter
3103,Tea
3103,Jam
3104,Coffee
3104,Butter
3105,Tea
3105,Jam
3106,Bread
3106,Tea
3106,Jam
3107,Coffee
3107,Butter
3107,Tea
3108,Coffee
3108,Bread
3108,Butter
3109,Bread
3109,Jam
3110,Tea
3111,Tea
3111,Jam
3112,Tea
3112,Jam
3113,Coffee
3113,Tea
3113,Jam
3114,Coffee
3114,Tea
3115,Coffee
3115,Bread
3115,Butter
3116,Tea
3116,Jam
3117,Coffee
3117,Bread
3117,Butter
3118,Coffee
3118,Butter
3119,Coffee
3119,Bread
3119,Butter
3119,Jam
3120,Tea
3120,Jam
3121,Bread
3121,Tea
3121,Jam
3122,Tea
3122,Jam
3123,Bread
3123,Butter
3123,Jam
3124,Coffee
3124,Bread
3124,Butter
3125,Coffee
3125,Bread
3125,Butter
3126,Coffee
3126,Bread
3126,Jam
3127,Tea
3127,Jam
3128,Coffee
3128,Bread
3128,Butter
3128,Tea
3129,Bread
3129,Tea
3129,Jam
3130,Coffee
3130,Bread
3130,Butter
3131,Coffee
3131,Butter
3132,Tea
3132,Jam
3133,Tea
3134,Coffee
3134,Butter
3135,Butter
3136,Tea
3136,Jam
3137,Coffee
3137,Bread
3137,Butter
3138,Coffee
3138,Butter
3139,Tea
3140,Coffee
3140,Bread
3140,Jam
3141,Coffee
3141,Butter
3142,Coffee
3142,Bread
3142,Butter
3143,Coffee
3143,Bread
3143,Jam
3144,Tea
3145,Tea
3145,Jam
3146,Tea
3147,Bread
3147,Tea
3147,Jam
3148,Butter
3148,Tea
3149,Coffee
3149,Butter
3150,Coffee
3150,Bread
3150,Butter
3151,Coffee
3151,Butter
3152,Bread
3152,Tea
3152,Jam
3153,Bread
3153,Tea
3154,Bread
3154,Tea
3154,Jam
3155,Bread
3155,Tea
3155,Jam
3156,Bread
3156,Tea
3156,Jam
3157,Coffee
3157,Tea
3158,Bread
3158,Tea
3158,Jam
3159,Bread
3159,Butter
3159,Tea
3160,Coffee
3160,Butter
3161,Tea
3162,Tea
3162,Jam
3163,Bread
3164,Tea
3164,Jam
3165,Coffee
3165,Bread
3165,Butter
3166,Bread
3166,Tea
3166,Jam
3167,Butter
3167,Tea
3168,Tea
3169,Coffee
3169,Butter
3170,Bread
3170,Tea
3170,Jam
3171,Coffee
3171,Butter
3172,Coffee
3172,Bread
3172,Butter
3173,Coffee
3173,Bread
3173,Butter
3174,Bread
3174,Tea
3174,Jam
3175,Bread
3175,Tea
3175,Jam
3176,Coffee
3176,Bread
3176,Butter
3177,Butter
3178,Coffee
3178,Butter
3179,Coffee
3179,Butter
3180,Coffee
3180,Bread
3181,Coffee
3181,Bread
3181,Butter
3182,Jam
3183,Bread
3183,Butter
3183,Tea
3183,Jam
3184,Coffee
3184,Butter
3185,Tea
3185,Jam
3186,Coffee
3186,Butter
3187,Coffee
3187,Bread
3187,Butter
3187,Jam
3188,Bread
3188,Butter
3188,Jam
3189,Tea
3190,Tea
3191,Coffee
3192,Coffee
3192,Bread
3192,Butter
3193,Coffee
3193,Butter
3194,Coffee
3194,Bread
3194,Butter
3195,Tea
3195,Jam
3196,Tea
3196,Jam
3197,Coffee
3197,Bread
3197,Butter
3198,Coffee
3198,Butter
3198,Tea
3199,Bread
3199,Tea
3199,Jam
3200,Bread
3200,Tea
3200,Jam
3201,Coffee
3201,Bread
3201,Butter
3202,Tea
3202,Jam
3203,Bread
3203,Tea
3203,Jam
3204,Coffee
3204,Bread
3204,Butter
3205,Coffee
3205,Bread
3205,Butter
3206,Coffee
3206,Butter
3207,Coffee
3207,Butter
3208,Tea
3208,Jam
3209,Coffee
3209,Bread
3209,Tea
3209,Jam
3210,Coffee
3210,Bread
3210,Butter
3211,Coffee
3211,Butter
3212,Bread
3212,Tea
3213,Bread
3213,Tea
3213,Jam
3214,Coffee
3214,Butter
3215,Coffee
3215,Bread
3215,Butter
3216,Tea
3216,Jam
3217,Bread
3217,Tea
3217,Jam
3218,Tea
3218,Jam
3219,Coffee
3219,Butter
3220,Tea
3220,Jam
3221,Bread
3222,Bread
3222,Tea
3222,Jam
3223,Coffee
3223,Bread
3224,Coffee
3224,Bread
3224,Butter
3224,Tea
3225,Coffee
3225,Bread
3225,Butter
3226,Jam
3227,Bread
3227,Tea
3227,Jam
3228,Tea
3228,Jam
3229,Bread
3229,Tea
3229,Jam
3230,Coffee
3230,Bread
3230,Butter
3231,Tea
3232,Butter
3232,Tea
3232,Jam
3233,Bread
3233,Butter
3233,Tea
3233,Jam
3234,Bread
3234,Tea
3234,Jam
3235,Coffee
3235,Butter
3236,Coffee
3236,Bread
3236,Butter
3237,Coffee
3237,Bread
3237,Butter
3238,Butter
3238,Tea
3238,Jam
3239,Bread
3239,Tea
3239,Jam
3240,Coffee
3240,Bread
3240,Butter
3241,Coffee
3241,Bread
3241,Butter
3241,Jam
3242,Coffee
3242,Bread
3243,Tea
3244,Tea
3244,Jam
3245,Coffee
3245,Butter
3245,Jam
3246,Coffee
3246,Butter
3247,Bread
3247,Tea
3248,Coffee
3248,Bread
3249,Coffee
3249,Bread
3249,Butter
3250,Bread
3250,Tea
3250,Jam
3251,Bread
3251,Tea
3251,Jam
3252,Tea
3253,Coffee
3253,Tea
3254,Bread
3254,Tea
3254,Jam
3255,Butter
3256,Bread
3256,Jam
3257,Tea
3257,Jam
3258,Coffee
3258,Bread
3258,Butter
3259,Coffee
3260,Tea
3261,Bread
3261,Tea
3261,Jam
3262,Bread
3263,Coffee
3263,Bread
3263,Butter
3264,Bread
3264,Tea
3264,Jam
3265,Bread
3266,Coffee
3266,Bread
3266,Butter
3267,Bread
3267,Tea
3268,Coffee
3269,Bread
3269,Tea
3269,Jam
3270,Coffee
3270,Bread
3270,Butter
3270,Tea
3271,Bread
3271,Tea
3272,Bread
3273,Coffee
3273,Bread
3273,Butter
3274,Bread
3274,Tea
3274,Jam
3275,Bread
3275,Tea
3275,Jam
3276,Tea
3276,Jam
3277,Coffee
3277,Bread
3277,Butter
3277,Jam
3278,Coffee
3278,Bread
3278,Butter
3279,Coffee
3280,Butter
3281,Coffee
3281,Bread
3281,Butter
3282,Coffee
3282,Bread
3282,Butter
3283,Bread
3283,Butter
3284,Tea
3285,Bread
3286,Coffee
3286,Bread
3286,Butter
3287,Coffee
3287,Butter
3288,Tea
3288,Jam
3289,Bread
3289,Tea
3290,Tea
3291,Coffee
3291,Bread
3291,Butter
3292,Coffee
3292,Butter
3292,Jam
3293,Coffee
3293,Bread
3294,Bread
3294,Tea
3295,Bread
3295,Jam
3296,Coffee
3296,Bread
3296,Jam
3297,Tea
3297,Jam
3298,Coffee
3298,Bread
3298,Butter
3299,Bread
3299,Tea
3300,Tea
3300,Jam
3301,Coffee
3301,Bread
3301,Butter
3302,Coffee
3302,Butter
3303,Coffee
3303,Butter
3304,Butter
3305,Coffee
3305,Bread
3305,Butter
3306,Coffee
3306,Butter
3307,Tea
3307,Jam
3308,Coffee
3308,Bread
3308,Butter
3309,Bread
3309,Tea
3309,Jam
3310,Coffee
3310,Bread
3310,Butter
3311,Tea
3312,Coffee
3312,Bread
3312,Butter
3312,Jam
3313,Coffee
3313,Bread
3313,Butter
3313,Tea
3314,Coffee
3314,Bread
3314,Butter
3315,Coffee
3315,Bread
3315,Butter
3316,Bread
3316,Jam
3317,Coffee
3317,Butter
3317,Jam
3318,Tea
3318,Jam
3319,Coffee
3319,Bread
3319,Butter
3320,Tea
3320,Jam
3321,Tea
3321,Jam
3322,Coffee
3322,Butter
3323,Tea
3323,Jam
3324,Butter
3324,Tea
3325,Tea
3325,Jam
3326,Coffee
3326,Butter
3327,Coffee
3328,Coffee
3329,Bread
3329,Jam
3330,Coffee
3330,Bread
3330,Butter
3331,Coffee
3331,Bread
3331,Butter
3332,Tea
3332,Jam
3333,Bread
3333,Tea
3333,Jam
3334,Coffee
3334,Jam
3335,Coffee
3335,Bread
3335,Tea
3336,Coffee
3336,Bread
3337,Coffee
3337,Butter
3338,Jam
3339,Coffee
3340,Coffee
3340,Butter
3341,Coffee
3341,Butter
3342,Coffee
3342,Bread
3342,Butter
3343,Bread
3343,Jam
3344,Jam
3345,Coffee
3345,Butter
3346,Coffee
3346,Butter
3347,Tea
3347,Jam
3348,Tea
3348,Jam
3349,Tea
3349,Jam
3350,Tea
3350,Jam
3351,Coffee
3351,Bread
3351,Butter
3352,Tea
3353,Coffee
3353,Butter
3354,Bread
3354,Tea
3354,Jam
3355,Bread
3355,Tea
3355,Jam
3356,Coffee
3356,Butter
3357,Coffee
3357,Bread
3357,Tea
3358,Coffee
3358,Butter
3359,Tea
3359,Jam
3360,Bread
3360,Tea
3360,Jam
3361,Bread
3361,Butter
3362,Coffee
3362,Bread
3362,Butter
3363,Jam
3364,Coffee
3364,Butter
3364,Jam
3365,Coffee
3365,Butter
3366,Bread
3367,Butter
3367,Jam
3368,Coffee
3368,Butter
3369,Coffee
3369,Butter
3370,Bread
3370,Tea
3370,Jam
3371,Coffee
3371,Butter
3372,Coffee
3372,Bread
3372,Butter
3372,Jam
3373,Bread
3373,Tea
3373,Jam
3374,Coffee
3374,Bread
3374,Butter
3375,Bread
3375,Tea
3376,Coffee
3376,Bread
3376,Butter
3377,Coffee
3377,Bread
3377,Butter
3378,Tea
3378,Jam
3379,Coffee
3379,Bread
3379,Butter
3380,Coffee
3380,Bread
3380,Butter
3381,Coffee
3381,Butter
3382,Coffee
3382,Bread
3382,Butter
3383,Coffee
3383,Butter
3384,Tea
3385,Coffee
3385,Bread
3385,Butter
3386,Bread
3386,Tea
3386,Jam
3387,Bread
3387,Tea
3388,Butter
3388,Tea
3389,Bread
3389,Tea
3389,Jam
3390,Bread
3390,Tea
3390,Jam
3391,Bread
3391,Tea
3391,Jam
3392,Coffee
3393,Coffee
3393,Butter
3393,Tea
3394,Bread
3394,Tea
3394,Jam
3395,Coffee
3395,Butter
3396,Coffee
3396,Bread
3396,Butter
3397,Coffee
3398,Bread
3398,Jam
3399,Coffee
3399,Bread
3399,Butter
3400,Butter
3400,Tea
3401,Tea
3401,Jam
3402,Bread
3402,Tea
3402,Jam
3403,Coffee
3403,Bread
3403,Butter
3404,Coffee
3404,Butter
3405,Bread
3405,Tea
3405,Jam
3406,Coffee
3406,Bread
3406,Butter
3407,Coffee
3407,Bread
3407,Butter
3408,Coffee
3408,Bread
3408,Butter
3409,Bread
3409,Tea
3409,Jam
3410,Coffee
3410,Bread
3410,Jam
3411,Coffee
3411,Bread
3411,Butter
3412,Bread
3412,Tea
3413,Coffee
3413,Bread
3413,Butter
3414,Tea
3414,Jam
3415,Bread
3415,Tea
3416,Coffee
3416,Butter
3417,Jam
3418,Coffee
3418,Butter
3419,Bread
3419,Butter
3420,Coffee
3420,Bread
3420,Butter
3421,Tea
3422,Coffee
3422,Butter
3423,Tea
3423,Jam
3424,Tea
3425,Coffee
3425,Butter
3426,Bread
3426,Tea
3426,Jam
3427,Butter
3428,Coffee
3428,Bread
3429,Bread
3429,Butter
3429,Jam
3430,Butter
3431,Coffee
3431,Bread
3431,Butter
3431,Jam
3432,Coffee
3432,Bread
3433,Coffee
3433,Butter
3434,Coffee
3434,Bread
3434,Jam
3435,Coffee
3435,Bread
3435,Butter
3436,Coffee
3436,Bread
3436,Tea
3436,Jam
3437,Coffee
3437,Butter
3438,Coffee
3438,Bread
3438,Butter
3439,Coffee
3439,Butter
3440,Tea
3440,Jam
3441,Bread
3441,Tea
3441,Jam
3442,Coffee
3442,Bread
3442,Butter
3443,Coffee
3443,Bread
3443,Butter
3444,Coffee
3444,Bread
3444,Butter
3445,Bread
3445,Jam
3446,Tea
3447,Bread
3447,Tea
3448,Bread
3448,Tea
3448,Jam
3449,Tea
3449,Jam
3450,Butter
3450,Tea
3451,Bread
3451,Tea
3452,Coffee
3452,Bread
3452,Butter
3453,Jam
3454,Butter
3454,Tea
3455,Jam
3456,Coffee
3456,Bread
3456,Butter
3457,Tea
3458,Coffee
3458,Butter
3458,Tea
3458,Jam
3459,Butter
3460,Bread
3460,Jam
3461,Tea
3462,Bread
3462,Jam
3463,Tea
3463,Jam
3464,Tea
3464,Jam
3465,Coffee
3465,Bread
3465,Tea
3465,Jam
3466,Bread
3466,Jam
3467,Tea
3467,Jam
3468,Tea
3469,Coffee
3469,Bread
3470,Tea
3470,Jam
3471,Tea
3471,Jam
3472,Coffee
3472,Bread
3473,Coffee
3473,Bread
3473,Tea
3473,Jam
3474,Coffee
3474,Butter
3475,Bread
3475,Jam
3476,Tea
3476,Jam
3477,Tea
3478,Bread
3479,Coffee
3480,Tea
3481,Tea
3481,Jam
3482,Bread
3482,Tea
3482,Jam
3483,Coffee
3483,Bread
3483,Butter
3484,Butter
3484,Tea
3485,Coffee
3485,Butter
3486,Coffee
3486,Butter
3487,Coffee
3487,Bread
3487,Butter
3488,Coffee
3488,Bread
3488,Butter
3488,Jam
3489,Bread
3489,Butter
3490,Tea
3490,Jam
3491,Butter
3491,Tea
3491,Jam
3492,Bread
3492,Tea
3492,Jam
3493,Coffee
3493,Bread
3493,Butter
3494,Coffee
3494,Tea
3494,Jam
3495,Coffee
3495,Butter
3496,Coffee
3496,Bread
3496,Butter
3497,Coffee
3497,Bread
3497,Jam
3498,Tea
3498,Jam
3499,Tea
3500,Bread
3500,Tea
3500,Jam
3501,Bread
3502,Coffee
3502,Bread
3502,Tea
3503,Coffee
3503,Bread
3503,Butter
3504,Tea
3504,Jam
3505,Coffee
3505,Bread
3505,Butter
3506,Bread
3506,Jam
3507,Bread
3507,Tea
3507,Jam
3508,Coffee
3508,Butter
3509,Coffee
3509,Butter
3510,Coffee
3510,Bread
3510,Butter
3511,Coffee
3511,Butter
3512,Coffee
3513,Tea
3513,Jam
3514,Bread
3514,Jam
3515,Bread
3515,Tea
3515,Jam
3516,Coffee
3517,Coffee
3517,Bread
3517,Butter
3518,Coffee
3518,Butter
3519,Coffee
3519,Bread
3519,Butter
3520,Bread
3520,Butter
3520,Jam
3521,Bread
3521,Tea
3522,Jam
3523,Jam
3524,Tea
3525,Coffee
3525,Butter
3526,Bread
3526,Tea
3526,Jam
3527,Bread
3527,Tea
3527,Jam
3528,Coffee
3528,Bread
3528,Butter
3529,Bread
3529,Tea
3529,Jam
3530,Coffee
3530,Butter
3531,Bread
3532,Coffee
3532,Bread
3532,Jam
3533,Tea
3533,Jam
3534,Coffee
3534,Butter
3535,Coffee
3535,Bread
3535,Butter
3536,Bread
3536,Tea
3537,Coffee
3537,Bread
3537,Butter
3537,Tea
3538,Coffee
3538,Tea
3538,Jam
3539,Bread
3539,Jam
3540,Coffee
3540,Bread
3540,Butter
3541,Bread
3541,Butter
3541,Tea
3541,Jam
3542,Bread
3542,Jam
3543,Bread
3543,Tea
3543,Jam
3544,Coffee
3544,Butter
3545,Butter
3546,Coffee
3546,Bread
3546,Butter
3547,Bread
3547,Tea
3548,Coffee
3548,Bread
3548,Butter
3549,Bread
3549,Tea
3550,Butter
3550,Tea
3551,Coffee
3551,Bread
3551,Butter
3552,Jam
3553,Coffee
3553,Butter
3554,Coffee
3554,Bread
3554,Butter
3555,Coffee
3555,Butter
3556,Coffee
3556,Butter
3556,Tea
3557,Bread
3557,Tea
3557,Jam
3558,Coffee
3558,Bread
3559,Coffee
3559,Butter
3560,Coffee
3560,Tea
3561,Tea
3561,Jam
3562,Coffee
3562,Butter
3563,Tea
3564,Tea
3564,Jam
3565,Coffee
3565,Bread
3565,Butter
3566,Coffee
3566,Butter
3567,Coffee
3567,Butter
3568,Coffee
3568,Bread
3569,Coffee
3569,Jam
3570,Tea
3570,Jam
3571,Coffee
3571,Butter
3572,Coffee
3572,Bread
3572,Butter
3573,Coffee
3573,Butter
3574,Bread
3574,Tea
3575,Coffee
3575,Butter
3576,Bread
3576,Tea
3577,Coffee
3577,Butter
3578,Coffee
3578,Bread
3578,Butter
3579,Coffee
3579,Bread
3579,Butter
3580,Bread
3580,Tea
3580,Jam
3581,Coffee
3581,Butter
3582,Tea
3582,Jam
3583,Coffee
3583,Bread
3583,Butter
3584,Coffee
3584,Bread
3584,Jam
3585,Jam
3586,Bread
3586,Tea
3586,Jam
3587,Bread
3587,Tea
3587,Jam
3588,Bread
3588,Butter
3588,Jam
3589,Bread
3589,Tea
3589,Jam
3590,Coffee
3590,Bread
3590,Butter
3591,Butter
3592,Bread
3592,Tea
3593,Tea
3593,Jam
3594,Tea
3594,Jam
3595,Bread
3595,Tea
3595,Jam
3596,Bread
3596,Tea
3596,Jam
3597,Bread
3597,Tea
3598,Coffee
3598,Bread
3598,Tea
3598,Jam
3599,Bread
3599,Tea
3599,Jam
3600,Tea
3601,Tea
3601,Jam
3602,Tea
3602,Jam
3603,Bread
3603,Jam
3604,Tea
3605,Tea
3606,Coffee
3606,Butter
3607,Bread
3607,Tea
3607,Jam
3608,Bread
3608,Tea
3608,Jam
3609,Tea
3610,Jam
3611,Coffee
3611,Butter
3612,Coffee
3612,Butter
3613,Bread
3613,Tea
3613,Jam
3614,Tea
3614,Jam
3615,Coffee
3615,Bread
3615,Butter
3616,Tea
3616,Jam
3617,Bread
3617,Tea
3617,Jam
3618,Coffee
3618,Bread
3618,Butter
3619,Coffee
3619,Bread
3619,Butter
3620,Butter
3621,Coffee
3621,Butter
3622,Coffee
3622,Bread
3622,Butter
3623,Bread
3623,Tea
3624,Coffee
3624,Butter
3625,Bread
3625,Tea
3625,Jam
3626,Bread
3626,Tea
3626,Jam
3627,Coffee
3627,Tea
3627,Jam
3628,Coffee
3628,Bread
3628,Butter
3628,Tea
3629,Tea
3629,Jam
3630,Butter
3631,Tea
3632,Coffee
3632,Butter
3633,Butter
3633,Jam
3634,Coffee
3634,Bread
3634,Butter
3635,Tea
3635,Jam
3636,Coffee
3637,Bread
3637,Tea
3637,Jam
3638,Coffee
3638,Bread
3638,Butter
3639,Coffee
3639,Bread
3639,Butter
3640,Tea
3641,Coffee
3641,Bread
3642,Coffee
3642,Bread
3642,Butter
3642,Jam
3643,Bread
3643,Tea
3643,Jam
3644,Coffee
3644,Bread
3644,Butter
3645,Tea
3645,Jam
3646,Coffee
3646,Bread
3646,Butter
3647,Coffee
3647,Bread
3647,Butter
3648,Butter
3649,Tea
3649,Jam
3650,Bread
3650,Tea
3651,Tea
3651,Jam
3652,Bread
3652,Tea
3652,Jam
3653,Bread
3653,Tea
3653,Jam
3654,Bread
3655,Coffee
3656,Coffee
3656,Butter
3657,Bread
3657,Tea
3657,Jam
3658,Bread
3658,Butter
3659,Coffee
3659,Bread
3659,Tea
3659,Jam
3660,Coffee
3660,Butter
3661,Coffee
3661,Bread
3661,Butter
3662,Coffee
3662,Bread
3662,Butter
3663,Coffee
3663,Bread
3663,Butter
3664,Coffee
3664,Bread
3664,Butter
3665,Coffee
3665,Bread
3665,Butter
3666,Bread
3666,Tea
3666,Jam
3667,Coffee
3667,Butter
3668,Coffee
3668,Bread
3668,Butter
3669,Coffee
3669,Bread
3669,Butter
3670,Coffee
3670,Butter
3671,Coffee
3671,Bread
3671,Butter
3672,Coffee
3672,Butter
3673,Bread
3673,Tea
3673,Jam
3674,Coffee
3674,Bread
3674,Butter
3675,Coffee
3676,Coffee
3676,Butter
3677,Bread
3677,Tea
3677,Jam
3678,Coffee
3678,Bread
3678,Butter
3679,Coffee
3679,Butter
3679,Jam
3680,Tea
3680,Jam
3681,Coffee
3681,Butter
3682,Coffee
3682,Bread
3682,Butter
3683,Jam
3684,Tea
3684,Jam
3685,Coffee
3685,Bread
3685,Butter
3686,Tea
3687,Coffee
3687,Butter
3688,Coffee
3688,Bread
3688,Butter
3689,Bread
3689,Tea
3689,Jam
3690,Tea
3691,Coffee
3691,Butter
3691,Tea
3691,Jam
3692,Tea
3692,Jam
3693,Coffee
3693,Butter
3694,Jam
3695,Coffee
3696,Coffee
3696,Bread
3696,Butter
3696,Tea
3697,Coffee
3697,Bread
3697,Butter
3698,Coffee
3699,Butter
3699,Tea
3699,Jam
3700,Coffee
3700,Bread
3701,Tea
3701,Jam
3702,Coffee
3702,Butter
3702,Tea
3703,Coffee
3703,Butter
3704,Bread
3704,Tea
3705,Coffee
3705,Bread
3705,Butter
3706,Coffee
3706,Bread
3706,Butter
3707,Coffee
3707,Bread
3707,Butter
3707,Jam
3708,Coffee
3708,Bread
3708,Butter
3709,Tea
3709,Jam
3710,Tea
3710,Jam
3711,Coffee
3711,Butter
3712,Tea
3712,Jam
3713,Tea
3714,Bread
3714,Tea
3714,Jam
3715,Coffee
3715,Bread
3716,Coffee
3716,Butter
3717,Coffee
3717,Bread
3717,Butter
3718,Bread
3718,Butter
3718,Jam
3719,Coffee
3719,Butter
3720,Tea
3720,Jam
3721,Coffee
3721,Butter
3722,Jam
3723,Tea
3723,Jam
3724,Coffee
3724,Bread
3725,Coffee
3726,Coffee
3726,Bread
3726,Butter
3727,Tea
3728,Coffee
3728,Butter
3729,Bread
3729,Tea
3729,Jam
3730,Coffee
3730,Bread
3730,Butter
3731,Coffee
3731,Bread
3731,Butter
3731,Jam
3732,Bread
3732,Tea
3733,Tea
3733,Jam
3734,Bread
3734,Tea
3734,Jam
3735,Coffee
3735,Butter
3736,Coffee
3736,Butter
3737,Coffee
3737,Bread
3737,Butter
3738,Coffee
3738,Butter
3739,Bread
3739,Tea
3739,Jam
3740,Coffee
3740,Bread
3740,Butter
3741,Coffee
3741,Butter
3742,Coffee
3742,Bread
3742,Butter
3743,Coffee
3743,Bread
3743,Butter
3744,Butter
3745,Coffee
3745,Butter
3746,Coffee
3746,Bread
3746,Butter
3747,Bread
3747,Tea
3747,Jam
3748,Tea
3748,Jam
3749,Butter
3749,Tea
3749,Jam
3750,Jam
3751,Bread
3751,Tea
3751,Jam
3752,Tea
3753,Coffee
3753,Bread
3753,Butter
3754,Coffee
3754,Bread
3755,Tea
3755,Jam
3756,Butter
3756,Tea
3756,Jam
3757,Tea
3757,Jam
3758,Bread
3758,Tea
3758,Jam
3759,Coffee
3760,Bread
3760,Tea
3760,Jam
3761,Coffee
3761,Butter
3762,Coffee
3762,Butter
3763,Coffee
3763,Bread
3763,Butter
3764,Coffee
3764,Butter
3765,Coffee
3765,Bread
3765,Butter
3766,Coffee
3766,Bread
3766,Butter
3767,Coffee
3767,Bread
3767,Butter
3768,Tea
3769,Bread
3769,Tea
3769,Jam
3770,Coffee
3770,Bread
3770,Butter
3770,Tea
3770,Jam
3771,Coffee
3771,Bread
3771,Butter
3772,Coffee
3772,Bread
3772,Butter
3773,Coffee
3773,Butter
3774,Tea
3774,Jam
3775,Coffee
3776,Coffee
3776,Bread
3776,Butter
3777,Bread
3778,Coffee
3778,Bread
3778,Butter
3779,Coffee
3779,Bread
3779,Butter
3780,Bread
3780,Tea
3781,Bread
3781,Tea
3781,Jam
3782,Coffee
3782,Tea
3782,Jam
3783,Coffee
3783,Bread
3783,Butter
3784,Tea
3784,Jam
3785,Bread
3785,Tea
3785,Jam
3786,Bread
3786,Tea
3786,Jam
3787,Coffee
3787,Butter
3788,Coffee
3788,Bread
3788,Butter
3789,Bread
3789,Butter
3789,Tea
3789,Jam
3790,Jam
3791,Coffee
3791,Bread
3791,Butter
3792,Coffee
3792,Bread
3792,Butter
3793,Tea
3793,Jam
3794,Coffee
3795,Coffee
3795,Bread
3795,Butter
3796,Bread
3796,Tea
3796,Jam
3797,Coffee
3797,Bread
3798,Tea
3798,Jam
3799,Coffee
3799,Butter
3800,Coffee
3800,Bread
3801,Bread
3802,Tea
3802,Jam
3803,Bread
3803,Tea
3804,Coffee
3804,Bread
3804,Butter
3804,Jam
3805,Bread
3805,Jam
3806,Coffee
3806,Bread
3806,Tea
3807,Tea
3807,Jam
3808,Bread
3808,Jam
3809,Coffee
3809,Bread
3809,Butter
3810,Butter
3811,Jam
3812,Bread
3812,Tea
3812,Jam
3813,Jam
3814,Coffee
3814,Bread
3814,Butter
3815,Tea
3815,Jam
3816,Coffee
3816,Bread
3816,Butter
3817,Coffee
3817,Bread
3817,Butter
3818,Coffee
3818,Bread
3818,Butter
3819,Tea
3819,Jam
3820,Coffee
3821,Coffee
3821,Bread
3821,Butter
3822,Bread
3822,Tea
3822,Jam
3823,Coffee
3823,Bread
3823,Tea
3823,Jam
3824,Bread
3824,Tea
3824,Jam
3825,Bread
3825,Tea
3825,Jam
3826,Coffee
3826,Bread
3826,Butter
3827,Coffee
3827,Bread
3827,Butter
3828,Bread
3828,Tea
3828,Jam
3829,Coffee
3829,Bread
3829,Butter
3830,Coffee
3830,Tea
3830,Jam
3831,Coffee
3831,Butter
3832,Coffee
3832,Butter
3833,Coffee
3833,Butter
3834,Coffee
3834,Butter
3835,Bread
3835,Tea
3835,Jam
3836,Tea
3836,Jam
3837,Tea
3837,Jam
3838,Coffee
3838,Bread
3838,Butter
3839,Coffee
3839,Butter
3840,Bread
3840,Tea
3840,Jam
3841,Coffee
3841,Bread
3841,Butter
3842,Coffee
3842,Bread
3842,Butter
3843,Bread
3843,Tea
3844,Butter
3845,Coffee
3845,Bread
3845,Butter
3846,Tea
3846,Jam
3847,Coffee
3847,Butter
3848,Coffee
3848,Butter
3849,Coffee
3849,Bread
3849,Butter
3850,Bread
3850,Tea
3850,Jam
3851,Coffee
3851,Butter
3852,Bread
3852,Tea
3852,Jam
3853,Bread
3853,Tea
3853,Jam
3854,Tea
3854,Jam
3855,Bread
3855,Tea
3856,Bread
3856,Tea
3856,Jam
3857,Coffee
3857,Bread
3857,Butter
3858,Coffee
3858,Bread
3858,Butter
3859,Tea
3859,Jam
3860,Butter
3860,Tea
3861,Bread
3861,Tea
3862,Coffee
3862,Bread
3862,Butter
3863,Coffee
3863,Butter
3864,Coffee
3864,Butter
3865,Jam
3866,Coffee
3866,Bread
3866,Butter
3867,Bread
3867,Butter
3868,Coffee
3868,Butter
3869,Butter
3870,Coffee
3870,Butter
3871,Bread
3871,Butter
3872,Coffee
3872,Butter
3873,Coffee
3873,Bread
3873,Butter
3874,Bread
3874,Butter
3875,Tea
3875,Jam
3876,Tea
3876,Jam
3877,Coffee
3877,Bread
3877,Butter
3878,Bread
3878,Tea
3878,Jam
3879,Bread
3879,Tea
3879,Jam
3880,Coffee
3880,Bread
3880,Butter
3881,Coffee
3881,Bread
3881,Butter
3882,Coffee
3882,Bread
3882,Butter
3883,Coffee
3883,Bread
3883,Butter
3884,Coffee
3884,Bread
3885,Coffee
3885,Butter
3886,Tea
3887,Bread
3887,Butter
3888,Coffee
3888,Butter
3889,Bread
3889,Tea
3890,Jam
3891,Coffee
3891,Bread
3891,Butter
3892,Coffee
3892,Bread
3893,Coffee
3893,Butter
3894,Coffee
3894,Bread
3894,Butter
3894,Jam
3895,Coffee
3895,Bread
3895,Butter
3896,Coffee
3896,Bread
3897,Tea
3897,Jam
3898,Tea
3898,Jam
3899,Coffee
3899,Bread
3899,Butter
3900,Coffee
3900,Bread
3900,Butter
3900,Jam
3901,Tea
3901,Jam
3902,Coffee
3902,Bread
3902,Butter
3903,Coffee
3903,Bread
3903,Tea
3904,Tea
3904,Jam
3905,Coffee
3905,Bread
3905,Butter
3906,Bread
3906,Butter
3907,Tea
3907,Jam
3908,Bread
3908,Butter
3908,Tea
3908,Jam
3909,Coffee
3909,Bread
3909,Butter
3910,Bread
3910,Tea
3910,Jam
3911,Coffee
3911,Bread
3911,Tea
3911,Jam
3912,Coffee
3912,Bread
3912,Butter
3913,Coffee
3913,Butter
3914,Tea
3914,Jam
3915,Coffee
3915,Bread
3915,Butter
3916,Bread
3916,Jam
3917,Coffee
3917,Butter
3917,Jam
3918,Butter
3919,Bread
3919,Jam
3920,Coffee
3920,Bread
3920,Butter
3921,Bread
3921,Tea
3921,Jam
3922,Coffee
3922,Butter
3922,Tea
3923,Coffee
3923,Butter
3924,Coffee
3924,Bread
3924,Butter
3925,Coffee
3925,Bread
3925,Butter
3925,Tea
3926,Coffee
3926,Bread
3926,Butter
3927,Coffee
3927,Butter
3928,Jam
3929,Bread
3929,Tea
3929,Jam
3930,Coffee
3931,Coffee
3931,Bread
3931,Butter
3932,Coffee
3932,Bread
3932,Butter
3932,Tea
3933,Coffee
3933,Bread
3933,Butter
3934,Coffee
3934,Bread
3934,Butter
3935,Butter
3936,Bread
3936,Butter
3936,Tea
3937,Butter
3938,Tea
3938,Jam
3939,Coffee
3939,Butter
3940,Coffee
3941,Bread
3941,Jam
3942,Jam
3943,Jam
3944,Tea
3944,Jam
3945,Coffee
3945,Bread
3945,Butter
3946,Coffee
3946,Butter
3947,Bread
3947,Tea
3948,Coffee
3948,Bread
3949,Coffee
3949,Butter
3949,Tea
3949,Jam
3950,Coffee
3950,Butter
3951,Coffee
3951,Bread
3951,Butter
3952,Tea
3952,Jam
3953,Coffee
3953,Butter
3954,Tea
3954,Jam
3955,Tea
3955,Jam
3956,Coffee
3956,Bread
3957,Coffee
3957,Bread
3957,Butter
3958,Coffee
3958,Butter
3959,Tea
3959,Jam
3960,Coffee
3960,Butter
3960,Tea
3961,Bread
3961,Tea
3961,Jam
3962,Bread
3962,Tea
3962,Jam
3963,Bread
3963,Butter
3963,Tea
3964,Coffee
3964,Tea
3964,Jam
3965,Bread
3965,Jam
3966,Bread
3966,Tea
3966,Jam
3967,Coffee
3967,Bread
3967,Butter
3968,Coffee
3968,Tea
3969,Coffee
3969,Bread
3969,Butter
3970,Coffee
3970,Bread
3970,Butter
3970,Tea
3971,Tea
3971,Jam
3972,Jam
3973,Coffee
3973,Bread
3973,Butter
3974,Coffee
3974,Butter
3975,Coffee
3975,Bread
3975,Butter
3976,Tea
3976,Jam
3977,Coffee
3977,Bread
3977,Butter
3978,Coffee
3979,Tea
3980,Coffee
3980,Bread
3980,Butter
3981,Bread
3981,Tea
3982,Coffee
3982,Butter
3983,Bread
3983,Tea
3983,Jam
3984,Coffee
3984,Bread
3984,Butter
3985,Bread
3985,Butter
3986,Bread
3986,Tea
3986,Jam
3987,Bread
3987,Tea
3987,Jam
3988,Coffee
3988,Jam
3989,Coffee
3989,Bread
3989,Tea
3990,Tea
3990,Jam
3991,Tea
3991,Jam
3992,Coffee
3992,Bread
3992,Tea
3993,Bread
3993,Tea
3993,Jam
3994,Coffee
3994,Bread
3994,Butter
3995,Coffee
3995,Jam
3996,Coffee
3996,Butter
3997,Coffee
3997,Bread
3997,Butter
3998,Tea
3998,Jam
3999,Coffee
3999,Butter
4000,Jam
4001,Coffee
4001,Bread
4002,Coffee
4002,Bread
4002,Butter
4003,Coffee
4003,Bread
4003,Butter
4004,Bread
4004,Tea
4004,Jam
4005,Coffee
4005,Bread
4005,Butter
4006,Tea
4006,Jam
4007,Coffee
4007,Bread
4007,Butter
4008,Coffee
4008,Butter
4009,Tea
4009,Jam
4010,Tea
4010,Jam
4011,Bread
4011,Butter
4011,Tea
4011,Jam
4012,Coffee
4012,Bread
4012,Butter
4013,Coffee
4013,Bread
4014,Coffee
4014,Bread
4014,Butter
4014,Jam
4015,Coffee
4015,Tea
4016,Coffee
4017,Coffee
4017,Bread
4017,Butter
4018,Coffee
4018,Butter
4019,Tea
4019,Jam
4020,Coffee
4020,Bread
4020,Butter
4021,Coffee
4021,Bread
4021,Butter
4022,Coffee
4022,Bread
4022,Butter
4023,Bread
4023,Tea
4023,Jam
4024,Butter
4024,Jam
4025,Coffee
4025,Bread
4025,Butter
4026,Coffee
4026,Butter
4027,Bread
4027,Butter
4028,Bread
4028,Tea
4028,Jam
4029,Coffee
4029,Bread
4029,Butter
4030,Tea
4031,Coffee
4031,Bread
4031,Butter
4032,Coffee
4032,Bread
4033,Coffee
4033,Bread
4033,Butter
4034,Tea
4034,Jam
4035,Tea
4036,Coffee
4036,Butter
4037,Coffee
4037,Bread
4038,Butter
4038,Tea
4038,Jam
4039,Bread
4039,Tea
4039,Jam
4040,Coffee
4040,Butter
4040,Tea
4040,Jam
4041,Tea
4041,Jam
4042,Bread
4042,Butter
4042,Tea
4042,Jam
4043,Coffee
4043,Butter
4044,Coffee
4045,Bread
4045,Tea
4045,Jam
4046,Coffee
4046,Bread
4046,Butter
4047,Butter
4048,Coffee
4048,Butter
4048,Jam
4049,Bread
4050,Coffee
4050,Butter
4051,Coffee
4051,Jam
4052,Butter
4052,Tea
4052,Jam
4053,Coffee
4053,Butter
4054,Coffee
4054,Butter
4055,Coffee
4055,Bread
4055,Butter
4056,Bread
4056,Tea
4056,Jam
4057,Coffee
4057,Bread
4058,Coffee
4058,Butter
4058,Jam
4059,Coffee
4059,Bread
4059,Butter
4060,Tea
4060,Jam
4061,Bread
4061,Tea
4062,Coffee
4062,Butter
4063,Coffee
4063,Bread
4064,Bread
4064,Tea
4064,Jam
4065,Tea
4066,Bread
4066,Butter
4067,Jam
4068,Coffee
4068,Bread
4068,Tea
4069,Bread
4069,Tea
4069,Jam
4070,Tea
4070,Jam
4071,Bread
4071,Butter
4071,Jam
4072,Butter
4072,Jam
4073,Tea
4073,Jam
4074,Coffee
4074,Butter
4075,Coffee
4075,Butter
4076,Tea
4076,Jam
4077,Tea
4077,Jam
4078,Tea
4079,Coffee
4079,Bread
4079,Butter
4080,Tea
4080,Jam
4081,Coffee
4081,Bread
4081,Butter
4082,Coffee
4083,Coffee
4083,Tea
4083,Jam
4084,Coffee
4084,Butter
4085,Coffee
4085,Tea
4085,Jam
4086,Coffee
4086,Tea
4086,Jam
4087,Coffee
4087,Bread
4087,Butter
4088,Tea
4088,Jam
4089,Coffee
4089,Bread
4089,Butter
4090,Tea
4090,Jam
4091,Coffee
4091,Bread
4091,Butter
4092,Bread
4092,Tea
4092,Jam
4093,Coffee
4093,Butter
4094,Coffee
4094,Bread
4094,Butter
4095,Coffee
4095,Bread
4095,Butter
4095,Jam
4096,Tea
4096,Jam
4097,Coffee
4097,Butter
4098,Coffee
4098,Bread
4099,Tea
4099,Jam
4100,Tea
4100,Jam
4101,Coffee
4101,Bread
4101,Butter
4101,Jam
4102,Coffee
4102,Bread
4102,Butter
4103,Bread
4103,Tea
4103,Jam
4104,Coffee
4104,Bread
4104,Butter
4105,Coffee
4105,Butter
4106,Bread
4106,Tea
4106,Jam
4107,Bread
4107,Tea
4107,Jam
4108,Coffee
4108,Butter
4109,Tea
4110,Tea
4110,Jam
4111,Bread
4111,Tea
4111,Jam
4112,Coffee
4112,Bread
4112,Butter
4113,Coffee
4113,Bread
4113,Butter
4113,Jam
4114,Tea
4114,Jam
4115,Coffee
4115,Bread
4115,Butter
4115,Jam
4116,Coffee
4116,Butter
4117,Coffee
4117,Bread
4117,Tea
4118,Coffee
4118,Bread
4118,Butter
4119,Tea
4119,Jam
4120,Coffee
4120,Bread
4120,Jam
4121,Bread
4121,Tea
4121,Jam
4122,Coffee
4122,Bread
4122,Butter
4123,Tea
4124,Coffee
4124,Bread
4124,Butter
4125,Coffee
4125,Bread
4125,Butter
4126,Coffee
4126,Butter
4126,Jam
4127,Bread
4127,Tea
4127,Jam
4128,Tea
4128,Jam
4129,Coffee
4129,Bread
4129,Butter
4130,Coffee
4130,Bread
4130,Butter
4131,Tea
4131,Jam
4132,Tea
4132,Jam
4133,Coffee
4133,Butter
4134,Tea
4134,Jam
4135,Coffee
4135,Bread
4135,Butter
4136,Coffee
4136,Butter
4137,Coffee
4137,Butter
4138,Tea
4138,Jam
4139,Coffee
4139,Bread
4139,Butter
4140,Coffee
4140,Bread
4141,Coffee
4141,Bread
4141,Butter
4142,Coffee
4142,Bread
4142,Butter
4143,Coffee
4143,Bread
4143,Butter
4144,Coffee
4144,Bread
4144,Butter
4145,Bread
4145,Tea
4145,Jam
4146,Bread
4147,Tea
4147,Jam
4148,Coffee
4148,Bread
4148,Butter
4149,Coffee
4149,Bread
4150,Bread
4150,Tea
4150,Jam
4151,Coffee
4151,Butter
4152,Coffee
4152,Butter
4153,Bread
4153,Jam
4154,Bread
4154,Tea
4154,Jam
4155,Tea
4155,Jam
4156,Bread
4156,Butter
4156,Tea
4156,Jam
4157,Coffee
4157,Bread
4157,Butter
4158,Tea
4159,Bread
4159,Tea
4159,Jam
4160,Coffee
4160,Butter
4161,Butter
4162,Bread
4162,Butter
4162,Jam
4163,Bread
4163,Tea
4164,Coffee
4164,Bread
4164,Butter
4165,Bread
4165,Butter
4166,Bread
4166,Butter
4166,Tea
4167,Coffee
4167,Bread
4167,Butter
4168,Coffee
4168,Butter
4169,Coffee
4169,Bread
4169,Butter
4169,Tea
4170,Coffee
4170,Bread
4170,Butter
4171,Coffee
4171,Bread
4171,Butter
4172,Bread
4172,Butter
4172,Jam
4173,Coffee
4173,Butter
4174,Coffee
4174,Bread
4174,Butter
4175,Coffee
4176,Tea
4176,Jam
4177,Coffee
4177,Bread
4177,Butter
4178,Butter
4178,Tea
4179,Bread
4179,Tea
4179,Jam
4180,Coffee
4180,Butter
4181,Coffee
4181,Butter
4182,Tea
4182,Jam
4183,Coffee
4183,Butter
4184,Tea
4184,Jam
4185,Coffee
4185,Bread
4186,Coffee
4186,Bread
4186,Tea
4186,Jam
4187,Coffee
4187,Butter
4188,Coffee
4188,Bread
4188,Butter
4188,Tea
4189,Bread
4189,Tea
4189,Jam
4190,Coffee
4190,Butter
4191,Coffee
4191,Butter
4192,Coffee
4192,Bread
4192,Butter
4193,Coffee
4193,Bread
4193,Butter
4194,Bread
4194,Jam
4195,Tea
4196,Tea
4196,Jam
4197,Coffee
4197,Bread
4197,Butter
4198,Butter
4199,Coffee
4199,Bread
4199,Butter
4200,Coffee
4201,Jam
4202,Bread
4202,Tea
4203,Tea
4203,Jam
4204,Coffee
4204,Butter
4205,Bread
4205,Tea
4205,Jam
4206,Coffee
4206,Bread
4206,Butter
4207,Coffee
4207,Bread
4207,Tea
4207,Jam
4208,Tea
4208,Jam
4209,Bread
4209,Jam
4210,Tea
4210,Jam
4211,Coffee
4211,Bread
4211,Butter
4212,Tea
4213,Butter
4213,Tea
4213,Jam
4214,Bread
4214,Tea
4214,Jam
4215,Coffee
4215,Butter
4216,Coffee
4216,Butter
4217,Coffee
4217,Bread
4217,Butter
4218,Butter
4219,Coffee
4219,Bread
4220,Bread
4220,Butter
4221,Tea
4221,Jam
4222,Coffee
4222,Bread
4222,Butter
4223,Coffee
4223,Bread
4224,Tea
4225,Coffee
4225,Butter
4226,Bread
4226,Tea
4226,Jam
4227,Bread
4227,Tea
4227,Jam
4228,Coffee
4228,Bread
4228,Butter
4229,Bread
4229,Tea
4229,Jam
4230,Coffee
4230,Bread
4230,Butter
4231,Bread
4231,Tea
4231,Jam
4232,Bread
4232,Tea
4232,Jam
4233,Bread
4233,Tea
4234,Coffee
4234,Butter
4235,Bread
4235,Butter
4235,Jam
4236,Coffee
4236,Bread
4236,Butter
4236,Jam
4237,Coffee
4237,Bread
4237,Butter
4237,Jam
4238,Coffee
4238,Butter
4239,Coffee
4239,Bread
4240,Jam
4241,Tea
4241,Jam
4242,Bread
4242,Tea
4243,Coffee
4243,Bread
4243,Butter
4244,Coffee
4244,Butter
4245,Coffee
4245,Bread
4245,Butter
4246,Bread
4246,Tea
4246,Jam
4247,Coffee
4247,Bread
4247,Butter
4248,Coffee
4248,Bread
4248,Butter
4249,Coffee
4249,Butter
4250,Coffee
4250,Bread
4250,Butter
4251,Coffee
4251,Bread
4251,Butter
4252,Coffee
4252,Bread
4252,Butter
4253,Butter
4253,Jam
4254,Bread
4254,Tea
4254,Jam
4255,Tea
4255,Jam
4256,Tea
4256,Jam
4257,Bread
4257,Tea
4258,Bread
4258,Jam
4259,Coffee
4259,Bread
4259,Butter
4259,Jam
4260,Coffee
4260,Bread
4260,Butter
4261,Coffee
4261,Butter
4262,Coffee
4262,Bread
4262,Butter
4263,Tea
4263,Jam
4264,Bread
4264,Tea
4264,Jam
4265,Coffee
4265,Bread
4265,Butter
4266,Tea
4266,Jam
4267,Bread
4267,Tea
4268,Coffee
4268,Butter
4269,Coffee
4269,Bread
4269,Butter
4270,Jam
4271,Coffee
4271,Bread
4271,Butter
4272,Tea
4272,Jam
4273,Bread
4273,Butter
4274,Coffee
4274,Bread
4274,Jam
4275,Coffee
4275,Bread
4275,Butter
4276,Tea
4276,Jam
4277,Bread
4277,Tea
4277,Jam
4278,Coffee
4278,Bread
4278,Butter
4278,Jam
4279,Coffee
4279,Bread
4279,Butter
4280,Bread
4280,Tea
4280,Jam
4281,Tea
4282,Butter
4283,Jam
4284,Bread
4284,Tea
4284,Jam
4285,Coffee
4285,Jam
4286,Butter
4286,Jam
4287,Tea
4287,Jam
4288,Bread
4288,Tea
4289,Jam
4290,Tea
4290,Jam
4291,Bread
4291,Tea
4291,Jam
4292,Coffee
4292,Butter
4293,Coffee
4293,Bread
4293,Butter
4294,Bread
4294,Butter
4295,Bread
4295,Tea
4295,Jam
4296,Coffee
4296,Butter
4296,Tea
4297,Bread
4297,Butter
4298,Coffee
4298,Tea
4298,Jam
4299,Coffee
4299,Butter
4300,Bread
4300,Jam
4301,Coffee
4301,Bread
4301,Butter
4302,Tea
4302,Jam
4303,Coffee
4303,Bread
4303,Tea
4304,Coffee
4305,Coffee
4305,Bread
4305,Butter
4306,Bread
4306,Tea
4306,Jam
4307,Butter
4308,Coffee
4308,Bread
4308,Butter
4309,Tea
4309,Jam
4310,Bread
4310,Tea
4310,Jam
4311,Coffee
4311,Butter
4312,Coffee
4312,Tea
4312,Jam
4313,Bread
4313,Tea
4313,Jam
4314,Coffee
4314,Butter
4315,Bread
4315,Tea
4315,Jam
4316,Coffee
4317,Bread
4317,Butter
4318,Coffee
4318,Butter
4319,Tea
4320,Bread
4320,Tea
4320,Jam
4321,Coffee
4321,Bread
4321,Butter
4322,Bread
4322,Tea
4322,Jam
4323,Tea
4323,Jam
4324,Tea
4324,Jam
4325,Coffee
4325,Bread
4325,Butter
4326,Coffee
4326,Bread
4326,Butter
4327,Coffee
4327,Bread
4327,Butter
4328,Coffee
4328,Bread
4328,Butter
4329,Coffee
4330,Coffee
4330,Bread
4330,Butter
4331,Tea
4331,Jam
4332,Jam
4333,Coffee
4333,Bread
4333,Butter
4334,Bread
4335,Coffee
4335,Bread
4335,Butter
4336,Tea
4336,Jam
4337,Coffee
4337,Bread
4337,Butter
4338,Tea
4338,Jam
4339,Coffee
4339,Bread
4339,Butter
4340,Coffee
4340,Butter
4341,Bread
4341,Butter
4341,Jam
4342,Jam
4343,Tea
4343,Jam
4344,Butter
4345,Coffee
4345,Bread
4345,Butter
4345,Jam
4346,Coffee
4346,Bread
4346,Butter
4347,Bread
4347,Tea
4347,Jam
4348,Tea
4348,Jam
4349,Coffee
4349,Bread
4349,Butter
4350,Butter
4351,Tea
4351,Jam
4352,Coffee
4352,Butter
4353,Bread
4353,Tea
4353,Jam
4354,Coffee
4354,Jam
4355,Tea
4355,Jam
4356,Tea
4356,Jam
4357,Bread
4358,Bread
4358,Tea
4358,Jam
4359,Coffee
4359,Bread
4359,Tea
4359,Jam
4360,Bread
4360,Tea
4360,Jam
4361,Coffee
4361,Bread
4362,Bread
4362,Tea
4362,Jam
4363,Coffee
4363,Bread
4363,Butter
4364,Coffee
4364,Tea
4364,Jam
4365,Bread
4365,Tea
4365,Jam
4366,Coffee
4366,Tea
4367,Jam
4368,Coffee
4368,Tea
4368,Jam
4369,Tea
4369,Jam
4370,Coffee
4370,Butter
4371,Coffee
4371,Bread
4371,Butter
4371,Tea
4372,Coffee
4372,Bread
4372,Butter
4373,Coffee
4373,Bread
4373,Butter
4374,Bread
4374,Jam
4375,Coffee
4375,Butter
4376,Tea
4377,Bread
4378,Coffee
4378,Bread
4378,Butter
4379,Coffee
4379,Bread
4379,Butter
4380,Bread
4380,Tea
4380,Jam
4381,Bread
4381,Tea
4381,Jam
4382,Coffee
4382,Tea
4382,Jam
4383,Coffee
4384,Coffee
4384,Butter
4385,Jam
4386,Tea
4386,Jam
4387,Tea
4387,Jam
4388,Tea
4388,Jam
4389,Jam
4390,Coffee
4390,Bread
4390,Tea
4390,Jam
4391,Tea
4391,Jam
4392,Bread
4392,Jam
4393,Coffee
4393,Butter
4394,Coffee
4394,Bread
4394,Butter
4395,Tea
4395,Jam
4396,Coffee
4396,Butter
4397,Bread
4397,Tea
4398,Bread
4398,Tea
4399,Coffee
4399,Bread
4399,Butter
4400,Bread
4400,Tea
4400,Jam
4401,Coffee
4401,Butter
4402,Coffee
4402,Bread
4402,Butter
4403,Coffee
4403,Butter
4404,Tea
4404,Jam
4405,Coffee
4405,Butter
4406,Tea
4406,Jam
4407,Coffee
4407,Butter
4408,Coffee
4408,Butter
4409,Tea
4409,Jam
4410,Coffee
4410,Bread
4410,Butter
4411,Tea
4411,Jam
4412,Jam
4413,Coffee
4413,Butter
4414,Coffee
4414,Bread
4414,Butter
4415,Coffee
4415,Bread
4415,Butter
4416,Bread
4416,Butter
4416,Tea
4417,Bread
4417,Tea
4417,Jam
4418,Jam
4419,Jam
4420,Coffee
4420,Bread
4420,Butter
4421,Coffee
4421,Bread
4421,Butter
4422,Tea
4423,Bread
4423,Butter
4423,Tea
4423,Jam
4424,Coffee
4424,Bread
4424,Butter
4425,Coffee
4426,Bread
4426,Tea
4426,Jam
4427,Coffee
4427,Butter
4428,Coffee
4429,Butter
4429,Tea
4430,Coffee
4430,Bread
4430,Butter
4431,Tea
4431,Jam
4432,Coffee
4432,Bread
4432,Butter
4433,Bread
4433,Tea
4434,Coffee
4434,Bread
4434,Butter
4435,Bread
4435,Tea
4435,Jam
4436,Coffee
4436,Butter
4437,Tea
4437,Jam
4438,Tea
4438,Jam
4439,Butter
4439,Jam
4440,Coffee
4440,Bread
4440,Butter
4441,Coffee
4441,Bread
4441,Butter
4442,Tea
4442,Jam
4443,Coffee
4443,Butter
4444,Coffee
4444,Butter
4445,Coffee
4445,Bread
4446,Tea
4446,Jam
4447,Bread
4447,Tea
4447,Jam
4448,Coffee
4448,Bread
4448,Butter
4449,Coffee
4449,Bread
4449,Butter
4450,Bread
4450,Tea
4450,Jam
4451,Tea
4452,Coffee
4452,Bread
4453,Coffee
4453,Bread
4453,Butter
4454,Coffee
4454,Butter
4454,Tea
4454,Jam
4455,Coffee
4455,Bread
4455,Butter
4455,Tea
4456,Coffee
4456,Bread
4456,Butter
4457,Bread
4458,Coffee
4458,Bread
4458,Butter
4459,Coffee
4459,Bread
4459,Butter
4460,Coffee
4460,Bread
4461,Coffee
4461,Bread
4462,Coffee
4462,Butter
4463,Tea
4463,Jam
4464,Coffee
4464,Bread
4464,Butter
4465,Tea
4465,Jam
4466,Coffee
4466,Butter
4467,Coffee
4467,Bread
4467,Butter
4468,Coffee
4468,Butter
4468,Jam
4469,Bread
4469,Tea
4469,Jam
4470,Coffee
4470,Butter
4471,Jam
4472,Coffee
4473,Coffee
4473,Bread
4473,Butter
4473,Jam
4474,Jam
4475,Coffee
4475,Bread
4475,Butter
4476,Coffee
4476,Bread
4476,Butter
4477,Coffee
4477,Bread
4477,Butter
4478,Coffee
4478,Bread
4478,Tea
4478,Jam
4479,Butter
4480,Bread
4480,Tea
4480,Jam
4481,Tea
4482,Tea
4482,Jam
4483,Coffee
4483,Butter
4484,Bread
4485,Coffee
4485,Butter
4486,Bread
4486,Tea
4486,Jam
4487,Coffee
4487,Butter
4488,Coffee
4488,Butter
4489,Butter
4490,Tea
4490,Jam
4491,Bread
4491,Jam
4492,Coffee
4492,Butter
4493,Coffee
4493,Tea
4494,Coffee
4494,Bread
4494,Butter
4495,Bread
4495,Tea
4495,Jam
4496,Bread
4496,Tea
4497,Jam
4498,Bread
4498,Tea
4498,Jam
4499,Coffee
4499,Butter
4499,Tea
4500,Tea
4501,Tea
4501,Jam
4502,Bread
4502,Jam
4503,Tea
4504,Bread
4504,Tea
4504,Jam
4505,Coffee
4505,Butter
4506,Tea
4506,Jam
4507,Tea
4507,Jam
4508,Coffee
4508,Butter
4509,Coffee
4509,Bread
4509,Butter
4510,Tea
4510,Jam
4511,Coffee
4511,Bread
4511,Butter
4512,Tea
4512,Jam
4513,Coffee
4513,Bread
4513,Butter
4514,Coffee
4515,Bread
4515,Tea
4515,Jam
4516,Bread
4516,Tea
4516,Jam
4517,Coffee
4517,Tea
4517,Jam
4518,Coffee
4518,Bread
4519,Coffee
4519,Bread
4519,Butter
4520,Tea
4520,Jam
4521,Bread
4521,Tea
4521,Jam
4522,Coffee
4522,Bread
4522,Butter
4523,Coffee
4523,Bread
4523,Butter
4524,Bread
4524,Tea
4524,Jam
4525,Coffee
4525,Bread
4525,Butter
4526,Bread
4526,Tea
4526,Jam
4527,Tea
4527,Jam
4528,Bread
4528,Butter
4528,Jam
4529,Coffee
4529,Bread
4529,Butter
4530,Coffee
4530,Bread
4530,Butter
4531,Coffee
4531,Bread
4531,Butter
4532,Coffee
4532,Bread
4532,Tea
4533,Tea
4533,Jam
4534,Tea
4534,Jam
4535,Coffee
4535,Bread
4535,Tea
4535,Jam
4536,Butter
4537,Tea
4538,Bread
4539,Coffee
4539,Bread
4540,Tea
4540,Jam
4541,Jam
4542,Butter
4542,Tea
4543,Tea
4543,Jam
4544,Tea
4544,Jam
4545,Jam
4546,Tea
4546,Jam
4547,Bread
4548,Coffee
4548,Jam
4549,Bread
4549,Tea
4549,Jam
4550,Jam
4551,Bread
4551,Tea
4551,Jam
4552,Coffee
4552,Bread
4552,Butter
4553,Tea
4553,Jam
4554,Coffee
4554,Bread
4554,Butter
4555,Coffee
4555,Butter
4556,Bread
4556,Tea
4556,Jam
4557,Tea
4558,Coffee
4558,Bread
4558,Butter
4559,Bread
4559,Tea
4560,Coffee
4560,Butter
4561,Coffee
4561,Butter
4562,Bread
4562,Tea
4562,Jam
4563,Coffee
4563,Bread
4563,Butter
4564,Bread
4564,Butter
4564,Tea
4565,Bread
4565,Tea
4565,Jam
4566,Coffee
4566,Bread
4566,Butter
4567,Bread
4567,Tea
4567,Jam
4568,Tea
4568,Jam
4569,Jam
4570,Coffee
4570,Butter
4571,Coffee
4571,Butter
4572,Butter
4573,Bread
4573,Tea
4573,Jam
4574,Coffee
4574,Tea
4575,Coffee
4575,Bread
4575,Butter
4575,Tea
4576,Bread
4576,Tea
4576,Jam
4577,Bread
4577,Tea
4577,Jam
4578,Coffee
4578,Butter
4579,Coffee
4579,Bread
4580,Coffee
4580,Butter
4581,Tea
4581,Jam
4582,Tea
4583,Coffee
4584,Coffee
4584,Bread
4584,Butter
4584,Jam
4585,Coffee
4585,Bread
4585,Butter
4586,Coffee
4586,Butter
4587,Coffee
4587,Bread
4587,Butter
4588,Coffee
4588,Bread
4588,Butter
4589,Coffee
4589,Bread
4590,Coffee
4590,Bread
4591,Tea
4591,Jam
4592,Bread
4593,Bread
4593,Tea
4593,Jam
4594,Coffee
4595,Tea
4596,Bread
4596,Tea
4597,Coffee
4597,Bread
4597,Butter
4598,Coffee
4598,Butter
4599,Coffee
4599,Bread
4600,Coffee
4600,Butter
4601,Bread
4601,Tea
4601,Jam
4602,Coffee
4602,Butter
4603,Coffee
4603,Butter
4604,Bread
4604,Tea
4604,Jam
4605,Butter
4606,Coffee
4606,Butter
4607,Tea
4608,Bread
4608,Butter
4608,Tea
4609,Bread
4609,Tea
4609,Jam
4610,Bread
4610,Butter
4611,Tea
4612,Coffee
4612,Bread
4612,Butter
4613,Coffee
4613,Butter
4614,Coffee
4614,Bread
4614,Butter
4615,Bread
4615,Jam
4616,Coffee
4616,Bread
4616,Butter
4617,Bread
4617,Tea
4617,Jam
4618,Tea
4618,Jam
4619,Tea
4619,Jam
4620,Coffee
4620,Bread
4620,Tea
4621,Butter
4621,Tea
4621,Jam
4622,Coffee
4622,Butter
4623,Coffee
4623,Butter
4624,Tea
4625,Tea
4626,Coffee
4626,Tea
4626,Jam
4627,Coffee
4627,Butter
4628,Coffee
4628,Bread
4628,Butter
4629,Coffee
4629,Bread
4629,Butter
4630,Coffee
4630,Bread
4630,Butter
4631,Coffee
4631,Butter
4632,Coffee
4632,Bread
4632,Butter
4633,Tea
4633,Jam
4634,Tea
4634,Jam
4635,Butter
4636,Jam
4637,Coffee
4637,Bread
4637,Tea
4638,Bread
4638,Tea
4638,Jam
4639,Bread
4639,Tea
4639,Jam
4640,Coffee
4640,Bread
4640,Butter
4641,Coffee
4641,Bread
4642,Bread
4642,Tea
4642,Jam
4643,Coffee
4643,Bread
4643,Butter
4644,Coffee
4644,Bread
4644,Butter
4645,Coffee
4645,Bread
4645,Butter
4646,Coffee
4647,Bread
4647,Tea
4648,Tea
4648,Jam
4649,Bread
4649,Tea
4649,Jam
4650,Coffee
4650,Bread
4650,Butter
4651,Tea
4651,Jam
4652,Bread
4652,Tea
4652,Jam
4653,Butter
4653,Tea
4654,Bread
4654,Butter
4654,Tea
4655,Tea
4655,Jam
4656,Bread
4656,Tea
4656,Jam
4657,Bread
4658,Coffee
4658,Butter
4659,Coffee
4659,Bread
4659,Butter
4660,Coffee
4660,Butter
4661,Coffee
4661,Butter
4662,Tea
4662,Jam
4663,Tea
4664,Coffee
4664,Butter
4665,Coffee
4665,Bread
4665,Butter
4666,Coffee
4666,Bread
4666,Butter
4667,Jam
4668,Coffee
4668,Bread
4668,Butter
4669,Coffee
4669,Bread
4669,Butter
4670,Coffee
4670,Bread
4670,Butter
4671,Coffee
4671,Bread
4671,Butter
4672,Coffee
4672,Bread
4672,Butter
4673,Bread
4673,Butter
4674,Coffee
4674,Butter
4675,Bread
4675,Tea
4675,Jam
4676,Coffee
4676,Tea
4677,Coffee
4677,Bread
4677,Butter
4678,Bread
4678,Tea
4678,Jam
4679,Coffee
4679,Butter
4679,Tea
4679,Jam
4680,Bread
4680,Tea
4680,Jam
4681,Bread
4681,Butter
4682,Tea
4682,Jam
4683,Coffee
4683,Bread
4684,Tea
4684,Jam
4685,Tea
4685,Jam
4686,Coffee
4686,Butter
4687,Coffee
4687,Bread
4687,Butter
4688,Coffee
4688,Butter
4689,Bread
4689,Tea
4689,Jam
4690,Tea
4690,Jam
4691,Coffee
4691,Bread
4691,Butter
4692,Coffee
4692,Bread
4692,Tea
4692,Jam
4693,Butter
4693,Tea
4693,Jam
4694,Bread
4694,Butter
4695,Coffee
4695,Bread
4696,Coffee
4696,Butter
4697,Butter
4697,Tea
4697,Jam
4698,Coffee
4698,Butter
4699,Coffee
4699,Butter
4700,Coffee
4700,Butter
4701,Coffee
4701,Bread
4701,Butter
4702,Coffee
4702,Bread
4702,Butter
4703,Coffee
4703,Tea
4703,Jam
4704,Bread
4704,Tea
4704,Jam
4705,Tea
4705,Jam
4706,Coffee
4706,Butter
4707,Coffee
4707,Bread
4707,Butter
4708,Bread
4708,Tea
4708,Jam
4709,Coffee
4709,Butter
4710,Coffee
4710,Butter
4711,Tea
4711,Jam
4712,Tea
4712,Jam
4713,Tea
4713,Jam
4714,Coffee
4714,Butter
4715,Tea
4716,Tea
4716,Jam
4717,Coffee
4718,Bread
4718,Tea
4718,Jam
4719,Tea
4719,Jam
4720,Coffee
4720,Bread
4720,Butter
4721,Bread
4721,Tea
4722,Coffee
4722,Butter
4723,Tea
4723,Jam
4724,Coffee
4724,Bread
4724,Butter
4725,Coffee
4725,Bread
4725,Butter
4726,Coffee
4726,Butter
4726,Tea
4727,Coffee
4727,Bread
4727,Butter
4728,Coffee
4728,Butter
4729,Coffee
4729,Tea
4730,Bread
4730,Tea
4730,Jam
4731,Tea
4731,Jam
4732,Coffee
4732,Butter
4733,Coffee
4733,Butter
4734,Coffee
4734,Butter
4735,Bread
4735,Jam
4736,Coffee
4736,Butter
4736,Tea
4737,Coffee
4737,Bread
4737,Butter
4738,Bread
4739,Bread
4739,Butter
4740,Bread
4740,Tea
4740,Jam
4741,Coffee
4741,Butter
4742,Tea
4742,Jam
4743,Bread
4743,Jam
4744,Coffee
4744,Bread
4744,Butter
4745,Tea
4745,Jam
4746,Tea
4747,Tea
4747,Jam
4748,Coffee
4748,Bread
4748,Butter
4749,Bread
4749,Tea
4749,Jam
4750,Bread
4750,Tea
4750,Jam
4751,Bread
4751,Butter
4751,Jam
4752,Coffee
4752,Butter
4752,Jam
4753,Coffee
4753,Bread
4753,Butter
4754,Coffee
4754,Butter
4755,Coffee
4755,Butter
4756,Coffee
4756,Bread
4756,Butter
4757,Bread
4757,Butter
4757,Jam
4758,Tea
4758,Jam
4759,Coffee
4759,Bread
4759,Butter
4760,Tea
4760,Jam
4761,Bread
4761,Butter
4761,Jam
4762,Coffee
4762,Bread
4762,Butter
4763,Coffee
4763,Butter
4764,Coffee
4764,Bread
4764,Butter
4765,Coffee
4765,Butter
4766,Coffee
4766,Butter
4767,Coffee
4767,Butter
4768,Bread
4768,Tea
4768,Jam
4769,Bread
4769,Tea
4769,Jam
4770,Bread
4770,Tea
4770,Jam
4771,Coffee
4771,Bread
4771,Tea
4771,Jam
4772,Butter
4772,Tea
4773,Coffee
4773,Butter
4774,Tea
4774,Jam
4775,Coffee
4775,Bread
4775,Butter
4776,Coffee
4776,Butter
4777,Bread
4777,Tea
4777,Jam
4778,Bread
4778,Tea
4778,Jam
4779,Coffee
4779,Butter
4780,Tea
4781,Coffee
4781,Bread
4781,Butter
4781,Tea
4782,Coffee
4782,Bread
4782,Butter
4783,Coffee
4783,Bread
4783,Butter
4784,Bread
4785,Jam
4786,Bread
4786,Butter
4786,Jam
4787,Bread
4787,Jam
4788,Coffee
4788,Bread
4789,Bread
4789,Tea
4790,Coffee
4790,Bread
4790,Butter
4791,Coffee
4791,Bread
4792,Bread
4792,Butter
4793,Bread
4794,Bread
4794,Tea
4795,Coffee
4795,Bread
4795,Butter
4796,Bread
4796,Tea
4796,Jam
4797,Coffee
4797,Bread
4797,Tea
4797,Jam
4798,Tea
4798,Jam
4799,Coffee
4799,Bread
4799,Butter
4800,Coffee
4800,Bread
4800,Butter
4801,Coffee
4801,Bread
4801,Butter
4802,Bread
4802,Tea
4803,Tea
4803,Jam
4804,Coffee
4804,Bread
4804,Butter
4805,Bread
4805,Tea
4805,Jam
4806,Bread
4806,Tea
4806,Jam
4807,Bread
4807,Tea
4808,Tea
4808,Jam
4809,Coffee
4809,Jam
4810,Coffee
4810,Butter
4811,Coffee
4811,Bread
4811,Butter
4812,Bread
4812,Tea
4812,Jam
4813,Bread
4813,Tea
4814,Tea
4814,Jam
4815,Tea
4815,Jam
4816,Bread
4816,Tea
4816,Jam
4817,Bread
4817,Tea
4817,Jam
4818,Coffee
4818,Bread
4818,Butter
4819,Tea
4819,Jam
4820,Tea
4821,Coffee
4821,Butter
4822,Butter
4823,Coffee
4823,Butter
4824,Coffee
4824,Bread
4824,Butter
4825,Butter
4826,Coffee
4826,Bread
4826,Butter
4827,Coffee
4827,Bread
4827,Butter
4828,Tea
4828,Jam
4829,Bread
4829,Jam
4830,Jam
4831,Coffee
4831,Bread
4831,Butter
4832,Coffee
4832,Jam
4833,Bread
4833,Jam
4834,Coffee
4834,Bread
4834,Butter
4835,Bread
4835,Tea
4835,Jam
4836,Coffee
4836,Bread
4836,Butter
4837,Tea
4837,Jam
4838,Coffee
4838,Butter
4839,Bread
4840,Coffee
4840,Butter
4841,Coffee
4842,Tea
4842,Jam
4843,Bread
4843,Tea
4844,Bread
4844,Butter
4844,Tea
4844,Jam
4845,Coffee
4845,Butter
4846,Tea
4847,Jam
4848,Bread
4848,Tea
4848,Jam
4849,Coffee
4849,Butter
4850,Bread
4850,Butter
4851,Coffee
4851,Butter
4852,Coffee
4852,Bread
4852,Tea
4852,Jam
4853,Coffee
4853,Bread
4853,Butter
4853,Tea
4854,Coffee
4854,Jam
4855,Coffee
4855,Butter
4856,Coffee
4856,Butter
4857,Tea
4858,Tea
4859,Coffee
4859,Bread
4859,Butter
4860,Coffee
4860,Bread
4860,Butter
4861,Bread
4861,Tea
4861,Jam
4862,Coffee
4862,Butter
4862,Jam
4863,Bread
4863,Butter
4863,Jam
4864,Butter
4865,Coffee
4865,Bread
4865,Butter
4865,Jam
4866,Tea
4867,Coffee
4867,Butter
4868,Coffee
4868,Bread
4868,Butter
4869,Bread
4869,Tea
4869,Jam
4870,Coffee
4870,Bread
4870,Butter
4871,Bread
4871,Tea
4871,Jam
4872,Bread
4872,Tea
4872,Jam
4873,Tea
4874,Tea
4874,Jam
4875,Tea
4875,Jam
4876,Tea
4877,Bread
4877,Tea
4877,Jam
4878,Jam
4879,Jam
4880,Coffee
4881,Tea
4882,Tea
4882,Jam
4883,Coffee
4883,Bread
4883,Butter
4884,Coffee
4884,Jam
4885,Coffee
4885,Butter
4886,Tea
4886,Jam
4887,Bread
4887,Tea
4887,Jam
4888,Tea
4888,Jam
4889,Coffee
4889,Bread
4890,Butter
4891,Jam
4892,Coffee
4892,Bread
4892,Butter
4892,Jam
4893,Coffee
4893,Bread
4894,Jam
4895,Tea
4895,Jam
4896,Coffee
4896,Bread
4896,Butter
4897,Bread
4897,Tea
4897,Jam
4898,Bread
4898,Tea
4898,Jam
4899,Coffee
4899,Bread
4899,Butter
4900,Tea
4900,Jam
4901,Jam
4902,Tea
4902,Jam
4903,Coffee
4903,Butter
4904,Tea
4905,Coffee
4905,Bread
4905,Jam
4906,Coffee
4907,Coffee
4907,Bread
4908,Tea
4909,Tea
4910,Coffee
4910,Butter
4911,Tea
4911,Jam
4912,Bread
4912,Tea
4913,Coffee
4913,Bread
4913,Butter
4914,Coffee
4914,Bread
4914,Butter
4915,Coffee
4915,Bread
4915,Butter
4916,Coffee
4916,Butter
4916,Jam
4917,Bread
4917,Butter
4917,Tea
4917,Jam
4918,Bread
4918,Tea
4918,Jam
4919,Bread
4919,Tea
4919,Jam
4920,Coffee
4920,Bread
4920,Butter
4921,Bread
4921,Tea
4922,Coffee
4923,Coffee
4923,Bread
4923,Butter
4924,Tea
4925,Tea
4925,Jam
4926,Tea
4926,Jam
4927,Bread
4927,Tea
4927,Jam
4928,Bread
4928,Tea
4928,Jam
4929,Coffee
4929,Bread
4929,Butter
4930,Bread
4931,Tea
4931,Jam
4932,Coffee
4933,Coffee
4933,Bread
4933,Butter
4934,Bread
4934,Tea
4934,Jam
4935,Coffee
4935,Bread
4936,Bread
4936,Jam
4937,Butter
4938,Coffee
4938,Bread
4938,Butter
4939,Coffee
4939,Bread
4939,Butter
4940,Coffee
4940,Bread
4940,Butter
4941,Coffee
4941,Bread
4941,Butter
4942,Coffee
4942,Butter
4943,Tea
4943,Jam
4944,Coffee
4944,Bread
4944,Butter
4945,Bread
4945,Tea
4945,Jam
4946,Bread
4946,Tea
4946,Jam
4947,Coffee
4947,Butter
4948,Coffee
4948,Butter
4949,Coffee
4949,Butter
4949,Jam
4950,Coffee
4950,Butter
4951,Coffee
4951,Butter
4952,Coffee
4952,Bread
4953,Coffee
4953,Bread
4953,Butter
4954,Coffee
4954,Bread
4954,Butter
4955,Butter
4955,Tea
4956,Tea
4956,Jam
4957,Jam
4958,Jam
4959,Coffee
4959,Bread
4959,Tea
4960,Coffee
4960,Butter
4961,Bread
4961,Tea
4961,Jam
4962,Tea
4962,Jam
4963,Coffee
4963,Tea
4963,Jam
4964,Coffee
4964,Bread
4964,Butter
4965,Tea
4965,Jam
4966,Tea
4966,Jam
4967,Butter
4967,Tea
4967,Jam
4968,Coffee
4968,Bread
4968,Butter
4969,Coffee
4969,Butter
4970,Coffee
4970,Bread
4970,Jam
4971,Coffee
4971,Butter
4972,Coffee
4972,Bread
4972,Butter
4973,Coffee
4973,Bread
4973,Butter
4974,Bread
4974,Tea
4974,Jam
4975,Coffee
4975,Bread
4975,Butter
4976,Coffee
4976,Butter
4977,Bread
4978,Jam
4979,Coffee
4979,Butter
4980,Coffee
4980,Bread
4980,Butter
4981,Coffee
4981,Tea
4981,Jam
4982,Tea
4983,Butter
4984,Tea
4985,Coffee
4985,Bread
4985,Butter
4986,Coffee
4986,Bread
4987,Coffee
4987,Bread
4987,Butter
4988,Tea
4988,Jam
4989,Tea
4989,Jam
4990,Coffee
4990,Bread
4990,Butter
4990,Tea
4990,Jam
4991,Coffee
4991,Bread
4992,Bread
4992,Tea
4992,Jam
4993,Coffee
4993,Bread
4993,Butter
4994,Bread
4994,Tea
4994,Jam
4995,Bread
4995,Tea
4995,Jam
4996,Tea
4997,Bread
4997,Tea
4997,Jam
4998,Coffee
4998,Bread
4998,Tea
4999,Jam
5000,Coffee
5000,Bread
5000,Butter
5001,Coffee
5001,Bread
5001,Butter
5002,Bread
5002,Tea
5003,Coffee
5003,Bread
5003,Butter
5004,Coffee
5004,Bread
5004,Butter
5005,Coffee
5005,Bread
5005,Butter
5005,Jam
5006,Bread
5006,Tea
5006,Jam
5007,Coffee
5007,Butter
5008,Coffee
5008,Bread
5009,Coffee
5010,Bread
5011,Jam
5012,Coffee
5012,Bread
5012,Butter
5013,Tea
5013,Jam
5014,Coffee
5014,Bread
5014,Tea
5014,Jam
5015,Coffee
5015,Butter
5016,Coffee
5016,Jam
5017,Coffee
5017,Bread
5017,Butter
5018,Bread
5018,Jam
5019,Coffee
5019,Bread
5020,Bread
5020,Jam
5021,Bread
5021,Tea
5021,Jam
5022,Coffee
5022,Bread
5022,Butter
5023,Tea
5023,Jam
5024,Coffee
5024,Bread
5024,Butter
5024,Tea
5025,Coffee
5025,Bread
5025,Butter
5026,Coffee
5026,Butter
5026,Jam
5027,Jam
5028,Bread
5028,Butter
5028,Tea
5029,Bread
5029,Tea
5029,Jam
5030,Tea
5030,Jam
5031,Coffee
5031,Butter
5032,Coffee
5032,Bread
5032,Butter
5033,Coffee
5033,Butter
5034,Coffee
5034,Bread
5034,Butter
5035,Bread
5035,Butter
5035,Tea
5035,Jam
5036,Coffee
5036,Bread
5036,Butter
5037,Tea
5037,Jam
5038,Coffee
5038,Bread
5038,Butter
5039,Coffee
5039,Bread
5039,Butter
5040,Jam
5041,Coffee
5041,Bread
5042,Coffee
5042,Bread
5042,Butter
5043,Coffee
5043,Butter
5044,Tea
5044,Jam
5045,Tea
5045,Jam
5046,Tea
5046,Jam
5047,Bread
5047,Jam
5048,Tea
5048,Jam
5049,Bread
5050,Coffee
5050,Butter
5051,Bread
5051,Butter
5052,Coffee
5052,Bread
5052,Butter
5053,Coffee
5053,Bread
5054,Bread
5054,Butter
5054,Tea
5054,Jam
5055,Coffee
5055,Bread
5055,Butter
5056,Bread
5056,Butter
5057,Tea
5058,Tea
5058,Jam
5059,Coffee
5059,Bread
5059,Butter
5060,Tea
5060,Jam
5061,Bread
5061,Tea
5061,Jam
5062,Bread
5062,Tea
5063,Coffee
5064,Coffee
5064,Bread
5064,Butter
5065,Tea
5065,Jam
5066,Tea
5066,Jam
5067,Tea
5068,Coffee
5068,Bread
5068,Butter
5069,Tea
5069,Jam
5070,Bread
5070,Butter
5070,Tea
5071,Bread
5071,Tea
5071,Jam
5072,Coffee
5072,Butter
5073,Coffee
5073,Butter
5074,Coffee
5074,Bread
5074,Tea
5075,Coffee
5075,Butter
5076,Bread
5076,Butter
5076,Tea
5076,Jam
5077,Bread
5077,Butter
5077,Jam
5078,Coffee
5078,Bread
5078,Butter
5078,Jam
5079,Bread
5080,Tea
5080,Jam
5081,Coffee
5081,Bread
5081,Jam
5082,Bread
5083,Tea
5083,Jam
5084,Tea
5084,Jam
5085,Tea
5085,Jam
5086,Coffee
5086,Bread
5086,Butter
5087,Coffee
5087,Bread
5087,Tea
5088,Bread
5088,Jam
5089,Coffee
5089,Bread
5089,Butter
5090,Bread
5090,Tea
5090,Jam
5091,Bread
5092,Coffee
5092,Bread
5093,Coffee
5093,Bread
5093,Butter
5094,Coffee
5094,Butter
5095,Coffee
5095,Bread
5095,Butter
5096,Coffee
5096,Bread
5096,Butter
5097,Coffee
5097,Bread
5097,Butter
5098,Coffee
5098,Bread
5098,Butter
5099,Coffee
5099,Bread
5100,Coffee
5100,Bread
5100,Butter
