CLIENTNUM,split
768805383,train
818770008,train
713982108,train
769911858,test
709106358,test
713061558,test
810347208,train
818906208,train
710930508,train
719661558,test
708790833,train
710821833,train
710599683,validation
816082233,train
712396908,train
714885258,train
709967358,train
753327333,validation
806160108,validation
709327383,validation
806165208,train
708508758,train
784725333,train
811604133,train
789124683,train
771071958,train
720466383,train
804424383,train
718813833,train
806624208,train
778348233,validation
712991808,train
709029408,validation
788658483,validation
787937058,train
715318008,train
713962233,train
785432733,validation
715190283,train
708300483,train
827111283,test
758551608,validation
773146383,test
778493808,train
720572508,train
712661433,train
789172683,train
738406533,train
799723908,test
771490833,train
720756708,validation
779471883,train
711525033,train
712813458,train
714374133,train
717891558,validation
716632758,validation
768563658,validation
711427458,test
714091983,test
787584108,train
712030833,train
711481533,validation
710082708,train
708155733,train
788979258,test
807986133,validation
788730933,train
711314058,validation
717975333,test
715971108,train
720096558,test
719580033,validation
820582308,train
789973308,train
712876233,train
804595158,train
714826758,train
779058108,validation
710790258,test
715623483,train
715156383,train
711013983,validation
755420433,test
794543958,train
716396358,validation
715398033,train
711743883,train
719720058,validation
778992108,train
717539808,train
714070758,validation
714107958,train
789140283,train
715550508,train
719712633,train
772629333,train
720336708,validation
802013583,train
711887583,validation
714778833,train
713843283,test
779155158,train
721091583,train
713572683,train
716657058,test
779509983,train
717929133,train
808284783,train
708476808,train
710916408,validation
708492558,train
799825758,train
718619883,validation
711844758,validation
714798783,train
826762908,train
771894558,train
721074183,train
715259583,train
718414008,train
719666283,test
714877233,train
785387883,test
771075258,test
711318033,train
783554958,test
720201033,train
718039683,train
710806083,validation
714752208,train
822063408,train
714490308,train
713356833,test
711402333,test
708296883,train
719154483,validation
717721458,train
711112683,test
715674483,validation
789322833,train
789968058,train
709919283,test
718744008,validation
767712558,train
712950783,train
716104983,train
818839983,train
772288758,test
712350858,train
711009708,validation
712720158,train
712215258,validation
773827008,train
795232683,test
713786508,validation
713539833,train
712454058,train
718759833,train
718803333,test
720253908,train
714133158,train
713187033,validation
714791208,train
772426383,test
710975883,test
714264408,validation
715827858,train
713741358,train
709531908,train
716493408,train
714141108,train
708953883,test
712608783,train
820353558,test
714964758,train
716264358,train
717296808,test
712977183,train
710829108,train
779562633,validation
715315833,train
815500983,validation
719360583,train
709701558,test
721148358,train
779862408,train
812627208,train
711033408,train
779956608,train
780376683,train
717912483,train
714454758,train
780466533,train
715735233,validation
720476733,validation
715872333,validation
712375758,train
708868233,train
718030083,validation
720707283,test
771698658,train
748326258,train
770817783,test
779353083,test
711441333,train
719808558,train
711551958,test
809164083,train
820596183,validation
715999608,train
710565408,train
805543158,train
709752183,test
716479233,train
713837058,train
718876683,train
770746908,test
794843883,test
803043933,train
758076408,train
714606558,train
778425408,test
714171108,train
719662458,train
713137233,train
769425858,train
711297483,validation
788900883,train
758348808,validation
772336458,test
708711483,validation
717906783,test
719437908,train
769433508,train
790096533,train
720997383,test
787541883,train
709930758,validation
789830058,validation
710299608,train
710741208,train
821797008,train
708874533,test
715341858,test
793636308,test
713779908,test
712125258,train
709703433,train
721022433,train
710103558,validation
715952883,train
719731458,train
772390908,train
787348608,train
709485033,test
715432608,train
799471833,train
714187533,test
779656908,test
788950158,validation
778867533,validation
710620383,train
778661358,train
789483333,train
809855808,train
718464258,test
708528483,validation
771809733,validation
719942883,train
807226683,validation
717806133,train
720615708,train
714511758,train
715050408,test
721132233,validation
719211558,validation
712069008,train
715996983,train
773466258,train
798983508,train
719117433,test
716451183,train
718621608,train
715085733,train
788977833,train
720272958,train
708421833,train
709173108,test
709879458,test
715120608,train
770632758,test
779078733,train
771742533,train
720250158,train
716458983,train
713747733,train
712270158,train
789562383,validation
754897008,train
819700533,validation
712890408,train
720248208,train
779749908,train
717401883,train
721509558,validation
710572458,train
714576183,validation
721425558,train
711109908,test
715203108,train
710027508,train
787464408,train
783542133,train
708330858,validation
714426783,test
712701333,train
709494483,train
773373108,train
715812258,validation
778286433,train
789270033,train
711569433,train
720214833,validation
709346133,validation
788194458,train
720779733,train
717424458,train
708820308,train
710558058,validation
770590758,train
718490658,test
711985833,test
708967608,train
718505958,train
715024233,train
779249583,train
709278258,test
778928283,train
712299858,train
799224108,train
809976033,train
716203308,train
714871683,train
716139933,train
716984658,validation
713086008,train
713773458,train
719242533,train
772712658,train
788868858,train
811898133,train
788808633,test
779804208,validation
781391058,train
790134408,train
788853258,validation
711857733,train
822969858,train
719554758,test
711643458,train
788830683,test
807030858,validation
793059108,validation
716568708,train
828281733,validation
717229158,train
715915458,test
819129858,validation
713441958,train
719091333,test
708666258,train
714914583,validation
714363858,test
721347408,train
809608533,train
772047183,validation
714217908,test
714819183,train
716455683,train
710865633,train
752952108,train
712595433,train
714982383,train
813814008,train
794545983,train
708288108,train
715585158,train
810449883,validation
789863208,validation
715022133,test
712506708,validation
715699983,train
818942433,train
712459233,validation
716545383,test
721144383,train
821837958,test
804359133,train
713308683,train
788780958,train
717354558,train
798473808,train
712372158,validation
715192308,train
708813033,train
714639783,train
709311633,validation
709470858,train
717292758,train
779241783,test
715205358,validation
778871508,train
779462433,train
710147958,train
709864833,train
778868958,validation
717276708,train
710004933,train
753606108,train
710940183,train
718927533,test
719337408,test
772308408,validation
712981383,train
790099758,test
709547658,test
778770783,train
713134458,test
712159083,train
713639958,test
771180033,validation
717916758,train
711089733,validation
716988633,test
779031033,train
716302383,train
718281408,train
721333233,train
794496033,test
710519433,train
814995933,train
721469433,train
788386908,test
717198633,train
767695083,validation
711791583,train
712315683,validation
710038008,train
789129033,train
718349058,validation
789842283,train
714513033,validation
714717483,train
714900408,test
719418933,train
720115683,train
779504058,train
795979833,train
717392358,validation
718640508,test
803366358,train
709230708,test
781794708,train
801383808,train
710677608,train
708217758,train
714272658,train
717469158,train
711864783,train
719407983,train
710665533,train
716804283,validation
767294658,train
709122483,validation
708241233,train
717860358,train
789337233,train
720902133,train
721043058,train
711870333,train
708398283,train
715878183,train
719451483,train
709110633,train
721059033,train
779912283,train
717701733,train
709913733,test
718768158,train
721375308,validation
711374283,validation
822893133,validation
778465533,train
712138983,train
716920908,train
708095133,train
711195558,train
772735758,train
712024908,train
778239933,validation
714893733,test
754886958,test
710104908,train
710558883,train
713827383,train
720267033,validation
712049208,validation
708688608,train
716223708,train
713217858,validation
819352983,train
711019308,train
768600558,validation
710202783,test
712899333,test
767036433,validation
793473033,validation
721232058,test
719443683,validation
715449333,validation
717998058,validation
779610033,test
827332983,validation
721183983,test
718426533,train
710698233,train
780253533,test
793581933,validation
719229708,train
715158483,train
809296308,test
778176108,validation
796532958,train
709345008,validation
717049533,train
719366358,train
721417233,train
711622683,train
714578283,train
769574883,test
717643608,train
709198158,validation
712419708,train
709103358,test
716966808,train
772264383,validation
721057758,train
769137108,validation
717640083,train
716445783,validation
708579633,train
718715583,validation
778686408,test
715015683,validation
805254708,train
710462433,test
721342383,train
720179883,test
794977533,train
779445108,train
718193958,train
710955633,train
716149383,validation
752604633,train
713889933,train
709446783,test
789115833,train
711242058,test
787623858,test
709040508,test
708864708,validation
717758583,train
715416633,train
717956283,train
721379433,train
712027683,train
716027208,train
720475233,train
712275108,train
718121658,validation
711593808,validation
716222808,test
718731183,test
788779008,train
710404533,test
711173058,train
715383108,train
711697158,train
709186983,train
808964433,train
711948333,train
710541858,validation
713865333,train
797707008,train
713490483,train
720370533,train
779743908,train
718675158,test
710784333,train
816596583,test
717517758,test
712880283,train
753226158,test
720605808,train
758317233,train
711028308,train
814852533,validation
711526533,train
804403908,train
716999883,validation
716452083,train
787599258,train
714495258,train
717713283,train
789317883,train
714500883,train
789467508,train
710317758,train
711231558,train
716829483,train
779713608,train
711628458,train
718943508,train
770724558,validation
783561558,test
719309958,train
788785083,validation
780481308,validation
711757383,train
787550808,train
779863533,train
714529233,validation
708177333,train
812019933,validation
708557358,train
713580633,test
711466533,train
802276683,validation
780913308,train
808897683,train
719428308,train
713010483,test
717006333,train
787621158,validation
716924058,train
720916683,validation
720923658,train
712710708,test
718939083,test
779519058,train
719085933,train
715124958,train
712979133,test
712006308,train
710801133,train
712490283,train
720071583,validation
717958833,train
812420358,train
712370208,train
715940358,train
715041333,validation
712797258,train
769170558,train
715884858,train
796343058,validation
783910008,test
718888308,validation
785114808,train
709852908,train
823528833,train
719679858,test
827108583,train
787833333,train
719781183,test
710429358,train
798792408,train
710280558,train
809825358,test
714451833,validation
713943783,validation
710706558,test
713620308,train
813453408,train
818248383,train
780106908,train
708938508,test
709671708,train
711204483,train
801728658,test
713945883,train
779558733,train
788370258,train
714927333,validation
710383158,validation
798007308,train
711768858,train
714888633,train
712650333,train
719945433,train
720310458,train
718344033,train
715442958,test
780326883,train
711157833,validation
719704308,validation
708772308,train
817663908,validation
780054258,train
709990983,test
818045958,train
716380683,validation
787480158,test
778461408,validation
713861733,train
789291633,validation
789513858,test
778357458,train
718325883,train
720344658,train
809292483,test
779791008,train
779557533,validation
795904233,train
710573808,train
717418158,validation
771963708,validation
712433508,train
779320983,train
718093233,train
719459358,train
717728808,train
788701608,train
778506633,test
719989008,train
791839233,train
716918508,train
717321783,test
799000008,train
721517208,train
719068683,validation
709120008,test
709117533,validation
816594183,train
789485433,test
712881483,test
712689333,train
771492408,train
711668283,train
772684833,test
712960308,train
713530833,validation
756065433,test
710997183,validation
711146358,test
716144058,train
778699908,train
713571258,train
711676908,validation
719315508,train
778623858,train
714665733,train
816089433,train
716991933,train
714534108,validation
787456608,train
717090183,train
772782708,train
710722908,validation
795155433,test
715271733,train
771706308,validation
713989233,validation
780198258,train
802002858,train
716290233,train
828298908,train
788946783,validation
720697908,train
780598383,validation
715345833,test
710831133,test
766706358,train
816533733,train
712373208,train
721433283,train
720680058,train
716909283,train
754654383,train
719226333,train
779759058,train
718206783,train
715783758,test
771190083,validation
713135883,validation
778799583,train
808796208,test
708313608,train
779330208,train
794498733,test
807964908,test
823845783,train
711748983,train
718064283,validation
710492733,train
779016408,test
717787533,test
714851058,train
823535133,train
708455883,train
780095808,validation
709207458,train
763895958,train
715942683,test
721301733,train
711927108,train
718083483,train
717548358,train
816829608,test
713936583,train
709682658,train
793889508,validation
714648933,train
711556533,train
717420333,train
768921933,validation
714311583,test
717707133,train
716043258,train
716343408,train
718909158,train
719471433,validation
712763808,validation
711147483,train
719788833,train
715168983,validation
714306258,train
713828208,test
710574558,train
710947683,train
711113958,test
718923858,train
752666508,train
712672083,train
719863758,train
720990183,train
720718908,train
721250358,train
779773533,test
708249708,validation
713967783,train
779506158,validation
759823158,validation
716608608,train
789528183,train
708895158,validation
824805858,train
720840108,test
787595658,test
720244983,test
713220258,train
813469458,validation
788939358,train
718870158,test
788673708,train
711809283,test
816513108,train
718594608,train
823606983,train
717028158,train
788485908,train
714472608,train
710793783,validation
794340033,validation
716462658,test
718050033,train
714023808,train
716341833,train
719648358,train
816600933,train
714208533,validation
713095533,validation
809967783,validation
715848408,train
714414483,train
708655983,test
720426708,train
713743158,train
721279083,train
779149683,train
714970458,test
719070108,train
715490733,train
714989583,train
820355433,train
715901508,train
710370483,train
778573233,test
708833133,train
719885883,train
712523283,validation
711309033,train
708134283,train
720147633,train
708983658,validation
766285608,train
779715108,train
798035358,validation
719391783,test
809342208,train
780713058,validation
779338683,train
783387783,train
787800108,train
721397808,train
778698408,train
709545333,test
716032233,test
717835908,train
719466558,test
778663458,train
716024808,train
713008308,test
794831733,test
713854608,train
715993608,train
789368658,test
802817358,train
708098133,test
801499908,train
824770683,train
718310733,train
708162558,train
721129383,train
721249158,train
721049658,train
806392908,train
714886533,train
772375533,validation
826775058,train
711878733,validation
714550383,validation
712636308,validation
772139433,test
709058808,validation
813240408,train
767753958,validation
710111733,train
761544333,test
788814783,train
715034358,test
709624533,test
709942383,train
803957508,validation
713378133,train
709217358,validation
720998358,train
721051908,test
715232058,validation
806250783,train
817245183,test
713670333,train
826477083,train
788728608,train
717190533,train
716580033,train
711644508,validation
714334383,validation
720611058,train
712420833,test
713845083,train
713756508,train
735565158,train
714131058,train
717180633,test
717295683,validation
713128833,test
813499458,train
710070183,train
789605658,train
710045058,train
710164683,validation
710802258,train
721036233,train
710036508,train
717776808,train
714906033,train
714273708,validation
721117533,train
715374558,validation
824807658,train
714940608,train
824782008,train
717561108,test
717127083,test
772460508,validation
720484908,train
771237933,train
794664183,test
797488158,validation
708543258,test
778706508,train
712240083,test
713650683,train
772532208,validation
778929783,train
714244383,validation
718797558,train
712821333,validation
721120008,train
709633533,train
710789058,train
716174433,train
789886533,validation
715210308,train
721038408,validation
713325108,test
720352533,train
708431433,validation
716996583,train
718699683,test
771359958,test
716604633,test
813952233,validation
713053383,train
709979583,test
709380333,train
778574283,test
789875883,train
714661233,validation
813915933,validation
708358683,test
824761458,train
715362183,train
721194858,train
803595858,validation
716198358,validation
714173808,train
709465758,test
714081558,train
717364458,train
778755858,train
710754933,test
720007383,train
810220833,test
718362783,validation
708267858,train
708856983,train
715588908,train
772674933,train
720148983,validation
720650208,test
769732233,validation
713030958,train
711320508,test
795795408,train
717904383,train
714115533,train
712475733,test
718996758,test
713049933,train
709961958,train
718301508,test
714831033,test
710653158,train
721265883,test
715049583,validation
715394883,train
773448558,validation
717249783,train
708344358,validation
712003083,validation
754282908,train
717412608,validation
719412258,train
788675658,train
717683583,test
820584408,train
719392833,validation
718595583,train
778508883,train
715511658,test
711999783,validation
753856008,validation
789920883,validation
788677533,validation
716284308,train
712120608,validation
715482483,train
720848733,train
708480333,train
826723308,test
801369258,train
709584483,train
715708308,validation
779707308,test
711688158,validation
711848658,train
715855083,validation
778971408,train
711648708,test
713149683,validation
771903033,test
737925558,test
803347908,train
817285758,train
711480108,test
709662708,validation
709224858,train
821771508,validation
712216533,validation
710522433,train
779046408,train
708595158,train
757266933,train
816776283,train
719904333,train
718264233,train
784798683,train
710899833,train
780025908,train
713610033,train
709364433,train
713086908,train
709793133,test
710032608,train
779351208,train
719776608,test
709220583,test
719555733,train
740852733,validation
709528308,validation
715127208,train
817144458,test
710628783,train
772145658,validation
739594758,train
789198708,train
720953658,validation
771330558,train
714078558,test
712207683,train
788826408,test
790128033,train
718082208,train
712037358,train
711711483,train
718861458,train
709426608,validation
811457058,train
773073558,validation
715937133,train
713480583,validation
716383683,train
713693958,validation
715443708,train
770769483,train
789326808,train
712105533,train
720674133,test
779216358,train
717322833,train
710279508,validation
712168833,train
780581508,train
711957708,train
778782858,train
712924383,test
709366458,train
796990908,train
715702758,train
788974608,validation
714790008,train
787438983,train
713834358,validation
710084883,test
710736558,test
788915283,train
714916758,test
789611283,test
773288958,train
811721133,test
813961233,test
783020958,validation
715764483,validation
798110358,test
715745508,train
714350658,validation
826478958,validation
719127558,train
712454958,train
718561458,train
822984108,train
719469333,test
720871383,train
788827308,train
710180958,train
778346283,test
787547208,train
714983283,validation
789344358,train
710406633,train
767653233,validation
719461008,train
789731433,train
775198608,validation
717567333,train
772794108,train
712072908,validation
709328733,validation
788107683,validation
713757633,validation
713279808,train
712440483,train
715078383,train
709214358,train
778399008,validation
811534983,train
719728383,train
718726833,train
780605508,train
719450508,train
711213108,train
708488208,train
717206508,train
821836008,train
807244983,train
821872758,train
809959683,validation
715079208,validation
767049258,train
709579383,train
781923483,train
718654533,train
716169258,validation
713908683,train
708212658,test
756013833,train
719358333,test
713735508,train
805259733,test
738749733,train
814833408,train
719182308,train
818497758,validation
719518308,train
709991883,train
770901258,train
711499158,train
720445533,train
809951133,test
714657108,train
789048858,train
771816408,train
798158808,train
787685658,validation
720141408,train
788699808,test
708216108,validation
715074258,train
771653583,validation
717374358,train
720836808,test
818701383,train
717277833,train
778137108,train
720973833,test
768490458,train
751487358,train
712742808,train
712820208,test
794649858,train
755262933,test
709541433,train
820622433,train
712586583,validation
709816158,test
712196508,validation
767269908,test
710927733,test
711310908,validation
788862333,validation
713194608,train
793550958,test
712607583,validation
713921058,train
709183683,train
713407458,train
715241583,validation
710475408,test
708971583,test
714547458,train
827631483,test
711159108,train
789262683,train
712940508,train
789733008,train
714703158,validation
710255208,train
779236083,train
713438358,train
715973583,validation
794113758,train
709452633,validation
788210583,train
717784983,validation
786557358,test
768460908,train
718899708,test
714697533,train
713206683,validation
708679383,train
713067033,train
789314133,train
713956308,train
711595833,train
779521533,test
715225458,train
716487408,train
719338383,validation
710523333,train
787489083,train
720747633,train
779480658,train
711498258,train
709316433,train
778734108,validation
778388358,train
716773533,test
822130683,train
717268458,train
827888433,test
716522583,validation
789415983,validation
719819958,train
769579608,validation
772353408,train
716615583,train
781131483,train
719101908,validation
720521808,test
718136283,train
778855383,train
779722308,validation
818926833,test
721217283,test
717167283,train
713371233,train
778426608,validation
713823033,test
787515333,validation
710944608,train
718444233,validation
771099183,train
770241333,train
710819733,test
772155108,validation
798796233,train
815472108,train
769145733,train
783364233,train
772236108,validation
715640358,train
713529858,train
715684308,validation
709451508,train
709204158,train
713182458,train
710624658,train
716355783,validation
716793108,test
716162583,validation
714051033,train
715007583,test
719139558,train
794632308,train
770662383,train
714787383,train
714700158,test
710581758,validation
720497958,test
720920058,train
710872233,test
709855608,validation
815484783,test
771602883,train
755953308,test
758408883,train
717940008,train
720917808,train
812801958,train
714997683,train
709379283,train
711840408,train
785328408,validation
719873808,train
715528983,train
720254883,test
811980858,train
711330408,train
718465458,train
710616183,train
714580158,validation
710798883,train
720511608,train
708913233,train
788038383,test
719905908,train
807044958,train
719514783,test
787643658,train
779138883,train
708173433,validation
778401033,train
818375733,validation
711048783,train
721415658,train
717961458,validation
718563483,train
717128283,train
718068933,train
718623783,train
716565258,test
712505658,train
792565908,train
709267308,train
710035008,train
790082508,test
716866308,train
709707033,test
718346658,validation
824157858,train
709735008,train
814593858,test
718416858,train
710307933,validation
715870758,test
713819283,validation
710424408,test
709493283,train
712489158,test
719013108,train
721178583,train
717769008,train
709986633,test
721062408,test
771349458,train
780557658,test
771441558,train
756409758,train
720009558,train
778885158,test
715543908,validation
717591483,train
715042608,train
755959683,train
715367058,train
714573258,test
712281183,train
717670758,train
720666333,train
771556308,train
708931908,test
718894233,validation
771544533,train
708927108,train
717831783,test
709288383,test
710813733,test
721084833,train
711258108,train
710149008,validation
711902058,train
716757033,validation
712688433,train
713203908,train
711772008,train
708799983,train
778882758,test
709157133,test
741344808,train
739692933,validation
766429908,train
802087683,validation
712491108,train
714767508,test
720376008,train
779126658,validation
793222008,train
720812433,train
717623583,test
708878508,train
710043408,validation
789079758,train
721311333,train
710749458,test
778275783,train
799498158,train
716334258,train
716075208,train
780276258,train
789282333,train
811571733,test
709429533,train
715247508,train
718784358,train
751450008,test
719227233,train
711050058,train
779040408,train
714024858,validation
789849108,validation
710391258,train
718830183,train
779696883,train
719249733,train
737971833,train
772468983,train
710990283,train
808750458,train
719692983,validation
719125158,test
787509408,train
719206308,test
717141858,test
713172408,test
720314583,train
708347583,validation
711006783,train
718274283,validation
803977008,train
715216908,train
779611008,validation
811467708,test
812597508,train
718651083,train
708577308,validation
813990483,train
816319008,validation
789627258,validation
713346558,validation
708744933,train
708828258,train
713511108,train
710208633,train
824165658,train
826513233,test
788789658,train
717837858,train
709382958,train
716253858,train
713725683,train
710364258,train
816033783,train
715065483,train
718751133,validation
713983308,train
718418958,test
779367858,train
711285633,train
714974658,validation
716374308,validation
713416233,train
797643708,train
808292958,train
719831958,train
708860358,validation
717385983,train
719049033,train
717581658,train
714347508,train
803833608,validation
712576908,train
778511733,train
721464783,train
821179233,train
713126733,train
719688408,train
779811183,train
771086208,train
715217733,train
813752433,validation
711876333,train
715256658,train
711329658,train
710227908,train
716362008,train
714939708,train
708083283,train
719431608,validation
769411758,train
714248733,train
804481608,train
714631833,train
769751958,validation
717999183,train
713075283,validation
711561108,train
709854483,train
713630733,test
717599283,train
806407308,train
712730583,test
712142733,train
720153258,validation
814086333,train
715524708,train
713307708,train
714069858,test
712789383,train
787983633,validation
758583708,train
717130383,train
720770883,test
716797758,train
713835258,train
720677733,validation
718587858,train
710263608,validation
715055433,train
715498308,train
708099183,train
716452908,train
789959283,train
713536158,test
716750358,train
815299833,validation
721003008,train
779883933,test
716612958,train
715859058,train
772031733,validation
720668358,validation
778708533,test
719649408,train
715457658,validation
711934308,validation
781326483,train
712557708,test
789187908,validation
773297508,test
716529258,train
708242283,validation
789247458,validation
717100833,train
716870583,test
719999508,train
721236408,train
720122808,train
716882658,train
713734758,validation
709085358,train
715785933,validation
717159858,train
713259858,train
787516908,train
711145008,train
715013733,validation
717098208,train
737982408,validation
713216883,train
709361058,validation
710312658,train
773383158,test
716053083,train
717667833,validation
716998608,train
772086408,train
708597558,train
718011783,test
714360033,train
811005858,train
794485158,test
708513183,train
719353158,train
711436083,validation
780374133,test
739117233,train
708486033,validation
795237183,test
788788758,train
709635858,train
789701658,train
713484483,train
711954558,train
712655583,validation
779686683,train
711226758,train
713241033,test
788754108,train
717013383,test
712634133,validation
709537683,test
778627983,train
720241758,validation
720814233,validation
785080308,train
713358633,validation
720392433,train
720282558,train
821370858,validation
799249833,train
713016633,train
814471983,validation
779612808,test
716692683,validation
790145733,train
716038533,train
714421233,train
709783908,train
812788233,validation
772452783,train
714002658,train
713464983,train
713910108,train
808169358,train
714013083,train
715381533,validation
717678408,test
719143308,train
711509658,train
757481283,test
808681158,test
718867683,train
714618333,test
794562783,test
708208758,validation
794504658,train
714772758,train
713830233,train
713577483,train
814513008,train
712765158,test
714411108,validation
720231108,validation
709035708,train
720662508,test
708623283,train
813247083,train
780078333,train
811915383,train
719818983,train
716349183,validation
710067183,train
771234558,train
820288233,train
717511533,train
711642108,validation
712495233,train
718484283,train
717413658,validation
804668658,train
715934283,train
717499083,train
715279683,train
718971333,train
709219533,test
709150608,test
788259558,test
802464033,train
712757808,train
714457083,train
713413758,train
708741633,train
714043833,train
789577833,validation
787570758,train
720371733,train
819117183,validation
711776433,train
709583133,validation
719521983,train
718415133,test
710594358,validation
709730508,train
720462633,test
715005558,train
779993208,train
787543008,test
743265108,validation
713770383,train
712392108,train
720145683,validation
714832383,train
772706283,test
795920358,train
716277558,test
764776833,train
710795883,test
710428308,test
721096983,validation
715760733,train
718227033,test
720610008,train
719517258,train
714111333,train
717551358,train
813573333,train
711709683,train
712902483,test
710893533,test
719883858,train
719628033,test
712043433,train
769095558,train
816094233,validation
758417508,train
721234308,validation
717138558,validation
798120858,train
709997958,train
712617408,validation
720158208,validation
716548083,train
717631008,train
813964383,train
719952408,validation
771028533,train
771823308,test
719854008,test
713998233,train
714746358,train
713574708,train
714753258,test
712004208,validation
719621958,train
819610908,validation
823948308,train
712064358,train
816013383,test
758765808,test
780881358,validation
709422183,train
779951058,validation
809941233,train
710844408,test
819002508,test
807141183,test
711119358,train
808273533,train
716297658,test
716532258,validation
720540708,validation
720904233,test
720863133,test
714957108,test
790102008,train
781933983,train
712643358,validation
716686158,train
806894133,train
721344858,test
813230208,train
716835033,validation
787500333,validation
768582033,validation
713992158,train
719916408,validation
789433758,validation
785011383,train
719283633,validation
710816358,train
779653458,validation
716382708,validation
710387583,validation
718772133,train
711224733,train
718360083,train
716102583,test
720673008,test
708459633,train
712868733,train
713790708,validation
717648783,train
714709983,train
819409608,train
717585858,test
791856033,train
714474483,train
716448783,train
711065133,validation
713769258,validation
712288158,test
714130233,train
789127533,validation
717038733,train
804840033,train
709363383,test
789760233,validation
712058958,train
708295533,train
817686633,train
713738883,train
721310283,train
803132733,validation
779852133,train
716210283,test
711615933,test
785311158,validation
717267108,train
711636558,train
717504258,train
718242333,validation
771844458,train
708892833,train
779465358,train
720191883,validation
710934033,train
714473658,train
716569983,train
789833583,validation
818923158,train
716596308,validation
716620458,train
710251608,test
710633808,validation
719318583,test
819202533,train
827360883,test
771196083,validation
809962908,train
788965683,train
817142433,test
716993058,train
771040758,test
713309583,train
710273658,test
771429408,test
719452308,validation
818908833,train
780998133,train
801726933,train
788474658,train
708438033,validation
710562258,train
770764908,train
814776033,train
715057383,train
717970158,train
715168008,train
720802833,train
789370383,train
711782733,train
709000008,validation
719381733,train
771169458,validation
709974108,train
757024233,train
768928833,train
720504633,train
812441358,validation
713287608,test
711357858,train
715478733,train
780382008,validation
715749858,validation
710951808,train
713469333,train
719243808,train
772202058,test
711346383,validation
711405333,train
778407033,train
714862083,train
711199008,train
709858533,train
718627458,validation
711816108,test
717105258,train
715822008,train
714971583,test
713663508,validation
709025583,validation
812809083,validation
714073983,train
789297558,train
710375283,train
712189233,validation
713767383,train
797414733,test
712452033,train
714151533,train
720440583,train
787494783,validation
819966033,train
710297133,test
793355508,train
708580908,train
719826333,test
780689733,train
744764433,train
714902283,validation
789309558,test
713188383,test
719506983,train
714804483,validation
748503708,test
803587533,test
789777408,validation
716811483,train
714118383,validation
720532908,train
765055833,train
715310208,train
718577958,train
789167658,test
789987183,validation
717730533,train
708668283,train
772360683,test
712500933,validation
804867183,train
826068183,test
820044333,train
714211533,test
710287533,train
720603558,validation
819258408,validation
717664008,train
717437058,train
717327783,test
712887633,train
716129208,train
718037433,train
709839858,test
719686458,test
721434483,test
716096358,train
718244958,test
711315783,test
821296083,train
711562833,train
716447733,train
719591283,train
789911808,train
713195808,train
717866133,test
716670783,train
789197508,test
713108433,train
711403383,validation
768212583,validation
720181758,train
710632683,train
711836733,validation
771183933,validation
711327558,validation
788971308,train
718950483,validation
714278958,train
711817158,train
765824058,validation
710109633,train
713643858,train
716399583,train
714516783,validation
710490708,validation
780662133,train
715389708,validation
789607983,train
720171033,train
815104608,test
719660658,train
714159858,train
714225333,train
712204308,train
718468158,train
711575058,validation
735417408,train
717171408,test
814312308,train
711786108,train
712905708,train
720050208,test
793952133,train
798140283,test
720427683,validation
789970233,validation
713893308,train
718843608,validation
752085108,train
789435783,test
711032058,train
784719708,test
804663258,train
716900433,validation
720909408,train
712187808,validation
718428033,validation
714892533,train
714985458,train
716647983,train
712340733,test
719293533,validation
715257708,train
708331758,test
709501683,train
711692508,train
715612983,validation
709674333,train
805522758,train
781013958,validation
717495258,validation
795052083,validation
773389908,train
719320833,train
816843933,test
789196158,test
717930483,train
773442258,train
719872833,train
721491258,train
770575233,validation
715800708,train
719996958,validation
719889408,train
708811233,train
794627208,validation
719020983,train
719131533,train
710449983,validation
715651833,train
720714933,test
789170283,validation
810201783,validation
715517733,validation
709042908,train
715023333,validation
720801033,train
714345783,train
779209083,validation
713972658,validation
710782458,validation
711142308,train
824789283,test
715187733,train
721014858,train
710363433,test
715479483,test
708243483,train
714770808,train
720626058,train
709185108,train
719596908,train
719273733,train
717348258,validation
770882508,train
799026633,test
718777008,test
713352183,test
716128083,train
721288158,train
757881258,train
715843533,train
717234183,test
717260058,test
709710783,train
787284858,train
815845758,train
720639783,train
713331408,train
778693458,train
788610258,test
711173883,validation
717628608,test
789261558,validation
770647233,test
712826208,validation
718181433,train
714460683,train
716460933,test
710787708,validation
713800158,train
712551258,train
715379133,validation
712091433,test
771756333,validation
779895108,test
771976683,test
716800908,test
789413958,train
711574008,test
714138408,validation
709334658,train
709564683,validation
772292358,train
712933083,train
710497608,train
721443408,train
709149408,train
708446808,train
824192658,validation
711625683,train
717487983,validation
717301908,validation
718435158,train
714797733,validation
719213133,train
798962058,train
718970058,train
713021208,train
810856833,test
787868958,train
708161133,train
708174708,train
708735183,train
708445608,train
778943883,train
788810658,train
789050883,train
714531108,test
711635358,test
803648508,validation
813200058,train
805261983,train
715206408,validation
788684508,validation
737933883,train
768655158,train
774437583,test
713104458,test
715462008,train
715366083,train
712322058,train
719737833,test
789530208,test
717885183,train
716244033,train
711614658,train
804598908,train
719161683,train
719327808,train
714038433,train
710129283,validation
709367433,test
719729433,test
717192933,test
711734508,train
715153158,test
712149033,train
713901108,train
719415858,train
719385558,test
779528658,train
721508283,train
757753083,test
797753283,train
807523008,test
711416958,train
780865308,test
708423933,validation
714321408,train
771852483,test
708185208,train
714920208,train
789952158,validation
713237958,train
715956258,test
769196433,train
778942233,train
708651933,train
720467583,test
716549058,test
713533983,test
787463508,train
710256708,validation
708980283,validation
719484408,test
710023233,train
789101883,test
778381608,train
787492908,test
709932558,validation
780219483,train
708590658,train
715143333,train
801048483,train
711913833,train
715413483,test
715750758,train
714062958,validation
710458758,validation
719494983,train
710586483,train
772637058,validation
718229133,train
718423533,validation
781089708,train
773082033,train
815288583,train
720431433,train
709164408,train
710567508,train
719427333,validation
714765408,train
709785783,train
809290308,train
779598183,test
779783508,test
719568333,validation
719207733,train
715533108,train
714816258,train
787573683,train
804310758,train
792912708,validation
719078283,validation
708620283,train
770985633,test
780094008,train
716420358,validation
825756333,train
755273658,test
709096908,train
714840858,test
721205508,train
786493908,validation
803963808,test
806170158,train
751469808,train
721055058,test
709794333,validation
718361583,train
714327183,train
808909008,train
716207508,train
768965208,train
720185058,train
715220508,train
712112733,test
712298883,validation
717813558,train
716823408,validation
719089383,train
710039208,validation
780237033,test
720986958,train
709473708,test
708593883,train
710241858,train
715392558,train
717399183,train
817925058,train
716029158,train
715043508,test
716610558,test
716768808,test
795810633,train
779925033,validation
790225758,train
713879283,test
715968858,train
767687208,test
778728783,validation
713637783,train
718162908,test
708664008,train
711929058,train
770781558,train
790048158,test
721258158,validation
786480183,train
721378008,train
786566733,train
794551383,validation
820981383,validation
713366583,train
767311008,train
716624133,train
712727283,test
716059608,train
708292833,train
720013083,train
710540883,validation
709212183,test
713424108,train
718476033,train
815001108,train
709802208,train
713445183,train
717310458,train
789158433,validation
788761608,test
709916058,train
789804933,test
780070833,train
772776033,test
719804208,test
715077483,validation
717000858,train
792402483,train
712973733,validation
813213558,test
718215033,train
717207408,test
711426033,train
719233833,validation
716864733,test
821168733,test
710135058,test
720228708,train
718618458,validation
719470458,train
719587158,train
715499808,train
718589133,train
789235383,train
773364483,train
713548158,validation
720264783,test
715319958,train
710528583,validation
809990883,train
714412308,test
772303458,validation
721243083,train
711990933,train
819977058,test
721467258,train
719976558,train
718824783,train
713303733,train
711129483,train
779618433,train
797757333,train
814497483,train
709623483,train
709056558,train
708238833,train
813261408,train
720424608,validation
798022683,test
769756983,validation
712674183,train
708900408,train
713625483,train
716869458,train
788723133,train
794462133,train
712604133,train
714397983,train
788269158,validation
715898058,test
711906033,validation
711367308,train
790186458,train
712040433,validation
709616958,train
714633858,train
794818833,validation
711219333,train
713384508,train
772514808,train
710808108,train
778973658,test
712005108,train
804577833,validation
715028283,validation
789786258,train
715421058,train
797166633,test
711041508,test
712847208,train
779174133,train
715680933,test
770871708,train
772643058,train
718199133,train
721475133,train
766322883,train
771197433,train
709516458,train
716456808,train
716819958,validation
779449308,validation
784891458,train
790004883,train
770262183,train
715277583,train
815510883,validation
713997183,train
715107033,train
720706008,train
710108133,train
718983333,validation
714030183,test
710496708,validation
714935883,train
718972758,validation
711827958,train
778724058,train
809620833,train
718920708,train
771051783,test
715970133,train
806889633,test
717338733,validation
779223858,train
769980333,validation
716112933,train
788783133,validation
816325533,train
720113433,train
717233058,train
710233683,train
778327908,train
716400633,train
787488108,train
771649083,train
789853533,train
806256333,train
796336833,validation
713763633,train
710942358,validation
713974533,train
787231233,train
719810583,train
717124983,validation
787523283,train
719493858,train
709897983,validation
717225258,validation
803148033,train
779474958,train
712060158,test
713292933,train
710982858,test
714542058,train
712319058,test
744483633,test
714947883,train
788776908,train
714802458,train
721485708,train
716378658,test
713375658,train
717828108,train
788784258,train
718875483,test
811111083,train
715749108,train
780197133,train
719146008,train
717727308,validation
718445883,train
795997908,train
710159658,test
716068683,validation
778844433,train
715161633,validation
773270058,train
714120258,train
720076458,test
720693033,train
719978583,validation
712784058,validation
717261708,train
803665983,train
815838633,validation
826706208,train
721218408,train
779484408,validation
710416533,train
719706483,train
712206858,train
709886583,train
711040758,validation
817197333,test
718929708,train
721150833,train
714514983,validation
779888658,train
715883358,train
713363583,test
772935108,train
820075983,train
721502958,test
708596283,train
710325258,train
708823908,train
826401858,train
709554483,test
710545158,train
788621658,validation
716713533,train
712338033,train
711639708,train
720216108,train
718708908,train
802890333,validation
712965183,test
796170933,test
712816833,train
814829583,validation
798769458,train
818034558,validation
719483358,train
719647383,train
714909108,test
793678608,train
720854358,train
709126833,validation
788896983,test
715731033,train
717636933,validation
772658658,validation
755943033,train
772399983,train
826130133,train
719238183,validation
802666083,train
713682708,train
712774008,train
717627333,train
779542608,train
715322958,validation
779100408,train
715352883,train
789963033,train
710687508,train
789656358,train
715720083,train
716584158,train
815727183,train
717066408,train
708104658,test
718016808,train
814571058,test
714757908,validation
710345808,train
814752558,train
721284258,train
719336583,train
797638383,test
708434733,train
711802758,train
720620058,train
819169683,validation
709757583,train
789307833,test
823912308,train
720746208,train
709121283,train
714093108,train
718368333,train
806752533,train
758521983,train
779473308,train
709376508,train
712589658,test
712141683,test
712494108,validation
721350783,train
710133858,validation
719152383,train
715174158,test
780040758,train
719525358,train
710892408,validation
713295183,train
789871233,test
712663533,train
820906233,validation
821163408,validation
708947208,validation
715261458,validation
789310833,train
818294958,train
713902983,train
771693933,train
827984658,train
789012633,train
807237783,train
803408733,train
824667708,validation
807165033,train
809984133,train
718949433,train
751227183,train
716331408,train
714199983,test
774172158,validation
708171858,train
709074108,train
721304133,validation
787430733,train
711225933,train
717478983,test
720949083,train
712851108,validation
713151258,test
799731033,train
822138333,train
708532308,validation
713718558,train
778939683,validation
713322633,train
754671558,test
719291283,test
720659283,test
719535558,train
771032658,train
709468683,train
719455908,train
816890883,train
709826058,train
735008958,validation
713766183,train
719148633,train
789266208,validation
718373658,test
712255458,train
789494133,test
714178458,validation
717595908,train
798114033,train
709479558,test
778148283,train
719363283,validation
716225433,test
719882583,train
711076533,train
820651908,train
710884683,validation
797468658,train
716375883,validation
711534183,train
721083258,train
717986058,train
804610908,train
717602733,train
770952933,train
713233908,train
755365233,validation
715105908,validation
712658283,train
708796458,validation
713557533,train
710524533,train
713412558,train
720000708,train
718934058,train
710607408,train
717613233,train
821710308,validation
716089983,validation
720430083,train
712071708,test
770721858,test
751381458,train
715629783,test
768886533,train
711023508,validation
711291558,train
714929283,train
716285358,test
710958033,train
711368283,train
807275733,train
708231183,train
789690483,test
789338583,train
717411483,train
720799608,train
714112383,train
717994608,train
798558783,test
716875083,test
714603558,train
789903708,test
801989733,train
789504183,train
714574083,test
717978033,train
711256908,train
721023708,train
714522258,validation
714247458,test
780416433,train
713644758,train
712700358,validation
779873508,train
779342958,test
711738333,train
709413933,validation
720323208,train
708132783,train
713372583,validation
710092683,train
779284833,train
713426358,train
717132633,validation
714967233,test
767587833,train
714954033,train
716154258,train
755399433,validation
709876008,train
709918158,train
713350908,validation
715759458,train
713976258,test
790174608,train
771335358,train
708382083,test
771829758,train
767333808,test
721385433,train
794293908,test
720409608,validation
717830583,test
715455708,train
719108358,train
769323183,train
820020258,train
719234883,train
807349158,train
710799783,train
778456983,train
708644208,train
711659958,validation
798988983,train
710760258,validation
799700208,test
772401933,train
787460883,train
770937183,train
715468083,train
807161508,test
772268058,train
710166783,train
804820233,validation
708758658,train
714011358,test
712401033,train
771212508,train
821150958,validation
792272658,train
809818008,test
803231058,train
715698633,train
720450108,validation
719076858,validation
720016308,train
712443558,validation
711835758,train
709284333,train
788122533,test
709206333,test
713039808,validation
801700233,train
716815308,train
821149008,test
720580383,validation
780202908,train
787504158,train
716183283,train
824168808,train
712936908,train
719855958,test
710112933,train
768364233,train
771725808,train
780686358,train
712762758,train
714392808,validation
713089458,validation
826780683,train
780251658,train
772273983,test
737944908,train
720688158,train
719902908,train
771682533,test
708193008,train
772449858,train
715992558,test
708502908,train
720132258,validation
708704433,train
720906033,validation
719961183,train
718838808,train
710268858,test
788360283,train
717914808,train
802884933,train
714436383,train
718785483,train
708816408,train
715363908,test
709163358,train
827643858,validation
711251133,train
716896833,train
789193383,train
712801758,test
719836083,validation
718291233,test
718682883,train
771503958,train
771960708,train
717427983,train
712737108,validation
771599283,validation
717237708,train
710703708,train
712513458,train
709690158,train
709959858,train
720683958,test
780704358,validation
717843783,test
718318383,train
708849858,train
712652283,train
793461933,train
720084183,train
767114958,test
709216533,train
720897783,test
773503308,train
719963433,validation
708139833,train
710664558,validation
713687508,train
816312633,test
712019883,test
718216008,train
718345233,test
771228183,test
789430083,test
779524833,train
823621083,validation
715563558,train
715424283,test
807209808,validation
716578158,train
708911508,train
717332733,train
710681808,validation
708740808,train
711728208,test
720562008,validation
709012083,train
771073908,train
718174908,train
709550958,validation
720411183,test
720776508,test
755615208,train
708147108,test
827476983,test
716682258,test
708563433,train
772277508,validation
712515558,train
719342808,validation
788957358,test
778386033,test
820060758,train
713271708,train
720555483,train
709405758,train
769463433,test
786087633,test
738627708,test
719527833,train
715921758,test
717280158,validation
714179658,train
806637558,train
714828708,train
711989358,train
720188508,train
719528958,train
713110908,train
721179708,test
716363658,train
711443808,validation
778952058,validation
713642133,validation
778908783,test
778170633,test
714670533,train
771833433,train
772758783,train
788959758,train
716878533,test
713267133,validation
716263533,test
719026383,test
821755233,validation
709683633,validation
714318033,validation
828291858,validation
779647608,validation
787605558,test
771534408,validation
716219808,train
715690908,train
789125733,train
717271983,test
709695333,train
712233183,train
716645883,test
711762408,test
818305008,validation
788159433,train
709104333,test
708112008,train
714731208,validation
710006958,validation
815062383,test
778447908,train
720725058,train
803415183,train
708582858,train
779833908,train
818687958,validation
708714108,train
754872333,test
718637208,train
816772908,train
711935283,test
716950758,train
716497908,train
809358708,train
716037708,validation
717804783,train
715338783,train
779645658,train
787565433,test
717287883,train
715746633,test
720635883,train
710077008,validation
804437658,test
780000258,train
825785508,train
720252858,test
710017758,train
711750183,test
718364283,train
711638658,validation
711046383,train
720877083,train
715662258,train
715570533,test
758202858,train
712872183,train
710014683,test
716934333,train
778523733,train
716353083,validation
753642933,train
708151008,train
789646158,validation
712423233,test
719806233,test
786509358,validation
711502908,train
748617858,train
721532583,test
789244308,train
709330383,train
719136183,test
716939358,test
778155558,train
713461533,train
803776533,train
714857508,validation
720348933,validation
721158108,train
789043008,train
713362158,train
712623258,train
708494583,train
718394658,test
719398158,validation
711885258,train
789161358,train
787581858,test
779198133,test
708314808,train
720508233,test
717134058,train
783366483,train
715412583,validation
719562108,train
754457883,train
742552683,test
711455133,train
716387733,train
772571508,validation
718815108,train
719266158,train
720708183,test
767523933,train
797466033,train
771886233,test
712612233,test
716516208,test
709950858,test
779882508,train
717472833,train
712665633,train
709562358,train
715391433,train
708722583,test
720452508,train
714566958,validation
816084333,train
806179683,validation
806244183,train
787999533,train
718358808,validation
718474683,train
716908158,validation
713984208,train
713013483,train
754599558,train
788739633,test
712411908,test
717538683,train
709447908,train
816834933,train
718963158,train
714358008,test
720758808,train
708255633,train
716101308,test
715986258,validation
715858008,train
806226933,train
708361833,test
778422933,train
708957183,train
718000383,train
714466458,train
719608308,validation
792995808,validation
716211258,train
779289033,train
719356008,train
718503108,test
779661033,test
813053733,train
718354683,validation
720529308,train
787578183,test
737952333,validation
779498058,train
799707858,validation
719543208,train
797743233,test
710658483,validation
715399908,train
710288883,validation
719912808,train
720247158,test
718672233,train
789593058,train
710278458,validation
714467733,train
803026008,train
772000533,test
811035483,train
715480983,train
819997983,test
807593058,train
720437358,test
719465733,validation
711978858,test
814364808,train
788820933,test
713316558,validation
779856483,train
717085983,test
788030208,train
709914858,train
716111808,train
708618933,train
720446508,validation
756488883,train
708414033,validation
756727233,train
720379533,train
720340383,train
771453033,test
708747708,train
712460433,train
719801508,test
720983733,train
713657733,train
709955958,validation
719099583,train
719513733,test
710654808,train
719651358,train
718917408,train
808753758,test
711699183,validation
711196458,validation
772565883,test
717203958,test
769701258,train
714933783,test
717650133,train
708707808,validation
717331758,train
801385458,test
710605458,train
719570733,test
708646233,train
766006758,test
710695083,train
709224033,validation
795991758,train
709381383,train
810321933,train
716235783,train
758833758,test
713579733,test
804649833,train
780971583,train
804673308,validation
788747358,validation
713199558,train
713777883,train
771081558,test
710229333,test
720406233,train
767784708,train
712052058,train
715278708,train
827049558,train
710248233,validation
712146558,train
715179933,validation
709215708,train
710668458,train
718828083,test
720781158,validation
716938383,train
709976358,train
715688958,train
721493883,validation
709830783,train
715354983,train
713532858,train
721295658,train
720313083,train
720724008,test
712828533,test
717007458,train
710728458,train
717720108,train
720648483,test
770146008,validation
714829683,train
717015333,train
757837458,train
719240358,train
719036883,validation
714000108,train
720786033,train
708917133,train
818929158,test
709513458,train
717705858,validation
716573058,test
827695683,train
819189108,validation
716977758,train
714901383,train
718500633,train
713516433,train
715140933,validation
712642533,test
721498008,train
717189183,test
708902883,test
817889583,train
717242058,train
715628733,train
716613933,train
712709508,train
716306583,train
720026058,train
756397458,train
712644483,test
814489683,train
789111483,train
709573533,train
807137808,train
711861258,test
716660583,train
717222033,train
716617608,validation
716786808,validation
718882008,validation
770975133,train
715234008,validation
709326183,train
721233033,test
712319958,test
712198983,train
772103208,validation
779502333,train
718737708,test
821351958,validation
716142858,test
826079508,test
773236983,validation
826717533,test
789334458,train
814092858,train
708355683,train
803124408,validation
789964983,test
720303933,train
708665133,train
828236133,train
712000758,train
715378383,test
769985883,test
709297608,train
716971833,test
801373833,train
716040783,train
817977933,test
827055333,test
772116408,test
734924658,train
711775383,train
715019058,train
780715683,train
827341383,train
708757233,test
710504283,validation
713919183,train
713171358,train
773140683,train
716358033,train
826410708,train
789717708,test
711679533,test
711342483,train
720242733,train
721213833,validation
756624183,validation
717622308,train
714629358,train
744307008,train
708871158,train
710979033,train
818903583,validation
712980333,train
717655458,train
822112383,test
711538758,validation
719987733,validation
719184783,validation
715857183,train
719657583,train
789713208,train
802031583,train
711529383,train
715371108,test
712988958,test
713005908,train
712236483,train
711852783,validation
780056733,test
796903083,train
716014983,train
712521783,test
780045708,train
719488008,train
771575058,train
772137183,test
779709033,train
709716258,test
737986083,train
713343333,test
779331558,test
714973758,train
718009158,test
789597408,train
712165308,test
821768658,train
719341683,validation
708637758,test
779974758,train
821815458,train
711708408,validation
812449758,validation
715682208,train
719914908,train
714744783,train
710809833,train
720942333,train
709423158,train
718307433,train
772607433,train
801709308,test
778502958,validation
806656083,validation
823635033,validation
718739508,test
709272333,test
721538883,validation
718835583,train
827970933,train
719888358,train
717030633,test
815085708,validation
716332533,test
822964683,validation
719335233,train
779683683,train
712653183,train
715485483,train
788912658,test
711396483,validation
789220008,train
716436483,train
717661908,test
778459833,test
769448658,train
820346133,train
720119808,train
721523658,train
711176133,train
794560833,train
718197108,train
713750583,train
769576608,train
708626058,train
710333883,train
715401633,train
755220783,train
789603183,validation
767564358,train
789744033,test
709887483,validation
779765058,train
789177333,validation
717262833,train
714878508,train
711079308,train
794510358,train
715033533,validation
779400183,test
716636808,validation
708733983,train
710521383,train
720075558,test
716468658,train
717569283,train
787491483,train
779995833,train
714215058,train
789407958,test
715118058,validation
713672208,train
720865383,train
713701533,test
778895883,test
719655258,train
711205758,train
806264958,train
714659133,train
716425833,train
712166583,validation
713124558,train
714048783,train
708784908,train
714332658,train
719169783,train
718270833,validation
721268133,train
795343683,train
715611933,train
711184983,train
779601783,test
784263558,train
720795858,validation
756629133,validation
714387108,validation
712164333,test
714429258,train
796791258,train
711220683,test
717582558,validation
714779733,train
817965858,train
717358158,train
720301458,train
826471458,train
794579658,train
717052158,train
818311533,train
716156508,train
711191808,test
712084383,test
788641758,train
788768883,train
713277783,train
717451833,train
712291308,test
712852233,train
712312908,validation
773457558,train
716194683,train
720563058,train
719502183,validation
712287333,train
716944983,test
718115733,train
827691858,train
716431833,train
717265983,train
769578858,train
712815858,test
815851233,train
779425608,train
811532208,train
713896533,train
712546233,train
772148058,train
771776808,train
715905633,train
778282758,train
717886008,train
709985133,test
709289358,train
720457608,train
780612558,train
714216033,train
710577708,train
719462433,train
769063308,train
715136583,train
710915358,train
709841433,test
710509758,validation
720527058,train
711787383,validation
715824108,train
719474583,test
719282433,test
772669833,train
789365508,train
806641683,train
805534608,validation
781117533,train
710294808,validation
718788258,train
716404383,validation
824795358,train
715196508,train
779051808,train
720695583,train
826414083,test
708426483,train
787472283,test
716948283,test
778375458,train
718504983,test
709625733,test
719357058,train
709626858,train
711843708,train
711349083,test
721462458,train
780833058,train
769962933,train
719095533,train
709718058,train
819151083,test
770778108,test
718877883,train
710376708,validation
718366983,train
719604858,train
714549558,train
822955008,train
712986483,train
779597133,train
758426583,train
716805408,test
711275433,train
778968408,test
827117808,validation
804462633,train
709321908,train
714907908,train
818336508,train
712597233,validation
711964533,test
716705433,train
717983058,train
709587783,validation
709804533,validation
712076358,train
711670308,test
720717108,train
784789758,train
779689233,validation
788792583,train
710657508,validation
716393958,train
770708133,train
766131033,train
719816583,test
715376508,train
709300458,train
778340733,train
708195633,validation
714729933,train
794514108,test
812501358,test
718961208,train
814459833,test
720363258,train
714496083,train
713004933,validation
712011633,test
772466508,train
708225483,validation
788923758,train
789150633,train
710809083,train
787669233,test
708119658,validation
737921733,test
765940683,train
719732433,train
715491483,validation
783381933,train
811554708,validation
719536608,train
720753183,test
714505683,train
711942783,test
714031983,train
711372258,train
710825658,test
716575758,train
714732183,train
714097683,train
720568083,train
708121908,validation
778710783,validation
713745783,validation
711043983,train
716438433,test
709435533,train
711080358,validation
718677858,test
720259308,train
719346708,train
719874633,train
720286908,test
719168883,train
789893808,validation
772472208,train
710402508,train
710218233,test
714212358,train
812956983,train
780241758,train
711580908,train
712835433,test
716461683,test
713617608,train
714622833,train
712115958,train
712033833,validation
714548733,test
719523108,test
710881008,train
715098333,test
708211383,train
715054683,train
710670633,train
784560258,train
710871108,train
787770858,train
721104708,train
717461283,validation
803028858,train
716628633,train
813380058,validation
770135358,test
719301258,validation
711340233,train
710002833,train
808705758,test
710839308,validation
768687183,test
720541758,train
712263258,validation
712751133,train
779662308,test
719260608,train
803319633,train
708170508,validation
711891933,train
802875333,train
719991783,train
745435533,validation
718063083,validation
710713608,train
720487308,train
719770158,train
712283808,train
779737233,train
751076058,train
736552308,train
720578058,validation
714932658,validation
804708633,train
716271183,train
712442508,train
719165508,validation
826467333,train
721027083,validation
713764458,train
816261858,train
710850633,train
805282908,test
771246708,train
785119833,test
716780283,test
716546283,test
721308033,train
779270883,train
822061683,train
710058033,train
710678658,train
712943508,validation
816263808,train
714162033,train
711238908,train
713971608,test
715193433,train
713111883,test
716911608,validation
822898758,train
712085733,validation
718583133,test
772095858,train
780074733,train
710182383,train
713418558,test
715445883,train
718599108,train
711546333,train
721513833,test
771669183,test
774760458,train
713453733,test
804415083,train
711419133,train
710691633,test
715008858,test
771424908,train
771215583,validation
711012783,validation
827408058,test
713904708,test
807596358,validation
708788583,test
713446083,train
717888108,train
819714408,train
716853258,train
719455083,train
779299233,train
771922008,train
708887433,train
713214558,validation
718038483,test
714053358,train
713730933,train
762775908,train
713181558,test
713079108,validation
804426858,validation
788379933,train
713740533,validation
712235433,test
811705233,train
714594933,train
714377058,train
827114058,test
708654933,train
720283758,test
801994458,validation
718834233,validation
719196858,train
708451233,test
718735908,train
789339633,train
804833058,train
712542258,train
713639058,test
709560258,test
718317258,train
720362058,train
712606158,train
713162358,train
710673558,train
710096658,train
721313808,validation
778924158,train
719602908,train
820383558,test
717953283,validation
710327508,validation
785134758,validation
811970808,test
718676283,train
720439533,train
793720908,train
708937608,train
769189083,test
713455233,train
719563158,train
753118533,test
713265858,validation
709713033,train
711608958,train
708633783,train
714532158,train
720950283,train
809797158,test
713692683,validation
710748483,train
720868683,train
787532808,test
709453833,test
712114458,train
811013658,train
789180933,test
717151383,validation
712470033,test
717840108,validation
709131033,train
721506708,test
716039433,validation
710874933,train
794682483,test
709229358,train
772177308,validation
715016508,train
716071233,train
818308533,validation
711000933,test
760104333,train
718201383,train
779450958,train
717990183,train
721252683,train
710505483,train
711587433,train
720964683,test
711478233,test
717096858,validation
719739108,test
717432933,validation
721501308,validation
714169083,train
710194683,train
715365183,validation
715448058,train
779008158,train
712822758,train
717466158,train
798687258,train
717380133,train
709693833,train
804847308,test
716321583,train
712685733,train
781306758,test
743912958,test
712294083,validation
716630508,train
711334983,train
717442758,train
709137558,train
714366708,train
711925608,validation
721202058,validation
716931183,test
800164083,train
719682183,train
710984133,train
780307233,validation
716434533,test
828215508,train
716138958,test
709276908,train
815767983,train
712812408,train
712403358,train
717826308,train
753443583,train
721428333,train
719910333,train
713585958,train
712866933,test
719219883,train
779170008,validation
779727558,test
714373308,train
715000383,train
710493558,train
778839108,train
715548183,validation
712545183,test
779032308,train
721500108,test
713389233,validation
718811058,test
717084708,train
778247358,validation
710702733,test
815240358,train
715165758,train
827964858,validation
773667708,train
717400533,test
713586858,train
711393483,train
812979408,test
711877458,train
714351558,validation
828343083,train
790002783,train
708615183,test
718509858,validation
718540308,test
778180158,test
778242708,train
806947308,train
714899283,train
708386958,train
710986758,test
718220358,train
710568333,train
712656783,train
717483558,test
721440633,train
738899658,test
711423558,validation
721522533,validation
708558408,validation
714727833,train
714365883,validation
715856208,train
708944958,validation
771516333,train
772051308,train
788350908,train
818322033,train
716288958,train
712347258,validation
779072733,train
710003958,train
715287708,train
708774708,validation
713535033,train
719314683,train
789293358,validation
787638408,train
715974783,train
716134533,validation
708834483,train
780168333,train
711557508,test
772506858,validation
765692658,test
720598308,train
709912683,train
815353083,validation
720093333,train
717281658,validation
765731433,validation
712050933,train
787361583,train
709921158,validation
714781908,test
717592758,validation
821339433,test
715174983,train
710863308,validation
806824908,test
710592933,train
771881283,test
708687483,validation
719147208,test
709607733,test
713184858,train
719929758,validation
759127158,validation
780717483,train
708507483,train
787617483,train
816608808,train
716727258,train
813890883,train
768256908,validation
811095483,train
720168558,validation
719309133,validation
721451208,train
772879158,validation
712934583,validation
710088483,train
753534633,train
710932683,train
714751158,train
718109808,train
713227233,test
718342158,test
804606033,validation
720755658,validation
711795633,train
716654808,validation
817616433,train
716390958,validation
716564433,train
719530158,validation
710621283,train
716714733,train
720921408,validation
789185508,test
807014583,train
721388283,train
716022258,test
789362058,test
771460158,validation
714147858,test
708394908,train
778433283,validation
720637008,validation
716877258,train
812973708,validation
788760633,validation
718602708,train
712365483,train
789154833,validation
715849983,train
780336258,test
716567433,train
713057658,validation
718191483,train
811527933,train
778617708,train
785055108,train
822961533,validation
709124883,train
772574283,train
761240358,validation
708469533,test
769927533,test
718545033,validation
714972558,validation
772204758,train
709039533,validation
716492583,train
766381908,test
719109783,train
796236258,train
709700058,train
716905158,validation
718851783,train
709709283,train
711993258,train
780105483,train
718350033,train
715294083,test
710905908,test
721387008,train
715411608,train
710598408,train
718521258,test
713138433,validation
718819158,train
718871358,validation
720186258,train
710197308,train
817086783,test
749211483,train
789749433,train
715082133,train
714946908,train
716711433,validation
712429458,train
708406083,train
720029508,test
709227033,train
720846558,train
716475183,train
714296358,test
719998233,train
719217483,validation
720479058,train
779192283,validation
716385033,test
711588708,train
714492783,train
709192233,train
797998158,test
714021183,validation
780710433,train
780068283,train
719930658,train
755593983,train
770938533,train
714121083,train
779210283,test
709739283,train
716230158,test
708724908,train
789025083,test
713804058,train
718791708,validation
785529708,train
794528283,train
794856033,train
712939533,train
708178608,train
716556258,validation
708404883,test
709742958,train
772695033,train
714850158,validation
708831858,train
718076733,validation
714336333,train
780006783,test
779741883,train
780657708,test
771342183,train
712901283,train
802101858,test
718473558,validation
743590608,train
720146733,train
788252358,test
717740658,train
714567708,train
711208083,test
709708233,train
709957158,train
828288333,train
709178733,train
721325133,validation
816606333,train
720454158,validation
717444558,test
816756783,test
715474833,train
718271958,train
708924783,validation
717669483,train
809360883,train
717176508,train
711571383,train
713444058,train
713253858,test
719609433,train
797234508,validation
714537258,train
793412958,validation
714680208,train
715240683,train
803796708,train
717368208,train
802662858,train
780206958,train
779906658,train
772341783,validation
711491283,train
720211533,train
715409733,validation
710974308,validation
715732533,test
713722608,train
709101258,train
708588408,test
721427358,test
717099408,test
715155033,validation
789586833,train
709338633,train
714106833,validation
741116058,train
813755658,train
718855983,validation
711245433,train
814219008,train
711916533,validation
715182108,train
717078933,train
719491233,train
789520533,train
714738033,validation
718576908,test
715093383,train
717195933,test
747107508,train
717920583,train
710516283,train
787593558,train
778747608,test
714431058,train
708801108,train
715948833,train
770667408,train
823590483,validation
710635083,test
716408058,train
713803158,train
713593683,train
709339758,train
789382758,validation
813427833,validation
717846108,train
720968583,train
721437333,train
709134333,train
712630608,train
712404483,train
717812133,validation
714926508,validation
771474108,train
709774608,train
718802283,validation
711626658,validation
789354783,train
720486408,test
717793983,train
718582158,train
713127708,validation
717112533,test
713681433,train
718846008,train
714119283,train
713056083,train
718538958,validation
710353233,train
713853858,train
710342508,test
787563858,test
799239033,train
710733183,train
718489608,test
758824608,test
780984408,train
814483608,validation
708848208,train
719713683,validation
715514133,train
715955208,train
794707083,train
805313808,train
772922883,train
715716333,validation
714502458,train
712444533,train
797748708,validation
780203883,test
720616908,train
817038333,train
713333433,train
710820783,train
720338658,train
803938908,validation
787921383,train
787849833,validation
721143258,train
709335558,validation
806619333,train
719378658,train
720670458,train
716955783,train
817970208,test
708506508,validation
750147483,validation
715540233,validation
807584958,validation
720686583,train
820637433,train
716346183,validation
715405758,train
710094108,train
713168733,validation
708614058,train
718088133,train
720614658,train
716695533,train
717091533,train
713231658,test
715675458,train
712463883,validation
708489258,train
708403308,test
769684158,train
710349258,train
713940033,train
713482608,train
714571008,validation
715354008,test
819363708,train
712014708,train
788717358,train
710413533,train
718515483,train
715059258,validation
713852958,train
767835558,train
721531683,train
720660558,train
814845933,validation
773155533,train
711199908,train
721398858,test
715664808,test
715500558,train
719239158,train
820633833,train
720551733,test
718487958,train
710533233,train
778878633,validation
720197058,train
716317458,train
718569258,train
711649908,test
720879708,train
815761908,train
711850533,validation
721028283,test
710763783,test
720432858,validation
772525308,validation
767354208,train
715670058,validation
713856708,train
758086458,train
717035283,train
709604958,train
714931458,validation
711047658,train
718110858,train
716385858,train
708812133,train
787655058,train
803113383,train
721273008,train
715762083,train
711629733,train
718410258,validation
719745558,train
820282383,train
793543758,validation
778224858,test
712555233,train
718516533,train
708923658,train
717708783,validation
780688383,validation
718821783,train
718163808,validation
712693908,train
711286533,train
711655683,test
718188858,test
718514283,train
708642708,test
811475733,train
712089108,validation
710761533,train
714963558,train
714834258,train
713788083,validation
719583558,test
744705408,train
713240133,validation
815015283,test
718072758,train
709127808,train
715080258,train
709567758,validation
780067158,train
715357308,train
720559908,train
720339558,test
809599158,test
793269933,train
809978733,train
788996058,validation
712575708,train
789625383,test
719730258,train
793717608,train
709798908,train
716077458,train
813435108,train
708084558,train
719880408,train
719343633,validation
718711158,train
717443658,test
715976433,train
719038008,test
709143183,train
710186958,train
709274583,validation
816864483,train
708271833,test
821759658,train
820920408,train
718403358,train
713476758,test
720690933,validation
719252583,train
712783083,train
771204108,test
817247658,train
821749608,validation
714389883,validation
713648208,train
826261008,test
824163333,train
709444983,test
711154908,train
769575783,train
720334833,train
709563258,validation
708205083,test
715276683,train
721254858,validation
712257258,validation
789616158,train
708773583,train
711110733,validation
714043008,train
780602733,test
823557333,train
772825308,train
713251008,train
711175083,validation
756477333,validation
712294983,train
717023508,test
709869708,train
772133808,train
768196008,train
708916083,train
789526458,test
716079708,train
720087708,train
714259533,test
714691683,validation
768420558,train
778364583,train
719186433,train
719951208,train
720182658,train
789022233,test
778353183,train
713789883,train
773018583,train
771354633,train
717308433,train
712271958,validation
716736858,test
713796033,test
710812533,test
782555058,validation
714864333,test
787918158,train
779070033,train
789945933,train
720810783,train
715627833,validation
809538783,train
715987758,train
711967158,validation
712325433,train
716470683,test
713289183,train
711549408,train
709523508,test
717578358,train
711673983,train
713388108,train
715679733,train
779694183,train
788544108,validation
715583283,train
719917233,validation
717103758,train
714621183,test
721365033,validation
712999008,train
780790008,train
779499933,train
717200508,train
716995083,train
718137183,train
787507833,train
810974958,train
717967833,validation
712267983,validation
717376758,test
718250883,validation
717491058,test
802243458,train
714485508,train
711377808,test
718565733,train
712723608,validation
789948408,train
734909358,validation
719267283,train
780684933,test
720330558,test
720784833,train
789059958,validation
797138883,train
721448283,test
710552733,train
742778358,train
713933658,validation
788142483,train
789705408,train
780378633,validation
817422408,train
781297983,test
710671608,train
719967708,train
711879633,train
716444733,train
718460958,validation
789953733,train
770278833,validation
787291308,train
710644158,train
717095733,train
813338733,test
787536933,train
714384783,train
713847858,test
809809008,train
719446833,validation
720570333,train
815308683,validation
810875958,validation
717775608,train
718766058,train
710656683,train
768390708,train
713263758,train
754564308,train
827890758,train
779945508,train
720807183,train
709309308,test
715844733,train
712332183,train
790123983,test
711721458,validation
716860233,test
714678408,train
708798483,train
708501783,train
713645883,train
718622658,train
710641008,test
718547358,validation
716177583,train
713417433,train
713043183,train
719328858,train
718501983,train
803800533,validation
771790083,train
712817808,train
811697958,train
817089408,test
803406558,train
717297708,train
808756458,test
718352358,validation
780638958,test
721026033,validation
719894433,validation
812493033,train
718256658,train
711421233,validation
710335983,validation
720108783,train
818259558,train
708511983,test
708838908,validation
778720533,train
793015083,test
821336133,train
713905608,test
779164608,validation
714835833,test
823863033,train
713321508,train
708992733,train
709488108,train
716094333,test
778567983,test
712178883,validation
717490008,train
718282983,test
747208083,train
820276908,train
719960133,train
711062958,train
714917583,test
767256933,train
712568358,train
789182358,train
716989683,train
827968383,validation
819647358,train
788966958,test
789502308,train
756458508,validation
714643983,test
711606558,validation
824155458,train
710445183,train
802834158,train
712038258,validation
712864683,train
813971283,train
764211033,train
721424583,test
713886333,train
711741708,validation
794217108,train
715339758,validation
709610283,train
714575208,train
716758908,train
778915233,validation
789466008,test
716635758,test
771819258,train
713451408,train
780146658,train
711675108,validation
755467683,train
792864858,test
713009208,validation
772231233,test
720510333,test
780199233,train
711700158,train
788275083,train
708804633,train
714479358,test
711406758,train
821424483,validation
769438608,test
822068583,train
711371208,test
788832033,test
713452533,train
720212508,test
717825033,validation
779926608,validation
713608383,train
710125608,train
712724733,train
718286658,test
714195108,train
720867708,validation
752573508,train
768661758,train
721126833,train
716093133,test
771092433,validation
712807758,validation
721514883,test
824140908,train
712971708,train
716471508,train
782548758,test
720444408,validation
717389433,test
714292533,train
709585758,validation
712096758,test
811463283,train
789358908,train
718146258,test
710779083,train
709166883,train
712554183,train
721315233,test
714766383,train
797491683,train
714157908,train
714588408,train
719627133,train
714125883,validation
712865583,test
779363283,train
779224758,validation
718775808,train
710267583,validation
711305208,test
717531483,train
709170108,test
716056158,test
711326583,test
715406658,test
712814658,test
773228133,train
710453283,test
795266208,validation
779090883,train
712309758,train
716625033,validation
790112133,train
797238108,test
716782758,train
715588008,train
713977308,test
719059083,train
708797583,train
708809283,train
771529608,train
715776033,train
778619358,train
715717608,train
789204933,train
711100608,validation
713591283,train
719344608,test
787659483,test
822948708,train
710080383,train
715596783,train
798773208,train
768624258,train
721412208,train
708129933,test
719703483,train
708290208,train
710431158,train
816528333,train
778760808,train
718025808,train
815860008,train
780126033,test
720135333,train
719174433,train
821521983,train
716961933,train
712834533,validation
710544033,test
710622333,train
714277758,test
713166333,train
714346608,train
778284783,train
714721608,train
716453883,validation
713876958,test
794967408,train
798481383,train
718697583,train
711799458,train
823904133,train
718005108,train
717877533,validation
711883833,validation
711646908,validation
718171308,train
709627983,train
716580933,train
713600958,test
772248408,test
720196158,train
770024733,train
710912733,validation
712860858,train
708702258,test
797169633,test
709922508,validation
712802733,train
716981358,test
758787333,train
720519333,train
717387933,train
738195708,validation
708560733,test
717001908,validation
768972558,validation
716899233,validation
715567608,train
713264583,train
716769783,train
719564208,train
716680983,train
715719033,train
713229633,test
788246958,test
720419358,test
772545858,validation
771431133,test
717800358,train
798041508,train
710626758,validation
718982058,train
791822733,train
718762308,train
716841783,train
794524833,validation
721359183,train
715014633,validation
714372333,validation
766946058,validation
708549033,train
708378108,validation
826168083,test
779320008,train
715312158,validation
711688983,validation
714393708,train
789477483,train
712481733,train
713153733,train
780201633,test
709285683,train
789823383,train
709980783,train
772054458,validation
788095158,validation
717045033,train
710503308,train
757167633,test
779739783,train
758653833,train
771288258,train
716855058,validation
708433683,train
713175483,train
709500183,validation
789238683,test
710502258,validation
715445058,train
719464758,validation
708442158,train
718524783,test
717093858,train
711654558,train
718924983,validation
717463608,train
715779333,train
708117933,train
789563658,train
709239483,train
766456683,train
779703258,train
709719333,train
717016833,test
711017433,test
712777233,train
712706058,train
720905133,train
712947333,train
806995683,train
720575058,validation
770828358,validation
721361433,train
770268933,train
789209283,train
716204883,validation
715506258,validation
711871758,train
772655733,train
719519058,test
716873733,train
780383358,train
718522308,train
716308683,train
719056833,validation
712303908,validation
715572783,test
713641233,train
712854633,train
779340183,test
771952683,test
716639058,train
779027733,validation
713368833,train
713926308,train
720206658,train
708720558,train
713857758,train
711255858,validation
798717783,validation
710674533,train
718642458,train
709788783,train
752199183,train
789707433,train
717448383,test
779468808,train
790000608,train
770917608,train
716307558,validation
719048133,validation
771488583,test
717202908,validation
720696558,train
788989083,validation
720398958,train
716530533,validation
714499908,train
708879483,validation
716044383,validation
781320783,train
711657783,test
715423233,train
719264058,train
711120333,validation
714100008,test
798030933,validation
708223383,train
708705783,test
778949133,train
709017258,validation
709161108,test
716842908,validation
787513533,train
717949983,train
714089658,train
718863258,train
717549408,validation
807600633,train
770293758,train
765584208,train
811989858,train
721276383,validation
708585933,train
713283933,train
714915633,validation
709236633,train
827948133,validation
718946358,train
714400308,test
789670533,train
770942283,train
827074758,train
818326083,validation
712292133,validation
709449333,test
788840283,validation
716013858,test
712229283,train
751422258,train
715691808,train
794273283,train
788838033,train
712778658,validation
789580908,train
778965183,train
714462558,train
789013833,train
800869758,test
807426033,train
720091083,train
711918033,train
709679658,test
779296908,test
720682308,train
714084483,train
719495958,train
789775308,validation
714726858,train
709749483,test
710926383,test
717172308,train
771795933,validation
785024808,train
710277183,test
714647808,test
709857033,train
714283458,train
804829533,train
716702358,train
720028683,train
757044033,train
719672283,validation
719054733,train
793336383,train
795599883,validation
715650783,train
711819708,train
713041683,train
779544708,train
712967508,train
710231433,train
817960533,train
713431008,train
709663608,validation
754851783,train
808743558,train
778905033,train
720844008,test
714286383,test
718767183,train
712707408,train
789859833,test
812411058,train
712311258,train
778397358,train
715340733,validation
797495958,train
720384633,test
810868758,test
719105433,train
715609533,validation
712160058,train
779130108,train
712335858,train
789643383,train
717733158,train
713205108,test
719749083,train
811762383,validation
708710283,test
708542283,test
720667383,train
822952158,validation
716922633,train
709081683,validation
710211783,train
720364158,validation
713064783,train
709873683,train
758106108,train
711445233,train
778912683,validation
780496833,train
720057183,train
789081408,train
720634683,train
808732458,validation
719947533,validation
715452408,validation
718103733,validation
788705358,train
772105608,test
718396533,train
712949733,train
772036233,test
713285058,train
710289783,test
780390108,train
720585183,test
711831558,test
710854008,test
717017808,train
823615983,train
807587433,validation
709987683,test
714435408,test
718994583,test
793616883,test
779978283,validation
713370033,train
710482533,test
778830933,train
736145283,test
778718658,train
719482008,train
715004808,validation
720014358,train
718208358,train
713380308,train
716477133,train
713949858,train
827619933,train
779135808,validation
719751483,train
708219858,validation
779681433,test
720169383,train
718056033,train
789226683,train
822902508,train
780462183,train
715502808,train
788755158,validation
780038058,train
709536483,train
712563408,train
771222558,train
708145908,train
717755058,train
789109983,train
802600233,train
720449208,test
719557983,train
766111383,validation
789367083,train
710538183,validation
708534033,train
716739258,test
788940558,train
714722808,train
713249883,test
714207483,train
720068808,validation
778601733,train
709779258,train
713696808,test
720044658,validation
716373483,train
714305508,train
712202433,train
716600733,train
778372158,validation
714176133,train
708969633,train
715765758,test
803097333,train
710411358,test
715660308,test
711866358,test
710738883,train
717822108,train
714407058,test
710744433,test
778959258,train
713320008,train
766795983,train
716256483,train
712364283,train
714620358,train
709145958,train
709787733,validation
809071083,train
721165608,test
716668308,train
708760458,train
720333783,train
789212883,test
711341433,train
720235608,train
716890533,train
708491508,train
718542858,train
717750858,train
712450008,train
827628408,train
713492583,test
718054833,train
788770908,test
710175783,validation
715429608,validation
714058308,validation
717965808,test
709265208,train
713114133,test
721349883,test
758965158,validation
749722908,validation
709495833,train
717575958,test
714406158,train
767243208,validation
711515433,train
720190908,train
818814933,train
719794383,train
709766808,validation
709666908,test
794653983,train
716593533,validation
714113658,test
708776658,train
712225008,train
787450758,train
789099783,train
711751533,train
708367908,validation
714951858,train
720436008,train
718984533,test
716982483,train
708681708,train
720202008,train
714483033,train
711468708,validation
821724483,train
716402508,train
721189008,train
712867983,test
713814408,train
716671983,train
708252108,train
717212958,train
713048733,train
779841483,train
710701233,validation
718837683,train
718127958,train
718685358,train
771559158,train
710138883,train
711197658,train
709045683,train
708272808,test
720292983,test
709112508,train
712840608,test
788920308,validation
718160358,validation
719325783,validation
712885533,train
719268333,test
721004133,train
714103908,validation
771502383,train
713014533,validation
713980383,train
711294258,test
719954733,validation
711561933,train
826077033,train
711555483,train
715194183,validation
716929233,validation
709014558,train
710636208,test
815525508,validation
718746933,train
715686183,train
741778458,train
801056358,test
709486158,train
713826183,validation
803342358,train
780292683,train
788646858,train
711116133,test
708584208,train
789097833,test
709443633,test
767280633,validation
713096583,train
721033908,train
756025233,validation
711977508,train
772076208,train
710666583,train
712369308,train
794784633,validation
716437533,test
715109508,train
795392433,validation
712721358,test
720118908,train
799486158,test
718980633,train
717336408,train
709546608,validation
823624158,train
771688983,validation
708701358,train
712048008,train
710712783,validation
716626008,test
718284408,train
717414933,train
713032233,validation
714234858,test
714818058,train
708731658,train
708706833,validation
780100533,train
711712983,train
712549758,test
713348433,validation
820599333,train
787261008,train
778343958,validation
788407833,train
760807608,train
771108933,train
715954158,train
715499058,train
717995958,test
718736883,validation
721045608,train
715215108,test
795823383,train
718338708,train
713588958,train
710120358,validation
809582058,train
709199358,train
821889858,test
815324433,train
793656633,train
713246208,validation
711493158,train
721163133,test
826417233,train
711619608,validation
712244733,train
709638783,train
720296808,train
718926258,test
714706083,validation
721473783,validation
712230408,train
716186883,train
715204083,validation
709283358,train
817887408,train
789481233,test
718184883,validation
821157183,train
709837308,train
779491908,train
718399233,test
779447358,validation
710661333,validation
789114408,validation
710570058,test
712681608,train
709086933,train
709179708,train
711206958,train
823928058,train
796330983,validation
771284658,train
779307558,validation
788846508,train
783500283,train
802247658,test
795573333,test
721366308,train
720377433,train
711243108,train
789351783,validation
719699208,train
720774183,train
713590158,train
715547058,test
815596608,test
718921683,test
720031908,test
716716083,train
819969933,train
714382608,train
720092283,train
720531633,train
718508883,train
708794133,train
713447583,train
716107158,test
712713108,validation
719245083,validation
708269583,test
720234708,train
709436883,validation
714140133,validation
716136333,test
715031433,train
810667158,train
715253433,train
809937933,test
708997833,test
718296558,validation
780086658,train
708754833,test
788638908,train
715607958,train
708515358,train
716357058,train
714569958,validation
716822583,validation
721109358,train
827635083,train
715492983,train
712234308,validation
708334158,test
812488608,test
793345008,train
715487733,validation
788856408,validation
708154833,train
721147383,test
803973483,train
788941983,validation
715603233,train
709945458,validation
714614133,train
768167358,validation
737967708,test
712920633,train
780373233,test
721384308,train
712242633,train
713610933,train
714257958,train
772172883,train
720204558,train
779635533,validation
804658833,train
756691608,train
806219808,train
826266483,validation
775152708,train
787596558,validation
803205258,train
716041908,train
708837858,train
828227433,validation
714487458,train
711390333,train
787974108,validation
714036258,train
788752833,test
773108958,train
782437008,train
710729358,train
827423433,test
756919683,train
779219208,train
712342833,train
721121283,test
790006383,test
756989583,train
717477783,train
716614683,validation
789942033,test
740784258,test
711336033,train
768141558,train
717179508,validation
716520033,validation
783625008,train
769330908,validation
789396783,train
709310433,train
713094483,test
770753733,train
712659408,test
768475383,train
779655183,train
711278283,test
713345508,train
711379083,test
789144633,test
708393633,test
708657033,test
717949008,train
788866983,train
751283658,test
718243533,train
779754408,train
794866983,validation
711832533,validation
788552658,train
715415508,train
719962458,train
712734933,train
717410508,train
711796683,train
709407933,train
810493458,test
720494058,test
717050883,test
713163258,train
715659333,validation
712414908,train
720175008,validation
719876808,test
713334483,train
708360108,validation
720676158,train
716631708,train
713025558,test
710506683,validation
712428333,test
718041033,train
709169133,validation
718164858,train
809565183,train
778377183,test
712845258,train
716915133,train
771403008,train
787441383,train
711345258,train
713685033,test
718205283,test
708337683,train
720941433,validation
710201058,train
785218458,train
770740308,train
787493808,train
708846183,test
810586833,train
711151383,train
712425258,train
772063308,test
718574808,validation
717131283,train
798996183,validation
716831508,test
715297908,train
813234108,test
711027183,train
718812708,train
709505808,train
711267633,test
719613783,train
719035758,validation
708473133,test
712996833,test
720963258,train
819606258,validation
714634983,validation
806428908,train
710903358,train
712676208,train
709005633,test
712102983,validation
754480233,train
719042208,train
716251608,validation
715537383,train
709460883,train
789325008,test
719195733,train
787665258,test
710226708,validation
711982383,train
716345283,test
816850458,train
710842308,train
713132133,validation
788874333,train
717987258,validation
793712658,train
708324483,train
768612258,train
719659758,validation
711313158,train
716483358,train
719829633,validation
812465958,train
786536808,train
807369708,train
711397533,test
711740508,validation
715233108,test
813807258,train
769183908,validation
718451133,test
721115733,test
720085233,validation
717036408,validation
714427608,test
780019908,train
827898033,validation
720302883,train
715893633,train
720730683,train
720638283,train
789053883,validation
719286708,train
713952558,test
793395933,validation
813895458,validation
771733608,train
710102208,train
719511783,validation
712849158,validation
783070833,train
713419908,train
789345408,train
720992883,test
803652633,test
789248958,train
716178483,train
715440558,train
711535158,test
713647083,train
718311933,train
718404783,train
817332483,train
710015733,test
794965233,validation
710512833,test
710803008,train
712987608,validation
716974383,train
720930633,train
710136258,validation
779438208,validation
721017333,validation
720952608,train
712886733,train
810545733,test
822132858,train
713526258,train
712877733,train
713339283,test
720473433,train
780584658,validation
711824358,train
789990333,test
721332033,validation
709612983,train
771058908,test
715471833,train
711781233,test
713947908,train
709741608,train
709333608,train
709688883,train
716269308,train
708692583,train
709892658,train
713815383,train
710183283,train
711937158,train
771486933,validation
717450633,validation
718421808,train
716403633,train
717646983,validation
778837083,test
768632958,train
715622508,train
708402333,test
708946008,train
715625658,train
789599283,test
708960858,train
814840833,train
772082208,test
711597183,validation
712110333,test
718673358,validation
712479633,validation
716108283,train
779360808,train
716352033,train
716643033,test
711567333,train
788756133,train
755437533,train
713573508,test
709430508,train
710645583,validation
714253983,train
771566208,validation
713314533,test
720725883,validation
708539583,train
716747283,validation
787519683,train
721044333,train
713679633,train
711126483,test
814191333,train
715040208,train
710769258,train
715227633,validation
708635058,test
709051533,validation
718940208,validation
712361583,test
708390633,test
720281508,test
720885558,validation
709781208,train
710086308,test
713282733,train
815812683,test
708204033,train
720040158,test
755996583,test
711359058,train
714064908,train
717074283,test
765847383,validation
789531633,train
820593033,train
710078358,train
715025208,train
709596783,train
715960308,train
716653758,train
787268733,train
789923058,train
771079833,validation
710507733,test
779269158,validation
711627558,validation
710536983,train
712237458,train
778289883,train
714154533,validation
803657133,validation
769053033,test
713613258,train
768544833,validation
720782658,test
768162108,train
710511858,train
714516033,validation
788630958,train
717646008,train
712290258,test
716292033,train
780372408,train
720853158,validation
823507833,train
711111633,validation
709904508,validation
712022883,train
712173108,validation
714156633,train
714581358,test
713256033,train
825831933,train
720274158,validation
772394883,train
794253108,validation
720899883,train
714313608,train
716602683,train
715928808,validation
771899433,train
714771708,train
709711758,test
721137558,train
820268358,test
709273383,train
822959133,train
720491958,train
713607108,train
709729533,train
717890583,test
718384233,train
713401758,test
773257233,test
713556033,train
719265108,test
778740708,train
710952933,train
720991833,train
779954658,train
714204108,train
805546308,train
716244933,train
712018233,validation
802878408,test
719504433,train
794558658,train
711634008,train
708260208,train
713435058,validation
719656533,train
719709558,train
710311233,train
719216508,test
713105508,test
710719683,test
817892208,train
714102183,train
715410783,train
718202658,train
719445633,test
709820658,train
718481283,train
789300408,validation
711970533,train
815088483,train
717139608,train
717626508,test
767668908,train
712484733,train
716216958,train
714246333,train
718693683,train
716298633,train
755661933,train
712914783,train
711240108,validation
721396758,train
715636533,validation
711508608,validation
716669658,validation
718212633,test
708357183,train
713629533,train
771450708,train
711311883,train
802673508,train
708113208,train
788786208,train
720043533,validation
801083133,train
716246733,train
807157833,test
721032633,test
828285858,train
718890933,train
711148308,test
712810233,train
714098883,train
779327733,test
716364408,train
710461083,train
709306983,train
769035933,test
813182658,train
781110408,validation
818007783,train
708862233,train
714006333,test
770596458,train
789392883,train
803805483,test
709534083,test
710579583,train
708949908,train
711907083,train
718696458,train
710611683,train
721511883,train
779116158,test
720193533,train
753094533,train
719545983,train
716494383,train
769892058,test
709098108,train
715705683,train
715724808,train
717123858,train
716236683,train
771224358,test
779310033,test
710595783,test
711409833,train
721174008,train
714192933,train
709632483,train
718431258,train
817029108,validation
796931508,test
769577358,test
815589558,validation
714287583,train
718975083,train
715315008,test
779252283,train
714031083,train
772442883,train
714533058,test
716570958,train
710116833,train
718586133,test
773322558,train
714554808,train
717903108,train
815908908,train
771464808,test
708234558,validation
715737258,train
710188308,test
708670608,test
714839808,test
811140933,validation
788937933,train
721527858,train
718265658,train
714312708,validation
715821183,validation
709487058,test
712675158,train
826473858,train
817382958,test
712927383,test
712894308,train
712349808,train
778780008,train
711430908,train
779670783,train
718757808,train
779530908,train
716389833,train
718469658,train
809849358,test
719772258,train
809363958,train
709165533,train
809846283,train
708427908,train
721228308,test
713374533,test
708708858,train
721111233,train
708538608,validation
718866633,test
719100633,train
789328083,validation
822905058,train
816549933,train
716421633,train
712667958,train
809559933,train
819979458,train
708100533,train
778669608,train
802867683,train
711893358,train
785410158,train
718596858,test
708338958,test
714688833,train
789662283,validation
712805658,test
815598858,train
779412783,test
780036483,train
711527508,validation
720768258,train
716023533,train
714075708,train
787475433,test
787505133,test
712241433,train
807990108,validation
719018208,test
716641983,train
708989358,train
708807483,validation
715774833,test
714733908,train
721067658,train
788997408,test
719835033,train
771854808,validation
717299958,train
720778458,train
713019783,train
770968383,train
709747308,test
801366783,train
798786333,validation
771723408,train
715117008,train
713944833,train
713569158,validation
713037333,validation
718267233,test
709736658,train
710929233,train
714290583,validation
717972408,test
718626033,train
720008133,test
710476908,train
709888383,train
788864508,test
714010383,train
719549508,validation
718670808,train
718211208,train
712578933,test
709343433,test
767488908,validation
719531133,test
719006508,train
721287183,train
711144183,train
709080783,train
710520408,train
785262333,train
716513358,test
719073483,test
715372083,train
780034083,train
794581533,test
710013258,train
719084358,train
789173958,train
789575583,train
712434708,test
808675083,train
710864358,train
712574583,train
708412758,train
714389058,test
715767033,train
779281233,train
717147708,train
715029333,test
806989008,test
713158083,validation
771037008,train
710587458,train
710563458,test
720010608,train
710343783,train
772578858,train
708559533,train
711939558,train
772143333,train
711067383,validation
817041408,train
771942333,train
755247108,train
715710708,test
713858733,train
717129333,train
716924958,test
719614758,train
721537683,train
771500358,train
711531858,train
715060158,train
779725833,test
716592558,train
771020133,test
709153008,train
713394858,validation
721175283,train
715503558,test
819943458,train
717094758,validation
772073508,test
721351983,train
714477408,test
718471758,test
711607833,train
708621408,train
719277033,train
813905508,test
719761458,train
708222558,validation
713937558,train
709603608,train
804661083,train
720977358,train
718420308,train
714046608,test
718048608,train
718497033,train
711801933,test
716282208,train
789076083,train
714045783,test
769720683,test
721092783,train
720243933,train
818502708,train
712942308,validation
714262533,train
714708183,train
718285308,train
720595083,test
787501758,train
714990633,train
714652383,test
788776008,validation
709176108,train
719354433,test
709368483,train
717621333,validation
716272158,train
803355408,validation
717073308,test
789105183,test
721305408,test
715739733,train
779217333,test
712133508,train
714602658,test
712446783,train
720049083,train
824172258,train
717695058,train
719782458,test
718141983,train
718853358,train
772539558,test
817094283,train
716932308,train
714738858,test
772409733,train
717534108,train
816378033,validation
790141308,train
710770383,test
711351108,train
713744058,validation
708998583,train
827451333,validation
714228558,test
797668983,test
713023158,train
709982658,train
715398858,test
715615233,train
710650608,train
803214108,validation
717202083,validation
719051733,train
789900633,train
789122808,test
709902108,train
713666058,train
711453783,train
778936008,train
708085458,validation
749067633,test
716170308,train
711507783,train
819752133,test
711061908,train
744231708,train
716856408,train
711780108,train
715178733,train
721418133,validation
720124758,train
809068983,test
711052308,validation
718967433,train
709827933,train
787568433,validation
720256158,train
715435758,test
719505483,train
721247883,test
772220433,train
789692283,train
815091333,train
778732158,validation
715129233,validation
714083208,train
716559108,train
715102308,test
768814983,train
788744058,train
782802033,test
708499608,train
794947683,validation
716442333,train
772189308,train
721529583,validation
713578608,train
718976283,validation
711505308,train
711131958,train
714687858,train
780289308,train
708504783,train
778857108,train
756598833,test
718748133,train
714503433,test
710869008,validation
779643858,test
715250583,validation
714396558,train
752766783,validation
715532208,train
719130558,train
806232408,validation
715497558,train
716303583,test
713522058,train
719074308,validation
711881733,train
710310108,test
715814433,train
717252483,train
770874483,train
719742108,train
711064008,test
717208833,test
709022883,validation
713653983,test
713463708,train
789143283,test
778550583,train
711181608,validation
711790308,train
779791908,train
789515283,train
712046808,test
712169883,train
712637283,test
715555833,train
708712833,test
717841683,train
708689958,train
708888633,test
721012983,train
812406183,validation
714595983,test
715725858,train
720270633,train
720269283,validation
710142258,train
708525108,test
709621008,train
717181833,train
711288558,train
718653333,test
766628733,train
711724083,test
719690733,validation
770783508,train
713422083,test
718026858,test
716028108,train
712222758,train
718436133,validation
719313633,train
814586958,train
804344733,train
717166383,train
713060283,validation
713070033,test
793625583,validation
713918358,train
714308283,train
714086133,train
718872858,train
718148358,train
709665783,train
708483708,train
715347783,test
709054083,train
807915408,validation
794507133,test
712569408,train
788805108,train
710150208,train
711825558,train
712891833,train
719680908,train
801053208,train
758642733,train
771201408,test
789523683,test
767266758,train
713732883,train
720739083,train
718010133,validation
771518658,validation
710508858,train
772590408,train
719334408,test
717500133,test
720988083,train
713594883,validation
719848908,validation
714962658,test
717429258,train
717022533,validation
710853033,validation
709548783,validation
780055308,train
714252933,train
713336883,train
713119308,train
710815608,validation
809626983,train
803398983,validation
717568308,validation
711694083,train
712258308,train
713884458,test
716160708,train
772728933,train
815320383,train
712117983,train
788694558,train
709275558,test
711216933,test
717069033,train
714992733,train
809445858,validation
708859158,train
710040483,train
714667608,train
714475908,train
713656308,test
716790633,train
716127333,train
713017758,train
717893358,train
780032208,validation
720219633,validation
711676008,test
714192033,train
713442933,validation
789052308,train
714948858,train
711772983,train
802937058,validation
712493058,validation
718808883,train
719685408,validation
708829758,test
710792733,train
716838633,validation
714041283,train
710284233,train
752944533,test
713312208,train
804045933,train
716662683,train
713432508,train
799475658,validation
719849958,train
715803933,train
779486433,test
708281433,train
779844408,test
721306908,train
713964858,train
717545808,train
771232533,train
710883483,train
801715383,test
719594433,validation
716310633,train
714188883,validation
772437633,train
708536283,test
772569033,train
714443883,validation
710369658,train
788440083,validation
773332908,test
709307808,validation
712507758,test
715701033,validation
718478883,train
788734158,train
794490858,train
718397658,train
718826883,train
716733933,train
809307108,train
778671483,train
815504583,train
789319458,train
710382108,validation
720895533,train
709891608,train
717136533,train
790164408,test
795613233,validation
709009833,test
720054183,train
713193408,train
801508383,test
711949683,validation
787747308,train
720064158,test
779104608,train
715477233,train
719524383,validation
713804883,train
710359458,train
716311683,test
753795633,test
780076833,test
716019333,test
820657083,train
716901858,train
756571983,test
817607358,train
778268508,train
778984383,test
720771933,train
748827033,validation
712591983,validation
712181658,test
712297683,train
714684933,train
720742083,train
772310958,train
715343883,train
720470133,train
710420133,train
720933408,train
716304483,train
719534058,train
710515308,train
797241108,test
708884658,train
794475483,train
714315858,train
717217983,train
721124658,train
716753058,train
711069483,test
708478233,validation
710783358,validation
713710383,train
720815208,train
721338783,train
714121983,test
715061733,train
720520308,train
806908608,test
798972183,train
715030308,validation
708244458,test
789479058,train
784998108,train
711808383,validation
770839608,train
713866308,train
714250908,test
739317558,test
718702908,train
720644883,validation
717182883,test
719384433,train
787301208,train
720924633,test
721316358,train
716118633,train
789880533,validation
711221958,train
715510683,train
718689258,train
716368008,test
712092783,train
789541458,test
719539458,train
713082708,train
794665608,test
712827258,train
714525633,train
708726708,validation
768498258,validation
712767858,train
709231683,test
712445583,train
711461658,train
713891133,validation
710074458,train
779279883,train
719674533,train
716535408,test
710319108,train
714777858,validation
769974258,train
717819633,test
712953483,validation
779029458,train
721321383,train
716973333,train
709946658,train
709243533,test
709999308,train
712389108,train
712305333,train
812785158,validation
765459858,train
714894708,train
711296508,train
795713058,train
789487308,validation
720130233,validation
789047208,train
715864983,train
708765933,train
809320908,test
779324358,test
713730108,train
711783483,test
719294433,test
718279008,train
721238508,validation
709365483,train
718477983,test
719809533,train
717239133,train
814091058,train
710555433,test
770956158,test
718263108,test
715984908,train
711020358,train
788769783,train
715496808,train
779931783,validation
818763033,train
711953358,train
716485308,train
716432658,train
712691883,train
712611108,train
716245833,train
780052008,train
709759908,validation
788667408,test
721449408,train
708316008,train
714655758,train
711846183,train
720612333,train
714673833,train
710525508,train
757854858,train
714658233,train
716381808,validation
720831783,train
714319233,validation
718178583,test
708886533,test
716239383,validation
714672933,train
809954133,train
714855108,train
718730283,train
709232808,validation
804428958,test
711474333,train
720070383,train
720322008,train
714527433,train
789267633,train
714523383,train
713996283,validation
714557583,test
714014733,train
779065458,train
712733958,train
719231583,train
778801608,train
720728133,validation
718153233,validation
716122008,train
714960408,test
772382283,train
817236708,validation
714266883,train
792795933,validation
717219933,validation
719986758,train
712326708,train
721505358,train
804337233,test
785351133,train
714034158,train
720349983,validation
720155583,validation
806140383,validation
799031958,train
719556558,train
771455508,train
712214283,test
712667058,train
715393908,train
751518633,test
769100508,train
720582558,train
710773533,train
712395408,validation
818459733,train
708867408,train
772457583,train
810271083,train
712649058,validation
788737083,train
714012258,train
757662258,train
714388158,validation
720067083,train
814529508,train
794068308,train
824812983,train
713396358,test
719420883,train
785500533,train
712138008,train
709279608,train
788771733,test
753365883,train
770717883,train
716919633,train
717915783,test
720099708,train
711004533,test
709482633,validation
717381183,train
719716983,validation
711117108,train
780567408,train
778810083,validation
778696608,validation
771469758,train
714172158,train
713713983,train
787454133,validation
709597983,train
708298233,test
779885358,train
709938708,test
719620983,train
712329933,train
798280683,train
715265208,train
826069983,train
708890958,train
708818508,validation
795784008,test
714965958,train
716328558,train
780747033,train
713923233,train
710962308,train
713254983,test
720275358,train
715964058,test
721461258,train
710727333,validation
717325158,validation
825856083,validation
807136758,test
715400733,train
713927283,validation
711594858,test
711389358,train
720769533,test
715736283,train
768949983,test
711253383,validation
798457833,validation
794554683,train
789996783,train
712220283,train
751150233,validation
715815783,train
712599783,train
719653308,train
708928908,test
709780158,train
768675483,train
714243408,test
711323283,validation
713499408,train
719245983,train
810789708,train
710301858,train
718611333,test
787557258,validation
711533058,train
715805133,validation
708680583,test
789454683,validation
711428733,validation
715842183,validation
815772333,validation
778255083,test
715571583,test
720711483,train
827436483,train
710715783,train
758367933,validation
721399833,test
708727983,test
802822833,train
713276733,train
809440008,test
716959833,train
714432108,validation
772580958,train
715071483,train
712410858,test
715395933,train
711237633,test
781337658,train
718913358,train
715784808,train
718452633,test
769883733,train
709375158,train
801977733,train
709175208,test
788990508,test
720835308,validation
717365958,validation
779577108,train
801497508,train
716131083,train
784734258,validation
711122958,test
779508333,train
717699408,train
720210483,test
709329558,train
721222833,train
712682583,test
710051658,train
708606633,train
710862258,train
720072933,validation
757527033,test
713115483,train
816078708,test
713985183,test
789601308,train
720133908,train
803197833,validation
812222208,test
757634583,train
719362458,train
789331908,validation
715616358,train
711784908,train
806900508,train
710098233,train
713508333,train
712176708,validation
719724933,test
716537433,validation
713186058,train
787558683,train
718002633,train
789241308,test
713941158,validation
808950108,validation
719050458,validation
718021608,train
788870283,train
778272408,train
720079758,train
787457883,train
719884983,train
822056583,train
714585033,train
713981283,train
715328658,train
708918558,validation
748194633,train
719323683,train
708611733,train
771219033,train
721480158,validation
708086958,train
709100283,train
719350908,train
714124983,train
718031508,validation
709732608,train
713466033,validation
716369208,train
781143933,validation
711337158,validation
714724908,train
719973033,train
714196008,validation
780272208,train
717849708,train
712437108,train
767802483,train
709064208,train
714343608,validation
709668408,train
712753758,train
807722658,train
826808208,validation
757224108,train
816091608,test
819684183,train
719630358,validation
712399308,validation
721282908,test
820848408,test
710888883,test
711338058,validation
721317333,train
711350133,train
803606958,train
721039308,train
713440833,train
780814158,train
717255333,train
714368883,train
788797983,test
720642633,train
708793008,train
819351258,train
715212108,train
720046458,test
779942808,test
713709258,test
779961408,train
798699033,train
754968033,train
710163633,validation
781675983,train
720418383,train
778486008,test
718303683,test
716756133,test
711363258,validation
708551508,validation
715019883,test
711125358,train
708453408,train
716370258,train
803880108,train
708660408,train
709822008,test
716411358,train
717524433,train
721011858,train
719734533,validation
712285908,validation
713675658,test
712869783,train
708545058,train
817240833,test
711671058,train
719815383,train
808747233,test
713084208,train
806652483,train
709803258,validation
717765183,test
779041983,train
709868433,train
818699208,validation
717395733,train
719516208,train
717026658,validation
801516183,validation
716231133,train
779625858,train
709575858,train
720927183,test
772198983,validation
721122258,train
758875908,train
716501133,validation
719250783,validation
789179583,train
708254733,test
719758758,train
805458933,test
720408708,validation
788911458,test
771862308,validation
714616308,test
721221783,train
766021083,train
771918033,train
719756133,validation
711777633,train
713261133,validation
788519958,train
768412608,train
709972908,train
713029683,validation
768243858,train
711685758,train
714528258,train
818930808,train
713310558,validation
719995008,train
811713408,test
709649958,test
708822783,train
771869508,train
804413508,train
815756058,train
712278108,train
717072108,validation
721460283,validation
784827108,validation
717862308,validation
716726058,train
717405408,test
718734408,train
771666783,validation
789301458,validation
772329183,train
713792583,validation
719577258,test
770878458,test
798308058,train
772528158,train
718707933,validation
709791333,test
710090958,train
772687983,test
714707133,validation
720126033,validation
713995233,test
771638733,train
715009833,train
711497283,train
803418783,validation
814611633,train
709411383,test
825753258,validation
713930433,train
715941633,test
772162683,train
712531008,train
711583458,train
714418983,validation
708699108,train
771749733,train
715235808,test
716666133,train
716709858,train
715356258,validation
720389283,train
778131333,validation
708286683,test
814765533,train
814195758,validation
717121758,train
768720708,train
718032483,test
809966058,train
711553308,test
708253458,validation
711276933,validation
718165758,validation
780089658,train
826421958,train
778712658,train
708158133,test
712514508,train
710725383,test
772601283,train
716371308,test
718518858,train
712579983,test
716511483,test
708653958,train
712161858,train
716761308,train
710547783,train
772118583,train
712154883,train
793842558,train
792695808,train
798047583,test
719453283,test
717637908,train
708303108,test
788876208,train
772069683,train
780143283,validation
805453908,test
780897858,train
719881533,test
717346833,validation
718555308,train
771783333,train
709208808,train
818901708,train
713247408,train
715617333,train
714230808,train
715866033,train
718065333,train
710756133,train
713873658,train
771499233,test
711274458,train
790108908,test
797389758,train
827100333,validation
711647808,test
714035283,test
720553158,train
717924933,train
802856508,train
708376983,train
712673283,validation
711862533,validation
772407333,train
778356408,test
716791908,train
757761033,train
758186433,train
786546783,test
789634983,train
720654183,validation
715880283,test
719990358,test
779348358,test
715130808,train
713818158,validation
709728183,validation
715797783,test
710879283,validation
827051808,train
710484408,train
817108083,test
715995933,train
713567958,test
779118708,test
721484283,train
708817608,train
789231858,test
788661408,train
813449508,train
789925833,train
709296558,validation
780180033,validation
713474733,train
771527508,train
709614333,train
767005683,train
718686558,train
715655283,train
819631158,train
710866758,train
790119408,train
771332283,train
771408483,train
811912608,train
708684108,train
768638208,train
803115258,test
708869283,train
720892833,train
709762008,train
708600033,train
708736608,test
713047608,test
711717258,train
711886383,train
713058858,validation
713993208,train
717855933,train
713436183,validation
778360608,validation
710914158,train
714789033,train
809811858,test
826709658,test
752648883,train
715771608,train
719061933,test
792345258,train
711765708,validation
783393633,train
779667408,validation
805461783,validation
719098308,train
771433608,validation
825811158,train
715252383,train
809092458,validation
713706258,train
714693708,train
721072908,train
716675358,train
708128733,train
711392508,test
771420708,train
721207908,train
715798608,train
716758008,train
714847983,test
716975583,train
804434058,train
714293358,validation
710989008,train
757194408,train
711459483,validation
762020133,test
719256483,train
717211608,test
717125958,train
779261433,train
780720258,train
715593783,train
770858283,train
718570158,test
711039633,test
714074808,train
710439483,train
717516333,train
788835408,train
716414958,train
712327608,train
796326483,train
714146208,train
779166783,train
720818658,train
712982808,validation
718657083,train
715222533,test
718187508,train
802455633,train
714493983,train
780664758,train
718466883,test
771338658,train
709052883,validation
708373083,test
716157408,train
713305233,validation
713000058,test
714909858,train
804371733,validation
772846383,validation
712552608,train
719887008,train
773342808,validation
708375858,train
789417708,train
794675058,test
718034058,train
778919583,train
713850783,test
814785108,train
809616108,train
809378133,train
779658408,validation
717954333,test
737052258,validation
708108333,train
715047333,train
714390858,validation
717107808,train
713564208,validation
720357483,train
803339583,train
708972783,validation
710157108,train
721483158,train
767553333,train
710436108,train
779870883,train
817188408,test
719723658,train
806189658,test
789070233,train
712013808,train
708602283,train
809452383,train
714413283,train
712407783,train
720062508,test
717878883,train
714013983,validation
753208833,test
721241583,train
713695158,train
711540108,train
823878408,train
779533983,train
713583408,validation
714037308,train
715581633,train
795684783,train
718645308,test
717870108,train
815515158,test
713957283,validation
715058433,validation
794771208,train
720180633,train
815539233,validation
778933983,test
717960033,train
825368658,train
721154208,train
718572408,train
749571633,test
713914683,train
713301633,train
711399408,train
711494208,train
711716133,train
713906508,train
708768258,train
719538183,train
718957083,test
720872433,validation
779403558,test
788994783,train
715530258,validation
803380383,train
716766033,train
757300008,train
810986883,test
819200133,validation
710410158,test
714488433,train
714267858,validation
827062158,train
710669733,train
716498883,test
780529908,test
714028083,validation
714572208,train
708976908,train
721409358,train
809311758,validation
712602708,train
789087858,train
711264033,validation
770180808,train
789271533,test
720152058,validation
826490133,train
717966933,train
808669083,train
771422883,test
717570258,validation
708703308,train
789508758,validation
780653208,test
709077933,train
715200783,train
710526633,train
714186108,train
820047858,validation
708894183,train
708186933,validation
778937583,train
708498033,test
815315058,validation
751607058,train
718194858,train
827123883,validation
711473058,train
715197633,train
713512308,test
790023408,validation
720403008,train
709581483,validation
711201108,validation
708784083,train
712838358,train
714887808,validation
716581983,train
716930133,test
808981608,test
709714008,train
811942983,train
715565058,train
714519408,train
719153433,test
809127858,train
712740108,validation
720251358,train
713935533,test
710243208,train
708870408,train
795844983,test
828294933,test
713531808,train
712307283,train
715778358,validation
778910883,validation
710637183,test
712781883,train
709664658,train
717574683,train
771497283,train
714991608,train
779848383,train
715495308,train
712431183,validation
714895608,train
718324983,train
713541033,train
771989733,train
789698733,train
787514433,test
811081083,train
717371583,validation
715579233,train
781930233,validation
716825808,train
757053408,validation
788418933,train
788898933,train
712163433,train
717343833,validation
820868508,train
789240258,validation
716951658,test
718932633,validation
711487533,train
715306983,validation
712771233,train
789637308,train
717247383,train
714842208,test
794172033,train
713592408,train
709314408,validation
715957233,train
719414658,train
719632683,validation
708136908,train
721393083,train
714520233,train
709455108,train
767058183,test
770800683,validation
779651058,train
710443833,validation
717725433,train
720600858,train
717797658,test
779458383,train
788767983,train
711994458,train
713948808,test
710456658,test
771531708,train
713546883,validation
711447783,train
713746608,validation
718020408,test
719475633,train
719654283,test
720114633,train
816315558,test
712567083,train
711302883,train
719775408,train
712070208,train
718641483,train
710690733,train
718441308,test
772243833,train
711992133,test
779084208,train
715304958,train
713179083,train
709836258,validation
715950483,validation
798281808,train
720414558,train
713509908,train
711919608,train
709993158,validation
767815233,train
717624708,test
720015183,test
778236858,train
789095958,test
713736333,train
717836733,train
712619808,test
712221408,validation
714213708,train
720289533,validation
709469658,validation
772323033,test
742572558,validation
718848183,validation
719034183,validation
720142308,train
771872733,train
718816158,validation
720003558,validation
818993508,test
715672458,train
789820308,validation
819688458,train
710785383,validation
712837233,train
713597658,test
713953383,train
716891583,test
716510658,train
708125733,train
716484333,train
708519108,train
719740008,validation
717087858,train
711605208,train
714882258,test
792300858,train
766550808,train
718941183,validation
708516558,train
709350783,validation
771230508,train
710978058,train
713405133,train
710723958,test
823840458,train
791754258,train
789472833,train
711099408,train
745853283,validation
717790233,train
818791833,train
714981483,train
719373558,train
823609383,train
714408933,validation
713661933,train
716218908,train
818710233,train
719463708,train
817958733,test
708397008,test
720547533,validation
708780783,train
758178558,train
716237508,train
714735033,train
709726158,train
770909433,train
822121608,train
717278808,validation
712640583,train
716099958,train
788772708,test
712795833,test
718892283,validation
720294258,train
721181883,test
712098033,train
712593933,train
711343233,test
712394283,train
790021233,train
711890808,train
714164808,validation
825850383,train
789533133,validation
779523258,train
719617758,train
779858058,train
710423358,validation
710500983,test
711851583,train
779405133,test
719410083,validation
796196733,train
711904008,train
717666783,train
719911458,validation
787506558,train
719046558,train
708291633,train
720731808,test
745124658,train
789907533,test
716466483,train
715919283,train
756736008,test
772857558,validation
709246683,train
714559458,train
778405458,train
772150983,train
715128408,train
717856983,test
778231983,test
823908858,train
798011733,test
717945108,validation
712560558,train
711391308,test
717688233,validation
721093608,train
712669983,train
790017858,test
712012758,train
720249183,test
821813058,train
778152108,train
720563958,train
719633508,validation
716689383,validation
711420258,train
713177808,test
708897408,validation
710855508,validation
710115108,train
713920158,train
715303608,train
710897133,train
772813458,train
712998033,validation
712843983,test
717947508,validation
719279208,train
711365133,train
720328008,train
718183833,train
717985158,train
771928608,train
713355708,train
816761433,train
714245358,train
716313858,validation
714868608,validation
717273333,test
711631158,train
714127383,train
790204983,train
822051858,train
715144383,train
717971208,train
718829358,validation
779380908,train
714144258,train
797666358,train
709965858,test
779980758,train
811775883,train
799720158,train
713011683,train
713503983,train
712137033,train
715910883,train
718142958,train
719359458,test
714869958,test
771163533,train
709028208,validation
719834208,validation
779305008,test
714506583,validation
712677633,train
708450033,validation
719606133,train
789772983,train
720656883,train
718108758,train
709408983,train
771592458,test
778932633,train
708669408,train
779947908,train
716007708,train
767574108,validation
720777558,train
816841083,train
778849908,validation
708745983,train
713381433,train
779404383,train
718607883,validation
710542983,validation
709769283,train
721253508,train
801037833,test
711452583,train
716697708,test
708176208,train
716474358,train
713121408,train
794567133,train
717609633,test
708899283,test
772415808,validation
716176683,test
709245783,train
720507108,train
716751858,train
712829808,train
711900033,validation
712566258,train
712732908,train
717908208,train
826136283,train
778714833,validation
779302233,train
778659108,train
720374808,train
719592483,train
714702033,train
717042333,test
779122908,train
710676483,test
827712108,validation
769200858,train
779114283,train
771061008,test
716201133,train
817968783,train
826480308,train
720307683,validation
709618308,test
710119233,validation
789419658,train
789800358,train
715466133,validation
717659883,train
781942983,validation
712755783,train
779551533,train
714405183,train
801783108,train
779839758,validation
820648608,train
787587033,train
813967983,test
718067658,train
709952658,test
720824883,validation
789631908,validation
789089958,train
715847058,validation
721256808,validation
721269108,test
712770408,train
767958933,train
779866458,train
721246833,train
710752233,validation
709813008,train
710219658,train
789121233,validation
715146558,train
720205608,test
778606308,validation
710438358,train
712562433,test
718186233,train
713717283,train
713822208,train
710466633,train
711153783,test
718230933,validation
788885133,train
711637458,train
719532108,test
757643733,validation
715122858,train
708384033,test
708273858,train
803952408,train
778394358,train
713180433,train
787458783,train
720315933,train
713677158,train
739828308,train
720959058,train
718090233,validation
789939558,train
714169908,validation
796145133,validation
789233808,train
709071408,train
815830083,train
715932708,test
715281933,train
787529583,validation
717446208,test
715236783,train
804583833,validation
713772333,validation
715321983,train
717773433,train
778632933,train
808527183,train
714514008,train
711669258,train
797218233,train
710612583,train
712613808,validation
807173358,train
778349883,train
720592533,train
714668433,train
720967233,validation
718629858,validation
737962608,train
778207083,train
778781508,validation
714142158,train
715390608,train
715243458,train
715418508,train
711164508,test
713239308,train
712323183,train
797410983,test
721167783,train
712130058,train
714060408,validation
715515333,train
806970033,train
817337958,test
788132208,validation
812653383,train
709762908,validation
717114708,validation
767388783,train
794719983,validation
778378983,train
773275083,validation
719971458,test
721001883,train
778245633,validation
718535733,train
711909933,validation
709253433,train
719797758,train
789420933,train
709850508,validation
715335558,train
711516783,test
798917883,train
721525758,train
716249508,test
716953083,train
712448658,train
711766758,test
709432833,train
719964933,test
719857008,test
758340108,validation
708276183,train
716481408,test
720590058,train
789347133,train
719112258,train
717748608,train
710740008,validation
716694108,validation
719372583,train
719981508,train
751350558,train
715123983,validation
709250508,train
716754783,train
719025333,validation
718566858,validation
710675508,train
818729208,train
709068183,train
715358283,train
710966433,validation
708575058,train
713929533,validation
714087258,train
756383283,train
720766908,train
718133733,train
720823458,train
720027258,validation
807604233,train
801786483,test
789138258,train
805524708,train
779642733,train
771735933,train
789917208,train
779608083,test
711287733,train
774675933,train
716741508,train
721106133,train
716698608,train
716299608,validation
718116933,train
720513333,train
802460433,test
720482583,validation
719584608,train
709477233,test
719512983,validation
714923583,train
779397183,train
714671658,validation
779218233,train
713456583,train
790221633,train
721299483,train
711701958,train
783573408,train
709641933,train
718755483,test
720914358,train
714811533,test
719898108,test
720719883,train
780338733,train
709810458,train
821356083,train
793428408,train
746453583,validation
771799008,train
719075883,train
714986583,train
753233733,test
806914158,test
812671758,train
789191358,train
772111083,train
714961383,train
817288458,train
719163108,train
713922183,train
716443608,train
827953683,train
789678483,train
793630083,train
756306183,train
736893108,train
712900308,validation
798045708,validation
715657833,train
712111608,train
711792783,train
716067333,validation
780660183,train
720761208,train
788794758,train
711150333,train
714418158,test
713634108,validation
717231558,train
711589758,test
787481208,validation
715516458,train
714998508,validation
713328108,train
716229108,train
820925433,train
816129258,train
808903308,validation
713809833,test
713542008,train
717385083,train
708652908,train
715644633,train
708761733,test
714600258,train
823566408,train
713373708,test
708307533,validation
820085808,test
716685033,train
713063958,train
708371733,train
780277458,test
797232183,train
720789933,train
808281483,validation
712968708,train
711263058,test
788813658,validation
721444758,validation
711448983,validation
712664658,train
714237033,train
718370733,train
713726958,validation
794160408,validation
716009883,train
711873033,test
712715208,train
778899708,train
771865908,train
716273133,train
709927458,validation
715162608,test
719862258,validation
788719533,test
715566408,train
717359208,test
721410858,train
779420583,train
714222183,test
709079883,train
721406658,validation
713782608,test
720236433,test
785106933,train
716673258,train
708341958,train
797150733,train
718279983,validation
718548558,train
780360558,train
715012833,train
772388508,train
788199858,train
769578108,test
719843958,validation
767197983,validation
711874833,train
714930333,train
720989133,train
720893958,train
769709058,validation
711005583,validation
826548708,train
711093408,validation
712831908,train
780222408,validation
714181008,train
772346358,train
717489033,test
710969433,train
715807383,validation
711807333,validation
816086508,train
714424533,train
779536233,test
710794983,test
779890833,train
779837808,validation
713748708,validation
709123908,train
816476658,test
743800833,validation
806415183,train
794054058,train
771907158,train
815789883,train
712177908,test
711234783,train
793379058,test
720480183,train
712974558,train
717409533,train
712200033,validation
713563383,train
802795608,train
787452333,train
709520058,train
819690933,test
820694133,train
711800658,validation
717722958,train
712279683,train
716606733,validation
716060358,train
709158333,train
721113333,test
712620858,train
712855683,train
715463133,train
716551533,train
771220758,train
709920258,train
708959583,train
712510833,validation
710840433,validation
712853358,train
788502858,train
721139808,test
711375558,validation
713798958,test
709362033,train
719860308,train
714443058,test
716315508,test
717651333,validation
798489258,train
710742408,train
812089383,train
711968358,test
794227308,train
719845908,validation
716851908,test
720599658,train
720401658,test
827442858,train
779034708,train
718806783,train
714484008,train
719176308,train
769662033,train
721020858,validation
714630858,train
710838108,test
712662783,validation
713160258,train
778163508,train
713785608,train
779905008,train
789491058,test
793736958,train
720961383,train
714202008,train
721479108,train
715549158,train
710308983,train
710981583,train
712704933,train
716165508,train
710630583,validation
709571958,train
790115358,train
715904433,train
709078908,validation
717541308,validation
779916408,test
714979383,train
711691608,train
788930358,test
716351208,train
708266883,test
718858683,train
771617883,validation
718001508,train
708995283,validation
721173183,validation
711102858,validation
711722808,validation
787466808,validation
716116383,validation
713257083,test
772661808,test
713382558,train
717596883,train
712993008,train
824763783,train
771730758,train
780265458,train
714256758,validation
710292333,train
712171158,train
787339158,train
788782008,test
714848958,validation
714987633,train
717684858,train
767376483,train
709901058,test
823149483,train
780073158,train
779998083,train
713144208,test
771594783,train
816613158,train
770774133,train
712300683,train
714536208,test
784880958,train
713784558,train
719305608,train
720190083,test
708323208,train
781183233,train
718825908,train
716963283,validation
714924483,train
779922183,train
719449533,validation
712559058,train
717853233,train
790069233,train
794576058,test
779877858,train
772334133,validation
714139308,train
806634783,validation
720101658,test
719925483,train
719572833,validation
720729108,test
819214233,test
718896108,validation
713723433,train
708514383,train
716961033,validation
778819083,validation
714773508,validation
814181433,test
711984633,train
710662158,train
711356733,train
711456108,train
780727833,test
771471708,test
714320358,test
720700008,train
713027058,test
778228458,test
781137783,train
719821908,validation
720537633,train
712378983,test
763681908,validation
721164483,test
715447008,validation
769676358,test
710487033,train
714197133,train
718488783,train
715663458,validation
717865008,test
771400608,test
708148158,train
720589008,validation
784795083,train
809844108,train
711521958,test
711833508,train
713146683,train
716968683,train
716279508,validation
771336783,test
717502083,test
714843483,train
709745508,train
711382458,test
712190358,train
788805858,validation
709102458,train
712533708,validation
720326733,validation
713605908,validation
711598533,train
795855258,test
826783233,train
789228108,train
785230083,train
807946833,validation
711011508,validation
718632933,train
717284133,train
711701058,train
712228458,validation
717146208,train
719028783,train
713274183,train
789218433,test
790139583,validation
720218658,train
747074058,train
719170683,test
708753633,test
710780883,validation
785237958,train
711333933,train
710797833,test
720154533,train
719123958,test
780942633,test
720034983,test
717307158,train
708876183,train
712660308,test
715958583,test
771546708,train
711252258,test
772585008,train
751143858,train
708824958,train
819612933,train
712804383,train
790149483,test
712121508,train
778853358,test
716512383,test
823548858,validation
712144158,test
824560758,train
757710783,train
713081583,train
710481333,train
721060083,train
713759583,validation
717547383,validation
711683358,train
710044308,train
713101383,train
757685733,validation
717823383,test
796029483,train
710099358,validation
713872008,validation
788802483,test
817988433,test
823554783,train
710643183,train
779859558,train
798238008,train
811974483,validation
778471758,train
718513233,validation
718147233,train
713700258,test
780670083,validation
711438033,train
712253058,test
713519508,validation
789992733,validation
710110683,train
720260433,train
714148758,test
715522233,train
712790358,train
714943233,test
789579033,validation
708952758,train
721374033,test
808891983,train
794516508,train
714032883,train
778722033,train
823578483,test
715148658,train
709669533,train
787467858,validation
708671733,validation
709790058,train
712714008,test
715191258,train
757722708,test
718086783,train
815253708,train
715083633,validation
792098883,train
711873858,train
713931258,train
787591008,test
801518958,train
713068833,train
710566533,train
789151983,test
766673433,train
807589908,train
708190158,test
784895358,train
710090133,validation
799242033,train
719377383,validation
710371683,validation
719926683,train
793597833,test
713739708,validation
709389558,train
811907583,validation
709087983,test
712774908,test
820639908,train
713497983,train
713489358,validation
711381183,validation
814989933,train
711847833,train
772837083,train
713652783,test
719202708,validation
714566133,train
717553683,train
814987983,train
789588933,train
714317058,test
772271508,train
716366208,test
710971908,test
711412533,train
720593583,validation
720165258,train
716147658,train
778436283,validation
711492258,train
771106458,validation
713183508,test
710832108,validation
719940483,train
715207458,train
716839983,train
781073733,validation
757594083,test
764496708,train
714080433,train
757675158,validation
715361433,train
778191933,train
718792758,train
709738008,test
799020258,validation
718152333,test
716324583,validation
720887058,validation
714825408,train
788620083,train
719490108,test
709044183,train
756944133,train
785285883,train
779770683,validation
718510983,train
710322033,train
710560008,train
711298458,train
789164283,train
715773783,validation
779158533,train
720463833,validation
712747758,train
771067308,train
750995508,validation
716171358,test
794637333,train
718437033,train
718492908,train
716033508,train
717603858,train
714741933,train
716558283,train
719022558,test
717334233,validation
709222008,train
719192808,test
719281533,validation
710877108,train
714155283,test
771214083,train
770581983,train
718742808,train
710257683,train
721426383,train
721041483,train
719922558,train
715072533,train
716214108,train
772216833,test
708553008,test
778880358,validation
720258183,train
720689583,test
758168133,train
716322783,validation
711118083,train
709591533,train
794556333,train
771630783,test
708672708,train
715590258,train
714241083,train
708416433,train
779183958,train
709061658,test
717384183,test
778921908,test
714745608,train
709200633,train
714714558,train
801363633,train
778847808,train
713015433,train
711666708,train
809631483,train
808967883,validation
710532258,train
812235108,train
817293258,test
714695883,validation
738062658,test
709518858,train
819634233,test
711272058,test
716262708,train
708928008,train
765755283,train
711922158,train
773177358,train
779638983,validation
708723858,test
712184133,train
709948233,validation
709415583,train
714005508,test
712407033,validation
716333283,train
715534083,train
789492558,train
770929383,train
708890133,test
788595183,test
713167383,validation
717704433,train
718590183,train
719019483,test
710401458,test
720783558,train
772364358,train
719868183,train
709388058,train
717004533,train
714969183,validation
720837708,test
759947433,validation
767404083,test
781926633,train
772127508,validation
720518283,train
715380483,train
789296133,train
711029358,test
712615008,train
816826008,train
715488483,validation
717759783,train
796083783,train
709925733,validation
715309083,train
778441533,train
715891533,validation
788848458,train
708399858,train
711944733,train
712683633,validation
785487783,train
718951683,test
718329183,validation
788960658,train
713120433,train
720980958,test
709606158,train
714168183,test
712524858,train
815072283,validation
715980258,validation
788715483,test
809276808,validation
708885558,train
789373683,validation
714216858,train
719150658,train
712302783,test
799717458,train
716354883,test
719601708,test
720150858,train
824915208,test
798777708,train
805229133,train
716365233,test
796544133,test
778143183,validation
717011958,train
778264008,train
789507408,train
788842008,train
714742758,train
717742908,train
712874433,train
711092658,train
720299283,test
719237058,train
719671383,test
788290383,validation
779701983,validation
779247483,validation
767093133,train
717979008,train
712132383,train
772306383,train
714469008,train
812446158,test
779401233,validation
784994883,validation
721080183,train
712572858,train
719759733,train
780371433,train
822170733,train
708224133,validation
719299533,train
780633483,train
771356508,test
823629333,validation
712961658,validation
710464683,test
716688183,train
789082758,train
709140858,train
822127008,train
720496158,train
774588633,train
788465583,validation
741517458,validation
709935708,train
721112508,validation
720734583,train
772286658,train
807149058,train
771045708,train
711733308,validation
710518308,validation
716586408,test
713152383,test
771935283,test
720460083,validation
825838908,train
709082808,train
710937783,train
789540108,test
709824633,validation
717874533,validation
712571883,train
716926758,train
716181858,validation
779613933,validation
712136058,train
709678608,test
714276408,validation
719953383,test
718795083,test
720503508,train
770762133,train
713555133,train
711232608,test
780322908,train
708207783,train
719590458,train
778679883,test
780230208,train
827703258,train
807379833,train
711178383,validation
712203333,train
709261383,validation
715829358,validation
713213133,train
778860783,train
779442783,test
780008358,train
721274208,train
714076683,test
788791383,test
709459608,train
711560058,train
717657333,test
812218908,test
787482033,test
779141658,train
813810333,train
789613083,train
794540883,validation
811889808,validation
720509433,validation
715091208,train
719269308,train
718200333,train
713487633,train
789363408,test
713916708,test
823833483,validation
717756258,validation
712879158,validation
709474683,train
772313358,test
711856683,validation
718530258,test
716288208,validation
718712583,train
806432433,validation
720074583,train
768848658,test
709895508,validation
711542358,train
718773333,validation
816832383,train
714042108,train
714664683,train
713894358,train
715436883,validation
715260558,train
713664258,train
713364783,train
718078008,train
798546408,test
779018508,train
802668333,test
718320933,test
789016983,validation
713907633,train
708474333,validation
778894233,test
717244683,train
711410958,train
799711833,train
714047733,train
710061783,test
711082908,train
721190358,train
712760208,train
751563933,train
815498733,train
718433508,train
720935658,train
714754533,test
714713508,train
715038033,train
809169858,train
718379358,test
779456508,train
708907833,test
708693558,train
718665933,test
816073983,train
715851333,train
712884408,train
715404783,train
773356008,validation
789525408,train
721212258,test
719625933,train
714304458,test
819975183,validation
785515533,test
720712533,test
709861008,test
713911233,train
712580958,train
719473458,train
711764733,test
794124708,test
780707733,validation
780620883,train
720849708,train
789312033,train
778742358,validation
719658858,train
713425383,train
770842833,validation
712029783,train
718893333,test
711203658,train
718567758,train
771719283,train
717926358,train
779751258,train
774491958,train
713428833,train
714166833,train
809464608,train
789681708,train
713102733,train
715195383,validation
812408058,validation
787226508,validation
713537733,train
715170183,train
717109983,test
713208033,train
712788258,train
758382183,train
715469583,train
709235058,train
714786483,validation
713299758,validation
771912408,train
721445658,train
719787633,validation
713697933,train
712208658,test
708219108,validation
709065483,validation
715237683,train
712925808,test
788931558,train
717521508,test
713688933,train
712405908,test
789298833,train
715729683,validation
717682233,train
712266633,validation
719272458,train
780769308,train
721468533,train
816615633,test
720167508,train
711152658,train
771772083,validation
708419733,train
709372608,test
788907033,train
711136008,train
716691783,train
812618883,test
715908558,test
718024908,train
709558608,train
824177733,train
719784708,train
717535083,train
712453308,train
721008933,train
720859533,train
789556533,test
717656433,test
792524358,test
758211483,test
801380808,train
716329383,test
716871633,train
718491708,validation
787502883,train
715183308,train
713872833,train
708535158,train
711658758,test
717248583,validation
713087958,train
721495458,train
786097158,train
712219083,train
715327683,train
715624533,train
715599633,train
718958583,test
717397983,train
715037133,train
818767458,train
778863258,train
712075083,train
711963183,train
720903258,train
772404633,train
713302758,train
717859233,train
712955433,validation
718292283,train
713197308,train
789175683,train
811700058,test
818476383,train
720164358,train
710357208,validation
711325308,train
721486908,test
711210633,train
712570458,train
712058133,train
708153558,train
709893858,train
709225758,train
709984083,test
711854808,train
822125283,train
717340608,train
711084183,train
720891633,train
719607183,train
715839708,validation
717008358,train
769152783,train
788240358,train
716098683,train
802675983,validation
712716108,train
709238358,train
708682908,train
812794983,train
708968733,validation
779315508,test
740065833,validation
721063533,train
718189908,validation
780064983,test
770920908,train
718046433,validation
711842508,train
772869033,train
715298808,train
708877458,train
787496733,validation
789469083,test
709497108,validation
784819758,test
720412308,train
719178183,train
789560433,test
712931733,validation
714417183,train
771097683,validation
713824983,train
715360458,train
711736083,train
714821433,validation
779263533,train
773988708,train
719623083,train
718304583,validation
720198183,test
780545133,train
711128433,validation
789960783,train
709556208,validation
712053033,train
794482158,train
780450708,train
710016708,validation
709434408,train
778716783,train
712447758,train
779435883,validation
719918358,train
720474408,train
719401158,train
778430733,test
717583908,validation
823519458,validation
712381683,train
716045508,test
820936533,train
721227258,train
771304383,train
717600483,test
778865583,train
709871658,train
818280108,validation
716350008,test
778172583,test
719121708,train
714342033,train
788811558,train
788943333,test
719258433,validation
717895833,test
711550983,train
714077583,train
720939933,train
716725008,train
788824083,train
716335983,train
719157933,validation
716704158,train
716258358,train
827904183,train
820394733,train
716574033,test
736786908,validation
774099708,train
714282333,train
717471933,train
818316108,train
709838508,validation
716212383,train
757667133,train
794571108,train
711370458,test
788528958,train
716745408,train
771752508,validation
788916933,train
714938733,test
761818758,train
714422058,train
712191783,validation
716319258,test
719813058,test
712351908,train
716742483,test
708160008,test
709269708,train
779098308,train
717257658,train
775112958,train
788812608,test
711002058,train
716199408,train
718100808,train
790051758,train
772430733,validation
713460258,validation
820036533,train
719785683,train
711830433,train
807393558,train
718306308,train
772725408,test
711183558,test
720317658,train
710596983,train
716986458,train
717382608,test
825767658,test
717513933,test
789186858,train
717658758,test
715575258,train
714975633,train
715396983,train
712624383,train
721335558,validation
711167808,validation
713761608,test
713367858,train
710489583,validation
720422358,test
772098858,validation
789304983,test
779257233,train
717579258,train
709418508,validation
778439883,validation
716063583,train
716609433,test
721053633,train
711559008,train
718698558,validation
770190258,train
709008708,test
823922208,validation
718457058,validation
708472008,train
710395233,train
716732958,train
780108408,train
720962208,train
714019083,validation
721225083,validation
819109308,test
721029858,train
716762733,train
710260983,train
793608258,test
719677758,train
771411408,validation
794191008,test
708905733,train
788327358,test
751974258,train
805516608,train
720006333,train
780114558,validation
713090658,validation
718889508,validation
824799108,train
788618208,test
713133258,test
717370533,train
720425508,train
712948383,test
712839633,train
820330008,train
826150608,validation
779187783,test
720809358,train
714054408,train
789827208,test
718308558,validation
801064833,test
719838558,test
714510483,validation
718246458,train
710822808,test
791730183,train
709722858,train
712582983,train
714999483,train
711388458,test
796174983,train
712918083,train
715459158,test
712687083,train
713003358,test
812443458,train
712984983,validation
708826158,test
788725608,train
717559533,train
720443358,test
806694333,train
709770408,train
718259433,train
770705208,train
720655833,validation
797898858,train
779548008,test
718388733,train
711742758,validation
757863258,train
711947358,test
712157958,test
814760358,train
710192283,validation
718977483,validation
712129158,validation
714880533,train
808287408,train
709619433,train
708881583,train
711332883,train
717696333,validation
820587258,test
768733533,train
779779083,train
720735408,validation
819160158,validation
804601833,test
714823308,train
711577458,test
787539333,test
716806383,validation
812230308,validation
778420383,test
774012933,train
718756533,validation
812224983,validation
714284358,test
709530408,test
750690258,train
716283108,train
718353633,train
718528833,train
718006608,train
710569233,train
718694658,train
779293308,train
718276758,validation
712654233,validation
719296383,train
808279158,test
780497958,test
715519983,test
708568983,train
823648983,validation
789412458,validation
716837508,train
711249858,train
712009083,train
720522633,train
713071383,train
712938258,train
719071158,train
709046958,validation
708748833,train
711364233,train
712645908,validation
708428958,train
719714658,train
720874983,validation
719180958,train
710360583,train
823848183,train
783121008,test
789529158,train
708500883,train
811965558,validation
714383583,train
809425533,test
716858433,validation
812534958,train
714052158,test
780200208,test
711458583,train
826451433,test
719740983,train
709019283,validation
710213508,train
710814633,train
775267158,train
712268808,train
720178158,train
779805408,validation
710958933,validation
720698883,validation
780384483,test
714190983,train
713808633,test
710295858,test
713209308,train
788709408,test
717757608,train
715300683,validation
711436983,train
789582483,test
790168083,validation
742865883,train
770848308,train
713486583,train
708697983,validation
823539558,train
711339258,test
781171908,train
815582358,train
755212608,train
716486508,train
771674958,train
787909158,train
717140733,train
799468083,train
718993533,validation
713870958,train
709171308,train
798553158,validation
720819858,train
815078433,validation
710924658,train
709883883,validation
718650258,validation
711613308,train
718558758,validation
718504233,validation
709108533,test
713236458,test
714352533,validation
717353433,validation
813804783,train
771062733,train
715649358,validation
713552958,train
715209333,train
769935783,test
815613033,validation
718732833,train
816328308,validation
711814608,train
803216433,train
710694033,train
709257708,test
720174033,train
820666083,validation
712044558,train
713131158,test
803335008,test
795869583,train
789535233,train
716441058,validation
718113633,validation
708908883,test
712152408,train
708229308,train
715351983,validation
798451908,train
794962983,train
721000833,train
720086358,train
710064033,train
780588258,train
710833908,validation
714449283,train
772339383,test
721382208,validation
779349783,validation
789450408,train
709210833,train
821752908,train
789878283,train
709319658,test
719222133,train
715551783,train
712718958,train
709764483,train
783361533,test
717942033,train
817908783,test
713708358,train
713705358,validation
789551883,validation
812247033,train
717580458,test
780551733,train
719722308,test
718328283,test
826061508,test
715610733,train
710161083,validation
712464933,validation
768181608,train
713869083,train
711465333,validation
719924433,train
719248158,train
719944458,test
715799808,test
721264533,validation
711838008,test
711826983,train
719413383,test
712990458,validation
789594108,test
718764708,train
820271208,validation
708369633,train
712055433,train
721114458,train
714959358,train
708396033,test
719593608,test
715830558,validation
716406483,validation
714941358,train
716088783,validation
718458858,train
715754133,train
715630983,train
712768983,validation
716881683,train
711108408,validation
717565233,validation
789539058,test
768643158,train
721530633,train
721188033,train
810261633,validation
717529233,validation
719365233,train
720943308,validation
714425283,test
711794358,test
719683158,validation
709406733,train
708572658,train
714001008,train
712833633,validation
716260833,train
708863733,train
717076458,test
712412958,test
720535008,train
711578658,validation
709373883,train
780730008,train
824816358,train
716106108,train
709807383,train
716430933,test
789866133,train
718634058,validation
715129983,validation
717177783,test
719694408,test
806992533,validation
718045008,train
711010683,validation
714759708,test
718801158,validation
712256358,test
779803008,test
710968008,test
771584658,test
718102758,train
811076883,train
770970558,validation
758863383,train
716863458,validation
766821033,test
814590483,validation
773283108,train
721006458,train
714615258,test
788687133,test
820108008,test
717781608,train
720136458,validation
716247708,train
714968208,validation
719913783,train
720621408,test
721169883,train
719324658,train
714577233,train
712367658,train
803655333,train
710455608,train
711328458,train
708123033,test
713514633,train
710745633,test
710374008,train
772166058,train
715017858,train
717571683,validation
743420208,train
716201883,train
714593883,train
711003483,train
819628158,train
712021233,train
708573933,test
710758683,train
718288833,train
708873183,train
766224933,train
771626283,train
720372483,train
712916958,train
716124408,train
714128283,train
708163758,train
716979183,validation
716480358,validation
800758233,train
720413658,test
715832058,train
716323683,train
819616383,train
771069033,test
821241708,train
716987358,test
710300733,validation
712497783,train
709259958,validation
716296833,train
715728108,train
771507258,test
713758758,test
779809908,test
816310158,train
780349833,test
818235408,train
709213458,test
719634408,test
709934808,train
712238958,test
711813258,train
789983133,test
792139308,train
718123608,test
715369008,test
717556758,train
718252533,test
716340783,train
717898758,validation
825743583,train
717711108,validation
789791808,test
807971658,train
770220558,validation
818239983,train
712544358,train
720306408,train
721488858,train
710771433,train
708662583,train
717663033,train
721524858,train
788778033,train
708649683,train
708770883,test
708152358,train
719210133,train
714690633,train
719719158,test
712690458,train
718758783,train
716947083,train
709075533,validation
712952283,test
718799958,train
718663983,train
789550458,train
708226833,train
714361083,test
714608583,test
710775483,validation
709410033,test
717173358,train
719773158,validation
771292233,train
756371058,train
709476033,validation
770560683,validation
788766933,train
713550483,test
709928358,validation
713895633,train
720471108,train
718192608,train
805485933,train
712517808,train
780604083,train
715311183,test
712265508,train
715051608,validation
757786608,train
714303483,train
718728108,train
710019933,train
812453283,train
717439983,train
714391683,train
827901183,validation
708841233,train
710663508,validation
716439258,train
719610708,train
715026258,train
711706458,train
712180308,validation
802622733,train
778832883,train
788671608,train
718023708,train
718692258,test
718357458,test
714003483,validation
713632983,train
711008508,test
815230458,validation
719612583,validation
709514433,train
815826708,test
815520333,validation
718661958,test
788980983,train
721171008,test
714682233,train
720736608,validation
718333983,train
772207683,test
714794133,train
756639708,test
713686008,test
713475633,validation
717518733,train
712532058,test
789666333,test
711422358,test
708510858,train
767023308,train
789289383,train
708805908,train
710155158,test
713330133,train
714403983,train
720353808,train
710362233,train
771484908,train
717047583,train
715694433,test
793456983,test
715742658,train
715518783,test
779514558,test
720017958,validation
712895733,train
719039283,validation
719629308,test
754443033,test
716159958,test
712195383,train
822885033,train
716543433,validation
717403158,test
826065258,test
709397508,train
720748608,train
709823733,test
713542908,validation
720512433,train
713671158,train
802449933,test
716723658,validation
710451708,validation
809540733,train
716372358,validation
710162133,train
710878308,train
710262408,validation
713975433,test
771244383,validation
710405808,train
715542783,validation
815840283,train
788908308,train
789394833,train
712609533,validation
710237283,train
770766633,train
823837158,train
712123008,validation
711727083,train
720033033,test
787723758,test
770926158,train
711360783,test
708285108,validation
713390433,train
718096608,train
719094333,train
813764283,train
713398158,validation
711227883,train
810040908,train
772640808,test
784907658,train
794692158,validation
718383183,validation
721156758,validation
811793433,train
712010358,test
719420058,train
809459733,test
798783858,train
711432258,validation
721294533,validation
718425333,train
714294183,test
714637908,train
712341933,train
708332808,test
708354858,train
766649283,train
817951083,train
708301683,train
713655108,train
714560358,train
712113558,train
710603958,train
720597108,test
713810658,train
721519908,train
712025958,test
794740458,train
709814883,validation
719767683,validation
715321008,test
710106933,test
716655858,validation
778260108,validation
713986908,validation
780042633,validation
713269533,train
713868033,train
708103608,train
789684258,train
779067408,validation
712231308,train
761079783,train
787518258,train
717631908,train
769396158,test
713462508,train
716717733,validation
709383933,train
717283008,train
793449333,train
710873583,train
718486608,test
716748483,train
715113933,train
711160233,train
715714458,train
709615458,validation
719955558,train
713072358,validation
721402233,validation
713691633,train
708866133,validation
757256358,validation
784868958,test
710845308,train
719368533,train
718337733,test
715132758,test
712556433,validation
718947558,test
710303208,test
804158583,train
711720408,test
715808808,test
715076358,test
718343058,train
769667583,train
709013208,train
716004258,test
715645908,train
717724233,test
719850933,train
790131033,train
721211433,train
721290708,train
712107783,validation
818960133,train
713560758,train
718579833,train
778643733,test
770977833,train
708721533,test
772300383,train
751155783,validation
768457008,train
794494308,train
710980383,train
716663808,train
712912233,validation
717992433,validation
709971708,train
715600533,train
710153583,validation
794132808,train
720565458,train
715496058,validation
709015833,validation
718612758,train
712438308,train
716238483,train
718297683,validation
712206033,train
710904708,test
711190233,train
710535708,train
794573883,validation
719118708,test
790201158,validation
779333883,validation
719805183,train
721220583,test
779685558,validation
713965683,validation
710667708,train
718979733,test
712104333,test
793560033,train
779920533,train
717480783,validation
709066983,train
718528008,test
712390683,test
826245858,test
712966458,train
709467183,validation
710529708,test
789817833,train
712363158,train
717060858,test
718060983,train
711600033,test
709910733,train
757291008,train
819376683,validation
720458883,train
708963258,validation
711746133,train
715249533,train
708522033,validation
708496833,test
717464958,test
751166508,train
795218883,train
710856558,test
721107258,validation
716457783,train
710810883,test
710895708,train
789200208,train
718578708,train
719859033,validation
713036208,test
771769383,train
718316058,train
710155983,train
779571708,train
718042383,validation
710244108,train
806649333,validation
789280683,train
713318733,train
709611183,train
712441308,train
709315383,train
710141208,train
711684408,train
758331483,train
715825458,train
708248358,train
779808333,train
715989108,train
714912408,train
827683383,test
719595708,train
711566208,validation
711161133,validation
715052583,train
714586458,train
711523533,validation
756658083,test
709247808,validation
713242383,validation
717135333,test
716150358,train
717457008,train
711822933,train
803968233,train
779037408,test
709007883,test
714635883,validation
779914383,train
712841883,validation
719582058,train
708387933,test
717251508,train
710699283,validation
709141908,validation
720356133,train
717788958,train
778563858,train
711096633,train
716816583,validation
719841708,train
708555633,train
714638883,validation
809147283,train
708197358,validation
757247808,train
820922733,train
807977808,train
712863183,test
778825908,train
713379258,validation
710232483,train
710170758,train
803421108,test
792152283,train
717291333,train
714928158,train
780511683,test
772491333,train
719847108,train
808045833,validation
708385533,test
770205708,train
719379858,validation
709657533,train
798788958,validation
720011958,train
708982158,train
710803983,train
719768658,validation
711355908,train
813153108,train
712487883,train
753220383,test
708340758,validation
720852108,validation
716728233,validation
711863433,test
779422458,train
715573758,train
794530608,test
718376583,train
720827133,test
767414808,train
718919433,validation
708694983,train
719270358,validation
708948483,train
708462258,train
716721483,train
799011558,train
710697408,test
710527533,train
709996833,test
718531983,train
715554708,test
718774533,validation
712337208,train
714022833,train
710026458,train
710178558,train
768712383,train
711156858,train
719799033,train
720788883,validation
710306358,validation
758617233,train
720163458,train
708482658,train
826148883,train
779055033,train
713118183,train
714103083,train
714145233,train
719547033,train
720899058,train
789432033,train
717214158,train
715269483,train
718805733,train
789780033,train
716482533,train
708319908,test
711663858,train
716894658,train
714082308,train
708082083,train
714820158,train
713347608,test
721395633,validation
721438233,validation
713987808,train
721086483,train
709969758,train
801502008,train
819051183,validation
710858658,train
716002458,validation
718080558,validation
788019483,train
716151858,train
717241233,test
713880633,validation
712374708,test
721145433,train
711398433,validation
715601808,test
717324183,train
720557883,validation
708759408,train
719430483,train
758753283,train
716933283,train
773172483,train
721459008,train
710639658,train
710710233,train
708996708,validation
713315433,train
712941483,train
789890958,train
714757083,train
789237333,train
714949758,train
714136233,train
778888083,train
710923533,train
709385133,validation
716836308,train
720633558,train
712846458,validation
709399908,train
772698783,train
718665033,train
771561183,validation
789008508,train
719439108,validation
720817533,validation
813901458,test
717783483,train
718299933,train
789074358,train
712036383,train
720618033,test
720415833,test
720385608,train
709937583,test
770743983,validation
715671183,train
711283008,train
778873608,test
709592808,test
773306658,train
822084333,test
708821733,train
711070683,train
772596783,train
806917983,validation
719329983,train
710190858,train
708880683,train
709332408,train
710751033,train
710679933,test
710849208,test
710056758,train
713520858,validation
714710733,train
766769058,validation
716990883,train
718298733,train
717174558,train
714543633,train
715756683,train
719400108,test
710463408,train
708245808,test
799253808,train
716552433,train
720995583,train
780118158,train
713668158,test
709249083,train
717081483,train
718455633,train
708974283,test
713399583,train
713293983,train
714785508,train
827318958,train
718496283,train
709608708,train
710939283,train
770824833,train
779082633,validation
720515883,train
747885858,validation
779140533,validation
716619558,train
788633733,train
715291908,train
709977933,train
716454858,train
720539583,test
739021908,test
711289533,train
716464533,train
710590683,train
710081208,validation
717482658,test
712246983,validation
711460458,train
713159133,validation
710047533,validation
716708583,train
712766208,train
715150983,train
717991533,test
797641683,train
714879483,train
720105933,train
804670758,train
818987958,train
824160333,train
714919308,test
717928308,validation
788890533,train
779692608,train
717774333,validation
718140783,test
714465558,validation
804431283,train
715199808,validation
759584958,test
758802333,train
720237408,train
713787333,validation
709660233,train
721005108,test
809589783,train
712627083,test
778444908,validation
711433908,validation
768728508,test
789937683,train
711788583,validation
819196158,train
710207208,test
713994108,train
712509108,train
711745233,train
778745058,train
721455558,train
710721858,train
769206483,train
769587258,validation
712080333,train
712457208,train
719934783,train
709589208,train
714860808,validation
713934633,test
773185833,validation
715923408,train
778956033,train
712260633,train
714945708,test
720971358,train
719701383,train
764316708,train
715545933,test
714524583,test
780079833,train
714199008,validation
719941533,train
715544883,train
710122458,train
713833233,train
719326758,train
711686658,train
708964683,train
718840833,train
797228883,train
709566408,train
780097533,train
715020933,train
711149133,validation
716832858,train
715154058,train
789497283,train
711834708,train
785038908,train
720001758,train
778428108,train
715268508,train
788741733,test
717355533,test
712128258,test
735825258,validation
714544908,train
818712633,train
709831983,train
789398733,test
716850558,train
717316008,train
714677583,train
767348733,train
779900808,validation
719900733,train
816517683,train
755305683,train
715769958,train
715493733,train
827440458,validation
715713408,train
720128658,test
770038983,test
714684108,train
708942408,train
779134458,train
710066133,train
709578258,train
718043583,train
715186608,train
708447858,train
718071933,train
771217758,train
721210158,test
788779983,train
718614183,validation
709865883,train
766273533,test
717390408,test
718655808,train
817035108,test
747551658,train
713281833,validation
771982083,test
717642633,train
772721208,train
714385983,train
712516608,train
714725883,train
709398708,validation
715090008,train
709159308,validation
711348033,train
788230158,train
718170033,validation
718161708,test
717714633,train
824150733,train
713768358,train
709188108,validation
720328983,validation
712296408,validation
719106783,validation
713437008,train
719574033,train
716123283,train
789023508,test
710005683,test
801036033,train
716644008,validation
709094358,train
719848008,test
718372458,train
720608658,test
717185658,test
715474083,validation
709646433,train
717494358,train
713924283,test
714471183,train
780613758,train
718225683,train
710734308,train
708564858,test
713733633,test
720841533,train
712210458,validation
714109308,train
712503408,validation
713755458,test
716893683,test
710841183,validation
713899383,train
772366833,train
710638233,test
716506083,test
717406983,train
714337233,train
